title,price,image_small
"Bananai, nuo 20 cm, 1 kg",0.99,https://cdn.barbora.lt/products/1d747537-6760-4098-ab24-8c658d1f9491_s.png
"Svogūnai, 1 kg",0.39,https://cdn.barbora.lt/products/53bf83ce-2f3f-4e63-8115-5d13a458f5b3_s.png
"Citrinos, 3-4 d., 1 kg",2.09,https://cdn.barbora.lt/products/484760fc-4195-4caf-ac05-6c4e0006a2bb_s.png
"Mandarinai, 1-4 d., 1 kg",1.49,https://cdn.barbora.lt/products/318e3764-9cee-437d-86d9-48cf1c4ebb08_s.png
"Ant kraiko laikomų vištų kiaušiniai WELL DONE, M, 10 vnt., 10 vnt.",2.19,https://cdn.barbora.lt/products/66392b7b-4f16-42dc-adc7-ac4d655799ff_s.png
"Pomidorai su šakelėmis, 67-82 mm, 1 kg",1.99,https://cdn.barbora.lt/products/47d978fd-e3c8-4c53-a297-7c6bf847489d_s.png
"Ilgavaisis agurkas plėvelėje, 1 vnt.",0.75,https://cdn.barbora.lt/products/27a01f84-3055-4a85-9674-9aa2abeb6dc5_s.png
"GRŪDĖTA varškė , 7 % rieb., 350 g",1.99,https://cdn.barbora.lt/products/3ccb5cc6-2dc1-404a-bc50-7878fe96bdd3_s.png
"Apelsinai, 4 - 5 d., 1 kg",1.19,https://cdn.barbora.lt/products/46fc148c-a34b-4e79-944c-dde7e26f7860_s.png
"Virtas pjaustytas kalakutienos kumpis, I r., 90 g",2.49,https://cdn.barbora.lt/products/e17112e7-800e-42c8-9310-cec555b24910_s.png
"Rauginti kopūstai LINKĖJIMAI IŠ KAIMO kibirėlyje, 800 g",2.49,https://cdn.barbora.lt/products/d3e1e289-be44-4adb-ac3b-96895be9e71c_s.png
"Lupti virti burokėliai LINKĖJIMAI IŠ KAIMO, vakuumuoti, 500 g",0.59,https://cdn.barbora.lt/products/dbef6239-aa97-4d13-bc0c-80e893a0a80f_s.png
"Žaliosios besėklės vynuogės, 500 g",2.19,https://cdn.barbora.lt/products/ed117a6d-d949-478f-9fa0-efdde131061f_s.png
"Obuoliai CHAMPION, fasuoti, 65-75 mm, 1 kg",0.77,https://cdn.barbora.lt/products/f30d52e4-0e97-4c55-9608-6eefc4cb9d5a_s.png
"Didelės kviečių tortilijos SANTA MARIA TEX MEX, 6 vnt., 371 g",3.39,https://cdn.barbora.lt/products/df973d69-740c-4112-8417-8cd3fef02d60_s.png
"Plautos morkos LINKĖJIMAI IŠ KAIMO, 1 kg",0.69,https://cdn.barbora.lt/products/9a64c2cb-85cf-4e39-89c2-c09d08279f7f_s.png
"Sušokantis kačių kraikas LOVETT, 5 l  ",2.99,https://cdn.barbora.lt/products/32def010-f279-48a2-abf2-e84d48570574_s.png
"Tamsi raugo duona MORTA su medumi, 500 g",1.35,https://cdn.barbora.lt/products/937e7691-75f7-4fc7-b846-b302c68aca41_s.png
"Lydytas sviestas GHEE AMRITA, 99,8 %, 500 g",6.99,https://cdn.barbora.lt/products/07e4b204-c6a1-4104-ac5d-8aa72c3f2353_s.png
"Lapinės salotos vazonėlyje LOLLO BIONDO, 1 vnt.",1.19,https://cdn.barbora.lt/products/9313590b-1028-4c5b-be9c-2ae0cea0bb54_s.png
"Marinuoti agurkėliai SPILVA, 670 g",3.35,https://cdn.barbora.lt/products/0e426c63-8ac1-42dd-b4a3-bb5d0c2b9b26_s.png
"Melionai HONEY DEW, 1 kg",1.59,https://cdn.barbora.lt/products/af78450e-be25-4c91-8337-ce81eca2854a_s.png
"Kvietinės ORIGINAL tortilijos SANTA MARIA, 320 g",2.99,https://cdn.barbora.lt/products/2cf14ae5-d274-449e-9939-c0f188593fd3_s.png
"Konservuotos raudonosios pupelės EXTRA LINE, 400 g",0.69,https://cdn.barbora.lt/products/9b9eba12-8e6e-4306-85bf-8696c930b2de_s.png
"Rauginti kopūstai LINKĖJIMAI IŠ KAIMO, 500 g",1.59,https://cdn.barbora.lt/products/5358fae8-ecae-43de-ad71-6fd47e980cf5_s.png
"Raudonosios vynuogės, 1 kg",2.39,https://cdn.barbora.lt/products/0a780151-a291-425b-9791-36be34ab0ffc_s.png
"GRŪDĖTA varškė  su vyšniomis, 7 % rieb., 150 g",1.69,https://cdn.barbora.lt/products/e6b514a1-4ce2-4324-a891-672f5d0a4a41_s.png
"Sausainiai GAIDELIS KLASIKA, 160 g",0.45,https://cdn.barbora.lt/products/e378875f-d012-4f8d-a874-c308e949abd9_s.png
"Šaldyta pica DR. OETKER FELICIANA SALAME E CHORIZO, 320 g",3.59,https://cdn.barbora.lt/products/16e64fae-b461-4969-8314-1b84956e21ee_s.png
"Rauginti agurkai kibirėlyje, 600 g",2.19,https://cdn.barbora.lt/products/bb2db889-cea2-4ff7-ad92-7183f89d200d_s.png
"Konservuoti kukurūzai BONDUELLE, 340 g",2.19,https://cdn.barbora.lt/products/496b9948-8493-41d0-90a4-8e80c2e86da6_s.png
"Virtas KARALIŠKAS kalakutienos kumpis, a. r., 90 g",2.69,https://cdn.barbora.lt/products/78f4a3c5-7654-455c-b409-c4c7a1dc5f6f_s.png
"Konservuotos sviestinės pupelės WELL DONE, 400 g",1.35,https://cdn.barbora.lt/products/abe87b2a-fb94-42b5-be66-c80737b6935b_s.png
"Gazuotas gėrimas PEPSI, 1.5 l",1.99,https://cdn.barbora.lt/products/121552d3-a012-4e4b-911a-e4792dc98e80_s.png
"Varškės sūrelis MURR, sutirštinto pieno skonio, 28 % rieb., 40 g",0.59,https://cdn.barbora.lt/products/845b75b5-3c5c-4b34-b84e-07bad16d1251_s.png
"Glaistytas varškės sūrelis MURR, maskarponės sk., 28 % rieb., 40 g",0.59,https://cdn.barbora.lt/products/47a25576-09e8-4230-a7a0-61dcff6cf329_s.png
"Konservuoti kukurūzai WELL DONE, 150 g",0.99,https://cdn.barbora.lt/products/d44c2a6b-a0ef-4df0-981f-f4c5c18ebb87_s.png
"Virta GIMINIŲ DAKTARIŠKA dešra, a. r., 250 g",2.89,https://cdn.barbora.lt/products/d9dfa848-2835-4dca-a015-12432dc95941_s.png
"GRŪDĖTA varškė  su mėlynėmis, 7% rieb., 150 g",1.69,https://cdn.barbora.lt/products/237ef0c6-327a-4ef9-8e0e-1d85ac185e2c_s.png
"Pusriebė DVARO varškė, 9 % rieb., 400 g",2.99,https://cdn.barbora.lt/products/2d0c3c7c-b1d9-4861-9018-f721f5b0cb89_s.png
"Konservuoti burokėliai obuolių sultyse, 480 g",1.55,https://cdn.barbora.lt/products/6ac9f375-c512-493c-9050-d7303a4805e3_s.png
"Šaldyta pica DR. OETKER FELICIANA su kumpiu ir pesto padažu, 360 g",3.59,https://cdn.barbora.lt/products/18582dd4-f7df-425c-bc2f-b65acba1731b_s.png
"Vytinta pjaustyta BERNŲ dešra, a. r., 90 g",3.19,https://cdn.barbora.lt/products/ec31e297-8719-4c72-8f19-390296610129_s.png
"ROKIŠKIO sviestas, 82 % rieb., 200 g",1.79,https://cdn.barbora.lt/products/fa932015-2954-4278-9750-eb1fbd430598_s.png
"GRŪDĖTA varškė  su braškėmis, 7 % rieb., 150 g",1.69,https://cdn.barbora.lt/products/7ebe93b3-06c9-44b9-ba4a-74b19481d6bc_s.png
"Mažosios kviečių tortilijos SANTA MARIA TEX MEX, 8 vnt., 200 g",2.29,https://cdn.barbora.lt/products/923c0a28-8302-4718-9645-a5a0c8ea4c5c_s.png
"Gazuotas gėrimas PEPSI MAX, 1.5 l",1.99,https://cdn.barbora.lt/products/af8833fa-413c-401a-b5b0-27a3d15ccff0_s.png
"Virtos BIOVELOS pieniškos dešrelės, Aukščiausia rūšis, 260 g",1.49,https://cdn.barbora.lt/products/96f363bf-8b61-41bb-824d-7eeed22247d3_s.png
"Kosmetiniai vatos diskeliai DIVUS, 120 vnt., 120 vnt.",1.15,https://cdn.barbora.lt/products/6b329bbf-bb5a-490c-9db8-e3f807bf8c71_s.png
"Marinuoti agurkai WELL DONE, 6-9 cm, 680 g",2.19,https://cdn.barbora.lt/products/bc9caf67-e3a3-4d14-b0c8-8a2dc77b387c_s.png
"Konservuoti kukurūzai WELL DONE, 340 g",1.39,https://cdn.barbora.lt/products/f5f70aca-8723-4d27-afad-0f074f77580a_s.png
"Korėjietiškos morkos, 400 g",1.99,https://cdn.barbora.lt/products/edba8069-cef9-468f-a569-0a96a62b74da_s.png
"Konservuoti smulkinti lupti pomidorai WELL DONE, 400 g",1.49,https://cdn.barbora.lt/products/f218e721-e44a-4174-b500-34127bfe046b_s.png
"GRŪDĖTA varškė su avietėmis, 7 % rieb., 150 g",1.69,https://cdn.barbora.lt/products/3a9b253c-15ec-4135-9d73-bf6198908882_s.png
"Virtas kalakutienos kumpis, I r., 180 g",3.99,https://cdn.barbora.lt/products/9576eead-0879-4f52-b3f3-574d3744b47b_s.png
"Gl. VILKYŠKIŲ sūrelis LESS SUGAR su sūria karam., 30 % rieb., 40 g",0.65,https://cdn.barbora.lt/products/e8a146cd-6a14-4a41-89e6-b55302aaf39f_s.png
"Šaltai rūkytas GIMINIŲ saliamis, a. r., 90 g",1.99,https://cdn.barbora.lt/products/94c7ba33-882e-4f41-90a5-2451d19102f2_s.png
"Lupti virti burokėliai LINKĖJIMAI IŠ KAIMO, vakuumuoti, 250 g",0.59,https://cdn.barbora.lt/products/5156125c-7eff-4e0a-82f5-52f7a2f42720_s.png
"Višt. faršas kotl. VILNIAUS PAUKŠTYNAS, rieb. maž. kaip 15 %, 400 g",2.09,https://cdn.barbora.lt/products/ea677aba-0a08-487a-a43f-7969355c4927_s.png
"Plikyti ryžiai SKANĖJA (4 x 125 g), 500 g",0.89,https://cdn.barbora.lt/products/fa1a2e45-98db-4d1f-94af-70b5a5546fa6_s.png
"Sausainiai SELGA CLASSIC, 180 g",0.69,https://cdn.barbora.lt/products/6c2546d5-156d-49db-8504-d846b4c7a8cd_s.png
"KĖDAINIŲ KONSERVŲ FABRIKO marinuoti agurkai su ąžuolų lapais, 660 g",2.59,https://cdn.barbora.lt/products/c03c446c-1b9f-4ec8-9d13-12e2a92dc90c_s.png
"Avižiniai sausainiai JAVINĖ, 350 g",1.85,https://cdn.barbora.lt/products/8cef9602-c5fc-4edb-a924-9557496158c2_s.png
"Ruginė raikyta duona JONĖ be mielių, 390 g",1.35,https://cdn.barbora.lt/products/2a091dd1-e8d2-43b7-aa23-0b9405d5bebb_s.png
"Popieriniai rankšluosčiai BLOOM JUMBO, 2 sluoksnių, 1 vnt. ",1.79,https://cdn.barbora.lt/products/331654a3-575e-40c7-b630-ffdb4a0038ad_s.png
"Glaist. VILKYŠKIŲ varškės sūrelis su žemuogėmis, 23 % rieb., 40 g",0.59,https://cdn.barbora.lt/products/4baa6627-5a1c-4f16-9e9d-4964de4ca84e_s.png
"Raikytas SUMUŠTINIŲ batonas VILNIAUS DUONA, 350 g",0.75,https://cdn.barbora.lt/products/d89827fb-25d9-4693-8f3e-286002499a18_s.png
"Karštai rūkytas KLAIPĖDOS kiaulienos kumpis, a. r., 100 g",1.69,https://cdn.barbora.lt/products/2dbe9d14-79ae-4afc-861e-42f3efe1af36_s.png
"Šaltai rūkyta kiaulienos šoninė, a. r., 140 g",3.49,https://cdn.barbora.lt/products/3627d3d9-fcc3-453a-8c4f-83f4eb5a5a05_s.png
"Šviežia pjaustyta kiaulienos nugarinė WELL DONE, 360 g",2.49,https://cdn.barbora.lt/products/06f1cee5-75fd-493e-b7f3-7d6e5f144989_s.png
"Šaltai rūkyti kiaulienos šoninės kubeliai MORLINY, 200 g",1.95,https://cdn.barbora.lt/products/b936cba4-c9fc-473a-8eb6-590c420ee29e_s.png
"Kvapnūs šiukšlių maišai HOME EXPERT, 60 l, 10 vnt, 10 vnt.",1.19,https://cdn.barbora.lt/products/1dbada04-b3e1-4baa-81c0-3279e9122b4f_s.png
"Tortilijos su viso grūdo miltais SANTA MARIA, 320 g",2.99,https://cdn.barbora.lt/products/8a3c7494-29a1-4fe8-aa56-b4cd98551a78_s.png
"Gl. VILKYŠKIŲ sūrelis LESS SUGAR, vanilės skonio, 30 % rieb., 40 g",0.65,https://cdn.barbora.lt/products/fb399119-eb2a-4b18-abd2-61f7f1ef7d2c_s.png
"Konservuoti avinžirniai EXTRA LINE, 400 g",0.79,https://cdn.barbora.lt/products/f69257f1-cf4e-4959-8464-0435d96e99b4_s.png
"Kiaulienos kukuliai GRYNUOLIAI, 300 g",1.79,https://cdn.barbora.lt/products/b32a2f54-a546-4f9a-8a30-a4fb379c1e00_s.png
"Vištienos faršas VILNIAUS PAUKŠTYNAS, rieb. mažiau kaip 15 %, 400 g",1.99,https://cdn.barbora.lt/products/624b498a-b125-4fce-a4c7-3c06d94577b7_s.png
"Tualetinis popierius BLOOM COMFORT SOFT ORANGE, 3 sluoksnių, 16 vnt.",2.79,https://cdn.barbora.lt/products/b0a81e79-6ac1-410a-beba-5aa23ba406a9_s.png
"Konservuotos baltosios pupelės EXTRA LINE, 400 g",0.65,https://cdn.barbora.lt/products/72d8532e-af8d-498a-819e-9f2a6c267c8a_s.png
"	VILKYŠKIŲ glaistytas sūrelis MURR, braškinės panakotos sk., 29 %, 40 g",0.59,https://cdn.barbora.lt/products/aa6c1851-b199-4547-bbb8-6331ab674a32_s.png
"Šiukšlių maišai HOME EXPERT, 60 l, 25 vnt.",0.79,https://cdn.barbora.lt/products/6be74e63-530e-49f0-99e1-8e9ee7d73ce8_s.png
"Višt. filė faršas VILNIAUS PAUKŠTYNAS, rieb. mažiau kaip 15%, 400 g",2.09,https://cdn.barbora.lt/products/baa82acc-8b06-445d-a937-eadf7a6efb60_s.png
"Karštai rūkytas GIMINIŲ servelatas, a. r., 200 g",3.19,https://cdn.barbora.lt/products/99821512-0915-4c86-8639-be8a65eadaa5_s.png
"Šaldyta pica DR. OETKER FELICIANA su 4 rūšių sūriais, 325 g",3.59,https://cdn.barbora.lt/products/3104347f-1c58-4d65-9e1f-543136f1ee65_s.png
"Kukurūzų trapučiai SAULĖS GRŪDAS, 120 g",0.95,https://cdn.barbora.lt/products/9d21e1cd-b628-4f62-9407-0b7053627a68_s.png
"Lazanija BOLOGNESE COME A CASA, 1 kg",3.79,https://cdn.barbora.lt/products/2d5dae6b-26e3-4495-b0ee-5f6cc513de6e_s.png
"Konservuotos raudonosios pupelės WELL DONE, 400 g",1.35,https://cdn.barbora.lt/products/02e43926-22a0-45e6-8e68-4d91bdfa7890_s.png
"Smulkinti lupti pomidorai su bazilikais WELL DONE, 400 g",1.49,https://cdn.barbora.lt/products/1026e940-e034-4cd9-92ec-30c9d3958bae_s.png
"Konservuoti RINKTINIAI žirneliai, 690 g",2.29,https://cdn.barbora.lt/products/9b26ac13-b64d-44dc-8ce7-d4bd826dd96a_s.png
"Glaistytas VILKYŠKIŲ varškės sūrelis LESS SUGAR, braškių sk., 30 %, 40 g",0.65,https://cdn.barbora.lt/products/29de5110-52c6-4704-a010-645712b94fc1_s.png
"Glaistytas VILKYŠKIŲ vanilės sk. varškės sūrelis, 24 % rieb., 40 g",0.59,https://cdn.barbora.lt/products/b369bb15-bef7-41c0-95ea-1aae690fa3ee_s.png
"Šaltai rūkyta KREKENAVOS skilandinė dešra, a. r., 350 g",2.99,https://cdn.barbora.lt/products/a355b344-0940-44c0-9065-7b5fb67b9707_s.png
"Konservuoti kukurūzai BONDUELLE KIDS, 170 g",1.59,https://cdn.barbora.lt/products/a0d03fc2-1139-43cd-9b5e-2439c62eb445_s.png
"Kepimo popierius UNIWELL, 30 lapų, 30 vnt.",1.79,https://cdn.barbora.lt/products/842ffe80-530b-488c-8c82-3879db71c9a5_s.png
"Karštai rūkyta KLAIPĖDOS kiaulienos nugarinė, a. r., 100 g",2.79,https://cdn.barbora.lt/products/798b725d-b9ec-4149-895c-215b8351c705_s.png
"Takų prieskonių mišinys SANTA MARIA TEX MEX, 28 g",1.29,https://cdn.barbora.lt/products/4b66e411-088c-4171-9260-a60b35357a8e_s.png
"Ausų krapštukai KOSMELUX, 200 vnt., 200 vnt.",0.85,https://cdn.barbora.lt/products/eadf2721-e0b8-4e75-9317-84f4386b871b_s.png
"Gazuotas gėrimas MIRINDA, 1.5 l",1.99,https://cdn.barbora.lt/products/3f61968c-7f1d-415e-ad29-e999e7acb5ec_s.png
"Varškės sūrelis LESS SUGAR, karameliz. bananų sk., 30% rieb., 40 g",0.65,https://cdn.barbora.lt/products/f9327da1-5c66-4266-a07f-f7e9215c45ed_s.png
"Užrišami šiukšlių maišai, 60 l, 10 vnt. HOME EXPERT",1.79,https://cdn.barbora.lt/products/42c3553a-283b-4467-bbf7-30a9f41fff64_s.png
"Fasavimo maišeliai, 100 vnt., 1 vnt.",1.49,https://cdn.barbora.lt/products/fb2bbd12-6af6-48c9-9d5a-ccab6202dc92_s.png
"Kokosų kremas SANTA MARIA, rieb. 24 %, 250 ml",3.39,https://cdn.barbora.lt/products/e3b9b4dc-4eb2-4fdc-8de8-11e08a03fe47_s.png
"Gl. varškės sūrelis MURR, braškinės mačios sk., 30 % rieb., 40 g",0.65,https://cdn.barbora.lt/products/feab8af9-134a-44cf-8b6a-9e81ad591c00_s.png
"Virta DAKTARIŠKA EKSTRA dešra, a. r., 600 g",2.99,https://cdn.barbora.lt/products/7370dfd1-3996-4904-bbff-cdf63d596761_s.png
"Pomidorų pasta 30% EXTRA LINE, 180 g",0.69,https://cdn.barbora.lt/products/e1ebe0ad-c3ac-4a43-8cce-0c7a2a235d5c_s.png
"Kukurūzų traškučiai TAFFEL NACHO CHEESE BALLS, sūrio skonio, 165 g",2.79,https://cdn.barbora.lt/products/e75c7fb0-365b-4538-81b0-1395179d1510_s.png
"Konservuoti avinžirniai WELL DONE, 330 g",1.49,https://cdn.barbora.lt/products/f7d09f3f-99cd-40e1-83f0-509bdc389011_s.png
"Šaltai rūkytas pjaustytas česnakinis saliamis, II r., 110 g",2.29,https://cdn.barbora.lt/products/9e12ba6d-33dc-43bc-bcc1-c9589fcac93e_s.png
"Vytintas ispaniškas kumpis SERRANO WELL DONE, pj., nerūš., 100 g",2.49,https://cdn.barbora.lt/products/5d800b4d-27e1-46a0-a93d-2338d7e7fd6a_s.png
"Gazuotas gėrimas PEPSI LIME, 1.5 l",1.99,https://cdn.barbora.lt/products/0fe192c9-1bab-47f6-a125-40d96f495797_s.png
"Smulkus rudasis cukrus WELL DONE, 500 g",0.99,https://cdn.barbora.lt/products/abadd7ad-fc41-4dd5-b337-def3f1785758_s.png
"Keptos pupelės pomidorų padaže HEINZ, 415 g",2.19,https://cdn.barbora.lt/products/7f3c137a-25ab-4b10-8b53-d1cf097e2b9c_s.png
"Konservuotos juodosios pupelės WELL DONE, 400 g",1.35,https://cdn.barbora.lt/products/7733e06e-368b-42a6-8f4f-e79b51caa9e9_s.png
"Karštai rūkytas GIMINIŲ saliamis (griežinėliai), I r., 100 g",1.29,https://cdn.barbora.lt/products/eff76cc4-5b8a-47ab-a3c3-0cd61cddc064_s.png
"Virta kiaulienos dešra WELL DONE, a. r., 200 g",1.39,https://cdn.barbora.lt/products/e399cd5e-327c-4c4e-b4f1-4f2b1b6b96d5_s.png
"Sausainiai SELGA, šokolado skonio, 180 g",0.69,https://cdn.barbora.lt/products/f86f9bd8-c278-4ab9-9ff1-f429f712b3af_s.png
"Gazuotas gėrimas 7UP, 1.5 l",1.99,https://cdn.barbora.lt/products/2c94b66e-3335-4e18-ad98-43a161096e35_s.png
"Rauginti agurkai, 300 g",1.19,https://cdn.barbora.lt/products/4f27284f-1fe6-4d6c-966e-d11c969cc0cb_s.png
"Virtos VAIKŲ dešrelės , a.r., 230 g",1.74,https://cdn.barbora.lt/products/bf57c660-effe-4b00-8b46-59168ced6887_s.png
"Vytinta BERNŲ dešra, a. r., 200 g",3.24,https://cdn.barbora.lt/products/cac1b107-fa13-4ca9-b302-7b57df9f4723_s.png
"KĖDAINIŲ KONSERVŲ FABRIKO aviečių uogienė, 430 g",4.49,https://cdn.barbora.lt/products/2c44a5d5-2cb3-4b8b-8a77-8d6289aa4321_s.png
"Dantų siūlas JORDAN 3 IN 1 su laikikliu, 50 vnt.",2.99,https://cdn.barbora.lt/products/47388ea9-f29a-4cf1-a7b7-611e2e8897a4_s.png
"Itališkas MILANO saliamis WELL DONE, pjaustytas, a. r., 100 g",2.25,https://cdn.barbora.lt/products/49369cf8-fb35-49b8-9c01-d4379b496c0a_s.png
"DAUMANTŲ KARALIŠKAS pomidorų padažas (originalaus skonio), 500 g",2.49,https://cdn.barbora.lt/products/d49b3030-4f32-4800-bed1-5f38951612b2_s.png
"Pieniniai javinukai JAVINĖ, 150 g",1.09,https://cdn.barbora.lt/products/ee665c1e-f9a6-45ac-a1a6-d7cacce0865a_s.png
"Klasikiniai krekeriai GAIDELIS, 70 g",0.59,https://cdn.barbora.lt/products/e2a74d1d-094f-4b4b-ab7f-efdc6bece615_s.png
"Kokosų gėrimas SANTA MARIA, rieb. 18 %, 250 ml",2.49,https://cdn.barbora.lt/products/c0659fba-12ef-4a92-8991-3379daa33acc_s.png
"Tamsi duona MORTA su raugu ir saulėgrąžomis, 500 g",1.35,https://cdn.barbora.lt/products/25200dab-d44b-45da-a358-e6bc5d43c584_s.png
"Silikagelio kačių kraikas KLUMPE CRYSTAL CLEAR, 3.8 l",4.89,https://cdn.barbora.lt/products/2209722a-7397-4fe7-ae0c-641b8c1ce667_s.png
"Lupti virti tark. burokėliai LINKĖJIMAI IŠ KAIMO, vakuumuoti, 500 g",0.99,https://cdn.barbora.lt/products/506fc7e1-826a-414e-8f51-eda9900595d1_s.png
"Aviečių uogienė WELL DONE, 350 g",2.89,https://cdn.barbora.lt/products/e42cf8fe-b249-4635-9652-9e9e54014806_s.png
"Kiaulienos ir jautienos mėsos kukuliai GRYNUOLIAI, 300 g",2.49,https://cdn.barbora.lt/products/2d36d2fb-d361-400a-806f-43ed0ceb90ed_s.png
"Kepimo popierius UNIWELL, 10 m x 29 cm, 1 vnt.",1.3,https://cdn.barbora.lt/products/b41d2656-fc37-4761-8a20-b3e13ee455fc_s.png
"Humusas WELL DONE, klasikinio skonio, 160 g",0.99,https://cdn.barbora.lt/products/a668f852-0c03-4d5e-965d-0d54d0009b7a_s.png
"Kon. lupti pomidorai EXTRA LINE, 400 g",0.79,https://cdn.barbora.lt/products/9838a35f-b7a7-45ef-a2ca-82bd2c9e0b67_s.png
"Bulvių traškučiai TAFFEL SAN DIEGO, pomidorų skonio, 180 g",2.59,https://cdn.barbora.lt/products/8f4c3593-3a84-4fcf-a7ed-c184cabb22bf_s.png
"Konservuoti smulkinti pomidorai COPPOLA (POLPA) savo sultyse, 400 g",1.75,https://cdn.barbora.lt/products/68de30e2-e770-484b-991b-fe88c5e42f5d_s.png
"Šaltai rūkytas ŠVARCVALDO kumpis WELL DONE, nerūš., 80 g",1.59,https://cdn.barbora.lt/products/efe6949e-3a46-427b-b3ef-1554854db851_s.png
"Marinuoti agurkėliai WELL DONE, 680 g",2.19,https://cdn.barbora.lt/products/2778c967-a0a2-4fc2-a325-ff822a1b04d8_s.png
"Konservuotos raudonosios pupelės HEINZ, 400 g",1.89,https://cdn.barbora.lt/products/c1fc5666-a174-46ce-a7a1-249d232ff64d_s.png
"Šv. viščiukų sparnelių peteliai WELL DONE, užaug. be antib., 500 g",2.19,https://cdn.barbora.lt/products/5cc32aa7-d560-440f-a321-7c9ef7bc3d15_s.png
"Bulvių traškučiai LAY'S su druska, 130 g",2.19,https://cdn.barbora.lt/products/b6690446-3817-471c-8ed4-3b922b236f8a_s.png
"Šviežios kiaulienos storosios dešrelės WELL DONE, 400 g",1.99,https://cdn.barbora.lt/products/d36d682d-c0c5-46bf-bcd2-d7278578600b_s.png
"Virtas pjaustytas jautienos kumpis, I r., 90 g",2.69,https://cdn.barbora.lt/products/ebaea9e1-4b0f-4a45-985f-1bf8bc995583_s.png
"Glaistytas varškės sūrelis MURR, mačios skonio, 30 % rieb., 40 g",0.65,https://cdn.barbora.lt/products/7ad518a2-7f80-4687-a34b-03bf66ae3f77_s.png
"KĖDAINIŲ KONSERVŲ FABRIKO braškių uogienė, 430 g",3.59,https://cdn.barbora.lt/products/d0712e93-b349-4597-894b-be284ddef3bd_s.png
"KĖDAINIŲ KONSERVŲ FABRIKO marinuoti saldžiarūgščiai agurkai, 720 ml",2.49,https://cdn.barbora.lt/products/f29e52ab-f07b-4337-8392-6362a5ee6685_s.png
"Konservuotas kačių ėdalas FELIX su mėsa, 340 g",2.39,https://cdn.barbora.lt/products/9eb17462-505b-4e98-8ca9-b03d9b666c84_s.png
"Konserv. smulkinti pomidorai MUTTI FINELY CHOPPED TOMATOES, 400 g",1.99,https://cdn.barbora.lt/products/189ba005-4f2c-4130-9e24-c54ef3ea7319_s.png
"Virtos saldžiųjų kukurūzų burbuolės WELL DONE, 450 g",1.99,https://cdn.barbora.lt/products/9d7b877b-2e09-4f1d-8463-227ac026bd32_s.png
"Virtas vištienos krūtinėlės kumpelis, 280 g, 280 g",2.99,https://cdn.barbora.lt/products/4345a72d-0e3d-422b-a246-d1e98520717f_s.png
"Jog. gėrimas ACTIMEL ACTIKIDS, braškių sk., 4x100g, 1,4%rieb, 400 g",1.69,https://cdn.barbora.lt/products/70aeb7b0-28f5-48d0-af4c-3d3d00f47b6e_s.png
"Bulvių traškučiai ESTRELLA, grietinės ir svogūnų skonio, 250 g",3.89,https://cdn.barbora.lt/products/d5431333-31fa-4a51-b512-c3898243d095_s.png
"Vytinta dešra PEPPERONI, a. r., 90 g",2.79,https://cdn.barbora.lt/products/30444993-9248-4b8b-b219-ad6355411a0e_s.png
"Lazanija BOLOGNESE COME A CASA, 400 g",2.19,https://cdn.barbora.lt/products/fc65e51f-548b-4e14-a9c9-48866a3db0fc_s.png
"Pomidorų pasta MUTTI DOUBLE CONCENTRATED, 130 g",1.99,https://cdn.barbora.lt/products/74347016-294b-4637-9ca6-7596cdf5bdd4_s.png
"Maisto atliekų rūšiavimo šiukšlių maišai,25vnt., 25 vnt.",1.09,https://cdn.barbora.lt/products/f318d515-b50d-4acf-957e-425e403879b1_s.png
"Šiukšlių maišai 60l/10vnt., HOME EXPERT, 30mk, Juodi",1.19,https://cdn.barbora.lt/products/a1db9397-6ecc-4fec-909e-214ee3c0eb38_s.png
"Kukurūzų trapučiai USTUKIŲ MALŪNAS, 130 g",0.99,https://cdn.barbora.lt/products/436ac320-139c-4ba1-88fb-d22a9c69773d_s.png
"Grikių kruopos SKANĖJA (4 x 125 g), 500 g",1.13,https://cdn.barbora.lt/products/dc6d5c04-7fca-4ec6-9c10-72921855d693_s.png
"Kepti bulvių traškuč. LAY'S OVEN BAKED, jogurto, žolelių sk., 180 g",3.59,https://cdn.barbora.lt/products/950de06a-179f-42a8-8c0c-4d98e06281a8_s.png
"	VILKYŠKIŲ glaistytas sūrelis MURR, karamelės ir spragėsių sk., 29 %, 40 g",0.59,https://cdn.barbora.lt/products/d2bf31ac-82b3-4141-8dd1-0b0a32e8b9ba_s.png
"Bulvių traškučiai TAFFEL SAN DIEGO, 250 g",3.45,https://cdn.barbora.lt/products/56ee2521-7451-4f58-8f5b-7f2035fd3f4a_s.png
"Glaist. VILKYŠKIŲ varškės sūrelis su aguonomis, 25 % rieb., 40 g",0.59,https://cdn.barbora.lt/products/d2211f20-5e81-4093-8112-fdeedcef045f_s.png
"Saulėje džiovinti pomidorai GUSTOSELLI, 280 g",2.59,https://cdn.barbora.lt/products/7cb547cc-b539-4f1f-ad64-d5732452d329_s.png
"Javinukai JAVINĖ, jogurto skonio, 150 g",1.09,https://cdn.barbora.lt/products/5bb3bd4c-7cfd-49d2-a86d-4d5a0ef5dfe4_s.png
"Perlinės kruopos SKANĖJA (4 x 100 g), 400 g",0.53,https://cdn.barbora.lt/products/e4ca0e3b-cb4b-4b62-9217-ac6dd82d36d1_s.png
"Karštai rūkytas GIMINIŲ saliamis (griežinėliai), I r., 180 g",1.99,https://cdn.barbora.lt/products/e973f23c-ccdb-4b93-af5c-7124f9e9e2ae_s.png
"Bulvių traškučiai TAFFEL, grietinės ir svogūnų skonio, 180 g",2.59,https://cdn.barbora.lt/products/63bea548-14a6-43cb-bcbf-e8685013779f_s.png
"Šunų skanėstas AKINU su antiena, 75 g",1.55,https://cdn.barbora.lt/products/5e91a54b-d1ca-4fe9-b062-98deccc37f07_s.png
"Paštetas katėms Gourmet Gold, 340 g",3.39,https://cdn.barbora.lt/products/769bdc65-0ad7-4693-bb75-6a4eff5c9fe9_s.png
"Marinuoti agurkai EXTRA LINE, 860 g",1.05,https://cdn.barbora.lt/products/c0ed927d-ccd8-4e4e-835a-c6980309397d_s.png
"Virtas vištienos kumpis, 90 g",2.29,https://cdn.barbora.lt/products/d3beec42-0366-4c15-886d-f99c037b9380_s.png
"Bulvių traškučiai LAY'S, svogūnų laiškų skonio, 130 g",2.19,https://cdn.barbora.lt/products/a09cbf7d-a36b-4eb1-b974-e81892a3d8ca_s.png
"Garuose ruošti avinžirniai BONDUELLE VAPEUR, 310 g",1.99,https://cdn.barbora.lt/products/8456ca7c-ef47-43ba-99b2-6d66b9124e3b_s.png
"Rauginti kaimiški kopūstai, 1 kg",2.39,https://cdn.barbora.lt/products/727b3dfe-c5b7-4af6-bf9e-73f31ff43fd9_s.png
"Konservuoti KĖDAINIŲ svogūnėliai, 330 g",1.79,https://cdn.barbora.lt/products/1afa33d5-8311-4b77-aade-510e18dc3bee_s.png
"Valgomasis jogurtas DANONKI, braškių skonio, 2,2 % rieb., 70 g",0.69,https://cdn.barbora.lt/products/909791ce-948e-4024-ae18-d82ab6d2f5ba_s.png
"Konservuoti žirneliai WELL DONE, 150 g",0.99,https://cdn.barbora.lt/products/2913a0eb-7e50-4450-938d-03bf64f77dff_s.png
"Maltos višt. šlaun. mėsos,filė iešmeliai FIESTA kartvel. mar, 480 g",3.25,https://cdn.barbora.lt/products/aac4a28e-9b5a-4d16-b30a-9c67c41b277f_s.png
"Vytintas kiaulienos kumpis PROSCIUTTO CRUDO WELL DONE, a. r., 80 g",2.29,https://cdn.barbora.lt/products/68dd103b-5b95-4a76-b65c-3020dc55b9d1_s.png
"Marinuoti agurkai SPILVA, 670 g",2.89,https://cdn.barbora.lt/products/8ab2de33-21f5-49f0-8f3d-1e417766677b_s.png
"Kvapnūs užrišami šiukšlių maišai HOME EXPERT (40 l, 15 vnt.), 15 vnt.",1.99,https://cdn.barbora.lt/products/3f6593d5-e089-4583-8f87-038fbb051fa7_s.png
"Užrišami šiukšlių maišai HOME EXPERT (60 l), 10 vnt.",1.29,https://cdn.barbora.lt/products/b3801079-2501-40d3-b8c8-1d25d1b5f7a3_s.png
"Tepamasis lydytas sūrelis ROKIŠKIO GRAND, 23 % rieb., 175 g",1.95,https://cdn.barbora.lt/products/4cba756b-a1d7-4a32-a2e5-e6aedb3e90bf_s.png
"Mažai rūkyta GIMINIŲ kiaulienos filė, a. r., 90 g",2.59,https://cdn.barbora.lt/products/ebecd25d-d5f9-42db-8314-b52ef3791154_s.png
"Braškių uogienė WELL DONE, 350 g",2.49,https://cdn.barbora.lt/products/610bcf53-0c94-4469-b975-b6fd9848dfd0_s.png
"Ekologiški kvietiniai JAVINĖS sausučiai, 150 g",1.69,https://cdn.barbora.lt/products/c55f1709-b9ea-4711-94f3-b79e19e4b4f1_s.png
"Pjaust. karštai rūkyta kiaulienos nugarinė WELL DONE, a. r., 100 g",1.29,https://cdn.barbora.lt/products/731c2516-927d-46d0-bbc7-b7790b7fe04e_s.png
"Vištienos iešmeliai FIESTA su graikišku marinatu, 480 g",3.89,https://cdn.barbora.lt/products/c2d8c2b0-80b1-48b8-975f-502596e504f2_s.png
"Avižiniai dribsniai SKANĖJA, 400 g",0.47,https://cdn.barbora.lt/products/46039d00-fa01-4eb6-8e72-d0110d4789b7_s.png
"Šviesi RAUGO duona FAZER, 500 g",1.29,https://cdn.barbora.lt/products/016af83f-77a6-4ce6-ac3c-5a456e2dd9ec_s.png
"Kačių ėdalas su paukštiena SHEBA, 1.02 kg",6.99,https://cdn.barbora.lt/products/33dc80ff-b3f1-4f2e-bce1-351ae43cfd23_s.png
"Lietuviškas medus, 700 g",3.99,https://cdn.barbora.lt/products/6d93f596-d9e1-46b4-bfae-cfb87f06b2e9_s.png
"Pomidorų padažas TRADICINIS KKF, 480 g",1.59,https://cdn.barbora.lt/products/69ccfeec-af26-4ab5-9a2a-ed5c03c0d018_s.png
"Krekeriai GAIDELIS, grietinės ir svogūnų skonio, 72 g",0.59,https://cdn.barbora.lt/products/91c3833b-206d-4014-9ec8-4d937acd806e_s.png
"Grikių kruopos SKANĖJA, 800 g",1.73,https://cdn.barbora.lt/products/1f870f30-fa2c-4868-a506-77a1ef257b69_s.png
"Virtas pjaustytas forminis kumpis WELL DONE, a. r., 200 g",1.89,https://cdn.barbora.lt/products/925fe3b1-f54f-4e7a-82f8-528bdd92f0a5_s.png
"Konserv. kačių ėdalas FELIX su žuvimi drebučiuose, 4 x 85 g, 340 g",2.39,https://cdn.barbora.lt/products/38ee63a9-575f-4a8b-ba08-1ad2696e71c7_s.png
"Marinuoti maži agurkėliai WELL DONE, 340 g",1.99,https://cdn.barbora.lt/products/5c7c1c97-5091-41a0-b419-11317491cdca_s.png
"Jog. gėrimas ACTIMEL, braškių, ban. sk., 8x100g, 1,4 % rieb., 800 g",3.09,https://cdn.barbora.lt/products/8d0d8f31-fcc1-48e7-b6ee-b1ee4a2ddff7_s.png
"Ementalio sūris WELL DONE (riekelės), 45 % rieb. s. m., 150 g",1.99,https://cdn.barbora.lt/products/3963f07a-0ee9-4cc5-abbb-e001f18295cb_s.png
"Sūrio kamuoliukai su trumais WELL DONE PREMIUM, 40 % rieb., 24 g",1.49,https://cdn.barbora.lt/products/486dde38-6519-4d0d-b218-e4dc2d3871a2_s.png
"Vytintos dešros SALCHICHON ir CHORIZO WELL DONE, nerūš., 80 g",1.69,https://cdn.barbora.lt/products/bad7ed1b-51bc-4f12-ad13-a8506e7650e3_s.png
"Ferm. jogurto gėrimas ACTIMEL, braškių sk., 1,5%rieb.,4x100g, 400 g",1.69,https://cdn.barbora.lt/products/3a2e596f-c55e-4d9c-91fc-1865bba5dd81_s.png
"Avižiniai sausainiai JAVINĖ su šokoladu, 0.18 kg",0.85,https://cdn.barbora.lt/products/3962aaef-0f2f-4d41-8147-6f2706ea3dee_s.png
"Žalieji žirneliai EXTRA LINE, 700 g",0.99,https://cdn.barbora.lt/products/61a5f1bf-fb55-40f2-bec2-498e78757dcc_s.png
"Traškučiai OHO! su grietine ir svogūnais, 60 g",0.65,https://cdn.barbora.lt/products/c0632bdd-21e4-4735-af29-11fcadb1ea00_s.png
"Kukurūzų traškučiai SANTA MARIA TEX MEX NACHO, 475 g",5.09,https://cdn.barbora.lt/products/c5217dfa-3a1b-4f7b-9096-7a1a991a5b53_s.png
"Švelnusis pomidorų padažas SANTA MARIA TEX MEX TACO, 230 g",3.29,https://cdn.barbora.lt/products/1db400a7-a3c6-48e7-b945-40b40452db46_s.png
"Vištienos sultinys MAGGI (12 x 10 g), 120 g",0.59,https://cdn.barbora.lt/products/4080fce4-272d-4649-a4d8-818940a65a41_s.png
"Maistinė plėvelė UNIWELL, 30 m, 1 vnt.",0.89,https://cdn.barbora.lt/products/234cfed2-fb15-4d83-b45e-bf4e4630c23d_s.png
"Glaistytas varškės sūrelis VILKYŠKIŲ MURR šokoladinės vyšnios sk., 28,5 % rieb., 40 g",0.59,https://cdn.barbora.lt/products/aa887856-55cd-4732-95fc-d42d4235106f_s.png
"Kukurūzų traškučiai TAFFEL NACHO CHEESE BALLS, sūrio skonio, 260 g",3.79,https://cdn.barbora.lt/products/27d432b5-d330-4902-bf8d-e82d670a22d4_s.png
"Saldus varškės sūrelis RYTAS su razinomis, 8 % rieb., 100 g",1.09,https://cdn.barbora.lt/products/4f20a604-c5ac-4c79-83a0-dafc48879aef_s.png
"Korėjietiški kopūstai, 400 g",1.69,https://cdn.barbora.lt/products/4f221025-e210-472b-ac77-f018984a2efb_s.png
"Avokadų padažas SANTA MARIA GUACAMOLE, 250 g",3.49,https://cdn.barbora.lt/products/c0f5560d-ed49-48c3-8a9c-9748357cfa5d_s.png
"Vaikiški ausų krapštukai BELLA HAPPY, 56 vnt.",1.05,https://cdn.barbora.lt/products/eab32886-9b02-4db9-a7f7-674c658fdb25_s.png
"Virta VAIKŲ dešra, a. r., 250 g",1.65,https://cdn.barbora.lt/products/e15427ef-ed18-429b-b002-785bbaffdea5_s.png
"Saulėje džiovinti pomidorai WELL DONE, 290 g",2.49,https://cdn.barbora.lt/products/acba8a89-1dc5-4585-a09c-82af25b04e05_s.png
"Saldus varškės sūrelis RYTAS su vanile, 7,5 % rieb., 100 g",1.09,https://cdn.barbora.lt/products/d6ac10bd-c9a8-45d5-b486-8c40004f88ad_s.png
"Viščiukų šlaunelių mėsos iešmeliai su prancūzišku marinatu, 480 g",3.89,https://cdn.barbora.lt/products/fb91025d-3f1f-49f3-8ce4-5a747e5a5a56_s.png
"Klasikinis SUSLAVIČIAUS pomidorų padažas, 500 g",2.29,https://cdn.barbora.lt/products/9bc79948-f8ad-4b2c-ab0c-97f8456c572c_s.png
"Šaltai rūkyta šoninė WELL DONE, 100 g",1.19,https://cdn.barbora.lt/products/b0886444-7cc3-4032-83ba-103fb3ebb39c_s.png
"Ferm. jogurto gėrimas ACTIMEL, įv.skonių, 1,5% rieb.,12x100g, 1.2 kg",4.65,https://cdn.barbora.lt/products/d123a09d-eb58-43bb-a519-6be5f27f9c0e_s.png
"Lietuviška kiaulienos karka su kaulu, atšaldyta, be antibiotikų, 1 kg",2.49,https://cdn.barbora.lt/products/6cb22516-33ec-410f-b309-f45383ca7af0_s.png
"SUSLAVIČIAUS garstyčios, 160 g",1.19,https://cdn.barbora.lt/products/6ba3d840-c55d-4747-9348-68ec8db4cc75_s.png
"Chalapos paprikų griežinėliai WELL DONE, 210 g",0.99,https://cdn.barbora.lt/products/7e4149bc-ccfe-4cde-9434-5c3cf938de82_s.png
"Plikyti ryžiai SKANĖJA, 500 g",0.83,https://cdn.barbora.lt/products/623a07c8-2a90-4303-8629-9a80db6e533b_s.png
"Konservuoti žalieji žirneliai EXTRA LINE, 400 g",0.46,https://cdn.barbora.lt/products/29ede786-55bc-42b0-88ec-ec1b224a18e0_s.png
"Spraginti kukurūzai su druska MR.CHECK, 150 g",1.29,https://cdn.barbora.lt/products/02ce9014-9b88-46a4-b88d-1a893e1a32cb_s.png
"Žaliasis pesto padažas WELL DONE, 190 g",2.29,https://cdn.barbora.lt/products/5c0672a4-5599-4e80-9b5c-07ee7cebc950_s.png
"Bulvių traškučiai LAY'S MAXX, sūrio ir svogūnų skonio, 120 g",2.19,https://cdn.barbora.lt/products/7f8296bd-efec-4847-a895-d33ce4d526ee_s.png
"Sausainiai SELGA, sutirštinto pieno skonio, 180 g",0.69,https://cdn.barbora.lt/products/1fa5f270-5195-4c7a-9539-3d85db43d171_s.png
"Kondensuoto pieno plombyras NYKŠTUKAS su šokoladu ir migdolais, 450 g",4.79,https://cdn.barbora.lt/products/fccac986-b545-475c-9915-76430426e32a_s.png
"Bulvių traškučiai TAFFEL, grietinės ir svogūnų skonio, 250 g",3.45,https://cdn.barbora.lt/products/6f866c3e-0bc9-4653-afb4-6ac8700bd0fd_s.png
"Bulvių traškučiai LAY'S, kečupo skonio, 130 g",2.19,https://cdn.barbora.lt/products/dc370f9d-4e7e-4931-b02a-2ae84c0c8053_s.png
"Sūrio padažas SANTA MARIA, 250 g",3.79,https://cdn.barbora.lt/products/c6b1cdf5-38b4-4c98-8636-6a4f820d0a4f_s.png
"Raudonosios pupelės BONDUELLE su aitriųjų paprikų padažu, 430 g",2.19,https://cdn.barbora.lt/products/763d2a4f-6bae-49eb-8f64-562d148d2aa8_s.png
"Pjaustyta šaltai rūkyta kiaulienos nugarinė WELL DONE, a. r., 100 g",1.49,https://cdn.barbora.lt/products/5aa3f816-3034-46c8-a682-eca36541bc90_s.png
"Vatos lapeliai Bella, 120 vnt.",1.85,https://cdn.barbora.lt/products/0a6d1852-55f5-420c-bae2-10fd7f7efe4e_s.png
"YPATINGAS pomidorų padažas KĖDAINIŲ KONSERVAI, 720 g",2.89,https://cdn.barbora.lt/products/eb0131d8-0d62-47f2-b244-be24554be990_s.png
"Kukurūzų traškučiai SANTA MARIA TEX MEX NACHO, 185 g",2.59,https://cdn.barbora.lt/products/c9a76413-96a3-4b09-8234-d2459b9b523b_s.png
"Kosmetiniai ovalūs vatos diskeliai DIVUS, 70 vnt., 70 vnt.",0.69,https://cdn.barbora.lt/products/aecc8b32-f3b6-4fd0-89b0-5f73ada46f73_s.png
"Juodosios alyvuogės be kauliukų EXTRA LINE, 270 g",0.89,https://cdn.barbora.lt/products/c786ffff-071f-44ca-b810-596fb9f7fb41_s.png
"RAUGO sumuštinių duona FAZER, 450 g",1.79,https://cdn.barbora.lt/products/e734c065-33c5-4213-bf26-a8f3daa760dd_s.png
"Silikagelio kraikas katėms, LOVETT, 3,8L",4.69,https://cdn.barbora.lt/products/a8454bbe-c474-4ba9-bc96-40c71de94663_s.png
"Šviesi ruginė raikyta GUDOBELĖS duona, 340 g",0.79,https://cdn.barbora.lt/products/6ff78f2c-31de-4370-9721-a04cf5072384_s.png
"BIRŽŲ DUONOS lazdelės su sūriu GRISSINI, 125 g",1.29,https://cdn.barbora.lt/products/b4a8edf5-5d36-4042-a446-86c6e8819f8c_s.png
"Trikampiai kukurūzų trapučiai SAULĖS GRŪDAS, sūrio skonio, 60 g",1.25,https://cdn.barbora.lt/products/0a823005-76c6-4dcd-b00a-045d65cafffb_s.png
"Sūrio kamuoliukai WELL DONE PREMIUM, picos skonio, 39 %, 24 g",1.49,https://cdn.barbora.lt/products/0fca3599-9dfe-4485-9f16-89e37f368496_s.png
"KĖDAINIŲ KONSERVŲ FABRIKO pomidorų pasta, 250 g",1.79,https://cdn.barbora.lt/products/aecb1688-cf4b-44fc-b178-ffc45c2de52b_s.png
"Karštai rūkyta šoninė MORLINY, 100 g",1.49,https://cdn.barbora.lt/products/4933d184-52cb-452d-9fb0-992788a2994e_s.png
"Klevų sirupas VERTMONT, 250 g",5.76,https://cdn.barbora.lt/products/3057bba4-49c8-4253-8c36-db2ea8a83803_s.png
"Ferm. jogurto gėrimas ACTIMEL, uogų sk., 1,5 % rieb., 4x100g, 400 g",1.69,https://cdn.barbora.lt/products/b22a068b-a5dc-45f2-bdfe-5c9f00b73c5a_s.png
"Takų su vištiena prieskonių mišinys SANTA MARIA CHICKEN TACO, 28 g",1.59,https://cdn.barbora.lt/products/953d97e9-1e02-4d1a-9bda-1adda2f80645_s.png
"Užrišami šiukšlių maišai, 40 l, 15 vnt. HOME EXPERT",1.79,https://cdn.barbora.lt/products/bbddf3f5-1d0f-462f-9c26-889be7e99066_s.png
"Vyšnių uogienė WELL DONE, 350 g",2.49,https://cdn.barbora.lt/products/9ae2b3e9-ed78-4c03-aa4d-35ee38f2cbda_s.png
"Aliuminio folija UNIWELL, 10 m x 29 cm, 1 vnt.",1.49,https://cdn.barbora.lt/products/39b88d54-ed8c-4a3a-9894-08b0c627f109_s.png
"Kukurūzų lazdelės su raudonaisiais burokėliais MORKŪNAS, 100 g",1.89,https://cdn.barbora.lt/products/e9f0fad1-e39f-4dcf-80be-92fd7f123e0a_s.png
"GARDĖSIO sumuštinių duona su kefyru, 450 g",1.59,https://cdn.barbora.lt/products/80882476-838f-40c6-9451-2e6f3df4a27a_s.png
"Pomidorų pasta WELL DONE, 140 g",0.99,https://cdn.barbora.lt/products/af932dd3-1722-488b-8977-0fa0d17ae32b_s.png
"Dantų pasta LACALUT AKTIV, 75ml",2.55,https://cdn.barbora.lt/products/2992422a-84be-46cb-8898-27f01e197108_s.png
"BIRŽŲ DUONOS lazdelės su sezamų sėklomis GRISSINI, 125 g",1.29,https://cdn.barbora.lt/products/cc7605a1-1ed8-4ce8-a058-7c62fac3f50b_s.png
"Garuose ruoštos baltosios pupelės BONDUELLE VAPEUR, 310 g",1.95,https://cdn.barbora.lt/products/06353d56-b55c-4360-b89d-7d7e117e2983_s.png
"TRADICINIS DAUMANTŲ pomidorų padažas, 500 g",1.79,https://cdn.barbora.lt/products/e7a5bb16-9266-4df6-aa73-abbfbc2d8418_s.png
"Šiukšlių maišai HOME EXPERT, 30 l, 20 vnt.",0.39,https://cdn.barbora.lt/products/e84a3c96-9eda-4398-b133-b538c27e1d62_s.png
"Traškios vištienos prieskonių mišinys SANTA MARIA, 50 g",1.89,https://cdn.barbora.lt/products/e314366c-59a7-4675-b3bc-0f42b924a659_s.png
"Sausainiai GAIDELIS 7 GRŪDAI su morkomis ir cinamonu, 160 g",0.77,https://cdn.barbora.lt/products/d6442baa-54b1-471e-8d7f-d2d138f54303_s.png
"Konservuotas visavertis kačių ėdalas GOURMET GOLD su tunais, 85 g",0.99,https://cdn.barbora.lt/products/f99bbbc3-f71e-4ba6-9b44-b90d63730394_s.png
"Baltosios pupelės CANNELLINI WELL DONE, 400 g",1.35,https://cdn.barbora.lt/products/004a7532-ea2f-4c59-b27e-b67b5f54986b_s.png
"Vaisinis ferm. jogurto gėrimas ACTIMEL, 1,5% rieb., 4 x 100g, 400 g",1.69,https://cdn.barbora.lt/products/7751db9b-5599-4fde-b5b8-c7a1f3c1a69c_s.png
"Mini lęšių trapučiai USTUKIŲ MALŪNAS, sūrio ir trumų skonio, 70 g",1.69,https://cdn.barbora.lt/products/645033f9-7c62-4597-bced-3d9d10024278_s.png
"Sorų kruopos SKANĖJA, 500 g",0.59,https://cdn.barbora.lt/products/06321cb2-7354-4292-8c23-1620f6ef9e4a_s.png
"Trinti KĖDAINIŲ KONSERVŲ FABRIKO obuoliai su cukrumi, 480 g",1.75,https://cdn.barbora.lt/products/ba2596cd-0a8b-4367-8fe9-4cc97fcf2edc_s.png
"VILNIAUS DUONOS pieniniai džiūvėsiai, 0.25 kg",1.69,https://cdn.barbora.lt/products/83874d55-37c3-48b3-be98-373146d6d5f0_s.png
"Bulvių traškučiai LAY'S OVEN BAKED, voveraičių padažo skonio, 180 g",3.59,https://cdn.barbora.lt/products/56a8c5ab-3cbc-4752-a079-87fb3cdfac4b_s.png
"Kačių skanėstas ATHENA, 10 vnt.",1.35,https://cdn.barbora.lt/products/b640514c-68f2-4767-ae6c-957dbc591355_s.png
"Marinuoti agurkėliai SPILVA, 330 g",2.29,https://cdn.barbora.lt/products/68e56dba-dba9-4928-8cfb-94d64fe0f5a0_s.png
"Avietiniai kviečių trapučiai NATURE, 210 g",1.75,https://cdn.barbora.lt/products/390327dc-ae33-4df8-ab36-6fe93fae4bde_s.png
"Šiukšlių maišai HOME EXPERT, 20 l, 20 vnt.",0.55,https://cdn.barbora.lt/products/01d54070-d836-4c04-9d38-c17ca6e7893c_s.png
"Bulvių traškučiai LAY'S, svogūnų laiškų skonio, 200 g",3.29,https://cdn.barbora.lt/products/0d0e6f93-3ade-4968-a54a-7fe2dba0a6df_s.png
"Šokoladinis batonėlis KINDER PINGUI, 28,3 % rieb., 30 g",0.89,https://cdn.barbora.lt/products/ac3c460d-53ed-47b7-a3d8-1b85423cd4e9_s.png
"Virtas pjaustytas GIMINIŲ kiaulienos kumpis, I r., 180 g",2.99,https://cdn.barbora.lt/products/059de78d-aa9c-44e1-ac01-42bb41760570_s.png
"Konservuotos KĖDAINIŲ KONSERVŲ FABRIKO rūgštynės, 280 g",1.55,https://cdn.barbora.lt/products/047d024f-7ded-4c84-8392-85edeb63fcfb_s.png
"Ryžių trapučiai su druska WELL DONE, 120 g",0.85,https://cdn.barbora.lt/products/9043cc03-51fb-43ba-b759-9bb9fbd32f93_s.png
"Sojų padažas VITANA, 160 ml",1.35,https://cdn.barbora.lt/products/4f7764fb-0bac-4459-81c9-1d8e3264aac3_s.png
"Traškučiai OHO! su krapais, 60 g",0.65,https://cdn.barbora.lt/products/cab1e45f-9fee-455e-b70e-a098c8e336de_s.png
"KĖDAINIŲ KONSERVŲ FABRIKO vyšnių uogienė, 430 g",4.19,https://cdn.barbora.lt/products/eab5ffd9-424d-4db5-a19e-090c16df441b_s.png
"Karštai rūkytos SAMSONO MEDŽIOTOJŲ dešrelės, a. r., 200 g",1.89,https://cdn.barbora.lt/products/6ee0236b-2b56-42a9-9604-19e6751c02d4_s.png
"Česnakinis majonezinis KKF padažas, 40 % rieb., 500 ml",1.65,https://cdn.barbora.lt/products/de8ae591-78c2-45d9-a618-326c2bf60625_s.png
"Bulvių traškučiai TAFFEL SAN DIEGO, 130 g",2.09,https://cdn.barbora.lt/products/55cc4fc0-4a33-44e2-885d-92f5c35198e4_s.png
"Konservuoti lupti pomidorai REG WELL DONE, 400 g",1.49,https://cdn.barbora.lt/products/fc738be6-aae8-4f57-9712-f2572edac7e2_s.png
"Kačių ėdalas SHEBA su žuvimi padaže, 340 g",3.29,https://cdn.barbora.lt/products/217668d8-de13-4e97-9be9-ba1a0de98e33_s.png
"Ančių kepenėlių paštetas, I r., 200 g",1.49,https://cdn.barbora.lt/products/fb3e40bc-1a08-414a-ac9a-f3b267e8d5e8_s.png
"Trikampiai kukurūzų trapučiai SAULĖS GRŪDAS, pomidorų skonio, 60 g",1.25,https://cdn.barbora.lt/products/d4e3baff-7921-445d-8072-f36d37ad64d2_s.png
"Sausainiai GAIDELIS 7 GRŪDAI su kokosais ir šokoladu, 160 g",0.77,https://cdn.barbora.lt/products/eceee28b-255c-4080-a979-e743eeb673c4_s.png
"Popieriniai kosmetiniai vatos pagaliukai DIVUS, 300 vnt., 300 vnt.",0.99,https://cdn.barbora.lt/products/4e19a525-2135-49ab-b438-d2bb0d6a9266_s.png
"Virti avinžirniai, 400 g",1.49,https://cdn.barbora.lt/products/1cbdf430-1085-48d0-a4a5-2d5002573bb3_s.png
"Vafliai SELGA, šokolado skonio, 180 g",0.95,https://cdn.barbora.lt/products/5569b70f-7b50-41a4-a899-9040c85eaccd_s.png
"Bulvių traškučiai LAY'S, grietinės ir žolelių skonio, 200 g",3.29,https://cdn.barbora.lt/products/e2bff66f-9d32-42c9-860e-cef37f8e8579_s.png
"Kukurūzų ir kviečių tortilijos SANTA MARIA, 336 g",3.19,https://cdn.barbora.lt/products/c4a03ccc-2238-4d40-9aa8-f5c5b0c6f5b8_s.png
"Konservuoti žalieji žirneliai WELL DONE, 660 g",1.99,https://cdn.barbora.lt/products/87b9fc60-261d-40d7-989a-abb708073d07_s.png
"Žaliosios alyvuogės ITLV be kauliukų, 300 g",2.49,https://cdn.barbora.lt/products/6395905d-55e3-46b0-ab39-07a634cdde8a_s.png
"Kons. visavertis kačių ėdalas GOURMET GOLD su triušiena, kepenimis 85g",0.99,https://cdn.barbora.lt/products/a9286d00-cded-44b4-96d9-2dd6fcb4ae04_s.png
"Karštai rūkyta pjaustyta KLAIPĖDOS kiaulienos šoninė, a. r., 130 g",2.19,https://cdn.barbora.lt/products/eca8cfed-e6d8-48ed-96d6-ac87d0378bd4_s.png
"KĖDAINIŲ KONSERVŲ FABRIKO NAMINIAI krienai, 250 g",1.79,https://cdn.barbora.lt/products/2282a6a7-1648-4943-9136-f8fb3ed24fdc_s.png
"Virtos BIOVELOS kalakutienos dešrelės, Aukščiausia rūšis, 240 g",1.79,https://cdn.barbora.lt/products/b7c989d5-8516-4b2b-8d3f-801833e8798d_s.png
"Lazdelės su druska AKSAM BESKIDZKIE, 70 g",0.49,https://cdn.barbora.lt/products/e76f36d3-63fe-466f-b83d-361769414eb3_s.png
"Fachitų prieskonių mišinys SANTA MARIA TEX MEX, 28 g",1.29,https://cdn.barbora.lt/products/98b437e7-1354-4a28-8af0-4b5b1875a41c_s.png
"Garuose ruoštos sviestinės pupelės GLOBUS, 326 g",1.79,https://cdn.barbora.lt/products/18c1b670-b6e7-4612-9344-3fee9daa70bd_s.png
"Kukurūzų javinukai, pasiflorų skonio, 120 g",0.99,https://cdn.barbora.lt/products/28749881-3ca2-4530-8dda-d745d9daf084_s.png
"Konservuotos persikų puselės EXTRA LINE, 820 g",1.99,https://cdn.barbora.lt/products/39a7a9b7-3bd0-438b-9d5f-456e15da4dc7_s.png
"Kvietinės tortilijos OLD EL PASO, 326 g",2.49,https://cdn.barbora.lt/products/78ea4ce4-4c8f-4363-9421-02789404c130_s.png
"Virta DAKTARIŠKA dešra, a. r., 160 g",1.79,https://cdn.barbora.lt/products/a7c23db7-e64d-4032-b26f-39cf1d7d27ae_s.png
"Javinukai JAVINĖ, šokolado skonio, 0.15 kg",1.09,https://cdn.barbora.lt/products/a23716bd-e836-4916-a30d-347730fd3146_s.png
"Marinuoti raudonieji svogūnai, 340 g",0.89,https://cdn.barbora.lt/products/34911636-b0ef-4b2a-b068-c8dfc3717f46_s.png
"TILŽĖS sūris WELL DONE (riekėlės), 45 % rieb. s. m., 150 g",1.99,https://cdn.barbora.lt/products/d894ae59-c831-4d35-b276-a7bea2808b0f_s.png
"Ferm. jogurto gėrimas ACTIMEL, uogų sk., 1,5 % rieb., 8x100g, 800 g",3.09,https://cdn.barbora.lt/products/8a4ec216-dbee-4942-a51d-dbe9d40dfdec_s.png
"Šaltai rūkyta pjaustyta PIRKLIŲ dešra, a. r., 100 g",2.29,https://cdn.barbora.lt/products/61fd9135-3d67-480a-9f84-e02f23e92754_s.png
"Ekologiški lupti virti burokėliai, vakuumuoti, 500 g",1.25,https://cdn.barbora.lt/products/da5e1d39-98df-4916-94e0-0c917bca5f2c_s.png
"Duonos traškučiai SELGA NATURE su sėklomis, 200 g",1.73,https://cdn.barbora.lt/products/59a1cc63-da0f-4f80-bebf-b03b837d206f_s.png
"Ilgagrūdžiai BASMATI ryžiai SKANĖJA, 800 g",1.79,https://cdn.barbora.lt/products/bc0bf1cd-e46a-4894-9d0c-8559ee100cd7_s.png
"Vanilinis plombyras NYKŠTUKAS, 400 g",4.79,https://cdn.barbora.lt/products/5bdf1242-6fcf-4fcc-b3de-b631daf9667c_s.png
"Marinuoti agurkai WELL DONE, 860 g",2.49,https://cdn.barbora.lt/products/92c7ccc9-eb37-4171-bf90-0debe476aa20_s.png
"Ferm. jogurto gėrimas ACTIMEL, braškių sk., 1,5%rieb.,8x100g, 800 g",3.09,https://cdn.barbora.lt/products/ce36c895-0b63-4a7b-a777-f61215409bca_s.png
"Karamelizuoti migdolai WELL DONE, 150 g",1.79,https://cdn.barbora.lt/products/eb6335fe-646e-4860-8e25-fbfbc291c932_s.png
"Garuose virtas kiaulienos kumpis PORMET, I r., 100 g",0.99,https://cdn.barbora.lt/products/fee18468-7937-47c5-a6a2-22d73d9f46a2_s.png
"Konservuotas visavertis kačių ėdalas SHEBA CUISINE, 4 x 85 g, 340 g",3.29,https://cdn.barbora.lt/products/808938cb-22bc-4440-838d-d485d8e62378_s.png
"Vytinta dešra KAI NORISI MĖSOS, aukščiausia rūšis, 105 g",2.99,https://cdn.barbora.lt/products/5b4a1544-bac8-4ecb-b9e9-8592304b087c_s.png
"Troškinti kopūstai, 500 g",1.29,https://cdn.barbora.lt/products/24dd9275-f758-4f2f-9b62-b8112cdc03a0_s.png
"Korėjietiški burokėliai, 400 g",1.79,https://cdn.barbora.lt/products/abb45004-1439-44ef-aaf9-c8704aa94eb0_s.png
"Švelnus žemės riešutų kremas WELL DONE, 300 g",2.09,https://cdn.barbora.lt/products/750fd502-1ac4-48ac-97da-015ff8fd2189_s.png
"Ryžių trapučiai ŪSTUKIŲ MALŪNAS su joduotąja druska, sezam., 100 g",0.89,https://cdn.barbora.lt/products/f56cbc16-2c41-4ece-a1c4-c65452ec94e5_s.png
"Gaudos sūris WELL DONE (riekelės), 48 % rieb. s. m., 150 g",1.99,https://cdn.barbora.lt/products/03312418-a4bf-4682-aa7e-71e489286824_s.png
"Kukurūzų traškučiai su sūriu SANTA MARIA, 185 g",2.59,https://cdn.barbora.lt/products/c76984d4-83fa-40e3-b9d8-bbbde7772272_s.png
"Šaltai rūkyta ŠVARCVALDO šoninė WELL DONE, I r., 80 g",1.79,https://cdn.barbora.lt/products/456ec684-0412-4afa-ad1f-c7166786b4c3_s.png
"Konservuotas kačių ėdalas GOURMET GOLD su kalakutiena, 85 g",0.99,https://cdn.barbora.lt/products/8b233241-3759-4a9a-b80e-fe6494fc6877_s.png
"Trikampiai kukurūzų trapučiai SAULĖS GRŪDAS, svogūnų skonio, 60 g",1.25,https://cdn.barbora.lt/products/050a92b0-f0e5-459f-9fb0-09749aff4e06_s.png
"Sausainiai GAIDELIS ŠOKOLADAS, 160 g",0.49,https://cdn.barbora.lt/products/6e484133-b7df-4dbd-95d3-8e8aae5c1582_s.png
"Kukurūzų kruopos SKANĖJA, 500 g",0.47,https://cdn.barbora.lt/products/d81edd3b-a522-4a80-bc71-83249ad49024_s.png
"Sūdyta lašišų filė ZIGMAS su oda, 160 g",3.59,https://cdn.barbora.lt/products/e684ee41-20a4-4a8a-ba0c-62ac64b4544d_s.png
"Kvapnūs užrišami šiukšlių maišai HOME EXPERT (60 l), 12 vnt.",1.99,https://cdn.barbora.lt/products/17d96975-3908-4db7-9423-f1dbf6d2d2e5_s.png
"Kukurūzų traškučiai SANTA MARIA TEX MEX su druska, 185 g",2.59,https://cdn.barbora.lt/products/6028ceae-0d06-4842-ac5b-a907e9927dec_s.png
"Konserv. visavertis kačių ėdalas GOURMET GOLD su jautiena, 85 g.",0.99,https://cdn.barbora.lt/products/921a30fa-41d2-4131-ae24-60ebf91c4e18_s.png
"Virtas BAJORŲ paštetas, a.r., 270 g",0.89,https://cdn.barbora.lt/products/72cd0b18-a327-49dc-98a1-19cd4b3d63f3_s.png
"Konservuotas kačių ėdalas SHEBA su paukštiena, 340 g",3.29,https://cdn.barbora.lt/products/1a338ddd-ad90-43c3-b3f1-d06c8a894f53_s.png
"Krekeriai GAIDELIS, sūrio skonio, 72 g",0.59,https://cdn.barbora.lt/products/5e879e69-2b39-4dd0-bb45-172df68a1ffe_s.png
"Virtas vištienos šlaunelių mėsos kumpelis, 280 g, 280 g",2.99,https://cdn.barbora.lt/products/73e848b3-d7be-439f-afa7-750911c8b46d_s.png
"Ananasų griežinėliai sirupe EXTRA LINE, 565 g",1.69,https://cdn.barbora.lt/products/b45f0aa1-b91e-4bed-aaf2-343db4eca1eb_s.png
"Konservuotų pupelių mišinys WELL DONE, 400 g",1.35,https://cdn.barbora.lt/products/15ba0ef4-4fc8-4579-99bb-493214b408c9_s.png
"Konservuoti kukurūzai BONDUELLE, 340 g",2.79,https://cdn.barbora.lt/products/40b12540-ffcb-4aa7-9415-948c13edccd7_s.png
"Virta PANERIO dešra, a. r., 250 g",2.29,https://cdn.barbora.lt/products/8cb418ef-8873-4f7f-afc9-be4689df0b9f_s.png
"RAUGO šviesi duona su sėklomis FAZER, 500 g",1.35,https://cdn.barbora.lt/products/97e4f1f3-e9ff-4e5a-8c51-0fabe62af4b7_s.png
"Dantų pasta SENSODYNE WHITENING, 75 ml",5.39,https://cdn.barbora.lt/products/b9df1f5d-2c50-4fcc-a345-6a6e8f0cfa4f_s.png
"Užkandžių agurkai SPILVA (pjaustyti išilgai), 460 g",2.89,https://cdn.barbora.lt/products/006c2de9-709d-48ba-85ff-458600754b66_s.png
"Saldieji kukurūzai GLOBUS, 330 g",1.79,https://cdn.barbora.lt/products/e6581dfa-2d50-40dd-ba26-1c0df0fac5b7_s.png
"Juodųjų serbentų uogienė WELL DONE, 350 g",2.49,https://cdn.barbora.lt/products/ffb4963a-d97e-4393-8fd5-a1179def7d99_s.png
"Granuliuoti česnakai KOTANYI, 28 g",0.83,https://cdn.barbora.lt/products/d8d03af9-308f-4abf-9620-c5569b5c9f15_s.png
"Kukurūzų trapučiai SAULĖS GRŪDAS su ispaninių šalavijų sėkl., 120 g",0.95,https://cdn.barbora.lt/products/d99f77c3-4203-41fa-9e43-c926061ea04c_s.png
"Kosmetiniai vatos pagaliukai BELLA, 200 vnt.",1.79,https://cdn.barbora.lt/products/db0a7417-d723-4560-a1e6-ddbfbe7f4d19_s.png
"Šiukšlių maišai HOME EXPERT, 35 l, 66 x 50 cm, 30 vnt, 30 vnt.",0.99,https://cdn.barbora.lt/products/25bd99d9-16db-44d3-b61f-1a4bc8c1137b_s.png
"Bulvių traškučiai LAY'S, grilyje keptų šonkauliukų skonio, 130 g",2.19,https://cdn.barbora.lt/products/4700ea7d-30dd-4109-8b93-30b30e336a73_s.png
"Šiukšlių maišai (100 l, 25 vnt.), 25 vnt.",2.19,https://cdn.barbora.lt/products/7d4746e4-a4e7-4a45-ab66-b6991a6de67a_s.png
"Karštai rūkytas saliamis WELL DONE, a. r., 200 g",1.69,https://cdn.barbora.lt/products/5d2b99d9-9dfa-46fc-a8d9-007838e9c343_s.png
"Sausainiai GAIDELIS KONDENSUOTAS su sutirštintu pienu, 160 g",0.49,https://cdn.barbora.lt/products/33372708-4d50-4961-8d3a-8a4be9bd6380_s.png
"Skystasis muilas NIDA su medaus ir migdolų ekstraktu, papil., 500 ml",1.09,https://cdn.barbora.lt/products/92505e0d-3c99-4ef9-8bf9-aaec2dc0d76e_s.png
"Sausai marinuoti MEKSIKIETIŠKI kiaulienos sprand. kepsneliai, 400 g",4.49,https://cdn.barbora.lt/products/3f747206-f0bc-4683-89b3-13b1b100dd13_s.png
"Konservuoti žalieji žirneliai WELL DONE, 400 g",1.49,https://cdn.barbora.lt/products/2594f93a-bbb0-4611-b967-457c1f0f4059_s.png
"Tepamasis lydytas sūrelis ROKIŠKIO MOZZARELLA, 23 % rieb., 175 g",1.95,https://cdn.barbora.lt/products/06a20b67-2140-4b96-a1fa-9cb1143463c6_s.png
"Švelnus gvakamolės padažas, 150 g",2.79,https://cdn.barbora.lt/products/0fd0ce9c-a122-46d4-9cc7-59a0c4b1f0b2_s.png
"Sūdyta skandinaviška silkių filė be aliejaus WELL DONE, 190 g",2.29,https://cdn.barbora.lt/products/95ef9027-d06c-4f12-99f3-dd2af07a89e2_s.png
"Šiukšlių maišai(140L,10vnt) HOME EXPERT, 40m",1.89,https://cdn.barbora.lt/products/042a9416-dd5e-42f4-b755-3c3037fc2dbd_s.png
"Apvalieji ryžiai SKANĖJA, 500 g",0.83,https://cdn.barbora.lt/products/28a02f0b-8e10-479d-b6ea-910b439b8d76_s.png
"Karštai rūkyta kiaulienos filė su kmynais, I r., 90 g",2.29,https://cdn.barbora.lt/products/09928423-d3c4-4128-87ba-825e8ab6d7cf_s.png
"Kukurūzų lazdelės MIO&RIO, 60 g",0.49,https://cdn.barbora.lt/products/9b2a4dee-d9a9-4291-905d-8b35c22227ac_s.png
"Pomidorų tyrė GIANA, 500 g",1.29,https://cdn.barbora.lt/products/8bd94786-706f-410a-930b-7bc04643b0e1_s.png
"Saldus varškės sūrelis RYTAS su persikais ir mangais, 7 % rieb., 100 g",1.09,https://cdn.barbora.lt/products/29bc181b-2cb6-4cdb-a56f-2226acb0d92c_s.png
"Ryžių trapučiai be druskos WELL DONE, 120 g",0.85,https://cdn.barbora.lt/products/4e6a06b0-051b-4224-a337-b745dd20217c_s.png
"Krekeriai GAIDELIS MINI grietinės ir svogūnų skonio, 72 g",0.59,https://cdn.barbora.lt/products/6f745ba0-91d8-42c0-8d15-09390b7619dd_s.png
"Kvapnūs užrišami šiukšlių maišai HOME EXPERT (20 l), 20 vnt.",1.79,https://cdn.barbora.lt/products/e2693b76-b687-4175-8def-2fa8586a584d_s.png
"Konservuoti KKF burokėliai šaltibarščiams, 500 ml",1.59,https://cdn.barbora.lt/products/8236e44d-e745-41dd-8c24-b344673fdf6f_s.png
"Rauginti kopūstai su morkomis marinate, 850 g",1.49,https://cdn.barbora.lt/products/f600bbac-776c-4b7d-b1e7-9284a3f20410_s.png
"Atš. arg. jūrinės lydekos (lot. M. hubbsi), skrostos, be g., 1 kg",4.99,https://cdn.barbora.lt/products/7049cc7f-732a-427a-a99a-2c122a65a66a_s.png
"Universalusis sojų padažas KIKKOMAN, 150 ml",3.39,https://cdn.barbora.lt/products/a2f32638-54a4-4db8-a33e-ffd142b3ff96_s.png
"Šiukšlių maišai 30l/20vnt.,HOME EXPERT, Juodi",1.29,https://cdn.barbora.lt/products/6350beec-37a2-4a4b-9cbe-ebdb88bae63a_s.png
"Vafliai SELGA, riešutų skonio, 180 g",0.95,https://cdn.barbora.lt/products/044a66ab-2b8c-4484-8039-d600078a8314_s.png
"Konservuoti lupti pomidorai REG WELL DONE, 800 g",2.69,https://cdn.barbora.lt/products/b444efb4-71d6-4aca-a5d6-55f2e0d07f4d_s.png
"Bulvių traškučiai su padažu LAY'S MAXX, 120 g",2.19,https://cdn.barbora.lt/products/146402be-5c3a-4216-afdf-175a2ea72038_s.png
"Konservuotas kačiukų ėdalas FELIX su mėsa padaže, 340 g",2.39,https://cdn.barbora.lt/products/34748c1a-8970-45c8-a1ea-4c32ca7943a0_s.png
"Karštai rūk. garuose virtas kiaulienos kumpis PORMET, I r., 100 g",0.99,https://cdn.barbora.lt/products/c49e267e-3f67-4fa0-9e45-5e1a4d69e8a3_s.png
"Užrišami šiukšlių maišai HOME EXPERT (35 l), 15 vnt.",1.29,https://cdn.barbora.lt/products/2a845d2d-e48a-47be-bd15-c5211f3b2ae9_s.png
"Vingiuotai pjaustyti bulvių traškučiai ESTRELLA su krapais, 250 g",3.89,https://cdn.barbora.lt/products/03a94a96-7469-4975-9e09-80f06f50ee48_s.png
"Konservuotas kačių ėdalas GOURMET GOLD su vištiena, 85 g",0.99,https://cdn.barbora.lt/products/b3652281-e86c-496d-a866-da611e802928_s.png
"Sausainiai GAIDELIS SPANGUOLĖ, 160 g",0.49,https://cdn.barbora.lt/products/2813e2da-3429-436a-8e74-18f59a41daab_s.png
"Konservuotas kačių ėdalas GOURMET GOLD su jautiena, 85 g",0.99,https://cdn.barbora.lt/products/857c85d7-25d8-425c-a8ac-d611039b300d_s.png
"Karamelizuoti anakardžiai su sezamais WELL DONE, 150 g",1.79,https://cdn.barbora.lt/products/51a3eadc-949c-4740-b697-8276a4a1dec3_s.png
"Virtos BIOVELOS kumpio dešrelės, Aukščiausia rūšis, 240 g",1.75,https://cdn.barbora.lt/products/8b7840e0-9bb5-45fc-a287-04b94b232a66_s.png
"Dantų siūlas ORAL-B ESSENTIAL, mėtų skonio, 50 m.",3.49,https://cdn.barbora.lt/products/f2eb4907-df98-4fa9-a2fc-fbc1fe41b0bf_s.png
"Aliuminio folija UNIWELL, 10 m x 41 cm, 1 vnt.",2.99,https://cdn.barbora.lt/products/f32a87e1-bf66-4d5f-ac10-06734a1727d0_s.png
"Bulvių traškučiai TAFFEL, krapų skonio, 130 g",2.09,https://cdn.barbora.lt/products/55f89adb-2ac4-4808-b970-d15fbd4bc9e9_s.png
"Marinuoti burokėliai EXTRA LINE, 500 g",0.79,https://cdn.barbora.lt/products/752cbbcb-6408-412c-aa64-aa5486a4a3bd_s.png
"Kukurūzų krepšeliai takams SANTA MARIA TEX MEX, 12 vnt., 135 g",3.79,https://cdn.barbora.lt/products/86cc315b-a3c5-41ba-bd87-1854552848f5_s.png
"Garuose ruoštos raudonosios pupelės BONDUELLE VAPEUR, 310 g",1.99,https://cdn.barbora.lt/products/88868e29-1536-4ed8-bd7e-ed6a713c06f0_s.png
"Mini bulvių trapučiai su burokėliais USTUKIŲ MALŪNAS, 70 g",1.69,https://cdn.barbora.lt/products/dbe9c494-3ed3-485e-b482-92b7f6e5cfa1_s.png
"Makaronų ruošinys MAGGI IDEA (SPAGHETTI BOLOGNESE), 44 g",0.49,https://cdn.barbora.lt/products/a484110d-fa22-49a6-ab62-5774904ffd27_s.png
"Bolonijos padažas FELIX BOLOGNESE makaronams, 390 g",2.35,https://cdn.barbora.lt/products/95f8dd9f-dce9-4be8-8c74-0b36aaa252e4_s.png
"Grikių trapučiai USTUKIŲ MALŪNAS, 100 g",1.29,https://cdn.barbora.lt/products/8664727a-faf0-469c-bafd-39ebec39a1f6_s.png
"Sausas sterilizuotų kačių ėdalas WHISKAS su vištiena, 800 g",4.19,https://cdn.barbora.lt/products/861763af-17b7-4e91-9f03-d0ad94bb63c6_s.png
"Bulvių traškučiai LAY'S, pomidorų skonio, 200 g",3.29,https://cdn.barbora.lt/products/ce3da00e-a954-4d08-9fdb-86931b4fc607_s.png
"Aliuminio folija UNIWELL, 30 m, 1 vnt.",3.49,https://cdn.barbora.lt/products/71e85191-e99e-49da-808b-624fe8d3cb98_s.png
"Kvieč. tortilijos su burokėliais SANTA MARIA TEX MEX, 6 vnt., 240 g",3.39,https://cdn.barbora.lt/products/ce03db57-ff14-4885-9d5b-ae6d21719de2_s.png
"Kukurūzų lazdelės su morkomis MORKŪNAS, 100 g",1.79,https://cdn.barbora.lt/products/0caf0773-2187-4220-923e-678d6d739eb4_s.png
"Ferm. jogurto gėrimas ACTIMEL, įv.skonių, 1,5% rieb., 8x100g, 800 g",3.09,https://cdn.barbora.lt/products/7260c253-edfd-4292-9bcf-97bafee6cccc_s.png
"Šaltai rūkytos šoninės kubeliai, a. r., 140 g",1.89,https://cdn.barbora.lt/products/5e98efa9-d348-44b1-ba9d-a2b1347e35b4_s.png
"VILNIAUS DUONOS džiūvėsiai su razinomis, 250 g",1.79,https://cdn.barbora.lt/products/94461de9-42f2-4d03-93b3-b0c6d08d9841_s.png
"KĖDAINIŲ KONSERVŲ FABRIKO pomidorų padažas NATURAL, 500 g",2.29,https://cdn.barbora.lt/products/a41e7ac9-3801-4892-8273-283b6badb8fc_s.png
"Prieskonių mišinys SANTA MARIA TEX MEX CHILI CON CARNE, 28 g",1.59,https://cdn.barbora.lt/products/10817b3d-5f1b-487b-81fd-974d8c7539f7_s.png
"Karštai rūkyta vištienos krūtinėlė, a. r., 1 kg",7.49,https://cdn.barbora.lt/products/19522c50-f37b-49fa-927e-723d83c16e89_s.png
"Šiukšlių maišai su rankenėlėmis (100 l, 10 vnt.), 10 vnt.",1.79,https://cdn.barbora.lt/products/a0ffa6cb-4537-4076-950e-99ac194fc866_s.png
"Raudonoji kario pasta KANOKWAN, 50 g",1.59,https://cdn.barbora.lt/products/7dc3acc0-9a2c-4e71-bce4-ad1f40212443_s.png
"Valgomasis jogurtas DANONKI, braškių, bananų skonio, 2% rieb., 70 g",0.69,https://cdn.barbora.lt/products/d98227a5-a5a1-4f61-9f8a-049b9e2e6109_s.png
"PASAULIO PUODAI virtiniai su varške ir mėlynėmis, 400 g",2.99,https://cdn.barbora.lt/products/c48320eb-9458-49ba-9eb8-ce2bfc749a31_s.png
"Kons. visavertis kačių ėdalas GOURMET GOLD su lašiš., višt., 85 g",0.99,https://cdn.barbora.lt/products/e43213e7-b1a5-4bd3-9522-1c886263ad5f_s.png
"Bulvių traškučiai MR. CHECK su grietinėle ir svogūnais, 50 g",0.59,https://cdn.barbora.lt/products/2b42c55b-e8c0-45c0-a4d4-f78df3c64955_s.png
"Garuose ruošti lęšiai BONDUELLE VAPEUR, 310 g",2.39,https://cdn.barbora.lt/products/c8680949-c9e6-4664-a707-df15ae817e40_s.png
"Bulvių traškučiai ESTRELLA, grietinės ir svogūnų skonio, 130 g",2.35,https://cdn.barbora.lt/products/2de837a4-e04e-46bb-abe4-e60e0794d1c9_s.png
"Šaldymo maišeliai UNIWELL, 1 l, 1 vnt.",1.79,https://cdn.barbora.lt/products/dfaf1093-4029-4d3b-93d2-c2b74d5ff2a0_s.png
"Konservuotos keptos pupelės EXTRA LINE pomidorų padaže, 400 g",0.69,https://cdn.barbora.lt/products/4c749ace-5241-4036-8a24-081040ded6cb_s.png
"Traškios lazdelės SAULĖS GRŪDAS su sūriu, 125 g",1.25,https://cdn.barbora.lt/products/c8684c65-29e9-4cd2-9c47-50443734a1d9_s.png
"Kukurūzų traškučiai TAFFEL SNACK FRIES, 110 g",2.19,https://cdn.barbora.lt/products/b8c1b4f9-75a5-4717-84d2-535686bbc5fe_s.png
"Konservuotas kačių ėdalas FELIX su mėsa padaže, 4 x 85 g, 340 g",2.39,https://cdn.barbora.lt/products/23bc206a-a7f3-4ad9-8d7c-6ecb9addc8dd_s.png
"Šunų ėdalas PRIMADOG su aviena, 260 g",2.35,https://cdn.barbora.lt/products/7413bd80-ea6b-4d20-aacb-a8985f490919_s.png
"Šaltai rūkyta BAJORŲ šoninė, pjaustyta griežinėliais, 120 g",1.35,https://cdn.barbora.lt/products/5a9aa56a-c193-4890-9bdf-9b6ec8057275_s.png
"Traškus žemės riešutų kremas WELL DONE, 300 g",2.09,https://cdn.barbora.lt/products/cf159b35-e4ca-404e-92ef-f5c9359bbd79_s.png
"Avietinis sūrelis be laktozės POLS, 22,7 % rieb., 45 g",0.49,https://cdn.barbora.lt/products/b213bdf6-f148-4f4a-b7ed-7b520ca0f670_s.png
"Sūrelis su aguonomis, šokol. gl., be lakt. POLS, 22,8% rieb., 45 g",0.49,https://cdn.barbora.lt/products/5a7da0b1-c8a8-4dee-ac73-dd85fd91c9c8_s.png
"Virtos pieniškos dešrelės BIOVELA, Aukščiausia rūšis, 780 g",3.99,https://cdn.barbora.lt/products/c3fcd11a-34f1-4b79-a5da-4422eb71deba_s.png
"Vištų šlaun.mėsos iešmeliai su sviestu ir kukurūz. WELL DONE, 480 g",3.99,https://cdn.barbora.lt/products/82d410eb-541e-4e89-8bfc-596931046a94_s.png
"Krekeriai GAIDELIS MINI klasikiniai, 70 g",0.59,https://cdn.barbora.lt/products/51dd3b6a-6531-4ef5-a784-3605dad4dbfb_s.png
"Glaistytas varškės sūrelis POLS, plombyro sk., 21,5 % rieb., 45 g",0.49,https://cdn.barbora.lt/products/85ec4396-dcb6-480c-8146-61772800153f_s.png
"Karštai rūkytas VILNIAUS servelatas, a. r., 100 g",1.79,https://cdn.barbora.lt/products/021fd4f6-cb31-4a16-b498-01f781d03126_s.png
"Rausvasis majonezinis DAUMANTŲ padažas, 25 % rieb., 450 g",1.89,https://cdn.barbora.lt/products/f2c8a454-687b-4cce-95bf-92b93598f6f6_s.png
"Virtas KARALIŠKAS kiaulienos kumpis, a. r., 90 g",2.49,https://cdn.barbora.lt/products/83a22f99-a738-499c-9712-67eec90d989b_s.png
"Prancūziškos Dižono garstyčios CLOVIS, 200 g",2.29,https://cdn.barbora.lt/products/14684613-faee-4115-b792-d58d3e7383a3_s.png
"Pjaustytas vytintas kumpis SERRANO ESPANA, a. r., 80 g",2.79,https://cdn.barbora.lt/products/1a12d2b5-ccc7-4592-ba16-1e1098944913_s.png
"Konservuotas šunų ėdalas PEDIGREE su jaut., ėriena, kalak., 400 g",2.35,https://cdn.barbora.lt/products/45ac6e6e-918f-450b-bcaf-0bc4203f7b67_s.png
"Marinuoti rinktiniai pievagrybiai, 480 g",3.79,https://cdn.barbora.lt/products/94748596-b337-40e3-b835-a21efa25130e_s.png
"Sausainiai GAIDELIS 7 GRŪDAI su vanile, 160 g",0.77,https://cdn.barbora.lt/products/9e8c1f6f-b81a-48d4-bb56-c0bd85ec7b1f_s.png
"Juodos alyvuogės be kauliukų WELL DONE, 270 g",1.99,https://cdn.barbora.lt/products/7438e86f-46d2-41ae-a607-5b4b7470e1df_s.png
"Bulvių traškučiai LAY'S, sūrio skonio, 130 g",2.19,https://cdn.barbora.lt/products/fcda0421-d6b1-45ab-95ed-fbf79733d2ef_s.png
"Kačių skanėstas DREAMIES su vištiena, 60 g",1.95,https://cdn.barbora.lt/products/cc4c9da8-157e-48a9-99b7-771499cd05cb_s.png
"KĖDAINIŲ KONSERVŲ FABRIKO mėlynių uogienė, 430 g",5.99,https://cdn.barbora.lt/products/a956b0b9-a35c-40d6-bd16-9be6d5bf1d91_s.png
"Šviesusis sojų padažas JADE BRIDGE, 625 ml",2.59,https://cdn.barbora.lt/products/a3759be0-a417-4127-9aba-93ea11b36b0b_s.png
"Virtas pjaustytas kiaul. kumpis PROSCIUTTO COTTO, nerūšinis, 100 g",2.49,https://cdn.barbora.lt/products/f3476f5f-446b-4ba0-b372-460a65f6fbbe_s.png
"Ilgagrūdžiai ryžiai SKANĖJA (4 x 125 g), 500 g",0.83,https://cdn.barbora.lt/products/6c3c9dd6-b54f-407b-8dd0-2b76b41ebb2a_s.png
"Bulvių traškučiai TAFFEL, grietinės ir svogūnų skonio, 130 g",2.09,https://cdn.barbora.lt/products/40eb0786-c459-4f77-aec1-1cff48ecfd03_s.png
"Juod.alyvuogės be kauliukų ITLV, 280 g",2.25,https://cdn.barbora.lt/products/0a56d12c-54ed-42b5-8651-357a5a07a1a4_s.png
"Grūdėtosios garstyčios WELL DONE, 180 g",1.79,https://cdn.barbora.lt/products/e2ad166d-27a3-4d7f-99ab-798329ddf306_s.png
"Saulėje džiovinti pomidorai GUSTOSELLI, 520 g",4.39,https://cdn.barbora.lt/products/ae5af6b9-f298-4499-826f-8738d842e252_s.png
"Konservuotos baltosios pupelės BONDUELLE pomidorų padaže, 430 g",1.79,https://cdn.barbora.lt/products/db3813f2-8f23-4a9a-a610-d6b3302d7f0f_s.png
"Lazdelės su druska AKSAM BESKIDZKIE, 240 g",1.59,https://cdn.barbora.lt/products/ba59f6b3-42e6-454b-97b6-25544dd7af8b_s.png
"Traškios duonelės SONKO su speltomis ir moliūgų sėklomis, 170 g",1.35,https://cdn.barbora.lt/products/4e416a50-e721-43af-a202-f041e7673a79_s.png
"4 grūdų trapučiai SAULĖS GRŪDAS, 120 g",1.05,https://cdn.barbora.lt/products/bab5561a-8eed-4ede-9957-63bacf83a1e5_s.png
"Traškus bulvių užkandis ESTRELLA, vištienos skonio, 110 g",1.99,https://cdn.barbora.lt/products/804e10b2-a9e0-440c-9079-d1e635989adc_s.png
"Terijakio padažas SANTA MARIA, 300 ml",5.89,https://cdn.barbora.lt/products/c6eb544a-0838-4ed8-a74b-83769c76c2e1_s.png
"Mediniai dantų krapštukai, 200 vnt. Su minkšta dėžute",0.29,https://cdn.barbora.lt/products/3fc81431-a7c0-4964-805f-902fde521722_s.png
"Sušokantis kačių kraikas HAPPY TAILS, 5 kg",1.98,https://cdn.barbora.lt/products/61ebc6d4-fbe5-40e8-bdff-6875078cac01_s.png
"Kepimo popierius UNIWELL, 6 m x 29 cm, 1 vnt.",0.79,https://cdn.barbora.lt/products/a94c09ae-b7e5-495c-8d78-f52ffb9d871a_s.png
"DAUMANTŲ TRADICINIAI marinuoti burokėliai, 500 g",1.59,https://cdn.barbora.lt/products/656875cd-31e5-43da-a741-1687a082956c_s.png
"Kukurūzų traškučiai TAFFEL BALLS, grietinės ir svogūnų sk., 165 g",2.79,https://cdn.barbora.lt/products/e04c6448-a394-46ec-9565-b0e1a95a0b38_s.png
"Kačių skanėstas DREAMIES su katžole, 60 g",1.95,https://cdn.barbora.lt/products/6aa14822-e9f2-481e-ba0e-79f24aae14f3_s.png
"Klasikinis PESTO padažas FILIPPO BERIO, 190 g",2.89,https://cdn.barbora.lt/products/38e2a18d-5903-45bc-8c26-17939313fa34_s.png
"Skystasis muilas EXO LINE, melionų kvapo, 1 l",1.45,https://cdn.barbora.lt/products/9d8f9439-14a5-4e39-bfa3-591797e0e7de_s.png
"Bulvių traškučiai LAY'S, grietinės ir grybų skonio, 130 g",2.19,https://cdn.barbora.lt/products/80df3e95-a174-4c88-9646-e9faefc4bd07_s.png
"Smulkinti saulėje džiovinti pomidorai WELL DONE, 280 g",2.59,https://cdn.barbora.lt/products/7d2d6f4b-aa9d-4111-ba93-02fe159b6777_s.png
"Vytintas SERRANO kumpis, pjaustytas, JAMONDOR, I r., 100 g",2.79,https://cdn.barbora.lt/products/02c9f70a-e4e5-41f4-bd86-5cf8e56ebbc1_s.png
"Marinuoti pomidorai EXTRA LINE, 680 g",2.19,https://cdn.barbora.lt/products/29d248b8-c470-400c-a6fe-a429ddcbb662_s.png
"KĖDAINIŲ KONSERVŲ FABRIKO marinuoti kelmučiai NAMEKO, 480 g",3.99,https://cdn.barbora.lt/products/cedc7627-3f75-41bd-99c5-509f769549df_s.png
"Konservai katėms SHEBA NATURE'S MIX, 4 x 85 g, 340 g",3.29,https://cdn.barbora.lt/products/232e84f2-da3d-4808-849f-773653af1c34_s.png
"Krekeriai TUC MINI, grietinės ir svogūnų skonio, 100 g",1.69,https://cdn.barbora.lt/products/f4eb66f2-d210-491d-b2de-e93637ceccbb_s.png
"Bulvių traškučiai LAY'S, sūrio skonio, 200 g",3.29,https://cdn.barbora.lt/products/fec726b4-8164-40a0-8323-3d7e8e516631_s.png
"Šaltai rūkyta kiaulienos filė, pjaustyta a. r., 100 g",2.69,https://cdn.barbora.lt/products/662672b5-adec-42b9-b514-cf9112e2b56f_s.png
"Marinuoti agurkėliai WELL DONE su medumi, 340 g",1.99,https://cdn.barbora.lt/products/c93b176d-3887-4bb3-be10-b1fd174bfe64_s.png
"	Saldus šokoladinis varškės sūrelis RYTAS, 7,5 % rieb., 100 g",1.09,https://cdn.barbora.lt/products/cd563076-5e1e-4bf8-9c0d-717d5c4df46a_s.png
"Žaliosios alyvuogės ITLV su citrinų įdaru, 300 g",2.49,https://cdn.barbora.lt/products/aa2c57b7-2c91-4895-867d-c89081826c0e_s.png
"Garuose ruošti avinžirniai GLOBUS, 300 g",1.79,https://cdn.barbora.lt/products/a0464b98-427b-41a7-a1dd-94fb15d37332_s.png
"Saldžiarūgštis azijietiškas WOK padažas SANTA MARIA, 150 g",2.59,https://cdn.barbora.lt/products/ef80acb1-e577-4bd6-9e4c-b0e3d3b92893_s.png
"Glaistytas varškės sūrelis su avietėmis POLS, 21,1 % rieb., 45 g",0.49,https://cdn.barbora.lt/products/44a19256-a8d3-4541-815e-c19530c10520_s.png
"Bulvių traškučiai TAFFEL, sūrio skonio, 180 g",2.59,https://cdn.barbora.lt/products/d5e62fd5-e65d-43b4-b0b6-b2c7dd924909_s.png
"Raudonasis pesto padažas WELL DONE, 190 g",2.29,https://cdn.barbora.lt/products/1dbe4f26-44d5-4f65-9a8a-870d374aca67_s.png
"Griežinėliais pjaustyti marinuoti agurkėliai WELL DONE, 695 g",2.19,https://cdn.barbora.lt/products/edf1d6af-c4c2-455e-8790-dabde64ddc76_s.png
"Virtas KLASIKINIS kiaulienos kumpis, I r., 90 g",2.29,https://cdn.barbora.lt/products/8a1e9499-4a09-49a9-b407-66febeef07a4_s.png
"Karštai rūkyta GIMINIŲ šoninė griežinėliais, I r., 120 g",2.99,https://cdn.barbora.lt/products/3acbeda5-f88f-49f9-9d6f-b1ab2f5a6125_s.png
"Kvapnūs šiukšlių maišai HOME EXPERT, 35 l, 15 vnt, 15 vnt.",1.19,https://cdn.barbora.lt/products/eeaa0661-c5df-4e1c-8154-317343aa071c_s.png
"Raikyta sumuštinių duona su ruginiu raugu MORTA, 450 g",0.99,https://cdn.barbora.lt/products/2d6523ab-f3c9-4f81-ab8b-a520f3e94768_s.png
"Kukurūzų užkandis CHEETOS SPIRALS, kečupo ir sūrio skonio, 145 g",2.59,https://cdn.barbora.lt/products/87f7de00-57c1-4a93-9ced-deee10bf9e01_s.png
"Klasikinis SUSLAVIČIAUS pomidorų kečupas, 500 g",2.59,https://cdn.barbora.lt/products/650d37cf-b4b8-445e-a736-dff360ea1516_s.png
"Konservuotas kačių ėdalas FELIX su žuvimi, 340 g",2.39,https://cdn.barbora.lt/products/2d4d6696-53e0-429d-8545-5b504ee1389c_s.png
"Ryžių paplotėliai SONKO su jūros druska, 130 g",1.15,https://cdn.barbora.lt/products/114aa483-d0cc-4909-8dfe-a75b15965174_s.png
"Valgomasis jogurtas DANONKI, vanilės skonio, 2,1 % rieb., 70 g",0.69,https://cdn.barbora.lt/products/7abb4c83-8d71-44ee-95ae-9e13e8395cb3_s.png
"Kons.visav.kačių ėd.GOURMET GOLD SAVOURY su vištiena, mork., 85 g",0.99,https://cdn.barbora.lt/products/18f235f9-9755-4dff-8a61-4d6dd062d7b1_s.png
"Antienos kąsneliai PRIMADOG, 50 g",2.59,https://cdn.barbora.lt/products/48c9cbe1-e4d0-492b-8c79-f0990ab12724_s.png
"Riešutų ir džiovintų vaisių mišinys HARMONY WELL DONE, 500 g",2.99,https://cdn.barbora.lt/products/66044cc6-a0c2-4a47-826f-3b9ef792a2bc_s.png
"Vorčesterio padažas VITANA, 160 ml",1.35,https://cdn.barbora.lt/products/0119b7cb-6812-47c6-8880-28134a41432c_s.png
"Marinuoti burokėliai SPILVA KLASIKA, 570 g",2.29,https://cdn.barbora.lt/products/5d55fc77-3e8c-453d-87bc-6e737c467d06_s.png
"Kepti bulvių traškučiai LAY'S OVEN BAKED su druska, 110 g",2.49,https://cdn.barbora.lt/products/6af90cd5-9b9a-4395-ab35-9cac63f47731_s.png
"Ananasų gab. sirupe, WELL DONE, 565 g",2.29,https://cdn.barbora.lt/products/3ec17115-148e-4643-befd-2d4dff07d714_s.png
"Karštai rūkyta KREKENAVOS PANEVĖŽIO filė, I r., 1 kg",7.79,https://cdn.barbora.lt/products/8e4895a6-55d0-473c-a419-b90979a7ac41_s.png
"Bambukiniai dantų krapštukai, 300 vnt., 300 vnt.",0.75,https://cdn.barbora.lt/products/83daf3de-6139-48f4-9dab-4aedb18cb7dc_s.png
"Maišeliai šunų ekskrementams LOVETT, 90 vnt.",2.49,https://cdn.barbora.lt/products/f86c0f3b-b475-4159-a5e6-4a9362110e7f_s.png
"Kepimo popierius UNIWELL, 6 m x 38 cm, 1 vnt.",1.29,https://cdn.barbora.lt/products/ff6f1158-4c0e-4747-a7ea-837215f0812c_s.png
"Arbatiniai džiūvėsėliai MIO&RIO, 180 g",0.79,https://cdn.barbora.lt/products/888bb31a-8fe3-4323-86c7-61edff16c3c3_s.png
"Pomidorų padažas SANTA MARIA TEX MEX CHUNKY SALSA, 230 g",3.49,https://cdn.barbora.lt/products/483de7f2-7abe-41d4-b83b-b4c9701437e2_s.png
"Šunų ėdalas PRIMADOG su jautiena, 260 g",2.35,https://cdn.barbora.lt/products/5143a605-162f-4113-949f-c1106428f7f3_s.png
"Vištienos sultinys MAGGI, 160 g, 160 g",0.99,https://cdn.barbora.lt/products/3779fd60-9fd7-4375-a0f7-0330815da2bc_s.png
"Vytinta sausai sūdyta KLEBONIŠKA nugarinė, pjaustyta, a. r., 100 g",2.99,https://cdn.barbora.lt/products/19c05b55-919c-4fcd-89d9-da71b9b32ec8_s.png
"Rudasis smulkus cukrus WELL DONE, 250 g",0.99,https://cdn.barbora.lt/products/0c1fe633-c137-45eb-8aab-f56a2c2188eb_s.png
"Ryžių actas JADE BRIDGE, 150 ml",1.09,https://cdn.barbora.lt/products/f60517a8-b886-4bac-bb1f-3eb111b2930d_s.png
"Marinuotos raudonosios pjaustytos paprikos WELL DONE, 680 g",2.89,https://cdn.barbora.lt/products/97ac313c-9fe5-4b72-87c5-3b416daa6a28_s.png
"Bulvių traškučiai LAY'S, paprikų skonio, 130 g",2.19,https://cdn.barbora.lt/products/263a9466-7cfa-44ac-b11a-53a095e8f879_s.png
"Kreminis jogurtas FANTASIA MARS, 12,5 % rieb., 104 g",1.29,https://cdn.barbora.lt/products/4a171d14-22eb-4d2d-a4ae-f881050fadaf_s.png
"Kačių ėdalas FELIX drebučiuose su mėsa, 320 g",2.59,https://cdn.barbora.lt/products/6f9f3d7c-5941-4308-b75b-6bb30ddc8fe2_s.png
"Sojų padažas KIKKOMAN LESS SALT (su dalytuvu), 150 ml",4.79,https://cdn.barbora.lt/products/62e709a0-9953-453e-862c-e1000d6501ad_s.png
"Saldus tirštas terijakis AJI, 200 ml",2.49,https://cdn.barbora.lt/products/0306e4d8-5ffd-4585-a4b8-563b2f6822b8_s.png
"Šaltai rūkytas pjaustytas JUODASIS kumpis, a. r., 110 g",3.69,https://cdn.barbora.lt/products/4165567e-f706-4845-a5c1-bd90dd19308a_s.png
"BIRŽŲ DUONOS lazdelės su svogūnais GRISSINI, 125 g",1.29,https://cdn.barbora.lt/products/acbbd3f8-a9cc-4764-b076-ce953b0eca69_s.png
"Maisto plėvelė UNIWELL, 50 m x 29 cm",1.99,https://cdn.barbora.lt/products/e222ca8c-0bf2-48a6-83d0-f0f8a434d9bb_s.png
"Kepimo maišeliai su spasutukais UNIWELL, 8 vnt., 8 vnt.",1.49,https://cdn.barbora.lt/products/379a7b72-c36e-455e-b020-12ed61a9725d_s.png
"Krekeriai TUC, 100 g",1.69,https://cdn.barbora.lt/products/51f94452-8ad0-4a3a-952c-99bb59453835_s.png
"Šiukšlių maišai su rankenėlėmis (80 l , 10 vnt.), 10 vnt.",1.69,https://cdn.barbora.lt/products/5e599f3f-ad0b-42a3-9d99-12045240457e_s.png
"Kaparėliai sūryme WELL DONE, 95 g",1.99,https://cdn.barbora.lt/products/0f02d88a-09f6-46ae-88fb-7f4a6a1ea394_s.png
"Šv. afrikinių šamų plėšikų (Clarias gariepinus) filė su oda, 320 g",3.99,https://cdn.barbora.lt/products/722b3c31-e398-494c-bb25-15cc140b68a6_s.png
"Ryžių paplotėliai SONKO su moliūgų sėkl. ir jūros dumbliais, 130 g",1.15,https://cdn.barbora.lt/products/37bc1a91-25ef-4542-a682-198fad143c83_s.png
"Bulvių traškučiai ESTRELLA RANCH, pom., svog., sūr.,česn.sk., 250 g",3.89,https://cdn.barbora.lt/products/66e3cec0-e38e-4606-a569-7152a5bc38ac_s.png
"Kepti bulvių traškuč. LAY'S OVEN BAKED, jogurto, žolelių sk., 110 g",2.49,https://cdn.barbora.lt/products/23a73b77-796e-43a0-a8b0-8e886e41bc11_s.png
"Karštai rūkyta šoninė WELL DONE, a. r., 100 g",1.19,https://cdn.barbora.lt/products/792cda38-1c9f-40b5-9215-788e84ae9382_s.png
"Bulvių traškučiai LAY'S, grietinės ir žolelių skonio, 130 g",2.19,https://cdn.barbora.lt/products/1366eb9e-43d2-404f-8c45-6ad97de6fecc_s.png
"Vidutinio dydžio kuskusas SKANĖJA, 400 g",1.01,https://cdn.barbora.lt/products/d6f0d7a1-c6f7-49d9-8302-444f036eb029_s.png
"Kečupas DELICATE SCHEDRO, 250 g",0.79,https://cdn.barbora.lt/products/41b568b3-0c34-4961-9026-3d8f165530bd_s.png
"KLASIKINIS pomidorų padažas WELL DONE, 480 g",1.59,https://cdn.barbora.lt/products/1480b687-a827-42ee-accb-fa32de868923_s.png
"Visavertis šlapiasis ėdalas kačiukams „GOURMET GOLD “ su veršiena, 85 g skardinė",0.99,https://cdn.barbora.lt/products/6b1b7059-5ee4-4d72-90ee-ab08844aedfc_s.png
Lietiniai su vištienos ir pievagrybių įdaru WELL DONE 400 g,2.79,https://cdn.barbora.lt/products/72fff86c-78aa-49c2-ba37-a5bc97073b31_s.png
"Sausainiai SELGA TREAT su lazdynų riešutų įdaru, 205 g",1.43,https://cdn.barbora.lt/products/808301ae-3702-4122-a188-c543a340b841_s.png
"Krekeriai GAIDELIS MINI sūrio skonio, 72 g",0.59,https://cdn.barbora.lt/products/41670076-ed41-4861-9253-0b1fc76eaada_s.png
"KARALIŠKAS DAUMANTŲ pomidorų padažas su pomidorų gabaliukais, 500 g",2.49,https://cdn.barbora.lt/products/0dcb8a25-f865-4845-969a-b1cfe087f840_s.png
"Šviesi ruginė raikyta GUDOBELĖS duona, 700 g",1.45,https://cdn.barbora.lt/products/913d6d9b-7191-4838-b181-0287618b149a_s.png
"Vištienos sultinys MAGGI su krapais ir petraž. (12 x 10 g), 120 g",0.59,https://cdn.barbora.lt/products/1c21dee7-265f-4429-b6dd-e1b1bc41d10e_s.png
"Aviečių uogienė SPILVA, 380 g",3.69,https://cdn.barbora.lt/products/72a8531a-9095-43f1-a8bd-fda5cbc9d509_s.png
"Konservuotas kačių ėdalas LOVETT steriliz. katėms, 4 x 100 g, 400 g",1.79,https://cdn.barbora.lt/products/9f1ee265-19da-401b-bdba-210f2ffeb5bd_s.png
"KĖDAINIŲ KONSERVŲ FABRIKO mangų džemas, 330 g",2.79,https://cdn.barbora.lt/products/c8255480-bfb6-4b36-924a-5d6b92df5421_s.png
"Kosmetiniai vatos pagaliukai BELLA, 160 vnt.",1.49,https://cdn.barbora.lt/products/9aae46c9-e7a0-4079-9cc9-71a43aa02700_s.png
"Žaliosios alyvuogės be kauliukų EXTRA LINE, 180 g",0.39,https://cdn.barbora.lt/products/f6735b39-1f84-4155-9bab-923a3d4967c7_s.png
"Vanilinis sūrelis be laktozės POLS, 23,6 % rieb., 45 g",0.49,https://cdn.barbora.lt/products/c7963852-1de5-4fee-b8fd-725bee314baa_s.png
"Juodosios alyvuogės SELIA be kauliukų, 310 g",1.69,https://cdn.barbora.lt/products/6abf1594-f736-4b17-bf06-84399800fabc_s.png
"Tiršta vištienos sriuba MAGGI 5 MINUTES su skrebučiais, 16 g",0.29,https://cdn.barbora.lt/products/8bc56d62-2292-4ed2-bdb7-e2dade2df87b_s.png
"Bulvių traškučiai LAY'S MAXX WAVY, grietinės ir žolelių sk., 120 g",2.19,https://cdn.barbora.lt/products/2cd29952-da84-4f84-8a70-b3a0092a1779_s.png
"Baltasis cukrus WELL DONE, 1 kg",0.69,https://cdn.barbora.lt/products/b3f1684e-bfe2-4722-b59b-3c6bcf2da1c3_s.png
"Traškios lazdelės SAULĖS GRŪDAS su visų grūdo dalių miltais, 125 g",1.25,https://cdn.barbora.lt/products/523229aa-3f11-4042-a89b-9cb30ec616a9_s.png
"Ukrainietiški PASAULIO PUODAI koldūnai su kiauliena, jautiena, 700 g",4.79,https://cdn.barbora.lt/products/4f625495-5133-4051-9d6d-a91c313cb881_s.png
Lietiniai su „Prosciutto Cotto“ kumpio ir mocarelos sūrio įdaru WELL DONE 400 g,2.79,https://cdn.barbora.lt/products/9a2d4ac9-5c57-456d-9590-ddd36abe9434_s.png
"Sūrio kamuoliukai WELL DONE PREMIUM, pesto padažo sk., 41 %, 24 g",1.49,https://cdn.barbora.lt/products/60d60551-3157-43d3-a2a0-cc329750314e_s.png
"Drėgnosios antibakterinės servetėlės GO WIPES D-PANTH,60 vnt, 60 vnt.",2.39,https://cdn.barbora.lt/products/d069afc2-1e7c-445d-8e5d-651461132e99_s.png
"Ryžių užkandis CHAZZ SWEET CHILLI, 100 g",2.39,https://cdn.barbora.lt/products/20c70d67-8094-41db-80fd-64fca47ed80e_s.png
"Saldus varškės sūrelis RYTAS su bananais ir obuoliais, 7 % rieb., 100 g",1.09,https://cdn.barbora.lt/products/ae2f5d4f-5e73-4495-ab01-e865070b6f89_s.png
"Varškės sūrelis POLS, atogrąžų vaisių skonio, 21,8 % rieb., 45 g",0.49,https://cdn.barbora.lt/products/de54c59a-83f6-43a6-8f29-7fdcd4d4626c_s.png
"Traškučiai OHO!, meksikietiško skonio, 60 g",0.65,https://cdn.barbora.lt/products/02fd7c88-6461-40d7-930d-29b8c5bc7afc_s.png
"Konservuotos rūgštynės EXTRA LINE, 285 g",0.89,https://cdn.barbora.lt/products/4890a83a-5820-48d4-9296-12a417361132_s.png
"Spanguolių uogienė WELL DONE, 350 g",2.49,https://cdn.barbora.lt/products/3e33da92-9d4a-4f4c-8752-f0867c92c01b_s.png
"Sezamų pasta SUNTAT, 300 g",4.99,https://cdn.barbora.lt/products/e140053a-7788-464d-a108-df02354f9faa_s.png
"Visų grūdo dalių ruginė duona JONĖ be pridėtinių mielių, 340 g",1.35,https://cdn.barbora.lt/products/325501c4-12fd-4085-8565-39078250bcd1_s.png
"Rudieji ryžiai SKANĖJA, 500 g",0.89,https://cdn.barbora.lt/products/6c5666ff-e896-4ad5-b0ed-5fdca7ba1c5c_s.png
"Popieriniai sumuštinių maišeliai LET'S COOK, 50 vnt., 50 vnt.",0.99,https://cdn.barbora.lt/products/253b466f-fcb3-419d-9795-e4d9112a3f39_s.png
"Konservuotas visavertis kačių ėdalas SHEBA DUETT, 340 g",3.29,https://cdn.barbora.lt/products/b02e824b-e693-4fa2-8fcb-49b4d392f08e_s.png
"Augalinės kilmės kačių kraikas LOVETT, 3 kg",3.49,https://cdn.barbora.lt/products/62a9f217-fd71-45ee-b093-3f375fec55fd_s.png
"Svogūnų skonio bulvių traškučiai, 150 g",0.99,https://cdn.barbora.lt/products/b466d1bc-b073-41d8-a6ae-95aecb59ff2b_s.png
"Vienkartiniai Puodeliai ILAJA WHITE, 230 ml 20 vnt.",1.49,https://cdn.barbora.lt/products/72cdbdc8-6aca-4152-9934-fbe48142d3fe_s.png
"Picos pomidorų padažas MUTTI su prieskoniais, 400 g",2.59,https://cdn.barbora.lt/products/4bda9fdf-a3e5-4d7d-91e1-507eff154c1a_s.png
"Sėklų traškiai MON AMI, 135 g",2.09,https://cdn.barbora.lt/products/ea3c5d53-e173-4d08-9593-730dbb09c077_s.png
"Virta UTENOS DAKTARIŠKA dešra, a. r., 250 g",2.29,https://cdn.barbora.lt/products/7502d18d-444f-468c-b45f-e8d234235e37_s.png
"Vanilinis plombyras WELL DONE su saldainiukais, 65 g",0.89,https://cdn.barbora.lt/products/bdf862e1-a7f4-4fdb-a9db-c84ae717c3d5_s.png
"Garuose virti avinžirniai WELL DONE, 150 g",1.09,https://cdn.barbora.lt/products/b7229917-2d60-4f1b-9d84-93fc91a43ca8_s.png
"Konservuoti žalieji žirneliai GLOBUS, 660 g",2.39,https://cdn.barbora.lt/products/287588ec-572b-4a41-8a2f-22b08dc9de77_s.png
"Tirpioji sūrio sriuba MAGGI 5 MINUTES su skrebučiais, 19 g",0.29,https://cdn.barbora.lt/products/b7e84e15-e968-4f90-9b95-f4c054ea4343_s.png
"Šunų skanėstas PRIMADOG (antienos ir odos lazdėlė), 100 g",4.99,https://cdn.barbora.lt/products/ff25b12c-6d3b-4ff5-b15f-2d346e31a7bd_s.png
"Konservuotos keptos pupelės pomidorų padaže WELL DONE, 400 g",1.35,https://cdn.barbora.lt/products/176efd1f-b627-4458-8312-f3aac3d238de_s.png
"Kukurūzų traškučiai SANTA MARIA TEX MEX su sūriu, 475 g",5.89,https://cdn.barbora.lt/products/4fdbde3c-3eb0-4457-be50-f4ebd38e714a_s.png
"Marinuoti DAUMANTŲ agurkai, 680 g",2.29,https://cdn.barbora.lt/products/21030139-afac-4f78-b344-8e6ba1260c37_s.png
"Vafliniai ritinėliai SELGA su kokosų įdaru, 160 g",1.29,https://cdn.barbora.lt/products/85cc53e9-6f93-4243-8a9d-46c3121aeb71_s.png
"Sausai marinuotas kiaulienos sprandinės šašlykas BIOVELA, 800 g",6.99,https://cdn.barbora.lt/products/77186be2-be6a-4f17-a684-c6fb9b230e54_s.png
"Konservuoti smulkinti pomidorai POLPA BASILIC MUTTI, 400 g",2.29,https://cdn.barbora.lt/products/ede5a31b-8703-46bd-86cb-029b1168a478_s.png
"Vingiuotai pjaust. bulvių traškučiai ESTRELLA, čederio sk., 250 g",3.89,https://cdn.barbora.lt/products/21108a79-5b82-4bd4-9846-a61ef02aa0e8_s.png
"Kečupas HEINZ (su 50 % mažiau cukraus ir druskos už įprastą), 435 g",4.59,https://cdn.barbora.lt/products/12a658dc-fc48-4ab8-8028-a749720c5c0d_s.png
"Vytinto kumpio ir SALCHICHON, CHORIZO dešrų rinkinys, nerūš., 120 g",2.99,https://cdn.barbora.lt/products/f8e65b2e-3181-4742-a330-fd253fd1b66e_s.png
"Klasikinis PESTO padažas PROVITUS su bazilikais, 160 g",1.29,https://cdn.barbora.lt/products/2dffc403-9dc4-4550-a130-d98948cdff79_s.png
"Kvietinės duonelės DANVITA su sūriu ir česnakais, 130 g",1.59,https://cdn.barbora.lt/products/8b93f5ed-92b8-4bf9-81ac-b21a9a0fc6ec_s.png
"Sausas sterilizuotų kačių ėdalas PERFECT su jautiena, 750 g",5.99,https://cdn.barbora.lt/products/481f1e32-2c20-4024-80f9-7a70bbf1ce0f_s.png
"Sausas kačių ėdalas WHISKAS su tunu, 800 g",4.19,https://cdn.barbora.lt/products/0668a560-741a-4aef-bfe2-bf64f33ad585_s.png
"Konservuotas visavertis kačių ėdalas FRISKIES, 12 x 85 g, 1.02 kg",4.99,https://cdn.barbora.lt/products/374b955c-f505-4bda-85af-0fdbe6c7a212_s.png
"Kukurūzų traškučiai TAFFEL NACHO CHEESE BALLS, sūrio skonio, 60 g",1.25,https://cdn.barbora.lt/products/76edd3ce-1e2a-44c7-8b7d-22987109b0eb_s.png
"Paprikų skonio bulvių traškučiai, 150 g",0.99,https://cdn.barbora.lt/products/b25ffcf4-47ed-4772-9300-f8fdfaa09ce7_s.png
"Konservuotas kačių ėdalas FELIX su triušiena, 85 g",0.72,https://cdn.barbora.lt/products/50913370-cf8d-495f-bc2d-d577f1a789dc_s.png
"Bio.skaidūs šiukšlių maišai,10L,10vnt.",1.39,https://cdn.barbora.lt/products/aef09936-d6b7-42d7-a186-4614b8ae1da0_s.png
"Lenkiški PASAULIO PUODAI virtiniai su bulvėmis, svogūnais, 400 g",2.99,https://cdn.barbora.lt/products/a3242841-d688-40a5-90e5-988cf5644b99_s.png
"Konserv. visavertis suaugusių šunų ėdalas PEDIGREE (4x100 g), 400 g",2.35,https://cdn.barbora.lt/products/47f30e51-3d1e-4a9a-a5a2-96742a2a3837_s.png
"Ruošinys MAGGI IDEA vištienai (grietinėlės ir žolelių padaže, 30 g",0.49,https://cdn.barbora.lt/products/2a85fe1f-1cd1-4c10-8387-c69ba36aa247_s.png
"Stambių veislių šunų kramtalas PEDIGREE DENTASTIX (7 vnt.), 270 g",4.49,https://cdn.barbora.lt/products/d9d45793-cbfc-4fba-bdf6-46c878bc61d4_s.png
"Pasta KANOKWAN TOM YUM, 30 g",1.59,https://cdn.barbora.lt/products/626c91f6-3ef3-4c57-9c4c-7aecd3ed3eef_s.png
"Bulvių traškučiai, grietinės ir svogūnų skonio, 150 g",0.99,https://cdn.barbora.lt/products/c76aa399-1a11-47bf-b53d-81c833d2d617_s.png
"Kons. visavertis kačių ėdalas GOURMET GOLD SAVOURY su ėriena, 85 g",0.99,https://cdn.barbora.lt/products/421b1f15-4884-46be-825e-ec9eba49dc0f_s.png
"Braškių džemas EXTRA LINE, 330 g",1.46,https://cdn.barbora.lt/products/b4ec95a1-9a60-46a0-a143-b7e936dc994f_s.png
"Sausainiai SELGA MINI CLASSIC, 250 g",0.99,https://cdn.barbora.lt/products/62410acd-454e-4f76-976f-acd7e574e05e_s.png
"Konservuotas kačių ėdalas SHEBA (mini rink. su paukštiena), 300 g",2.99,https://cdn.barbora.lt/products/16780fcf-eef9-4aab-892c-6da8385211f4_s.png
"Kečiupas HELLMANN'S CLASSIC, 485 g",2.99,https://cdn.barbora.lt/products/4fd26e07-270e-419e-bf48-0081ee6ad717_s.png
"Švelnus kečupas HELLMANN'S, 840 g",3.99,https://cdn.barbora.lt/products/e69300bd-75c5-4e41-9de5-4fdd6552a41e_s.png
"Vytinta KLEBONIŠKA kumpinė skilandinė dešra, a. r., 90 g",2.89,https://cdn.barbora.lt/products/ef03c7c6-bb30-4f7a-a472-79b03c8ad844_s.png
"Traškūs krekeriai ELEPHANT su juod. ir balt. sezamų sėklomis, 180 g",1.94,https://cdn.barbora.lt/products/3ebd6611-e682-43fb-b4f4-96297eedf048_s.png
"Barbekiu padažas KKF, 320 g",2.29,https://cdn.barbora.lt/products/749b4d6b-db17-477a-9229-f7cd84d2ded5_s.png
"Bulvių traškučiai LAY'S garstyčių ir marinuotų agurkų skonio, 130 g",2.19,https://cdn.barbora.lt/products/c1530c77-417f-44e2-8e08-d132005a2ac3_s.png
"Virta SAMSONO kumpio dešra, A. r., 200 g",2.49,https://cdn.barbora.lt/products/f0cf18cd-06c9-4a45-bc49-a4515c333c5f_s.png
"Rudieji ryžiai SKANĖJA (4 x 125 g), 500 g",1.13,https://cdn.barbora.lt/products/f61c7a49-719b-423a-b1b9-f43373f573ae_s.png
"Šunų kramtalai PEDIGREE RODEO su jautiena (4 vnt.), 70 g",1.19,https://cdn.barbora.lt/products/ab9c1ee6-ac90-4976-8f52-f13b871cfe3f_s.png
"Raudonieji lęšiai SKANĖJA, 0.5 kg",1.13,https://cdn.barbora.lt/products/13ba5e89-14ef-4c27-ac81-82e66db37b19_s.png
"Šiukšlių maišai HOME EXPERT, 60 l, 77 x 60 cm, 18 vnt, 18 vnt.",0.99,https://cdn.barbora.lt/products/8a7f9463-1a15-4cdd-a039-4d869b8c2642_s.png
"Konservuotas kačių ėdalas LOVETT MIX, 4 x 100 g, 400 g",1.79,https://cdn.barbora.lt/products/e6319ce4-fb4e-4562-8d26-387c80cb2e40_s.png
"Džiovinti duonvaisiai WELL DONE, 150 g",1.29,https://cdn.barbora.lt/products/792cb338-e234-4526-b2b7-4f44675fa525_s.png
"Padažas WOK PAD THAI SANTA MARIA, 150 g",2.59,https://cdn.barbora.lt/products/d99d0b53-a591-4dd1-96b4-b418418ab8b8_s.png
"Bulvių traškuč. LAY'S OVEN BAKED, grilyje keptų daržovių sk., 110 g",2.49,https://cdn.barbora.lt/products/0d6ee20e-0e06-4f48-a8c2-71992bed3c05_s.png
"Pjaustytas kiaulienos saliamis PORMET, nerūš., 100 g",1.09,https://cdn.barbora.lt/products/30e6f81d-447f-4328-a17e-94ef2e398b8a_s.png
"Ekologiškas agavų sirupas AMRITA, 250 ml",5.65,https://cdn.barbora.lt/products/fcd41f1b-b3b1-4cf2-badb-34731687d89d_s.png
"Balti krienai, 200 g",1.15,https://cdn.barbora.lt/products/e71cc868-5572-47ac-b3c4-5d876c901223_s.png
"Rūkyta vištienos krūtinėlės su oda, I r., 1 kg",7.65,https://cdn.barbora.lt/products/bd523b48-be55-4351-8792-7c499bc9ff78_s.png
"Angliškos garstyčios SPILVA, 200 ml",1.79,https://cdn.barbora.lt/products/e867573f-6ad7-4fad-97dd-fad89a7b5dc4_s.png
"Kokosų kremas HENG GUAN, 200 ml",2.25,https://cdn.barbora.lt/products/8bd6df07-45ab-4c58-95e5-f594ae7b6a32_s.png
"Šunų ėdalas PRIMAGOD su lašišomis, 260 g, 260 g",2.35,https://cdn.barbora.lt/products/6ca5eca3-546d-414d-9688-0b40abca2c90_s.png
"Bešamelio padažas GRANAROLO, 500g, 7,2% rieb., 500 g",2.69,https://cdn.barbora.lt/products/d3fdf32a-f562-4286-9a05-fcdf9fa5832e_s.png
"Antibakterinės servetėlės CLEANIC, 15 vnt.",0.99,https://cdn.barbora.lt/products/b2c55ed7-ed89-4606-b5b2-686bc6000987_s.png
"Burokėlių karpačas, 400 g",1.99,https://cdn.barbora.lt/products/e22a7246-68db-449c-99ea-fcbbf95db6ed_s.png
"Kons. visavertis kačių ėdalas GOURMET GOLD SAVOURY su jaut., 85 g",0.99,https://cdn.barbora.lt/products/5f6f643b-8c52-4a2e-9251-aabbf71af09e_s.png
"Konservuoti smulkinti pomidorai POLPA GARLIC MUTTI, 400 g",2.29,https://cdn.barbora.lt/products/c2a26196-5adb-4280-a52d-be0a61d77fdc_s.png
"Aštrusis pomidorų padažas SANTA MARIA TEX MEX TACO, 230 g",3.29,https://cdn.barbora.lt/products/fc15aee2-8dbe-4850-a56d-58ca05eedc77_s.png
"Marinuoti kopūstai, 500 g",1.59,https://cdn.barbora.lt/products/7ebbdab2-1bce-4c8b-8d1c-c54250921a1c_s.png
"Konservuotas šunų ėdalas LOVETT su jautiena, 1.25 kg",1.99,https://cdn.barbora.lt/products/b85b6f63-bc1e-4141-ae38-94cfb76e72f0_s.png
"KĖDAINIŲ KONSERVŲ FABRIKO bruknių ir serbentų uogienė, 430 g",3.59,https://cdn.barbora.lt/products/3c0bd85f-1b69-4ee4-83e1-58e643a4de82_s.png
"Dantų šepetėlis JORDAN CLEAN SMILE SOFT, 1 vnt.",1.69,https://cdn.barbora.lt/products/cda40288-5248-4086-9e63-d5bb14ca8a56_s.png
"Smulkiai pjaustyti pomidorai MUTTI, 500 g",2.49,https://cdn.barbora.lt/products/6e8413af-dce0-421f-b3e7-41a5081043ae_s.png
"Marinuoti pievagrybiai EXTRA LINE, 500 g",1.79,https://cdn.barbora.lt/products/6dd07336-7901-422e-9d2c-76858a22fd5b_s.png
"Higieniniai paketai ALWAYS Ultra Extra Night, S4, 12 vnt.",3.19,https://cdn.barbora.lt/products/d7a24f41-eb02-410c-a81c-f036d3c15c2f_s.png
"Sausainiai OREO MINI ORIGINAL, 160 g",2.25,https://cdn.barbora.lt/products/89b80af0-8408-46a8-bb43-1cfbf299449b_s.png
"Sausainiai SELGA CIRKAS, vanilės skonio, 300 g",1.49,https://cdn.barbora.lt/products/f8936465-6c38-47b2-b387-4d6564e3d477_s.png
"Smulkios pupelės SKANĖJA, 500 g",1.01,https://cdn.barbora.lt/products/c51c9b08-94a6-47be-83b3-60f75e35814e_s.png
"Švelnus sojų padažas JADE BRIDGE, 150 ml",1.29,https://cdn.barbora.lt/products/78d01326-9a9e-45bf-af74-8e5824b84864_s.png
"Ilgagrūdžiai JASMINE ryžiai SKANĖJA, 0.5 kg",0.89,https://cdn.barbora.lt/products/f5ac39d4-02a1-404a-bd31-1e9acc5f7b91_s.png
"Ryžių actas SAITAKU RICE VINEGAR, 150 ml",1.89,https://cdn.barbora.lt/products/288facee-b2a0-4582-960e-8a80163abf95_s.png
"Duonos traškučiai BON CHANCE, grietinės, svogūnų laiškų sk., 120 g",1.99,https://cdn.barbora.lt/products/1d1671e5-3e23-4725-b9bd-b3b329bdfe66_s.png
"Traškios lazdelės KLASIKINĖS SAULĖS GRŪDAS, 125 g",1.25,https://cdn.barbora.lt/products/2d777433-9105-4986-b19f-8c06cbd371f7_s.png
"Konservuotas kačių ėdalas LOVETT su įvairių rušių mėsa, 400 g",1.79,https://cdn.barbora.lt/products/993002f3-67b9-4d5a-b460-bf41621e9d68_s.png
"Anakardžiai WELL DONE, 500 g",4.79,https://cdn.barbora.lt/products/73ed4d4a-6098-4ce3-a0d8-ee5640af436e_s.png
"Virta pjaustyta dešra BERETTA MORTADELLA, nerūš., 100 g",1.79,https://cdn.barbora.lt/products/f0ae759f-cb1b-4336-af10-7b8e0aa769e2_s.png
"Kvietinės duonelės DANVITA su sūriu ir pomidorais, 130 g",1.59,https://cdn.barbora.lt/products/a7a8bd56-3329-4140-af14-3725ec8ff684_s.png
"Šaldymo maišeliai UNIWELL, 3 l, 1 vnt.",1.99,https://cdn.barbora.lt/products/c149d575-a9a6-4732-a961-dcb98604023c_s.png
"Bulvių traškučiai LAY'S MAXX STRONG,aitr.papr.,žal.citr. sk., 120 g",2.19,https://cdn.barbora.lt/products/7661af09-9d43-4d57-8c1a-41760936988a_s.png
"SKIN627 lakštinė veido kaukė gaivinamoji su kolagenu ir peptidais, 22 ml",1.59,https://cdn.barbora.lt/products/a598cc6d-f199-4906-a871-38d9f2a67e57_s.png
"YPATINGAS KĖDAINIŲ KONSERVŲ FABRIKO pomidorų padažas, 500 g",2.25,https://cdn.barbora.lt/products/b05f7aef-3d9c-41e8-a940-5c2a2267b913_s.png
"Džiūvėsėliai KLASIKINIAI JDC, 200 g",1.55,https://cdn.barbora.lt/products/89cbcfca-c0d9-4f93-a2b1-3ab1b214303b_s.png
"Kviečių tortilijos su morkomis SANTA MARIA TEX MEX, 6 vnt., 240 g",3.39,https://cdn.barbora.lt/products/6094ab5a-6c40-4d16-8eda-1ff3c4d98c3e_s.png
"Bulvių traškučiai LAY'S, pomidorų skonio, 130 g",2.19,https://cdn.barbora.lt/products/b302b8d6-7253-4569-a4d5-6dcae0b5283e_s.png
"Vytinta pjaustyta SALCHICHON dešra WELL DONE, I r., 80 g",1.69,https://cdn.barbora.lt/products/4362bbda-5c72-41bd-b222-c9c94fbfe731_s.png
"Traškios GARDĖSIO duonelės JORĖ, 150 g",1.89,https://cdn.barbora.lt/products/251c6055-7674-41df-8a4a-d872d93815d4_s.png
"Čipotlė padažas su Chalapos paprikomis SANTA MARIA, 250 ml",4.19,https://cdn.barbora.lt/products/bbbc825c-6078-4e88-9670-cc795552ffa8_s.png
"Traškūs krekeriai ELEPHANT su druska, 180 g",1.94,https://cdn.barbora.lt/products/b78e4fc7-5ff8-4252-a824-ad4a4cc9bb15_s.png
"Itališkas užkandis su alyvuogių aliejumi TARALLINI, 200 g",2.59,https://cdn.barbora.lt/products/525e4ec2-92d4-4273-a311-987e234e4594_s.png
"Baltasis cukrus WELL DONE, 250 g",0.99,https://cdn.barbora.lt/products/5b8cbc20-5219-423c-b895-09cad89b23ca_s.png
"Bulvių traškučiai LAY'S, kumpio skonio, 130 g",2.19,https://cdn.barbora.lt/products/2817efa5-c686-4fd5-8362-677c2c2255fb_s.png
"Konservuotas kačių ėdalas FELIX su mėsa padaže, 340 g",2.39,https://cdn.barbora.lt/products/729cd16f-3486-4209-ae46-797939279059_s.png
"Konservuotas kačių ėdalas FELIX su vištiena, 85 g",0.72,https://cdn.barbora.lt/products/812cab15-fae4-483d-aad0-67d275b0bb7f_s.png
"Ananasų gabaliukai sirupe EXTRA LINE, 565 g",1.49,https://cdn.barbora.lt/products/91f82c39-d171-466d-9d59-e909b389ab81_s.png
"Aštrus traškus užkandis PRINGLES HOT, grietinės ir svog. sk., 160 g",2.99,https://cdn.barbora.lt/products/f0cb1230-d229-46a7-8c02-d2f5bae7c02f_s.png
"Grikių trapučiai SAULĖS GRŪDAS, 80 g",0.99,https://cdn.barbora.lt/products/e851fc68-788e-4f7e-ad94-975b449c3f91_s.png
"Ruošinys MAGGI IDEA vištienai sūrio padaže, 32 g",0.49,https://cdn.barbora.lt/products/b8c62035-e4db-405b-ad8d-9805dbaf2ea3_s.png
"KĖDAINIŲ KONSERVŲ FABRIKO apelsinų džemas, 330 g",2.79,https://cdn.barbora.lt/products/859629d4-7de1-4dd0-adfd-14e566dd397d_s.png
"Mini lęšių trapučiai USTUKIŲ MALŪNAS, mėl. pelės. sūrio sk., 70 g",1.69,https://cdn.barbora.lt/products/8a5bc3f4-6f9e-4902-b800-84905e6f977e_s.png
"Garstyčių ir medaus padažas FELIX, 375 g",2.35,https://cdn.barbora.lt/products/b2437d66-c8e4-44b5-b6d2-d7bac0b824e2_s.png
"SUSLAVIČIAUS pomidorų padažas be krakmolo, 500 g",2.25,https://cdn.barbora.lt/products/b6c83237-ff63-4c8d-b984-5f4db87f50fa_s.png
"Šiaudeliai EXTRA LINE su druska, 300 g",0.79,https://cdn.barbora.lt/products/db602b10-dac1-45ac-9077-f7e05c8feec6_s.png
"Šunų skanėstas AKINU su vištiena, 75 g",1.55,https://cdn.barbora.lt/products/b8b0e863-6e2f-4d57-9535-352a0c34564c_s.png
"Trikampiai kukurūzų trapučiai SAULĖS GRŪDAS, BBQ skonio, 60 g",1.25,https://cdn.barbora.lt/products/dd9f6ec0-ccb6-4357-a66a-4116047ace31_s.png
"Šiukšlių maišai(240l,5vnt) HOME EXPERT, 50mk",2.79,https://cdn.barbora.lt/products/00545a10-8a92-435d-b531-46b1ae4a7ce9_s.png
"Dantų pasta LACALUT SENSITIVE, 75ml",2.59,https://cdn.barbora.lt/products/2f0ac0a3-ffa5-46bc-8950-720785e83655_s.png
"Tradicinės aštrios DAUMANTŲ garstyčios, 185 g",0.99,https://cdn.barbora.lt/products/afbf480b-b9ae-4115-b3bc-64ddc988ca60_s.png
"Mini lęšių trapučiai USTUKIŲ MALŪNAS, 70 g",1.69,https://cdn.barbora.lt/products/b4a7f5a6-05c8-4dd5-a9d7-efd42a67b35a_s.png
"Traškūs kukurūzų traškučiai SANTA MARIA, sūrio skonio, 185 g",2.59,https://cdn.barbora.lt/products/2dddff2d-9d27-4f5e-b7bf-3fc009417421_s.png
"Šiukšlių maišai(160L,10vnt)HOME EXPERT, 50m",3.49,https://cdn.barbora.lt/products/c7dfd119-6175-42da-a662-4b1f2676e446_s.png
"Krekeriai HOGARENAS 6 SEEDS, 189 g",2.49,https://cdn.barbora.lt/products/226b2684-ba13-4b76-8210-492df780a0f0_s.png
"Buritų prieskonių mišinys SANTA MARIA TEX MEX, 28 g",1.29,https://cdn.barbora.lt/products/b2bed79e-02cb-43a4-9a43-186bc21bbb46_s.png
"Bešamelio padažas GRANAROLO UHT, 200g, 7,2%, 200 g",1.39,https://cdn.barbora.lt/products/9c04be04-200d-4cd3-b09e-83cc721a1180_s.png
"Drėgnosios antibakterinės servetėlės GOWIPES, 50 vnt., 50 vnt.",2.99,https://cdn.barbora.lt/products/1b4c92de-04d6-4db2-a2de-2546a9b6c271_s.png
"Dantų pasta COLGATE TRIPLE ACTION, 125 ml",3.29,https://cdn.barbora.lt/products/5b3f11a1-2864-48d4-861e-bfed7104c12e_s.png
"Lietuviškas medus, 350 g",2.99,https://cdn.barbora.lt/products/250f4bf5-5cb1-4ce4-8d20-9c3449a3c450_s.png
"Sausainiai SELGA, karamelės skonio, 180 g",0.69,https://cdn.barbora.lt/products/fb1dc03a-88af-4b62-9c65-4355a88b51e7_s.png
"Glaistytas varškės sūrelis su karamele POLS, 22 % rieb., 45 g",0.49,https://cdn.barbora.lt/products/463c2613-a0c9-4aaa-a43e-b444adbf2529_s.png
"Konservuoti kaparėliai FJK sūryme, 100 g",1.55,https://cdn.barbora.lt/products/23f01472-92ac-4b55-87bf-c563f9a6c09c_s.png
"Granuliuotas balto bentonito kačių kraikas KLUMPE, 4.24 kg",3.99,https://cdn.barbora.lt/products/dc0a4c6d-59a2-4587-bc4f-548d0cd754f9_s.png
"Šiukšlių maišai HOME EXPERT STRONG (50 l), 10 vnt.",1.29,https://cdn.barbora.lt/products/678b2c8a-65e7-4b88-a090-51de1d540247_s.png
"Konservuotas kačių ėdalas GOURMET GOLD su vištiena, 340 g",3.39,https://cdn.barbora.lt/products/6c92fdda-87b6-4a2d-b3c5-7f9a7e20cf66_s.png
"Duonos traškučiai BON CHANCE, trijų rūšių sūrio skonio, 120 g",1.99,https://cdn.barbora.lt/products/4c97ad0b-1c74-4dd3-a1e3-49f8df64cc22_s.png
"Duonos traškučiai SELGA NATURE su sėkl. ir aitr. paprikomis, 200 g",1.73,https://cdn.barbora.lt/products/c16d8460-0490-4805-8d60-d34bd9239d86_s.png
"Tbilisio koldūnai PASAULIO PUODAI su aviena ir kalendromis, 700 g",4.79,https://cdn.barbora.lt/products/7deb4eab-c139-40e6-9bbe-8a6bc9bbd002_s.png
"Indaplovių druska FINISH SPECIAL SALT, 4 kg",5.15,https://cdn.barbora.lt/products/6c5fb1da-6982-4866-b18e-6db15ed25873_s.png
"Natūralus jogurtinis gėrimas ACTIMEL, 4 x 100 g, 1,5 % rieb., 400 g",1.69,https://cdn.barbora.lt/products/81f59f90-0a90-4f61-a452-98dacc34f2f2_s.png
"Užrišami šiukšlių maišai HOME EXPERT (20 l), 20 vnt.",1.69,https://cdn.barbora.lt/products/fe24679a-b9a1-4816-bdc6-abd50d264f03_s.png
"Vaikiška dantų pasta JORDAN vaisių skonio,6-12 metų, 50 ml",2.79,https://cdn.barbora.lt/products/d5235135-f9ad-4a70-b926-606280d9c708_s.png
"Konservuotos KKF Chalapos aitriosios paprikos, 330 g",2.15,https://cdn.barbora.lt/products/f40d14b0-c225-45f3-9739-739e6961c7b7_s.png
"Brandintas jautienos nugarinės kepsnys WELL DONE, 240 g",5.99,https://cdn.barbora.lt/products/2926a831-841c-467e-8ad5-f00aa14dc8e3_s.png
"Kačių skanėstas DREAMIES su lašiša, 60 g",1.95,https://cdn.barbora.lt/products/53041c76-0639-4cd1-8349-f0a9b5075ac0_s.png
"Šunų skanėstas AKINU MASICKA su aviena, 75 g",2.19,https://cdn.barbora.lt/products/a869bb05-485b-4170-a097-3e7f7d89aade_s.png
"Marinuoti agurkai WELL DONE, 1650 g",4.69,https://cdn.barbora.lt/products/d5e8dabc-3afa-454e-beb1-2edb8a7f96a8_s.png
"Advento kalendorius REESE’S DJ SANTA, 245 g",8.99,https://cdn.barbora.lt/products/3acca4d3-74f6-4e51-83ff-8e77282f9e8f_s.png
"Užrišami šiukšlių maišai HOME EXPERT (70 l), 12 vnt.",1.99,https://cdn.barbora.lt/products/9205e52c-65c9-451f-ac45-6339edd84076_s.png
"Dantų pasta SENSODYNE MULTI CARE, 75 ml",4.49,https://cdn.barbora.lt/products/acd9ca88-8672-401d-894a-bad7a04e7b56_s.png
"Kukurūzų traškučiai TAFFEL NACHO CHEESE BALLS, sūrio skonio, 110 g",2.19,https://cdn.barbora.lt/products/604c99ba-06c2-407a-a489-d755c639e0e7_s.png
"Garuose virtos raudonos pupelės WELL DONE, 150 g",1.09,https://cdn.barbora.lt/products/c9465f6a-de9a-4d74-99b7-d0aae46e8615_s.png
"Ruošinys MAGGI IDEA sultingai vištienai su česnakais, 30 g",0.64,https://cdn.barbora.lt/products/49682f8a-480e-4dec-bd45-789e60a998da_s.png
"Traškus užkandis ESTRELLA, grietinės ir svogūnų skonio, 110 g",1.99,https://cdn.barbora.lt/products/d381718e-28e4-4fb6-8538-88d5ea8b9f69_s.png
"Bulvių traškučiai TAFFEL FIESTA SAN DIEGO, 180 g",2.59,https://cdn.barbora.lt/products/f5818193-0951-43f2-95d7-fe17b0ea3935_s.png
"Bulvių traškučiai MR. CHECK su krapais, 50 g",0.59,https://cdn.barbora.lt/products/38e1a3de-aa0e-4b06-9b43-3eb7c139d13e_s.png
"Avinžirniai SKANĖJA, 500 g",1.07,https://cdn.barbora.lt/products/cbe086e0-226c-4b20-9aa7-768b4e401233_s.png
"Garuose ruoštos raudonosios pupelės GLOBUS, 326 g",1.79,https://cdn.barbora.lt/products/812ff78a-0b8b-4e75-8240-d0d05597a2c5_s.png
"Pupelės BBQ padaže HEINZ, 390 g",2.39,https://cdn.barbora.lt/products/a80acd4e-95c6-4f1d-8776-a06ac6e3b6cf_s.png
"Medus WELL DONE, vasaros žiedų, 500 g, LT, 500 g",4.99,https://cdn.barbora.lt/products/a19eb2e1-efda-477a-a454-e58afe6166ad_s.png
"Majonezinis DAUMANTŲ padažas, 25 % rieb., 450 g",1.89,https://cdn.barbora.lt/products/580f86a0-5fd1-4350-bf49-db36e6c73e2d_s.png
"Bulvių traškučiai MIO&RIO su druska, 150 g",0.99,https://cdn.barbora.lt/products/a087e8d8-e833-4757-9aca-0b04d425b049_s.png
"Traškučiai OHO, sūrio ir svogūnų skonio, 60 g",0.65,https://cdn.barbora.lt/products/784ef98b-f960-4c84-8b69-9fbf1bcdb803_s.png
"Saliamio griežinėliai su česnakais WELL DONE, 50 g",0.79,https://cdn.barbora.lt/products/af5a29a6-5ab3-4370-ab67-812b2776971d_s.png
"Kukurūzų užkandis CHEETOS, sūrio skonio, 165 g",2.59,https://cdn.barbora.lt/products/9fdd176e-30fe-4923-8801-7c563879faa9_s.png
"KARALIŠKAS Daumantų pomidorų padažasbe be krakmolo, 500 g",2.69,https://cdn.barbora.lt/products/a6f00ac6-88c4-4cf1-a654-dd22657248f3_s.png
"Konservuotas kačiukų ėdalas SHEBA KITTEN padaže, 340 g",3.29,https://cdn.barbora.lt/products/e393204c-9be3-4ac9-8edd-a55100045618_s.png
"Dantų pasta LACALUT WHITE, 75ml",3.09,https://cdn.barbora.lt/products/d4d1e61d-3746-41ec-95d7-cda6a5f9c751_s.png
"Virta SAMSONIUKŲ dešra, a. r., 160 g",1.79,https://cdn.barbora.lt/products/44a5c942-53ce-4fed-993b-36fda4c1b124_s.png
"Higieniniai paketai ALWAYS Ultra Normal Plus, S1, 20 vnt.",3.19,https://cdn.barbora.lt/products/aafdabad-083e-451e-baaa-c997f1181b6c_s.png
"Lęšiai SKANĖJA, 500 g",1.01,https://cdn.barbora.lt/products/cf84aa89-43e1-4b1b-b27d-be5a7d523817_s.png
"Skystasis muilas NIDA su bruknių ekstraktu, papildymas, 500 ml",1.09,https://cdn.barbora.lt/products/c2255254-3cff-4aa8-a25d-74b2ad1ed590_s.png
"Konservuotos KALAMATOS alyvuogės SELIA be kauliukų, 370 g",1.79,https://cdn.barbora.lt/products/bcf4f1c0-5e5b-4fe8-981e-a84ddc31a57c_s.png
"Šunų skanėstas AKINU su vištiena, 75 g",1.55,https://cdn.barbora.lt/products/f29e447c-85d2-4219-81e7-cd646ee7d980_s.png
"Sausainiai GAIDELIS KARAMELĖ, 160 g",0.49,https://cdn.barbora.lt/products/88d96ede-bd0a-456e-b9ad-275c517bb31b_s.png
"Dantų pasta COLGATE CAVITY PROTECTION WHITENING, 75 ml",1.59,https://cdn.barbora.lt/products/a24f2960-f46a-4f1e-a449-5857649dca2f_s.png
"Pjaustyta ispaniška dešra PEPPERONI, nerūšinė, 120 g",1.99,https://cdn.barbora.lt/products/46d02580-af04-4b99-bd24-aebf3f7bf5df_s.png
"BIRŽŲ DUONOS lazdelės su paprikomis ir žolelėmis GRISSINI, 125 g",1.29,https://cdn.barbora.lt/products/28f0ef01-f42a-4c1a-afb0-08801f753aa8_s.png
"Ryžių užkandis CHAZZ, pomidorų skonio, 100 g",2.39,https://cdn.barbora.lt/products/b2ace2a4-72da-42fe-949b-77b3c9451307_s.png
"Trikampio formos kukurūzų trapučiai SAULĖS GRŪDAS, RANCH skonio, 60 g",1.25,https://cdn.barbora.lt/products/3e477c89-e761-4610-9da6-8a1d5316008b_s.png
"Konservuoti žalieji žirneliai GLOBUS, 400 g",1.79,https://cdn.barbora.lt/products/6fc9a53c-91e0-4640-84bd-efdd2d0814ba_s.png
"Skystasis muilas PALMOLIVE MILK & HONEY, papildymas, 500 ml",1.95,https://cdn.barbora.lt/products/e0208dc0-05fc-4ba0-b211-420992cf1817_s.png
"Vytinta SAMSONO SALIAMIO dešra, a. r., 200 g",5.49,https://cdn.barbora.lt/products/68b358f5-560e-4909-ac73-51aebce4a00e_s.png
"Vienkartinės lėkštės ILAJA WHITE, 18cm 20vnt.",0.99,https://cdn.barbora.lt/products/085d0882-3cf7-4fab-ac02-2e6de7e27388_s.png
"Tepamasis ROKIŠKIO sūris su voveraitėmis, 23 % rieb., 175 g",1.95,https://cdn.barbora.lt/products/20e47ea2-cb26-42c4-8ec4-0cae2eda0e97_s.png
"FELIX sriuba katėms su žuvimis (menkėmis, tunais, plekšnėmis) 6*48 g",3.49,https://cdn.barbora.lt/products/f0174d14-c639-462b-afe4-155ffc615676_s.png
"Varškė DANONKI, braškių, vanilės, ban. sk., 4x90g, 2,5%rieb., 360 g",2.09,https://cdn.barbora.lt/products/0c771758-2a0a-4e5f-b0c2-0fb34e52f698_s.png
"Virti marinuoti burokėliai šaltibarščiams SKONIO LINIJA, 500 g",1.29,https://cdn.barbora.lt/products/86b4602c-ecee-420e-9af9-326130f8397f_s.png
"Spraginti kukurūzai su sūriu MR.CHECK, 150 g",1.29,https://cdn.barbora.lt/products/201f26e9-3413-4760-9bd0-848ad1aa6edd_s.png
"Bulvių traškučiai TAFFEL, svogūnų skonio, 130 g",2.09,https://cdn.barbora.lt/products/146ea612-c1ed-47f2-9bd4-ada1c4d59948_s.png
"Kepti bulvių traškučiai LAY'S OVEN BAKED, voveraičių skonio, 110 g",2.49,https://cdn.barbora.lt/products/7f6a1044-2d88-4694-a3e2-96d3e9970e2e_s.png
"Persikų puselės vynuogių sirupe WELL DONE, 810 g, 810 g",2.49,https://cdn.barbora.lt/products/e03dd4aa-02d8-48f9-b3a9-2ad9744a1af6_s.png
"Kačių skanėstas DREAMIES su vištiena ir antiena, 60 g, 60 g",1.95,https://cdn.barbora.lt/products/67a6d217-c192-4502-a23b-8533f8cfd93a_s.png
"Česnakinis padažas FELIX, 375 g",2.35,https://cdn.barbora.lt/products/85b7e4c0-c2a4-4cc0-b648-f48b6f757a9c_s.png
"Bruknių uogienė SPILVA, 380 g",4.69,https://cdn.barbora.lt/products/4c02b38c-385c-40fc-a8ca-3b51895d31fb_s.png
"Kukurūzų traškučiai SANTA MARIA PICO DE GALLO, 185 g",2.35,https://cdn.barbora.lt/products/25e3813a-07c7-4c8f-b4aa-901be72d7768_s.png
"Sodrus jautienos sultinys MAGGI KOSTILIJA (12 x 10 g), 120 g",0.79,https://cdn.barbora.lt/products/dc80b75b-594e-46ee-a9d6-f490ecbfe5c5_s.png
"Penkių pupelių mišinys pomidorų padaže HEINZ, 415 g",2.39,https://cdn.barbora.lt/products/0f67266f-25c4-4c3e-8844-e3e5a9635901_s.png
"Virtas KLAIPĖDOS kiaulienos kumpis, I r., 300 g",3.59,https://cdn.barbora.lt/products/ef8dab13-6602-44b8-a677-c485714468dd_s.png
"Padažas SWEET CHILLI KKF, 300 g",2.29,https://cdn.barbora.lt/products/8302f6ce-999f-43c1-bf30-8d2c077b8020_s.png
"Grybų sriuba MAGGI su skrebučiais, 22 g, 22 g",0.29,https://cdn.barbora.lt/products/5e20829b-3b9b-4039-88d2-9a84fa0a87e8_s.png
"Konservuoti ypač traškūs kukurūzai GLOBUS SUPER CRISPY, 340 g",1.79,https://cdn.barbora.lt/products/3867b6e2-b4e1-4d1e-87d3-bc50ecccb127_s.png
"Vytintas kumpis SERRANO, I r., 220 g",5.99,https://cdn.barbora.lt/products/e5f407b6-5a31-48a7-939f-6129b2cd07d0_s.png
"Ryžių trapučiai su aviečių skonio glaistu USTUKIŲ MALŪNAS, 90 g",1.69,https://cdn.barbora.lt/products/5c2ac7d2-f270-4d15-a9df-a401e73c1268_s.png
"Drėgnosios antibakterinės servetėlės RŪTA su pantenol.,15vnt, 15 vnt.",0.39,https://cdn.barbora.lt/products/eeb8adac-ec30-430f-b58a-4553f9922e0a_s.png
"Mini ryžių trapučiai su obuolių sultimis USTUKIŲ MALŪNAS, 50 g",1.29,https://cdn.barbora.lt/products/74e669cf-2533-49e5-b9a5-70dcee67491b_s.png
"Bulvių traškučiai MR. CHECK su sūriu ir svogūnais, 50 g",0.59,https://cdn.barbora.lt/products/24368ffc-dcf9-40fb-a456-fe2e8b57a289_s.png
"Kukurūzų traškučiai SANTA MARIA TEX MEX su druska, 475 g",5.89,https://cdn.barbora.lt/products/6fed3f0d-d695-4fa7-a9fa-10e7221e6432_s.png
"Konservuotų ananasų gabaliukai HAPPY GARDEN, 565 g",2.49,https://cdn.barbora.lt/products/e0729a4d-1619-48b3-9bf4-78ba52a6e421_s.png
"Skystasis muilas EXO LINE, papajų kvapo, 1 l",1.45,https://cdn.barbora.lt/products/b4cb3283-607d-4a6c-b2d5-9e3e7177d3d2_s.png
"Šaltai rūkyta KLEBONIŠKA nugarinė, a. r., 80 g",2.59,https://cdn.barbora.lt/products/68a57c0c-22d3-4b8b-af12-15d0c41b73c6_s.png
"Kukurūzų lazdelės su topinambais MORKŪNAS, 100 g",1.79,https://cdn.barbora.lt/products/865da669-b844-4c9e-88bf-42d59ee7247f_s.png
"TAFFEL kreminio grybų padažo skonio bulvių traškučiai, 130 g",2.09,https://cdn.barbora.lt/products/2f599681-46fe-4e64-b0b4-8749be46bf50_s.png
"Vytintas itališkas saliamis MILANO, pjaustytas, nerūš., 80 g",1.99,https://cdn.barbora.lt/products/dcf579e5-ebd0-408f-94be-b76262016a86_s.png
"Krekeriai su sėlenomis SELGA NATURE, 200 g",1.73,https://cdn.barbora.lt/products/31db85df-47fa-402e-a13b-69ce768a258e_s.png
"Expertus silikoninis kraikas, 10 L",9.99,https://cdn.barbora.lt/products/c067e75a-2dfa-404f-ad93-21f7c48a3f75_s.png
"Virta BIOVELOS PUSRYČIŲ dešra, aukščiausia rūšis, 330 g",1.65,https://cdn.barbora.lt/products/b40cb3db-5ba8-49b4-b922-b75e4287b434_s.png
"Ilgagrūdžiai BASMATI ryžiai SKANĖJA, 400 g",1.01,https://cdn.barbora.lt/products/94ab2bec-84f3-4807-b7bb-151690beff31_s.png
"Medinė mentelė, 1 vnt.",0.99,https://cdn.barbora.lt/products/51778fe1-6aef-4794-87ec-8d6b81af7e50_s.png
"Kačių skanėstas AKINU su antiena, 50 g",1.19,https://cdn.barbora.lt/products/5dd37c4c-c9f7-422f-8737-69f93be8c03e_s.png
"Graikiniai riešutai WELL DONE, 200 g",2.13,https://cdn.barbora.lt/products/e87ac035-2197-432c-8cc6-de992ee422f3_s.png
"RAUGO sumuštinių duona su rugiais FAZER, 450 g",1.79,https://cdn.barbora.lt/products/34c5e8f7-1e6c-4eb6-9f33-a8e4b7183b72_s.png
"SKIN627 lakštinė veido kaukė drėkinamoji su hialuronu ir skvalanu, 22 ml",1.59,https://cdn.barbora.lt/products/56771767-c7d8-4c89-b43c-639e184aa8b8_s.png
"Duonos traškučiai BON CHANCE su grietine ir svogūnais, 120 g",1.99,https://cdn.barbora.lt/products/1c15d7fc-cea1-4480-8b20-236c6cc0fc80_s.png
"Bulvių traškučiai ESTRELLA, svogūnų laiškų skonio, 250 g",3.89,https://cdn.barbora.lt/products/210366a4-e662-4061-91d4-56f88309af31_s.png
"Skystasis kreminis muilas ZELIONAJA APTEKA, migdolų kvapo, 460 ml",1.59,https://cdn.barbora.lt/products/0f872a65-b239-45f5-a082-f70e54326297_s.png
"Takų prieskoniai SANTA MARIA su aitriosiomis paprikomis, 28 g",1.69,https://cdn.barbora.lt/products/d5d1f311-7a98-4801-a10c-b213fd5e5762_s.png
"Šunų vienkartinės palos LOVETT, 60 x 90 cm, 1 vnt.",5.99,https://cdn.barbora.lt/products/16e8abde-b3c1-4117-8004-7d9505ff0f3d_s.png
"Šaltai rūkyta KLEBONIŠKA nugarinė su česnakais ir pomidorais, A.r., 100 g",2.29,https://cdn.barbora.lt/products/1bb90981-8277-4606-a924-fa0ced9015e5_s.png
"Vidutinių veislių šunų kramtalas PEDIGREE DENTASTIX (7 vnt.), 180 g",3.25,https://cdn.barbora.lt/products/b5886076-99a7-4343-9368-2354ef5b264c_s.png
"Stambios pupelės SKANĖJA, 450 g",1.19,https://cdn.barbora.lt/products/9e505b90-5701-483d-8866-88e30b96cfe5_s.png
"Viso grūdo traškios duonelės SONKO, 170 g",1.55,https://cdn.barbora.lt/products/54f86f5c-b399-4e60-b98e-e92452a87d40_s.png
"Ekologiškas vištienos sultinys MAGGI, 80 g",1.49,https://cdn.barbora.lt/products/e6031a1b-db96-413a-9016-913ffca99ca2_s.png
"Virtos bulvės su krapais, 430 g",1.99,https://cdn.barbora.lt/products/de4ecab9-baa4-4fdb-94a9-25835894cc0f_s.png
"K.kač.ėd.mės.sav.sul Gourmet Gold, 340 g",3.39,https://cdn.barbora.lt/products/449fb7e6-6e12-4d18-80aa-eb6ae2b5a9a9_s.png
"Sojų padažas HEINZ, 150 ml",2.79,https://cdn.barbora.lt/products/20e1738c-c9f7-45a7-81fc-00c8c3f3576c_s.png
"Skystasis muilas PALMOLIVE OLIVE & MILK, papildymas, 500 ml",1.95,https://cdn.barbora.lt/products/b4336e75-2c08-4c65-a713-64d124d71e29_s.png
"Kukurūzų traškučiai TAFFEL KETCHUP BALLS, kečupo skonio, 165 g",2.79,https://cdn.barbora.lt/products/3e556ae6-49fd-4151-a052-488b0f6bcc6a_s.png
"Karamelinis plombyras NYKŠTUKAS su karamelizuotais lazdynų riešutais ir karamelės įdaru, 440 g",4.79,https://cdn.barbora.lt/products/03391ffc-0182-4df7-87a7-8ea0cb20f88c_s.png
"Advento kalendorius MERRY CHRISTMAS, 50 g	",0.99,https://cdn.barbora.lt/products/806aba49-937e-42be-abc6-bf4275ad1617_s.png
"Popierinės keksiukų formelės ILAJA, 50 vnt., 50 vnt.",1.49,https://cdn.barbora.lt/products/10e62e7a-4be5-47f3-bc84-5fe894a740f6_s.png
"Kepimo rankovė 3 m x 29 cm, 1 vnt.",0.69,https://cdn.barbora.lt/products/275b296b-de5d-4851-9c88-e40b02d9d096_s.png
"Raudoni lupti pomidorai COPPOLA (PELATI) savo sultyse, 400 g",1.59,https://cdn.barbora.lt/products/05353cf1-1bed-43f1-b573-0116892f7625_s.png
"Int. hig. prausiklis MARGARITA su alavijais, 400 ml",3.49,https://cdn.barbora.lt/products/801d4e41-cd0c-4a6d-b543-b686d5854af6_s.png
"Maistinė plėvelė UNIWELL, 20 m x 0,29 m, 1 vnt.",0.89,https://cdn.barbora.lt/products/5a5cc294-ae32-4df5-8a2a-d680a1d461c6_s.png
"Lupti pomidorai MUTTI, 400 g",1.99,https://cdn.barbora.lt/products/fce7cf33-70e8-44dd-acc6-cec8d93c2146_s.png
"Picų paplotėliai BALTASIS PYRAGAS, 260 g",0.99,https://cdn.barbora.lt/products/9e5efc51-04d7-4cbe-952b-53f9cdfb5733_s.png
"Pieniniai džiūvėsiai JDC, 200 g",1.55,https://cdn.barbora.lt/products/d678c377-1468-4476-834d-83f3ea09ccd2_s.png
"Laurų lapai KOTANYI, 4 g",0.83,https://cdn.barbora.lt/products/8f449581-77df-40ed-9bd6-938a9909d3e3_s.png
"Marinuoti rausvieji imbierai AJI, 200 g",1.69,https://cdn.barbora.lt/products/e26c4d66-1187-4a35-a396-d74499873f38_s.png
"Vingiuotai pjaustyti bulvių traškučiai ESTRELLA su krapais, 130 g",2.35,https://cdn.barbora.lt/products/bfed613a-97ea-46dc-810a-4a1c787af12e_s.png
"Raudonųjų lęšių traškučiai OHO!, grietinės ir svogūnų skonio, 100 g",1.45,https://cdn.barbora.lt/products/b520365e-a33f-4899-b1ad-f3bdabeb2b5e_s.png
"Traškus kukurūzų užkandis ESTRELLA, sūrio skonio, 110 g",1.99,https://cdn.barbora.lt/products/72c60978-3fc2-4bb3-b72c-dc992893561a_s.png
"Ekologiški grikių trapučiai, 100 g",1.19,https://cdn.barbora.lt/products/20c512ca-d32d-47a7-a705-9991c4cda37e_s.png
"Karštai rūkyta vištienos dešra PORMET (griežinėliai), I r., 100 g",0.99,https://cdn.barbora.lt/products/3d7129f5-00f3-4258-aafb-1a3ea98adcdc_s.png
"KLASIKINIS DAUMANTŲ pomidorų padažas, 500 g",1.79,https://cdn.barbora.lt/products/44beb97c-3a56-476c-b617-ae74ee94f419_s.png
"Saldus aitriųjų paprikų padažas SANTA MARIA, 200 ml, 200 ml",2.59,https://cdn.barbora.lt/products/510e01f4-7323-4c25-b5b6-18dd97fbf92d_s.png
"Drėgnos servetėlės ​​CLEANIC CLEAN&FRESH, 200 vnt., 200 vnt.",2.49,https://cdn.barbora.lt/products/765b0d6f-b1c6-4edc-994c-495d7c82fd22_s.png
"Karštai rūkytas saliamis BIOVELA EKSTRA, a. r., 200 g",3.19,https://cdn.barbora.lt/products/9c34a340-4e91-4c01-8b5b-0d28101e4fb6_s.png
"Marinara pomidorų padažas KKF, 435 ml",2.49,https://cdn.barbora.lt/products/8aa5cf96-fe4e-40ec-ab9c-c4f90f09efa6_s.png
"Alyvuogių išspaudų aliejus stikliniame butel. WELL DONE, 1 l, 1 l",5.24,https://cdn.barbora.lt/products/f7c9f12d-555d-460d-88dd-15a69c05fce3_s.png
"Šunų skanėstai AKINU su jautiena, 12 vnt.",1.09,https://cdn.barbora.lt/products/467ddb0d-6c94-45ee-8429-0a777334f939_s.png
"Šviežia atlantinių lašišų filė, su oda, 1 kg",10.99,https://cdn.barbora.lt/products/c8750669-aae1-4e72-a25d-93465a622374_s.png
"Higieniniai įklotai ALWAYS, Extra Long, Odour Lock, 44 vnt.",3.95,https://cdn.barbora.lt/products/30380cd9-8e26-4f5a-901c-f08aa2baae22_s.png
"Skystasis muilas NIDA su gintaro ekstraktu, papildymas, 500 ml",1.09,https://cdn.barbora.lt/products/36408a3c-5dd6-493b-baa4-ec7fa3d67c86_s.png
"Pagardas karamelizuotų svogūnų džemas SKANOVĖ, 300 g",3.99,https://cdn.barbora.lt/products/3c38d5f1-bd91-4497-a315-f84d27a9c79e_s.png
"Sausas kačių ėdalas WHISKAS su vištiena, 800 g",4.19,https://cdn.barbora.lt/products/a5a76c44-4b97-4e33-abb9-7e87a2ae0b6c_s.png
"Traškus žemės riešutų kremas WELL DONE, 1 kg",5.24,https://cdn.barbora.lt/products/7e7353fa-388c-4492-a632-a99af47496e6_s.png
"Sausai marinuoti ISPANIŠKI kiaulienos sprandinės kepsneliai, 400 g",4.49,https://cdn.barbora.lt/products/abd10b3a-ebb2-4f8a-81e4-b005ffa983e7_s.png
"Kukurūzų lazdelės su soromis MIO&RIO, 60 g",0.49,https://cdn.barbora.lt/products/8dbd9b8f-42d7-42a5-ad1e-86bc996d34a3_s.png
"Juodosios alyvuogės ITLV SUPER be kauliukų, 350 g",2.59,https://cdn.barbora.lt/products/32fa5aa7-eb7d-431e-abfb-6ce9be8ccc22_s.png
"Ilgagrūdžiai TAILANDO ryžiai SKANĖJA (4 x 125 g), 500 g",0.89,https://cdn.barbora.lt/products/f991521c-47f4-4cb2-a5f4-910d6fdc9a08_s.png
"Kons. kačių ėdalas GOURMET GOLD su jautiena ir vištiena, 85 g",0.99,https://cdn.barbora.lt/products/a93fad7e-f9b6-447b-84b0-f7b6108e0ef4_s.png
"Vytinta KLEBONIŠKA MOČIUTĖS dešra, a. r., 200 g",3.29,https://cdn.barbora.lt/products/c516c1e8-888e-42be-b967-2013f763b5d2_s.png
"Šunų skanėstas PRIMADOG su ėriena, 50 g",2.59,https://cdn.barbora.lt/products/d5ecde52-81cc-4a64-a814-abf6f25212b8_s.png
"KLASIKINIS pomidorų padažas EXTRA LINE, 500 g",0.79,https://cdn.barbora.lt/products/475aa81e-21b3-49e3-8b46-c2801697b3ae_s.png
"Maži lęšių trapučiai, grietinės ir svogūnų skonio, 70 g",1.69,https://cdn.barbora.lt/products/e5339658-05ed-471c-a23c-1423a9457301_s.png
"Saldžiarūgštis KKF padažas su ananasais, 500 ml",2.39,https://cdn.barbora.lt/products/98e9e4c1-69dc-43a4-84c0-e815db7912b0_s.png
"KLASIKINIS kečupas EXTRA LINE, 480 g",0.99,https://cdn.barbora.lt/products/ac3ac366-0b5a-4764-9be3-a5ff8be16638_s.png
"Tofu su žolelėmis, 250 g",1.79,https://cdn.barbora.lt/products/43df800f-622b-4c2c-9058-a503ffe786eb_s.png
"Trintų pomidorų padažas SUSLAVIČIAUS, 500 g",2.65,https://cdn.barbora.lt/products/70cc15d7-b2ff-434e-bcbf-a8798e5472b7_s.png
"Ekol. kukurūzų užkand. PONN su braškėmis, obuol., nuo 7 mėn., 20 g",0.99,https://cdn.barbora.lt/products/4e08bd0f-31f7-46a5-a475-a7509e49bed5_s.png
"Konserv. kačių ėdalas FELIX su žuvimi padaže,4x85g, 340 g",2.39,https://cdn.barbora.lt/products/32fc5777-56cd-4516-b9ea-878ecfa3a025_s.png
"Garuose troškintos Canellini pupelės WELL DONE, 150 g",1.09,https://cdn.barbora.lt/products/c409aaac-77a6-498c-a29b-02975c0095c9_s.png
"Šiukšlių maišai su rankenėlėmis (120 l, 10 vnt.), 10 vnt.",1.89,https://cdn.barbora.lt/products/4a10968b-3dfa-4a4b-8c33-455694e64dd9_s.png
"Avinžirniai COPPOLA (CECI), 400 g",1.55,https://cdn.barbora.lt/products/a866914c-0912-4622-a9da-06c4bedf03a6_s.png
"Švelnus SUSLAVIČIAUS pomidorų kečupas, 1 kg",3.99,https://cdn.barbora.lt/products/617182f0-918d-4e4b-98d3-c3d62a028499_s.png
"Pasterizuotos žaliosios alyvuogės be kauliukų EXTRA LINE, 280 g",0.89,https://cdn.barbora.lt/products/833f28d6-0f53-4bd5-981b-5278474cac1d_s.png
"Virtos pupelės, vakuumuotos, 300 g",1.39,https://cdn.barbora.lt/products/579c58f3-0348-4bd7-9a77-b92e94d4db9d_s.png
"Konservuoti smulkinti artišokai GUSTOSELLI, 280 g",3.09,https://cdn.barbora.lt/products/d2d3a5eb-6636-44b0-9ec9-0634b69418ef_s.png
"Smulk. saulėje džiovinti pomidorai LE CONSERVE DELLA NONNA, 190 g",2.19,https://cdn.barbora.lt/products/1f2d1a03-1fb5-4a56-9aad-355b34147df8_s.png
"SUSLAVIČIAUS krienai, 140 g",1.39,https://cdn.barbora.lt/products/9e7eb323-7199-40dc-939c-953370f072b7_s.png
"Glaistytas varškės sūrelis su citrinomis POLS, 20,6 % rieb., 45 g",0.49,https://cdn.barbora.lt/products/42453ebb-c21c-47b4-b292-b53c1a8be69a_s.png
"Dantų pasta COLGATE MAX FRESH COOLING CRYSTALS, 75 ml",3.49,https://cdn.barbora.lt/products/38b8286c-f207-44ba-92b1-f121b3b5b108_s.png
"Saldus aitriųjų paprikų padažas SANTA MARIA, 500 ml",3.29,https://cdn.barbora.lt/products/8e672c7c-1301-4bf1-aae2-a5f82a7a9ab6_s.png
"Originalus BBQ padažas SANTA MARIA, 355 g",4.79,https://cdn.barbora.lt/products/5e390c5f-9bb4-43a3-a651-d5816f517e08_s.png
"Balti krienai EXTRA LINE, 160 g",0.59,https://cdn.barbora.lt/products/2d2f96ac-3a4e-410e-8f5e-a9915d5df7de_s.png
"Kosmetiniai bambukiniai krapštukai KOSMELUX, 100 vnt., 100 vnt.",0.55,https://cdn.barbora.lt/products/663dcc0b-7133-4b06-a0d2-cc45609bd5be_s.png
"Silikoninis kačių kraikas CLEAN & TIDY su levandomis, 3.8 l",5.29,https://cdn.barbora.lt/products/c0b34ed9-a13b-48db-bcb5-ee117ce48004_s.png
"Razinos SULTANA WELL DONE, 500 g",1.73,https://cdn.barbora.lt/products/714be8eb-0a72-48f8-88aa-2ba8ee24267d_s.png
"Virta BAJORŲ dešra su lašinukais, I r., 600 g",1.79,https://cdn.barbora.lt/products/4003c536-588f-42ca-b77e-2c78d7d41a1b_s.png
"Vatos lapeliai BELLA, 80 vnt.",1.39,https://cdn.barbora.lt/products/d7c83ab5-ae1e-4d6c-93db-8d379451e85b_s.png
"Užrišami šiukšlių maišai HOME EXPERT (100 l), 10 vnt.",1.89,https://cdn.barbora.lt/products/dae6d0bd-d6c1-43aa-99f4-0e5a82b15624_s.png
"Saldžiosios garstyčios HEINZ MILD, 240 g",3.49,https://cdn.barbora.lt/products/13ffb3f7-c175-448c-9b1f-aa910db77425_s.png
"Virtos raudonosios pupelės, 400 g",1.79,https://cdn.barbora.lt/products/6dece733-0a9a-4c77-bc37-13c470deeac3_s.png
"Bazilikų padažas salotoms PESTO BEATOS VIRTUVĖ, 212 ml",4.49,https://cdn.barbora.lt/products/602d0077-982d-409e-870f-aba68dc6618f_s.png
"Avižinė košė su avietėmis, 6 vnt. x 40 g, 240 g",1.35,https://cdn.barbora.lt/products/bff3e6ce-37e5-4185-9f6c-e0d1ed416814_s.png
"Užspaudžiami maišeliai, 15 vnt., 15 vnt.",0.89,https://cdn.barbora.lt/products/39ae9e62-3b9e-4da9-9382-1fd9fe6e5729_s.png
"Dantų siūlas CLEANPIK EASY su laikikliu, 50 vnt.",1.89,https://cdn.barbora.lt/products/a7478331-d384-4eec-84f7-38079966803f_s.png
"Skystasis muilas NIDA su vaisių ekstraktais, 500 ml",1.29,https://cdn.barbora.lt/products/8d5ca4e3-fdc7-4f6c-8e76-3c4536013abb_s.png
"Silikoninis kačių kraikas CLEAN & TIDY, 3,8 l, 3.8 l",5.29,https://cdn.barbora.lt/products/fc97c72e-2dab-4989-8c85-8dd8bdc56ef3_s.png
"Šunų ėdalas su jautiena LOVETT 400g, 400 g",0.99,https://cdn.barbora.lt/products/c516abc0-319d-4fa4-b1c5-37ec25674e2c_s.png
"Konservuotas kačių ėdalas su vištiena HAPPY TAILS, 415 g",0.49,https://cdn.barbora.lt/products/1378aba0-6f7a-492e-96fd-07a84df92a5b_s.png
"Kokosų gėrimas SANTA MARIA, liesas, 250 ml",2.59,https://cdn.barbora.lt/products/511baa4b-33b3-4409-b1cc-c120cca5e8fc_s.png
"Konservuotas šunų ėdalas LOVETT su kepenėlemis, 1.25 kg",1.99,https://cdn.barbora.lt/products/782c9430-d1f2-4d57-acf9-0bb506931242_s.png
"Vytinta pjaustyta čioriso dešra WELL DONE, I r., 80 g",1.69,https://cdn.barbora.lt/products/84adc1d8-5783-4312-8a78-832287fd1e64_s.png
"Maj. padažas MĖSAINIAMS su mar. agurk., rūk. papr.,35% rieb., 480 g",1.75,https://cdn.barbora.lt/products/801562dc-c0c4-4e4c-aa00-90c4f21c4e4d_s.png
"Delickcious™ „Juostelės su lašiša ir sūriu kreminėje sriuboje“ visavertis konservuotas maistas suaugusioms katėms, 85 gr ",0.99,https://cdn.barbora.lt/products/4b999006-16ac-4181-9326-2f734406a17a_s.png
"Vištų kepenėlių paštetas, I r., 200 g",1.49,https://cdn.barbora.lt/products/16cd7e51-bc03-4536-9cd6-f985de4445c6_s.png
"Marinuoti agurkai SPILVA, 1600 g",5.69,https://cdn.barbora.lt/products/49fa0b93-b4f7-4768-861a-a7b67f352772_s.png
"Graikiškos juodosios alyvuogės ANIRA be kauliukų, 820 g",4.99,https://cdn.barbora.lt/products/7d6539e4-acd7-4c5a-bc5e-e39fba7f7d61_s.png
"Daržovių padažas SUSLAVIČIAUS, 500 g",2.65,https://cdn.barbora.lt/products/03112ebd-989d-42d0-b3f1-416113e50aba_s.png
"Traškus užkandis LONG CHIPS, grietinės ir svogūnų skonio, 75 g",1.29,https://cdn.barbora.lt/products/42b06147-c41f-4d09-9329-048f06bfd3b4_s.png
"Avižų ir rudųjų ryžių trapučiai SAULĖS GRŪDAS, 120 g",1.05,https://cdn.barbora.lt/products/b3162b92-e6d7-43b8-a73d-22b1a912634d_s.png
"Švelnus žemės riešutų kremas WELL DONE, 1 kg",5.24,https://cdn.barbora.lt/products/868547c8-86d5-4ef5-be71-97e7ff29be9a_s.png
"Majonezinis padažas PICAI su bazilikais, 27 % rieb., 510 g",1.75,https://cdn.barbora.lt/products/d889175d-e62a-413c-ad4a-29daeab686ce_s.png
"Virtas galvijų kepenų paštetas, 200 g",1.49,https://cdn.barbora.lt/products/2f3f4ec5-158f-4ec7-915e-d1e0f5703f04_s.png
"Gabalinis tualetinis muilas PALMOLIVE OLIVE & MILK, 90 g",0.59,https://cdn.barbora.lt/products/87d65d27-4a5c-4b4a-8a2b-79768df77e28_s.png
"Didelės žal. alyvuogės BONTA DI PUGLIA su priesk.(be kaul.), 290 g",2.49,https://cdn.barbora.lt/products/a96ffe4c-cde9-43b2-a28f-2b16a989c995_s.png
"Konservuoti smulkūs žalieji žirneliai GLOBUS, stiklainyje, 330 g",1.79,https://cdn.barbora.lt/products/e3222852-a70f-4fdc-b52a-84c5981adca3_s.png
"Vatos pagalvėlės BELLA COTTON, 140 vnt.",1.59,https://cdn.barbora.lt/products/10ac8544-acec-43a7-9a32-a08d5fd3d1e7_s.png
"Sūdyti ROKIŠKIO lašiniai TAUTINIS PAVELDAS, a. r., 1 kg",5.99,https://cdn.barbora.lt/products/4edb9f9c-7f68-487b-aada-3cd21b70a9ac_s.png
"Ryžių makaronai AJI, karpyti, 250 g",2.55,https://cdn.barbora.lt/products/9ca128ff-1316-4983-93cc-dca0ceb23cdf_s.png
"Kukurūzų trapučiai su bananų skonio glaistu USTUKIŲ MALŪNAS, 100 g",1.69,https://cdn.barbora.lt/products/a9fc83e0-5b0d-4d73-8f8e-c4069e066999_s.png
"Rafinuotas kokosų aliejus WELL DONE, 500 ml",2.99,https://cdn.barbora.lt/products/cb1fe584-02de-4ffd-91b0-cd9a9e42853b_s.png
"Šaltai rūkyti šoninės kubeliai PANCETTA AFFUMICATA, nerūš., 100 g",1.29,https://cdn.barbora.lt/products/03b4c148-2fd4-411a-8062-1799607e0905_s.png
"Plikytų ir laukinių ryžių mišinys SKANĖJA, 400 g",1.31,https://cdn.barbora.lt/products/4466654e-8d4e-4505-abb7-6dc72b11ba13_s.png
"Vištienos sriuba MAGGI su makaronais, 12 g",0.29,https://cdn.barbora.lt/products/16084de8-3aba-4f4e-b07f-5b788ae1d4c5_s.png
"Vafliukai SELGA, šokolado skonio, 250 g",2.15,https://cdn.barbora.lt/products/6e77466b-bd1f-4757-8700-74ffd41b33f3_s.png
"Popieriniai kosmetiniai vatos pagaliukai DIVUS, 200 vnt., 200 vnt.",0.89,https://cdn.barbora.lt/products/ac839f62-479b-4fd1-bebe-2c025a349f9b_s.png
"Advento kalendorius MILKA OREO, 284 g	",9.49,https://cdn.barbora.lt/products/81b0e231-d980-4ca4-ab9b-4e7aa67489bf_s.png
"Šaldyti bulvių laiveliai WERNSING, 600 g",2.69,https://cdn.barbora.lt/products/a3090d23-51b4-4e4b-937d-61f10d10fdd2_s.png
"Vaikiškas dantų šepetėlis JORDAN, minkštas, 3-5 m., 1 vnt.",2.89,https://cdn.barbora.lt/products/bec52971-8703-4027-a49e-7964dd59f244_s.png
"Kačių užkandis FELIX PARTY, 60 g",1.99,https://cdn.barbora.lt/products/74e49cdc-4df2-45ee-a012-b06b886fa060_s.png
"Baltyminės šunų lazdelės PAPKY su jautiena, 120 g",1.09,https://cdn.barbora.lt/products/1ddcf4fb-4bc0-4cff-b4c0-54ba7ea09363_s.png
"Drėgnos servetėlės SIRENA, 15 vnt.",0.35,https://cdn.barbora.lt/products/e62607d1-17e6-4238-aec1-e32c6b9b4835_s.png
"Med. vienkartinės šakutės ILAJA, 10 vnt.",0.99,https://cdn.barbora.lt/products/1bd32509-fd9c-48ff-b278-e1dd5fb49789_s.png
"Virtos BAJORŲ EKSTRA pieniškos dešrelės, a. r., 430 g",2.55,https://cdn.barbora.lt/products/75d56178-773b-4587-bc75-bbaf3500e66c_s.png
"Delickcious™ „Juostelės su antiena ir moliūgu kreminėje sriuboje“ visavertis konservuotas maistas suaugusioms katėms, 85 gr",0.99,https://cdn.barbora.lt/products/bd83a19e-9b9e-40ce-ab89-acf67f6b668f_s.png
"Duonos traškučiai BON CHANCE su česnakais, 120 g",1.99,https://cdn.barbora.lt/products/8fb2e577-b631-4160-9195-0493f34372af_s.png
"Šokoladiniai sausainiai SELGA MINI CHOCOLATE, 250 g",0.99,https://cdn.barbora.lt/products/83bb7067-ba41-453e-8acb-9a215d47da3a_s.png
"Garuose ruošti lęšiai GLOBUS, 310 g",1.99,https://cdn.barbora.lt/products/4c4ec88c-e9e5-4608-abf9-714ce476a6f6_s.png
"Higieniniai įklotai NATURELLA Camomile Light, 52 vnt.",2.29,https://cdn.barbora.lt/products/754b4047-e290-4826-91f0-8906f0cb408f_s.png
"Raudonųjų lęšių traškučiai OHO!, šoninės su klevų sirupu sk., 100 g",1.45,https://cdn.barbora.lt/products/d9d9a015-70bd-4376-b223-3eda8c153cf4_s.png
"Itališkas užkandis su rozmarinais TARALLINI, 200 g",2.59,https://cdn.barbora.lt/products/7b64d62d-f2c2-4ddf-9388-a741b43f6bf6_s.png
"Karštai rūkyta KROKUVOS dešra KLAIPĖDOS MAISTAS, I r., 400 g",1.99,https://cdn.barbora.lt/products/f29d35c1-672c-4a96-8f83-7b68a4a52e7d_s.png
"Cezario padažas FELIX, 375 g",2.35,https://cdn.barbora.lt/products/aba9b155-717a-4ceb-8d14-8444aa36ab73_s.png
"Vatos diskeliai CLEANIC PURE EFFECT, 120 vnt., 120 vnt.",1.27,https://cdn.barbora.lt/products/8583042c-e6bf-4fb7-a06f-ce9097f78890_s.png
"Vatos lapeliai CLEANIC SOFT & COMFORT, 133 vnt.",1.79,https://cdn.barbora.lt/products/c08b4479-5ce6-4bdc-8c8f-0c5a01903a7f_s.png
"Traškios lazdelės SAULĖS GRŪDAS su svogūnais, 125 g",1.25,https://cdn.barbora.lt/products/8595da94-ff97-4362-bb23-65403352c56f_s.png
"Aštrus gvakamolės padažas, 150 g",2.79,https://cdn.barbora.lt/products/70f9939c-a1df-4fee-9d2e-2953e259e510_s.png
"Šalto spaudimo skrudintų sezamų aliejus WELL DONE, 250 ml",3.93,https://cdn.barbora.lt/products/d8de7eda-9ef9-47ad-836f-3c94f96eaf52_s.png
"Krapų padažas salotoms KRAPESTO BEATOS VIRTUVĖ, 212 ml",4.49,https://cdn.barbora.lt/products/d7c711dc-3065-43df-ad8f-b5d59153bcc2_s.png
"Avižinė košė QUICK & TASTY su braškėmis, 40 g",0.27,https://cdn.barbora.lt/products/24f345a8-466c-4b86-8d03-9688659cf018_s.png
"Šunų kramtalai LOVETT DENTAL STICK (7 vnt.), 180 g",1.49,https://cdn.barbora.lt/products/d3518d0d-1700-4891-95a2-c037ef4720ff_s.png
"Mažos kukurūzų geldelės takams SANTA MARIA TEX MEX, 10 vnt., 86 g",3.39,https://cdn.barbora.lt/products/e929050d-0bbe-4a0a-8834-fd3faa350466_s.png
"Prancūziškos grūdėtosios garstyčios CLOVIS, 200 g",2.29,https://cdn.barbora.lt/products/c2f3a6ac-75cb-489a-8cbe-f0f8ca7ce43d_s.png
"Kukurūzų traškučiai SANTA MARIA, grietinės ir česnakų skonio, 185 g",2.59,https://cdn.barbora.lt/products/d4701ab2-6655-417e-b247-70503c5d890d_s.png
"DAUMANTŲ adžika su kaukazietiškomis žolelėmis, 260 g",1.65,https://cdn.barbora.lt/products/67feb6c9-a2eb-4889-a7bd-46b789b49186_s.png
"Saldžiarūgštis padažas su ananasais KKF, 435 ml",2.49,https://cdn.barbora.lt/products/88abbdb0-ff8e-412e-84ff-bbb55072edb9_s.png
"Aštrus traškus užkandis PRINGLES HOT CHEESE&CHILLI,sūrio sk., 160 g",2.99,https://cdn.barbora.lt/products/34c76e8d-1c98-430a-914b-7f5141d64a86_s.png
"Jogurt. gėrimas ACTIMEL+, persik. ir pasifl. sk., 4 x 100 g, 400 g",1.95,https://cdn.barbora.lt/products/8e6e6159-8206-4e02-aa70-5e5094436f4c_s.png
"Dantų pasta SENSODYNE REPAIR&PROTECT, 75 ml",7.39,https://cdn.barbora.lt/products/3d3886de-fedb-48cc-b40d-e744e292ae8f_s.png
"Sausainių rutuliukai SELGA, pieninio šokolado skonio, 120 g",1.49,https://cdn.barbora.lt/products/68dd96ae-d621-4d9d-b9e9-43f45ec21a77_s.png
"Kačių ėdalas FELIX TASTY SHREDS su įvairia mėsa, 4 x 80 g, 320 g",2.59,https://cdn.barbora.lt/products/b12f0579-1a85-4db7-be26-c8583582410b_s.png
"Sausas kačių ėdalas WHISKAS su jautiena, 800 g",4.19,https://cdn.barbora.lt/products/96c988ff-93da-4f35-9f1b-973083ad1152_s.png
"Sausas kačiukų ėdalas WHISKAS JUNIOR su vištiena, 800 g",4.19,https://cdn.barbora.lt/products/4bd7da3d-bae6-4569-b63e-c75128334ee3_s.png
"Azijietiški agurkėliai, 400 g",3.69,https://cdn.barbora.lt/products/b0ad64d6-0c8c-4be7-bb9a-d299be798505_s.png
"Konservuotų persikų puselės HAPPY GARDEN, 830 g",2.59,https://cdn.barbora.lt/products/27d90ffb-1a15-4ce4-86eb-be6a7050f4e4_s.png
"Česnakinis pomidorų padažas SANTA MARIA TEX MEX TACO, 230 g",3.29,https://cdn.barbora.lt/products/6c841dc1-82c7-4ec1-9c47-77111bf6ac22_s.png
"Kukurūzų lazdelės AHA, 110 g",1.29,https://cdn.barbora.lt/products/dc59957b-6e96-4ce8-9411-252c2d0d554a_s.png
"Džiovintos slyvos WELL DONE, 200 g",1.59,https://cdn.barbora.lt/products/6e7014f0-4aac-4cb7-9d64-1d615f634baf_s.png
"Jogurt. gėrimas ACTIMEL+, braškių ir granat. sk., 4 x 100 g, 400 g",1.95,https://cdn.barbora.lt/products/1a500ade-43d7-4fc8-b0db-2d96f4d8a55e_s.png
"Apelsinų džemas SPILVA, 380 g",3.39,https://cdn.barbora.lt/products/7f977053-64d5-427a-b305-177b5ba93df8_s.png
"Džiovinti ananasai WELL DONE, 125 g",1.49,https://cdn.barbora.lt/products/8fb2c314-97f4-4ef9-96b8-272c005e7d18_s.png
"Dantų pasta JORDAN „FRESH BREATH“, 75 ml",2.99,https://cdn.barbora.lt/products/c942b3b8-0064-4401-ae61-b8c678c7234b_s.png
"Sūrūs kviečiai OHO!, grietinės ir svogūnų skonio, 35 g",0.45,https://cdn.barbora.lt/products/b66898ae-72ad-48ec-9da8-b596fa0c93df_s.png
"Konservuoti baltieji svogūnėliai GUSTOSELLI, 300 g",1.69,https://cdn.barbora.lt/products/a4ee15d8-fb15-40c8-b3f1-367655d6504e_s.png
"Grūdėtosios SUSLAVIČIAUS garstyčios, 170 g",1.49,https://cdn.barbora.lt/products/a6ba1772-a1a7-4b0f-a263-698d16c3835a_s.png
"Sausas sterilizuotų kačių ėdalas PERFECT su vištiena, 750 g",5.99,https://cdn.barbora.lt/products/8552df25-a58b-4113-885d-1dee2e3047fa_s.png
"Vytinta KLEBONIŠKA kumpio dešra, a. r., 200 g",3.75,https://cdn.barbora.lt/products/39b2a5bc-6abe-41d2-8515-44a58546ed4a_s.png
"Med.vienkartiniai šaukštai ILAJA, 10 vnt",0.99,https://cdn.barbora.lt/products/921555a3-9fe0-427b-802b-2711c18d0769_s.png
"Keptos raudonosios paprikos WELL DONE, 540 g",2.89,https://cdn.barbora.lt/products/7fe67c65-2de0-440c-8a3f-b6f36f7e4c97_s.png
"Balti krienai DAUMANTU, 180 g",1.49,https://cdn.barbora.lt/products/3320772a-c15b-4abe-8dcf-2b9a6d3d8133_s.png
"KLASIKINIS barbekiu padažas WELL DONE, 280 g",1.99,https://cdn.barbora.lt/products/3436abde-0ac0-4347-9cf9-59845ca0ec5c_s.png
"Vafliai SELGA, šokolado skonio, 90 g",0.57,https://cdn.barbora.lt/products/a425041e-6322-434c-848e-b463b21fab52_s.png
"Lečas EXTRA LINE, 670 g",1.59,https://cdn.barbora.lt/products/45c50b76-4a97-4ec8-ae67-202a14b8f46b_s.png
"Kukurūzai AHA, sutirštinto pieno skonio, 110 g",1.29,https://cdn.barbora.lt/products/6b503244-411c-47c2-be6c-ef9717629e0a_s.png
"Kečupas SHASLIK SCHEDRO, 250 g, 250 g",0.79,https://cdn.barbora.lt/products/27e1a586-c6b9-4e9f-947b-ea0875f01d7a_s.png
"Grikių medus WELL DONE, 500 g, LT, 500 g",4.99,https://cdn.barbora.lt/products/1e3f2c84-fb18-4319-9ca3-55abc6fae905_s.png
"Higieniniai paketai ALWAYS Ultra Super Plus, S2, 16 vnt.",3.19,https://cdn.barbora.lt/products/4ec13cdb-4235-4911-b2f8-2a2faa07b59b_s.png
"Saldūs kukurūzų traškučiai MORKŪNAS, 45 g",1.09,https://cdn.barbora.lt/products/af4903af-baef-4cfd-8ada-3af48800d226_s.png
"Miso sriuba SAITAKU MISO SOUP, 72 g",1.89,https://cdn.barbora.lt/products/9e79fd68-23bc-46a6-902d-ce4977e2629c_s.png
"Garuose ruoštos raudonosios pupelės GLOBUS, 150 g",1.19,https://cdn.barbora.lt/products/5126793d-d902-424e-93d3-c11ddb993d0f_s.png
"Jautienos sultinys MAGGI, 80 g, 80 g",0.64,https://cdn.barbora.lt/products/1263f02a-1c49-4924-8f00-5cc9bda21138_s.png
"Saulėgrąžų aliejus WELL DONE, 1 l",1.49,https://cdn.barbora.lt/products/e744d3f6-dfa5-4ff3-aa6e-993c1399461f_s.png
"Žalios alyvuogės be kauliukų WELL DONE, 280 g",1.99,https://cdn.barbora.lt/products/6a161f75-87df-417c-8996-67e944554d25_s.png
"Saldūs kukurūzų traškučiai su saulėgrąžomis MORKŪNAS, 80 g",1.09,https://cdn.barbora.lt/products/910d1526-2ac5-4cff-8b61-e1f44f440a0a_s.png
"Austrių padažas SANTA MARIA THAILAND, 200 ml",3.29,https://cdn.barbora.lt/products/c2e02249-37d6-45a5-9d18-c5a400cfa2b1_s.png
"Intymios higienos servetėlės MARGARITA su vaistažolėmis, 20 vnt.",2.79,https://cdn.barbora.lt/products/1f1da6be-10fb-4f59-9f01-373fbdf0a967_s.png
"Traškus užkandis LONG CHIPS, sūrio skonio, 75 g",1.29,https://cdn.barbora.lt/products/960cc3b0-77f4-4e23-9805-6ee2a5f147cf_s.png
"Karštai rūkytas BAJORŲ saliamis, vakuumuotas, a. r., 400 g",2.89,https://cdn.barbora.lt/products/4ec9dae0-95f7-48dc-bcff-b421ce0c8838_s.png
Šunų ekskrementų maišeliai LOVETT 10x20vnt,5.99,https://cdn.barbora.lt/products/c8fd5f8b-d47f-4a66-acaf-3ccf3bb24543_s.png
"Bulvių traškučiai LAY'S, krabų skonio, 130 g",2.19,https://cdn.barbora.lt/products/16a8427e-8073-486c-a87b-d7c8297792d7_s.png
"Duonos traškučiai SELGA NATURE su čiobreliais, 200 g",1.73,https://cdn.barbora.lt/products/fbaf58a5-171a-4d6f-8012-994964dc0922_s.png
"FELIX sriuba katėms su mėsa (jautiena, vištiena, ėriena) 6*48 g",3.49,https://cdn.barbora.lt/products/f9780423-8172-4e11-8e50-b6cf0d2e7795_s.png
"Marinuoti aštrūs agurkėliai SPILVA, 330 g",2.29,https://cdn.barbora.lt/products/7650f212-aff7-4705-a16e-e77d695ef0e7_s.png
"Krekeriai TUC MINI, sūrio skonio, 100 g",1.69,https://cdn.barbora.lt/products/430cf45f-7198-4611-8634-9bbcea6b295c_s.png
"Vafliai SELGA, kokosų skonio, 180 g",0.95,https://cdn.barbora.lt/products/1336223f-c4f4-46f8-b179-a063d4439ed5_s.png
"Vafliai SELGA su sūdyta karamele, 180 g",0.95,https://cdn.barbora.lt/products/2e6a039e-3ebb-4913-b760-3e61305395d0_s.png
"Sausas vidutinių veislių šunų ėdalas su ėriena ARDOUR, 1.5 kg",7.99,https://cdn.barbora.lt/products/aeff8de1-42e2-4564-bc5a-dbd721c43997_s.png
"Karštai rūkyta PANEVĖŽIO filė dujose, I r., 120 g",1.49,https://cdn.barbora.lt/products/6f1a440b-b926-4aa3-b1fd-fc32c3383bbd_s.png
"Žaliosios alyvuogės SELIA be kauliukų, 370 g",1.69,https://cdn.barbora.lt/products/d956a00c-029f-42a7-a03f-4531ac0d91ae_s.png
"Tirpioji barščių sriuba MAGGI 5 MINUTES su skrebučiais, 16 g",0.29,https://cdn.barbora.lt/products/cea957ed-0d9f-4690-b08c-156cab237527_s.png
"Duonos traškučiai BON CHANCE, grietinės ir svogūnų skonio, 240 g",2.99,https://cdn.barbora.lt/products/5c0b4530-417d-41b4-ac77-2fcc8ec072fa_s.png
"Visavertis suaugusių kačių pašaras, 1 kg",2.09,https://cdn.barbora.lt/products/438d3913-7ca7-425e-85d2-784dd532c7b9_s.png
"Konservuotas šunų ėdalas LOVETT su aviena ir jautiena, 400 g",1.89,https://cdn.barbora.lt/products/d1774089-e274-4857-9a0a-4204d07bfe62_s.png
"Kukurūzų užkandis CORN RINGS OHO, 100 g",1.29,https://cdn.barbora.lt/products/cb241755-15e0-4c29-b433-2aed6574f499_s.png
"Plombyriniai ledai NYKŠTUKAS, obuolių pyrago skonio, 450 g",4.79,https://cdn.barbora.lt/products/3572331a-f128-4626-9888-3439bf4ff8ce_s.png
"TAILANDO ryžiai SKANĖJA, 800 g",1.19,https://cdn.barbora.lt/products/9a926ee0-c682-4020-91ff-342b3dd09ed3_s.png
"Ilgagrūdžiai ryžiai SKANĖJA, 500 g",0.75,https://cdn.barbora.lt/products/8ff172c6-fe81-4e9c-be5b-318bc6589fb2_s.png
"Česnakiniai vištienos prieskoniai KOTANYI, 30 g",0.83,https://cdn.barbora.lt/products/c66c8181-e60f-421e-b402-ef70fb98ba65_s.png
"Konserv. keptos pupelės aitriųjų paprikų padaže WELL DONE, 400 g",1.35,https://cdn.barbora.lt/products/c8d98481-e0b5-4a2b-9549-b96989b21959_s.png
"Proteininis batonėlis MAXSPORT, su braškėmis, be gliuteno, 50 g",1.79,https://cdn.barbora.lt/products/6a7ba2fa-4856-4900-a230-8588c38a9128_s.png
"Virta kumpinė dešra BIOVELA, aukščiausia rūšis, 500 g",2.99,https://cdn.barbora.lt/products/0863bc58-d06a-4c15-891f-8a05e7de9beb_s.png
"Moteriški vienkartiniai skustuvai BIC TWIN LADY SENSITIVE, 5 vnt.",1.69,https://cdn.barbora.lt/products/4d434d33-7cfd-40ef-a854-101683f4770f_s.png
"Kūd. dantų šepetėlis-kramtukas JORDAN, 0-2 m., ypač minkštas, 1 vnt.",2.89,https://cdn.barbora.lt/products/69e1d4e8-0b62-4462-9ed5-131e8cddb7f5_s.png
"Traškučių padažas ESTRELLA DIPMIX su grietine ir svogūnais, 13 g",1.05,https://cdn.barbora.lt/products/77e761c8-97c3-4476-b036-df1548f30d1f_s.png
"Dantų pasta SENSODYNE DEEP CLEAN, 75 ml",5.79,https://cdn.barbora.lt/products/85d4640d-0cb2-46b4-94e5-cd44cefa08f0_s.png
"Česnakinis padažas HEINZ, 420 g",4.59,https://cdn.barbora.lt/products/02296456-beb8-43e2-b823-303c35f92217_s.png
"Vafliniai ritinėliai SELGA su kremo įdaru, 160 g",1.29,https://cdn.barbora.lt/products/a068b956-7284-40e8-917e-522af73284fe_s.png
"Ryžių trapučiai su mangų skonio glaistu USTUKIŲ MALŪNAS, 90 g",1.69,https://cdn.barbora.lt/products/b5dd9dc0-7eb9-48a5-8d7a-09b295c8edbb_s.png
"Šaltai rūkytas BAJORŲ saliamis griežinėliais, a. r., 90 g",1.19,https://cdn.barbora.lt/products/b9e39075-f50d-44e6-a061-003d94e7a910_s.png
"Virtos DARŽO dešrelės su paprika, sūriu ir pomidor., nerūš., 240 g",1.85,https://cdn.barbora.lt/products/5469d54f-4cf1-4574-96c3-5118dff1b561_s.png
"Avižinė košė QUICK & TASTY su vyšniomis, 40 g",0.27,https://cdn.barbora.lt/products/4cc0ddef-6ea8-4782-b7f9-8b44cdff59e1_s.png
"CEZARIO salotų padažas WOWMAMA, 260 g",1.79,https://cdn.barbora.lt/products/bd8fdb1a-8571-44b3-8aaa-aba06740e948_s.png
"Raudonieji ryžiai SKANĖJA, 400 g",1.05,https://cdn.barbora.lt/products/c9ca48d6-731f-4eeb-b0ac-55bf777ffd15_s.png
"Vaikiška dantų pasta JORDAN vaisių skonio,0-5 metai, 50 ml",2.79,https://cdn.barbora.lt/products/4bf1b9d1-4a46-4a8e-8022-10ff06e4454a_s.png
"Dantų pasta JORDAN „WHITE SMILE“, 75 ml",2.99,https://cdn.barbora.lt/products/1da872e0-d22c-4d8a-af88-fccc34aa2b57_s.png
"Konservuoti kukurūzai BONDUELLE su žirneliais, 150 g",1.39,https://cdn.barbora.lt/products/eb4e5b5c-6582-41a9-aee0-2240e7b93b10_s.png
"Sausainiai SELGA, bananų skonio, 180 g",0.69,https://cdn.barbora.lt/products/8dbf1477-c81f-4e3d-be34-1052061df4f5_s.png
"Saldūs kukurūzai AHA, 110 g",1.29,https://cdn.barbora.lt/products/c37f16d1-ce86-4d3a-89b9-fc7186d96fd5_s.png
"Šunų ėdalas PRIMADOG su jautiena, 600 g",4.79,https://cdn.barbora.lt/products/7cda674b-e78e-4320-a121-144c84fe791b_s.png
Filtravimo kasetė AQUAPHOR MAXFOR B25,5.99,https://cdn.barbora.lt/products/cc36d76d-ed05-4d36-9359-370553d8957c_s.png
"DAUMANTŲ agurkinė sriuba, 470 g",2.19,https://cdn.barbora.lt/products/90703acb-ed47-4c04-b85e-994010475b26_s.png
MARGARITA Drėkinamasis rankų muilas su braškių aromatu ir alavijų geliu PAPILDAS 1l,5.09,https://cdn.barbora.lt/products/4fdf650f-5bca-4fa8-bb82-7a55903ae665_s.png
"Prancūziškos garstyčios CLOVIS su medumi, 200 g",2.29,https://cdn.barbora.lt/products/8399cb5c-a71f-4143-9113-70e982743f31_s.png
"Juodosios alyvuogės griežinėliais WELL DONE, 220 g",1.79,https://cdn.barbora.lt/products/ad437612-d4b0-4521-b3a9-08e46e8d8477_s.png
"Majonezinis padažas su sezamais ir sojomis SANTA MARIA, 250 ml",4.19,https://cdn.barbora.lt/products/755f3da1-342a-43b9-9caf-34dd73135c73_s.png
"Kukurūzų žiedeliai JAVINĖ, 100 g",1.15,https://cdn.barbora.lt/products/794932b0-aed7-4020-90b9-82616105dfc1_s.png
"Krekeriai TUC, grietinės ir svogūnų skonio, 100 g",1.69,https://cdn.barbora.lt/products/acc6ee49-d74b-4b40-9f4a-b0dfc9582fcb_s.png
"Tepamasis ROKIŠKIO sūrelis su čimičiurio priesk., 23 % rieb., 175 g",1.95,https://cdn.barbora.lt/products/e4f86e29-5e93-433c-93b5-d2d3bfaba1be_s.png
"Šaltai rūkyta lašišų filė ZIGMAS su oda, 160 g",3.59,https://cdn.barbora.lt/products/6b783575-ca42-4b9e-a5e5-6781fcff6510_s.png
"Dantų šepetėlis LACALUT SENSITIVE, 1 vnt.",1.39,https://cdn.barbora.lt/products/bad4a7a5-1269-4c1b-bf20-080a53594551_s.png
"Žirnių sriuba su skrebučiais MAGGI 5 MINUTES, 22 g",0.29,https://cdn.barbora.lt/products/5a834569-3b6f-4ce8-965b-a28bff71204e_s.png
"Salotų padažas WOWMAMA su medumi ir garstyčiomis, 270 g",1.79,https://cdn.barbora.lt/products/8249537c-961e-48d6-b1e5-cc687ccc7c8c_s.png
"Konservuotas kačių ėdalas LOVETT su paukštiena, 415 g",0.75,https://cdn.barbora.lt/products/6fdd7f3a-36dd-4818-8171-9c93ef0468b2_s.png
"Kačių skanėstas FELIX PLAY TUBES su vištiena ir kepenėlėmis, 50 g",1.99,https://cdn.barbora.lt/products/af9ca9a0-cfdd-498d-8682-99a26f04c4cc_s.png
"Vytintas itališkas kumpis PROSCIUTTO CRUDO, nerūš., 80 g",2.69,https://cdn.barbora.lt/products/f442943a-f712-43d6-841a-d82fb06eda0d_s.png
"Krekeriai TUC, kumpio skonio, 100 g",1.69,https://cdn.barbora.lt/products/f2ee454b-bb14-4e2c-9b13-b41ed6ebfd83_s.png
"Kačių skanėstas FELIX MIXED GRILL, 60 g",1.99,https://cdn.barbora.lt/products/49c226cc-dd50-4562-aad0-a555351ae43a_s.png
"Kačių skanėstas FELIX PARTY OCEAN MIX, 60 g",1.99,https://cdn.barbora.lt/products/1e9dd9a0-89aa-4b27-8768-2bc47ccca1a7_s.png
"Alyvuogių mišinys BONTA DI PUGLIA, 290 g",2.49,https://cdn.barbora.lt/products/e96494db-41cc-4567-8b1b-139b842fd3a0_s.png
"Kepamosios dešrelės BRATWURST, a. r., 330 g",2.79,https://cdn.barbora.lt/products/065236d5-8695-4456-8075-92d6113e0a55_s.png
"Konservuotas kačių ėdalas su žuvimi HAPPY TAILS, 415 g",0.49,https://cdn.barbora.lt/products/1c15eafe-8eb5-4f58-88e1-d56cf3fdd075_s.png
"Bulvių traškučiai LAY'S MAXX WAVY, svogūnų laiškų skonio, 120 g",2.19,https://cdn.barbora.lt/products/352b5310-cc28-45ef-9e58-3146671044c5_s.png
"Skystas muilas PALMOLIVE NATURALS Coconut & Milk, 500 ml",2.09,https://cdn.barbora.lt/products/6d5420a9-fb5d-4e48-861f-4822e3464b99_s.png
"Mažų veislių šunų skanėstai PEDIGREE DENTASTIX, 3 vnt., 45 g",1.15,https://cdn.barbora.lt/products/74bebd86-5684-44c3-a713-5e6d17b3e9fb_s.png
"Adžika EXTRA LINE, 260 g",0.92,https://cdn.barbora.lt/products/eff1ff9f-93a2-4eaa-a842-fb48e001c14a_s.png
"Dantų siūlas JORDAN EXPAND FRESH, 25 m.",3.49,https://cdn.barbora.lt/products/096df739-0953-42ef-a986-fb75a6a65a3d_s.png
"Konservuotas kačių ėdalas su jautiena HAPPY TAILS, 415 g",0.49,https://cdn.barbora.lt/products/dde34ce0-cef5-4715-8706-97f7de60aa2f_s.png
"Krekeriai ELEPHANT, medaus, garstyčių ir svogūnų skonio, 70 g",0.93,https://cdn.barbora.lt/products/21f90ef7-eaf2-4242-8c8a-26dd2dbb3a25_s.png
"Daržovių sultinys MAGGI, 12 x 10 g, 120 g",0.59,https://cdn.barbora.lt/products/57989320-f378-4bf2-9560-2cafee23e2fd_s.png
"Popierinės keksiukų formelės (50 vnt.), 50 vnt.",1.49,https://cdn.barbora.lt/products/47487a1e-a18d-4840-a182-1edb345270bf_s.png
"Kepimo rankovė UNIWELL, 3 m x 41 cm, 1 vnt.",1.39,https://cdn.barbora.lt/products/d5e0856f-f959-4682-977a-8b9e6856040d_s.png
"Baltyminės šunų lazdelės PAPKY dantims prižiūrėti, 103 g",1.09,https://cdn.barbora.lt/products/8adc11ef-3e1d-4262-b389-54ffc54ecba5_s.png
"Kačių skanėstas AKINU su vištiena, 50 g",1.25,https://cdn.barbora.lt/products/ceaf9e2e-8003-46ce-9d7a-d08110ec8397_s.png
"Raudonųjų lęšių traškučiai OHO!, sūrio skonio, 100 g",1.45,https://cdn.barbora.lt/products/5ad248f7-40a7-4211-a766-35661fd94ee6_s.png
"Neapolietiškas padažas su daržovėmis KKF, 435 ml",2.49,https://cdn.barbora.lt/products/706e7b20-fbc6-46a6-9ea2-4e36dc69c5a2_s.png
"Ekologiški grikių ir bolivinių balandų trapučiai, 100 g",1.19,https://cdn.barbora.lt/products/9a4d34bf-b950-429b-a2da-2ecfecc51a00_s.png
"Konservuotos pupelės BORLOTTI WELL DONE, 400 g",1.35,https://cdn.barbora.lt/products/d61b790a-32aa-4159-8155-fdceade65cd4_s.png
"Veganiškos dešrelės iš sojų varškės, 200 g",1.99,https://cdn.barbora.lt/products/4cf8d0b1-bda4-46a2-b311-a7866fafe6f2_s.png
"Kukurūzų traškučiai MIO&RIO, braškių skonio, 70 g",0.49,https://cdn.barbora.lt/products/81fd99ee-ad31-4cee-ba2a-a3e65f6ada93_s.png
"Karštai rūkytos DELIKATESINĖS broilerių krūtinėlės, a. r., 1 kg",7.49,https://cdn.barbora.lt/products/be712b74-6cc2-4094-8787-60b179773507_s.png
"Sviesto skonio bulvių košė MAGGI su krapais, 35 g",0.39,https://cdn.barbora.lt/products/a7f84949-49a3-4d0d-8d74-54c0a6951d77_s.png
"Stiklinis indas maisto produktams laikyti UNIWELL, 520 ml, 1 vnt.",4.99,https://cdn.barbora.lt/products/fa257c6b-42b2-4e79-8525-ee26fffb5d82_s.png
MARGARITA Naikinantis kvapus rankų muilas su alavijų ekstraktu 400ml,3.19,https://cdn.barbora.lt/products/9fc77d4a-4cb3-4473-91de-fdedfd308172_s.png
"Bolognese padažas su mėsa KKF, 435 ml",2.79,https://cdn.barbora.lt/products/b70c7d05-ac80-447f-844d-6024485eaecf_s.png
"Žvėrienos ėdalas PRIMADOG, 260 g",2.35,https://cdn.barbora.lt/products/fd5db52b-c21b-40cb-b8b6-c07a248afbe6_s.png
"Aštrus SUSLAVIČIAUS pomidorų padažas su 5 rūšių pipirais, 500 g",2.65,https://cdn.barbora.lt/products/facc1fc1-a48a-40c0-b76b-4a2eff5ca47e_s.png
"Pieštukinis dezodorantas OLD SPICE Whitewater, 50ml",5.29,https://cdn.barbora.lt/products/658a280e-2701-4e26-b3cd-5b94c547a31a_s.png
"Baltosios pupelės GLOBUS pomidorų padaže, 330 g",1.79,https://cdn.barbora.lt/products/d0ac0989-7508-4671-a575-89afc2faa547_s.png
"Karštai rūkytas BAJORŲ kumpis (vakuumuotas, I r.), 1 kg",9.59,https://cdn.barbora.lt/products/1b03e5d9-9cd5-4106-8915-b2b078dbff07_s.png
"Virtos bulvės su paprikomis, 430 g",1.99,https://cdn.barbora.lt/products/586ad598-3a2a-4e6a-b780-56e6a5083f3a_s.png
"Marinuoti aštrūs agurkėliai WELL DONE, 340 g",1.99,https://cdn.barbora.lt/products/2eeb828f-7b60-4de6-b2d4-7cf7e1e58e3c_s.png
"Ypač tyras alyvuogių aliejus E. V. WELL DONE, 750 ml",7.49,https://cdn.barbora.lt/products/d0f5f613-a404-4b08-aab0-75aacf6cf7c9_s.png
"Itališkas kiaulienos kumpis PROSCIUTTO COTTO, nerūš., 100 g",2.49,https://cdn.barbora.lt/products/ac256ce9-830f-406c-9adb-c304e5202d53_s.png
"Kokosų gėrimas EXTRA LINE, 17-19 %, 400 ml",1.55,https://cdn.barbora.lt/products/b35b21e5-4749-4ba4-ab8f-bb98dd4842ce_s.png
"Džiovintos slyvos WELL DONE, 500 g",3.59,https://cdn.barbora.lt/products/8c1891b0-7b8d-499b-a7c6-09e91218ba59_s.png
"Vytinta pjaustyta BERETTA dešra SALAME SPIANATA, nerūš., 80 g",2.39,https://cdn.barbora.lt/products/6f6549c2-3473-40a9-a3ad-15aac9c25df9_s.png
"Konservuoti kukurūzai BONDUELLE, 670 g",3.49,https://cdn.barbora.lt/products/696cd588-1601-4f47-b96c-0048a9631bb3_s.png
"Baltosios pupelės SKANĖJA, 500 g",1.13,https://cdn.barbora.lt/products/e74634ca-a0b0-4f3a-a044-4571a26d59de_s.png
"KĖDAINIŲ KONSERVŲ FABRIKO raudoni krienai, 250 g",1.89,https://cdn.barbora.lt/products/be868a9c-12e3-4374-92af-6cb7593ba4a9_s.png
"Dantų siūlas JORDAN EVERYDAY, 60 m.",2.79,https://cdn.barbora.lt/products/ab3bd57f-acd0-4f8a-a729-096f9b9e524a_s.png
"Sausas kačių maistas PERFECT FITsteril.katėms su višt.,1,4kg, 1.4 kg",9.99,https://cdn.barbora.lt/products/2959e26a-69c7-4172-9c05-443b990495fc_s.png
"Vanilinis plombyras NYKŠTUKAS su želės gabaliukais ir braškių įdaru, 450 g",4.79,https://cdn.barbora.lt/products/9f0b5f33-84ac-45a3-94be-5e54ec62ab1f_s.png
"ELSEVE šampūnas, 400ml",7.39,https://cdn.barbora.lt/products/e37428dc-3869-45e6-a310-f8ae5705491e_s.png
"Enčiladų prieskonių mišinys SANTA MARIA, 28 g",1.59,https://cdn.barbora.lt/products/e9005c53-47a0-4a93-afdc-894b2f55f4dc_s.png
"Skutimosi putos GILLETTE Sensitive, 200+100ml",3.69,https://cdn.barbora.lt/products/e2ddc4b9-a70d-4608-ab5c-342f539c8560_s.png
ECODENTA balinamoji dantų pasta su mėtų aliejumi ir šalavijų ekstraktu 100 ml,3.65,https://cdn.barbora.lt/products/22b0fa35-0b34-4948-b81d-eac97488cadc_s.png
"Konservuotas kačių ėdalas SHEBA (mini rinkinys su žuvimis), 300 g",2.99,https://cdn.barbora.lt/products/9bbd3817-a632-4701-89c6-bc7bf16516b2_s.png
"Balzaminio acto kremas FILIPPO BERIO (klasikinis), 250 ml",2.21,https://cdn.barbora.lt/products/62387db9-5c0f-49ba-b636-6a2465b48d64_s.png
"Konservuotas šunų ėdalas FINE DOG su elniena, 1200 g",4.99,https://cdn.barbora.lt/products/7c856d62-11c2-49ec-a15c-ed6d7d705188_s.png
"Dantų šepetėlis JORDAN ADVANCED SOFT, 1 vnt.",1.99,https://cdn.barbora.lt/products/88fcd7d2-447e-4ba9-a69f-29bad54f07f2_s.png
"Ekologiškas DAUMANTŲ pomidorų padažas su jūros druska, 500 g",2.59,https://cdn.barbora.lt/products/44231d0e-2898-4be4-bb7b-0fc0433d764a_s.png
"Pienas katėms ATHENA, 200ml, 200 ml",0.87,https://cdn.barbora.lt/products/13bc3282-176e-4d00-bf21-7c686af31e9f_s.png
"Intymios higienos servetėlės ""Bella Medica"", 20 vnt.",1.85,https://cdn.barbora.lt/products/b883cc6f-1236-4f3c-97d3-f36e30c282b1_s.png
"Žuvies padažas AJI, 200 ml",2.69,https://cdn.barbora.lt/products/b61cdde1-d259-4a89-9fbc-de48abcd2955_s.png
"Itališkas užkandis TARALLINI, picos skonio, 200 g, 200 g",2.59,https://cdn.barbora.lt/products/4d32305c-7671-4cd4-849c-74cad55a285d_s.png
"Kreminis medus WELL DONE, 250 g",3.49,https://cdn.barbora.lt/products/f873e5ba-c380-434b-b4cf-eef027cbc258_s.png
"Vytintas KLEBONIŠKAS saliamis, a. r., 90 g",2.29,https://cdn.barbora.lt/products/b19da94c-66cb-4f4e-b08d-711467f8eb46_s.png
"Skutimosi želė NIVEA MEN SENSITIVE jautriai odai, 200 ml",6.69,https://cdn.barbora.lt/products/adc8b18d-77f5-4342-822a-a896a5e0d06d_s.png
"Gabalinis tualetinis muilas PALMOLIVE MILK & HONEY, 90 g",0.59,https://cdn.barbora.lt/products/901bd0c6-cb60-49a6-a711-0103bd28e67f_s.png
"Aliuminio folija UNIWELL, 20 m x 29 cm, 1 vnt.",2.99,https://cdn.barbora.lt/products/34785701-5e8d-40f4-8551-a8b034414024_s.png
"Traškūs krekeriai ELEPHANT su juod. ir balt. sezamų sėklomis, 80 g",0.93,https://cdn.barbora.lt/products/0aefb00e-d0ad-4cc9-970d-c643bd547b8e_s.png
"Kukurūzų užkandis CHEETOS, kečupo skonio, 165 g",2.59,https://cdn.barbora.lt/products/abbf9f15-018a-47d1-bcc6-c94cc626ba61_s.png
"Bulvių traškučiai TAFFEL STICKS, aštrių pomidorų skonio, 100 g",1.99,https://cdn.barbora.lt/products/399f5028-cda7-4909-b511-be4b26ec3e23_s.png
"Mėsainių padažas HELLMANN'S, 250 ml",3.15,https://cdn.barbora.lt/products/944c6f4d-df73-44fc-81ea-10ee84b18b45_s.png
"Konservuotos vyšnios be kauliukų, rūgščios, 720 g",2.75,https://cdn.barbora.lt/products/d79b732f-eb1b-4209-a114-b1e7af09bcbc_s.png
"Bulvių traškučiai ESTRELLA, aštrių pomidorų skonio, 250 g",3.89,https://cdn.barbora.lt/products/23fa6678-2194-4c7d-94c5-111883272592_s.png
"Konservuotas kačių ėdalas SHEBA NATURE'S su paukštiena, 340 g",3.29,https://cdn.barbora.lt/products/f3b27135-902f-4f34-a6ab-086ea4027d25_s.png
"Džiovintų obuolių juostelės WELL DONE, 40 g",0.69,https://cdn.barbora.lt/products/08f10752-bbd2-4b5e-9328-d68ebdccfe62_s.png
"Konserv. visavertis šuniukų ėdalas PEDIGREE JUNIOR, 4x100 g, 400 g",2.35,https://cdn.barbora.lt/products/62e99ecb-de28-4a2b-b98a-dea2a0d5e4d2_s.png
"Gabalinis tualetinis muilas PALMOLIVE Naturals, 90 g",0.59,https://cdn.barbora.lt/products/1257b3c3-0d5a-445e-996b-33b0eb9c2772_s.png
"Sūrūs kviečiai su krapais OHO!, 35 g",0.45,https://cdn.barbora.lt/products/266f39cb-ef15-475d-8041-98fd059ae023_s.png
"Bulvių traškučiai su druska ESTRELLA STICKS, 70 g",0.99,https://cdn.barbora.lt/products/197fdebc-ec02-480b-aa6f-c270c76c8b04_s.png
"Delickcious™ „Dribsniai su antiena ir miško uogomis kreminiame padaže“ konservuotas maistas suaugusioms katėms, 80 g",0.99,https://cdn.barbora.lt/products/16442e54-cb4b-40f2-82d6-d18555993b8b_s.png
Dantų pasta COLGATE MAX WHITE CRYSTALS 125 ml,4.99,https://cdn.barbora.lt/products/ed3b2a05-016f-480a-9572-1d41c094ad91_s.png
"Saulėje džiovinti pomidorai LE CONSERVE DELLA NONNA, 340 g",3.35,https://cdn.barbora.lt/products/de9a5b5e-a10d-4a94-811b-89c13243d1ce_s.png
"Vafliai SELGA, riešutų skonio, 90 g",0.57,https://cdn.barbora.lt/products/6df6d54f-bd1a-4645-bd3c-ea094b97591d_s.png
"Konservuotas šunų ėdalas su jautiena HAPPY TAILS, 1250 g",1.29,https://cdn.barbora.lt/products/ce22e15e-9670-44dd-93e5-c696a9f2ee54_s.png
"Krekeriai su čederiu ir sėklomis, 100 g",1.89,https://cdn.barbora.lt/products/1b757210-629f-42a7-946d-f98e3525597b_s.png
"My Love visavertis konservuotas pašaras suaugusioms katėms su vištiena ir kalakutiena padaže, 4 x 85 g",1.89,https://cdn.barbora.lt/products/d6d72cad-f8cb-44c0-ba24-65e80347eb6a_s.png
"KOTANYI Burbono vanilinis cukrus, 15 g",1.04,https://cdn.barbora.lt/products/5defe8cb-2149-4fdf-a02d-3371529c6b4f_s.png
"Marinuotos Chalapos paprikos SPILVA (griežinėliai), 340 g",2.79,https://cdn.barbora.lt/products/6824d123-d478-4c07-9c4d-c7ae88703e14_s.png
"Skystasis muilas PALMOLIVE ALMOND, papildymas, 500 ml",1.95,https://cdn.barbora.lt/products/c50589ea-c5bd-4a38-8f45-92c5de0876ed_s.png
"KAKĖS MAKĖS dantų pasta ECODENTA vaikams, 75 ml",3.19,https://cdn.barbora.lt/products/593ef2a3-2c85-4ae1-8446-6a7081836b86_s.png
"Majonezinis padažas WOWMAMA su rūkyt. paprikomis, 40 % rieb., 440 g",2.79,https://cdn.barbora.lt/products/bfad96db-e274-4681-a131-3bf383b4b559_s.png
"Šunų ėdalas su žvėriena PRIMADOG, 600 g",4.79,https://cdn.barbora.lt/products/afee2d7a-1eb0-463e-a102-39d21c35b111_s.png
"Duonos traškučiai BON CHANCE, grybų skonio, 120 g",1.99,https://cdn.barbora.lt/products/57eb9c58-b4ae-4a11-98e3-a3720ef5e16d_s.png
"Bulvių traškučiai ESTRELLA, sviesto ir druskos skonio, 170 g",2.89,https://cdn.barbora.lt/products/572a5fe9-ee71-42bb-b0ef-dbf062773fac_s.png
"Žal. citrinų ir Chalapos papr. sk. pad. SANTA MARIA, 250 ml",4.19,https://cdn.barbora.lt/products/9ce8005c-d54c-40d8-b421-9be4a2f13456_s.png
"Kepimo popierius SAGA, 24 lapai, 24 vnt.",3.29,https://cdn.barbora.lt/products/8683509c-c167-4602-8d64-ecab871f8b6b_s.png
"Marinuoti imbierai stikliniame indelyje AJI, 150 g",2.39,https://cdn.barbora.lt/products/d5b4be14-6b6b-43e1-ba02-5eeef6c47169_s.png
"Ekologiškas tamsus RAW agavų sirupas AMRITA, 250 ml",5.65,https://cdn.barbora.lt/products/d13cfd0f-ebbf-45a1-8fdc-e4ef5ba454d8_s.png
"Sūrio padažo mišinys SANTA MARIA TEX MEX, 16 g",1.29,https://cdn.barbora.lt/products/21620452-9496-4147-81e5-373da3c90e07_s.png
"Švelnusis SUSLAVIČIAUS pomidorų kečupas, 500 g",2.59,https://cdn.barbora.lt/products/59845035-b2a8-437e-8436-0ab373f1fe70_s.png
"Kukurūzų užkandis CHEETOS PIZZERINI, picos skonio, 160 g",2.59,https://cdn.barbora.lt/products/72c3e1f6-819e-4b31-a6fa-66cf2b776fed_s.png
"Vafliai su spanguolų įdaru SELGA, 180 g",0.95,https://cdn.barbora.lt/products/99bc8d0e-97a9-4465-a807-1a183c5e377a_s.png
"Daržovių sultinys MAGGI, 160 g, 160 g",0.99,https://cdn.barbora.lt/products/c484e74b-0701-4f31-ad30-471bff809317_s.png
"Šunų vienkartinės palos LOVETT, 60 x 45 cm, 1 vnt.",3.99,https://cdn.barbora.lt/products/89b37519-13f1-4a8a-8dce-35e4a1687db3_s.png
"Bulvių traškučiai LAY'S, aitr. paprikų, žal. citrinų skonio, 190 g",3.29,https://cdn.barbora.lt/products/cabf2fd1-4146-43bb-b802-91012cc90ffa_s.png
"Bulvių traškučiai LAY'S MAXX STRONG,sūrio ir aitr. papr. sk., 120 g",2.19,https://cdn.barbora.lt/products/e789ac6a-5ca9-4bfc-b3d4-c05ba1dd63f4_s.png
"Šiukšlių maišai VORTEX DRAWSTR, 60 l, 10 vnt., 1 vnt.",2.29,https://cdn.barbora.lt/products/6aacf7eb-8423-4467-aa6a-0df38e79a6d9_s.png
"Graikiniai riešutai WELL DONE, 500 g",4.79,https://cdn.barbora.lt/products/ea592f98-01af-495e-96bf-58e0eec1b951_s.png
"Ekol. intymios higienos prausiklis BALANCE su augal. ekstr., 275 ml",2.99,https://cdn.barbora.lt/products/05cfb6d1-32cc-46b1-a503-d4adf8c919a2_s.png
"Konservuotas kačių ėdalas LOVETT su jautiena, 415 g",0.75,https://cdn.barbora.lt/products/45acd3e9-b894-433d-a80a-fabd8ca34b9c_s.png
"Dantų šepetėliai JORDAN ULTRALITE SOFT, 2 vnt., 2 vnt.",3.79,https://cdn.barbora.lt/products/6252270d-de01-41f9-b5d3-be01c271fed4_s.png
"Karštai rūkyta pjaustyta KROKUVOS dešra BIOVELA, I r., 180 g",2.49,https://cdn.barbora.lt/products/c6c886a3-2bb8-431e-b397-4b1bca88c369_s.png
"„Dreamies“ kačių skanėstai su jautiena, 60g",1.95,https://cdn.barbora.lt/products/cffa6a42-d6dc-4de5-9dcc-e1131baa357a_s.png
"Maisto plėvelė UNIWELL, 20 m x 28 cm, 1 vnt.",0.89,https://cdn.barbora.lt/products/0790f929-de54-4fae-b4dd-8322f174d203_s.png
"Barbekiu padažas HELLMANN'S, 430 ml",3.79,https://cdn.barbora.lt/products/7a47b696-246f-4095-beb8-56bc32386d75_s.png
"Majonezinis mėsainių padažas WOWMAMA, 35 % rieb., 420 g",2.79,https://cdn.barbora.lt/products/7650a351-1450-4c78-80d0-cd1201760215_s.png
"Šunų ėdalas LOVETT su paukštiena (dešra), 400 g",0.99,https://cdn.barbora.lt/products/17572a79-5902-4f3b-8f9b-3b4a3b3c915d_s.png
"DAUMANTŲ KARALIŠKAS pomidorų padažas be pridėtinio cukraus, 480 g",2.79,https://cdn.barbora.lt/products/9bba4f91-bc5c-4af3-9db5-305c653cd927_s.png
"Virtos bulvės su rozmarinais, 430 g, 430 g",1.99,https://cdn.barbora.lt/products/86e02596-4368-4187-9145-4681612f36a2_s.png
"Traškus kvietinis užkandis ESTRELLA, šoninės skonio, 110 g",1.99,https://cdn.barbora.lt/products/3f1ebe0a-3cd0-4780-af30-682b8dabca39_s.png
"Saliamio griežinėliai su sūriu WELL DONE, 50 g",0.79,https://cdn.barbora.lt/products/84121e7f-46d7-4a4f-a787-e0d7540a959a_s.png
"Kvapnūs šiukšlių maišai,60l,10vnt.,63x72",2.49,https://cdn.barbora.lt/products/69aed304-b6aa-4fa2-8ec0-0121a3d257ac_s.png
"Žaliosios alyvuogės ITLV su krevečių įdaru, 300 g",2.49,https://cdn.barbora.lt/products/c7f6ce00-d57f-4a20-a228-0f300ec23d74_s.png
"Vaikiškas dantų šepetėlis JORDAN, minkštas, 6-9 m., 1 vnt.",2.89,https://cdn.barbora.lt/products/9b844c5c-9d3e-45b3-93f9-23e3f564068d_s.png
"Klasikinis SUSLAVIČIAUS pomidorų kečupas, 1 kg",3.99,https://cdn.barbora.lt/products/746fe490-284e-40f7-b843-23594d4afa19_s.png
"Avižinės kruopos SKANĖJA, 400 g",0.53,https://cdn.barbora.lt/products/411e9f4a-f9e4-41d2-b9c7-edea86983574_s.png
"Kukurūzų užkandis CHEETOS CRUNCHOS, saldž. aitr. paprikų sk., 165 g",2.59,https://cdn.barbora.lt/products/2f0ec2e3-98e4-4cbd-b38c-ebfd3fe11978_s.png
MARGARITA Dušo želė su svarainių ekstraktu 500ml,4.55,https://cdn.barbora.lt/products/4dc8b60f-a288-4e5c-abc3-fc7d7843a491_s.png
"Sūrūs kviečiai OHO!, kumpio skonio, 35 g",0.45,https://cdn.barbora.lt/products/11ab6e18-57aa-47d9-b4b9-bdc43e3d1cf6_s.png
"Avižiniai sausainiai SELGA TREAT su šokolado glaistu, 200 g",1.79,https://cdn.barbora.lt/products/4f6d77da-14d3-41a9-a894-28856e5f7468_s.png
"GARSTYČIŲ padažas su medumi, 48 % rieb., 480 g",1.75,https://cdn.barbora.lt/products/a337a7dd-e4ea-48d0-9983-2b23800b9a47_s.png
"Delickcious™ Kumpio skonio vištienos sriuba su špinatais. Visavertis konservuotas pašaras suaugusioms katėms, 80 gr",1.79,https://cdn.barbora.lt/products/34a5411f-b6a3-4285-8c1f-9107d150f4dd_s.png
"Delickcious™ „Dribsniai su triušiena ir tropiniais vaisiais kreminiame padaže“ konservuotas maistas suaugusioms katėms, 80 g",0.99,https://cdn.barbora.lt/products/f0b56a0b-fe54-4a17-9bdb-4f0162591f45_s.png
"Braškių džemas SKANOVĖ, 540 g",3.49,https://cdn.barbora.lt/products/271a9abf-4752-414c-8b84-52e2c3f036d6_s.png
"Alyvuogės KALAMATA GAEA be kauliukų, 290 g",3.95,https://cdn.barbora.lt/products/ea5b22cb-bedd-4ee9-8aaf-1c2360beac5f_s.png
"Vytintas BAJORŲ kumpis, a. r., 1 kg",11.99,https://cdn.barbora.lt/products/d745851c-521b-4d22-8ade-abcee0c66655_s.png
"Kvietinės duonelės DANVITA su pomidorais ir bazilikais, 130 g",1.39,https://cdn.barbora.lt/products/d9271317-4d66-41f7-a3ea-5ef76c84b6f7_s.png
"Šunų skanėstas AKINU su triušiena, 75 g",2.09,https://cdn.barbora.lt/products/8cf6210a-78ed-4d60-9ebc-ffefb1f02255_s.png
"Aviečių džemas EXTRA LINE, 330 g",1.97,https://cdn.barbora.lt/products/2be2ef89-dd2c-47df-bec0-2107ccdf20ce_s.png
"Džiovinti abrikosai WELL DONE, 200 g",2.15,https://cdn.barbora.lt/products/c619f833-2bf5-4a39-bd10-35518ae8ed56_s.png
"Džiovintos datulės WELL DONE, 200 g",1.13,https://cdn.barbora.lt/products/7bf17f05-78a2-4bb6-a7cc-c5419e4f435f_s.png
"Ekologiškas avižų gėrimas BARISTA WELL DONE, 1 l",2.19,https://cdn.barbora.lt/products/40c7243d-a94d-4a77-81f5-9e667bcbef92_s.png
"Krekeriai ELEPHANT, pomidorų ir žolelių skonio, 70 g",0.93,https://cdn.barbora.lt/products/ba4c24dd-c450-44ec-8573-e6e261bad9af_s.png
"Virtos DARŽO dešrelės su špinatais, sūriu ir brokol., nerūš., 240 g",1.85,https://cdn.barbora.lt/products/df339bc8-c93f-42b8-b3ba-9e6aa61d14b2_s.png
"CEZARIO salotų padažas BEATOS VIRTUVĖ, 250 ml",3.99,https://cdn.barbora.lt/products/4f0de946-98b4-45fa-b4b8-760fb25418ed_s.png
"Higieniniai paketai NATURELLA Ultra Normal, S1, 20 vnt.",2.45,https://cdn.barbora.lt/products/8b154e2d-56f8-4d27-a147-eeaf3a305ed5_s.png
"Lūpų balzamas NEUTROGENA, 4,8 g",3.99,https://cdn.barbora.lt/products/f2a9a742-055a-4e3b-9b37-c040c8276418_s.png
"Mangų ir aitriųjų paprikų padažas FELIX SPECIAL, 285 g",2.65,https://cdn.barbora.lt/products/a2952099-3ef1-46cd-941b-800ed61a8dd6_s.png
"Drėgnosios intymios higienos servetėlės GENTLE DAY, 10 vnt.",2.29,https://cdn.barbora.lt/products/7d01919e-eeba-48a8-b8cc-883159459b60_s.png
"Dantų pasta SENSODYNE COMPLETE PROTECTION, 75 ml",7.89,https://cdn.barbora.lt/products/cef37891-1648-4899-a281-187e8683366e_s.png
"Traškūs krekeriai ELEPHANT su druska, 80 g",0.93,https://cdn.barbora.lt/products/327dfc3a-f9a3-428a-ae71-ae6aa92c8e7f_s.png
"Sausas šunų ėdalas LOVETT su jautiena, 3 kg",4.99,https://cdn.barbora.lt/products/881cf053-7235-4307-ac6d-bee8e2a4a9c1_s.png
"Sausai marinuoti BRAZILIŠKI kiaulienos šoninės kepsneliai, 300 g",4.19,https://cdn.barbora.lt/products/b18f7ac0-d54e-462e-8eee-6945107ad0a8_s.png
"Baltyminis batonėlis MAXSPORT ROYAL, sausainių skonio, 60 g",1.79,https://cdn.barbora.lt/products/c3dcb56a-cabb-4a95-9844-1d3a95d91468_s.png
"Lęšių traškučiai ŽALGIRIS OHO!, krapų, laiškinių česnakų sk., 100 g",1.29,https://cdn.barbora.lt/products/e2c89580-852b-41cd-80a3-3fe0537464b5_s.png
"Higieniniai paketai ALWAYS Sensitive Normal Plus, S1, 20 vnt.",3.19,https://cdn.barbora.lt/products/55fc0584-9e40-4287-a96b-5780aa03f96e_s.png
"Karštai rūkytas KLAIPĖDOS saliamis, a.r., 500 g",3.99,https://cdn.barbora.lt/products/d9ed0d3f-1e97-4706-a1b4-95561e193e38_s.png
"Kūdikių šampūnas-prausiklis BALANCE 2in1, 240 ml",2.99,https://cdn.barbora.lt/products/d2271d65-1c29-425f-a50b-1057c1ad677b_s.png
"Kačių skanėstas AKINU su triušiena, 50 g",1.25,https://cdn.barbora.lt/products/c24c3c1d-511b-48c8-9a31-1adf84a6e0eb_s.png
"DAUMANTŲ šiupininė sriuba su šviežiais kopūstais, 460 g",2.49,https://cdn.barbora.lt/products/d4b3eafd-def4-4118-a5a2-83957f578480_s.png
"Sausainių rutuliukai SELGA su karameliniais traškučiais, 120 g",1.49,https://cdn.barbora.lt/products/d666307f-0a00-4e94-869f-86cdb0147e66_s.png
"Konservuotas šunų ėdalas FINE DOG su jautiena, 1200 g",4.99,https://cdn.barbora.lt/products/7f995087-12f0-4e6a-8471-7fbbe643a7d5_s.png
"DAUMANTŲ adžika, 260 g",1.65,https://cdn.barbora.lt/products/f04d6c84-3476-4a98-bb2a-62df1cdf6c07_s.png
"Sausas kačių ėdalas su paukštiena ARDOUR STERILISED, 800 g",4.99,https://cdn.barbora.lt/products/11148766-c326-4a6d-8280-281024a0a8b3_s.png
"Greitai paruošiama avižinė košė su avietėmis, 40 g",0.27,https://cdn.barbora.lt/products/3aee0be7-7acb-4f18-8c8d-bbe3c98c6222_s.png
"Užrišami šiukšlių maišai HOME EXPERT (35 l, 14 vnt.), 14 vnt.",1.89,https://cdn.barbora.lt/products/6975c567-cc70-4e80-b83e-af897662bd38_s.png
"Kvapnūs užrišami šiukšlių maišai HOME EXPERT (40 l), 12 vnt.",1.79,https://cdn.barbora.lt/products/89640c0e-5e24-4270-8ba8-8297acc4f34b_s.png
"Gabalinis tualetinis muilas PALMOLIVE MILK&ROSE, 90 g",0.59,https://cdn.barbora.lt/products/d91ea238-2eb9-4324-8942-b6effd0930fb_s.png
"Stiklinis indas maisto produktams laikyti UNIWELL, 800 ml, 1 vnt.",6.99,https://cdn.barbora.lt/products/28f5889a-7826-4ab1-8489-512dfa13f66a_s.png
"Ekologiškas ryžių ir kokosų gėrimas WELL DONE, 1 l",1.99,https://cdn.barbora.lt/products/a9b0de23-4d2b-4e4f-ad4f-a576d85317a2_s.png
"Bulvių traškučiai LAY'S MAX WAVY, tzatzikio skonio, 120 g",2.19,https://cdn.barbora.lt/products/9e767ef4-4fea-4701-9989-5b8818613364_s.png
"Brecelių gabaliukai HULIGAN HONEY MUSTARD SAUCE, 65 g",1.19,https://cdn.barbora.lt/products/5bb85db1-7717-4660-943e-f0f4d055aa72_s.png
"Granuliuoti svogūnai KOTANYI, 26 g",0.97,https://cdn.barbora.lt/products/5c811359-3207-4d95-9135-62362d2c2f34_s.png
"Lęšių traškučiai ŽALGIRIS OHO! su sūriu, 100 g",1.29,https://cdn.barbora.lt/products/a81ba4ac-4728-468e-b97f-db996a0dc429_s.png
"Delickcious™ Kreminiai skanėstai tuno skonio su alijošiumi. Pašaro papildas suaugusioms katėms, 60 gr",2.19,https://cdn.barbora.lt/products/9e1b1d47-c7ea-4636-82de-9338a5e73bce_s.png
"Saldūs pūsti ryžiai MORKŪNAS, 27 g",1.09,https://cdn.barbora.lt/products/67f7efd8-a714-4a4c-b26c-005dbb8283ab_s.png
"Duonos traškučiai BON CHANCE su sūriu ir česnakais, 120 g",1.99,https://cdn.barbora.lt/products/5e8eb2fd-dc92-49ea-b13d-e683062585f2_s.png
"Pieštukinis dezodorantas OLD SPICE Wolfthorn, 50ml",5.29,https://cdn.barbora.lt/products/f78bb617-4550-478e-8165-55193b59b1fc_s.png
"Konservuotas kačių ėdalas PERFECT FIT su vištiena, lašiša, 340 g",3.65,https://cdn.barbora.lt/products/d5e400a7-3d03-4875-a874-f488b9e944f7_s.png
"Gabalinis tualetinis muilas PALMOLIVE ALMOND & MILK, 90 g",0.59,https://cdn.barbora.lt/products/1d020e01-a098-4380-bfe3-6d4fa4730c32_s.png
"Skystasis muilas PALMOLIVE BLACK ORCHID, papildymas, 500 ml",1.95,https://cdn.barbora.lt/products/3bbac9f0-79cd-4a48-9aa1-d216327f7c38_s.png
"Brecelių gabaliukai HULIGAN CHEESE SAUCE, 65 g",1.19,https://cdn.barbora.lt/products/ec454172-bfe1-4029-8bd0-7454415605fc_s.png
ELSEVE  kondicionierius 400 ml,7.39,https://cdn.barbora.lt/products/4ce7d590-9b1d-4b51-b440-d82b436c4c43_s.png
"Higieniniai paketai ALWAYS Ultra Super Extra, S3, 14 vnt.",3.19,https://cdn.barbora.lt/products/7c884a49-918a-42d5-9fbe-8c933bc81702_s.png
"Ruošinys MAGGI IDEA bulvių apkepui su malta mėsa kepti, 42 g",0.49,https://cdn.barbora.lt/products/65c72f8a-2af9-4efa-9329-062f7022a537_s.png
"Mediniai dantų krapštukai, 200 vnt. Su kieta dėžute",0.49,https://cdn.barbora.lt/products/723871e2-01cf-4bf8-8b12-ee915aef059d_s.png
"Pievagrybių ir saulėje džiovintų pomidorų užtepėlė SKANOVĖ, 190 g",2.89,https://cdn.barbora.lt/products/15ad457e-5cd4-42e1-8efd-9462359771da_s.png
"Džiovintų baravykų užtepėlė SKANOVĖ, 190 g",3.29,https://cdn.barbora.lt/products/c30cec72-8144-4837-b843-90a1adc50bd7_s.png
"Konservuotas kačių ėdalas FRISKIES su jautiena, 4 x 85 g, 340 g",1.89,https://cdn.barbora.lt/products/71dc8833-a87c-469b-98af-b90dad455efd_s.png
"Trumų skonio bulvių traškučiai CHAZZ, 90 g",2.39,https://cdn.barbora.lt/products/9235fad4-0aea-4550-b6d9-4c65c06ff38b_s.png
"KĖDAINIŲ KONSERVŲ FABRIKO aštrios garstyčios, 190 g",1.59,https://cdn.barbora.lt/products/70329318-699f-4d28-9e83-9fbd64d2e433_s.png
"Traškučiai TAFFEL, grietinės ir svogūnų skonio, 130 g",2.09,https://cdn.barbora.lt/products/85bb9f85-d2e3-4d25-b5cd-1396c5b21d18_s.png
"Šaldyti kroketai WERNSING, 600 g",2.59,https://cdn.barbora.lt/products/2caa85d5-2f9b-40cb-b576-ea6818e30ffd_s.png
"Raudonėliai KOTANYI, 8 g",0.83,https://cdn.barbora.lt/products/3e8d171f-f8f3-474e-9eb5-a5b03c1e609f_s.png
"Bulvių košė MAGGI su grietinėle, 35 g",0.39,https://cdn.barbora.lt/products/2c7d4d8f-ce36-457c-8ce0-eabdae63dab7_s.png
"Vytintas JUBILIEJAUS kumpis, a. r., 70 g",2.99,https://cdn.barbora.lt/products/09d919ed-e439-4f3c-a60d-ba05db2aa6fc_s.png
ECODENTA gaivinamoji dantų pasta nuo apnašų su spanguolių ekstraktu 100 ml,3.65,https://cdn.barbora.lt/products/02a0e7c1-130a-4f9c-a524-a668f7e62a70_s.png
"Ekologiškas daržovių sultinys MAGGI, 80 g",1.49,https://cdn.barbora.lt/products/ad29a356-bf5a-4d6b-baf6-b916ac1eee1b_s.png
"Gabalinis tualetinis muilas PALMOLIVE HYGIENE PLUS ALOE VERA, 90 g",0.59,https://cdn.barbora.lt/products/6c7dab87-fd19-4b68-a697-8faf0090de1d_s.png
"Konservuotas kačių ėdalas LOVETT su įvair. rūšių žuvimi, 400 g",1.79,https://cdn.barbora.lt/products/704ead63-c956-44a2-9bd4-3051ba145d26_s.png
"Virta KLASIKINĖ dešra, a. r., 400 g",2.49,https://cdn.barbora.lt/products/9a2b4e34-858c-455f-a946-ffee9ab46a9e_s.png
"Humusas SKANOVĖ, 160 g",2.59,https://cdn.barbora.lt/products/d47adc2b-3738-47c6-8d60-4c7e5ea331de_s.png
"KARALIŠKAS pomidorų padažas su džiovintais pomidorais, 500 g",2.29,https://cdn.barbora.lt/products/bd1a4700-35b2-4498-a4ea-99eab2e2d14d_s.png
"ŠEIMININKĖS užtepėlė su kietuoju sūriu, 58 % rieb., 280 g",1.99,https://cdn.barbora.lt/products/97470950-4bc4-42d3-8506-e9f4a8c1fcd5_s.png
"Club 4 Paws Premium su ėriena padaže. Visavertis konservuotas pašaras suaugusiems mažų veislių šunims, 4 x 85 g",2.29,https://cdn.barbora.lt/products/9731bd9a-a428-4367-988d-450ae82b55c3_s.png
"Juodosios alyvuogės be kauliukų EXTRA LINE, 880 g",3.39,https://cdn.barbora.lt/products/27fd86d3-c1fa-4ae8-8fbe-55ee6aff3606_s.png
"Eko. raudon. pupelės WELL DONE, 425g, 425 g",1.69,https://cdn.barbora.lt/products/c2263ebb-bbd3-4652-95fa-a0298416d758_s.png
"Bulvių traškučiai TAFFEL, sūrio skonio, 130 g",2.09,https://cdn.barbora.lt/products/6e8af742-0d5f-468d-9ca9-6693b8ddb14d_s.png
"Delickcious™ Krevečių skonio sardinių sriuba moliūgais. Visavertis konservuotas pašaras suaugusioms katėms, 80 gr",1.79,https://cdn.barbora.lt/products/2785483f-8fda-49c7-9893-18ae1ae117b6_s.png
"Margosios pupelės SKANĖJA, 500 g",1.19,https://cdn.barbora.lt/products/a452274a-3fb4-4e00-a57b-32e08f663500_s.png
"Šunų skanėstas PRIMADOG su ėriena ir lašiša, 80 g",3.65,https://cdn.barbora.lt/products/31f5b670-62b0-488d-a64b-359bf69a2c0a_s.png
"Šerbetas AURUM, arbūzų skonio, 85 g",0.89,https://cdn.barbora.lt/products/76ce8261-d343-4c1c-b852-04786fd2da10_s.png
"Bulvių traškučiai TAFFEL, svogūnų ir keptos mėsos skonio, 130 g",2.09,https://cdn.barbora.lt/products/88e2bfff-5b0d-462e-a90d-3111314d7283_s.png
"Sausas mažų veislių šunų ėdalas su ėriena ARDOUR, 1.5 kg",7.99,https://cdn.barbora.lt/products/060f25bb-314a-483a-94b3-5bb54d6b9771_s.png
"Sausas šunų ėdalas su paukštiena ARDOUR ADULT, 1.5 kg",7.99,https://cdn.barbora.lt/products/a0d2d073-5272-476e-8939-1c6af89670c6_s.png
"Sausas kačių ėdalas WHISKAS SENIOR su vištiena, 800 g",4.19,https://cdn.barbora.lt/products/346ff833-f2a1-4a3b-b595-f1d15fc068af_s.png
"Baltyminės šunų lazdelės PAPKY kailiui ir odai, 120 g",1.09,https://cdn.barbora.lt/products/341d45a0-776f-4720-8af6-90317349fad9_s.png
"Skystojo muilo papildymas PALMOLIVE SENSORIAL ESCAPE LEV&B., 500 ml",2.09,https://cdn.barbora.lt/products/e1bdb82d-f2dd-4a87-bd25-d80fafbe8f30_s.png
"Korėjietiški marinuoti kopūstai-kimčiai HOSAN, 160 g",4.99,https://cdn.barbora.lt/products/ebaf0fb7-db26-44ab-8856-064866510ae5_s.png
"SKIN627 lakštinė veido kaukė stangrinamoji su retinoliu ir perlais, 22 ml",1.59,https://cdn.barbora.lt/products/4b94e850-4812-47b9-95f8-493615f859d7_s.png
"Saldžiarūgštis padažas BUGA'S ZERO, 360 g",3.19,https://cdn.barbora.lt/products/6933223a-6c48-4494-85a0-178f704dc682_s.png
"Sausainiai GAIDELIS KLASIKA MINI, 380 g",1.19,https://cdn.barbora.lt/products/11b94bf3-23c3-4425-8dea-33880205893c_s.png
NIVEA MEN ANTI DANDRUFF šampūnas nuo pleiskanų vyrams ,4.79,https://cdn.barbora.lt/products/ff3ed2ec-198a-4e1a-b06d-ac3aa632b14c_s.png
"Kačių skanėstas DREAMIES su antiena, 60 g",1.95,https://cdn.barbora.lt/products/61b4d7b9-aa04-4826-b508-ca10be714d77_s.png
"Skystasis muilas NIDA su medaus ir migdolų ekstraktu, 500 ml",1.29,https://cdn.barbora.lt/products/5bab53f7-cb93-4853-a1d6-87a008aadd4e_s.png
"Vingiuotai pjaustyti bulvių traškučiai ESTRELLA, šoninės sk., 130 g",2.35,https://cdn.barbora.lt/products/cd0e1795-ee3b-4bb2-97d5-00367e2285bd_s.png
"Ekologiškas migdolų gėrimas WELL DONE, 1 l",1.99,https://cdn.barbora.lt/products/ba9e7aae-b8a4-4870-b42c-f1e5d6753a1a_s.png
"Citrinomis įdarytos alyvuogės EXTRA LINE, 270 g",1.24,https://cdn.barbora.lt/products/5c7e5fe2-2f53-4254-ab5e-86bfc42d0da6_s.png
"Cukrus kubeliais WELL DONE, 500 g",0.99,https://cdn.barbora.lt/products/6cc89400-fa04-4cab-a145-b180214c3cb1_s.png
"Vištienos padažas MAGGI, terijakio skonio, 65 g",0.69,https://cdn.barbora.lt/products/34932cf2-28b6-4221-bcfa-7931c4d2da2a_s.png
"Marinuoti burokėliai Kėdainių konservų fabrikas, 480 g",1.89,https://cdn.barbora.lt/products/701c096b-a9d0-41c6-9222-f29ff2d0d41c_s.png
"Karštai rūkyta pjaustyta SAMSONO skilandinė dešra, A. r., 100 g",1.89,https://cdn.barbora.lt/products/316fe3d0-d769-4796-8ca9-00b6f131db57_s.png
"Vienkartiniai skustuvai GILLETTE II, 5 vnt.",1.89,https://cdn.barbora.lt/products/d4817ff6-fbb6-4d00-b340-9b775de142c6_s.png
"Marinuotos paprikos SPILVA, 650 g",3.45,https://cdn.barbora.lt/products/8002ebed-8644-4d77-be1d-5b811f562294_s.png
"Langų valiklis CLIN ANTI-FOG, 500 ml",2.09,https://cdn.barbora.lt/products/e0fb0c9b-56e8-439d-94db-494f6f3b12a8_s.png
"Baltyminės šunų lazdelės PAPKY su žarnokais, 120 g",1.09,https://cdn.barbora.lt/products/adad36ee-2931-424a-9d25-3026fd79799a_s.png
"Vingiuotai pjaustyti traškučiai ESTRELLA, sūrio skonio, 130 g",2.35,https://cdn.barbora.lt/products/ec5c7344-3ae1-4f51-a918-af25eda76d36_s.png
"Dantų pasta JORDAN „SENSITIVE“, 75 ml",2.99,https://cdn.barbora.lt/products/e0bc233a-ad6a-400d-9ced-736b57cc969c_s.png
"Šunų skanėstas lazdelės LOVETT su jaut.,12 vnt., 108 g",1.09,https://cdn.barbora.lt/products/95055874-b4ab-4f8c-a4c9-df5c3c200137_s.png
"Konservuotas kačių ėdalas LOVETT su žuvimi, 415 g",0.75,https://cdn.barbora.lt/products/eaf76ef8-b836-4f1e-9b4a-5d60548d265a_s.png
"SUSLAVIČIAUS salotų padažas su alyvuogių aliejumi, 320 g",1.95,https://cdn.barbora.lt/products/9a0bf0a4-9e2d-4a9b-bc82-cb94c18a3597_s.png
"Šunų skanėstas AKINU su antiena, 120 g",2.45,https://cdn.barbora.lt/products/50d87a89-3256-4c04-a8d5-23f88708c012_s.png
"Spraginti karamelizuoti kukurūzai MR.CHECK, 200 g",1.29,https://cdn.barbora.lt/products/4423de2b-e65c-4b91-a32f-0a08e0579988_s.png
"Sūdyta silkių filė su žolelėmis, be aliejaus WELL DONE, 190 g",2.29,https://cdn.barbora.lt/products/7fc6b9fd-0e41-426e-9480-677474941524_s.png
"Migdolų kvapo skystas muilo papildymas, DIVUS, 1L",1.99,https://cdn.barbora.lt/products/0d156ead-8137-4f32-a5fe-bd0c0f3cdf3d_s.png
"Dantų pasta PARODONTAX CLASSIC, 75 ml",3.95,https://cdn.barbora.lt/products/095b2a1f-d886-4c52-aee2-3d22eb938879_s.png
"Marinuoti kelmučiai MIKADO, 530 g",3.79,https://cdn.barbora.lt/products/8d6069c9-7b93-4d6e-a986-d51f7693fe13_s.png
"Laiškiniai česnakai KOTANYI, 5 g",0.83,https://cdn.barbora.lt/products/ba571e4d-7ea6-42f4-8b34-cf5ac54581ad_s.png
"Konservuotas kačių ėdalas FRISKIES su lašiša, 4 x 85 g, 340 g",1.89,https://cdn.barbora.lt/products/b612f97f-e9bc-4674-8991-31011ad58bfb_s.png
"Šunų kramtalai LOVETT TWISTER su paukšt. (6 vnt.), 120 g",1.09,https://cdn.barbora.lt/products/8ca34806-c0d6-46f9-9bef-4831f310e80e_s.png
"Dantų pasta COLGATE CAVITY PROTECTION, 75 ml",1.79,https://cdn.barbora.lt/products/86a9d983-3319-4896-b6e4-67ab8f590f1a_s.png
"Lukštentos saulėgrąžos WELL DONE, 500 g",1.59,https://cdn.barbora.lt/products/062bc5f5-e7e0-4140-9542-01b220853b5c_s.png
"Saliamio griežinėliai su pipirais WELL DONE, 50 g",0.79,https://cdn.barbora.lt/products/26b65a76-57f3-4a53-b8ff-4d9b3e1dfded_s.png
"Lupti, smulkinti pomidorai MUTTI, FILETTI, 400 g",2.79,https://cdn.barbora.lt/products/504dcf73-d5f2-48d2-9f0b-32a27ccd6f98_s.png
"Trijų grūdų dribsniai SKANĖJA, 400 g",0.51,https://cdn.barbora.lt/products/2daf5236-018a-4d45-812a-df1731e5aeab_s.png
"Konservuoti baklažanai STORKO, 540 g",2.49,https://cdn.barbora.lt/products/a93808e5-c5cc-44ff-bc1c-04d2d29c8d35_s.png
"Tabasko padažas TABASCO, 60 ml",3.29,https://cdn.barbora.lt/products/a6a64424-97c3-482c-bac8-fc894f1dbc89_s.png
"Ekologiška mangų tyrelė PONN (nuo 4 mėn.), 100 g",1.09,https://cdn.barbora.lt/products/1c573d1d-1967-4744-b5cd-0baf862a416b_s.png
"MARGARITOS KAKĖS MAKĖS vonios putos vaikams, 250 ml",2.89,https://cdn.barbora.lt/products/f2896126-2620-425d-9d2c-f12e516ef1e9_s.png
"Šaltai rūkyta SAMSONO dešra, a. r., 200 g",2.99,https://cdn.barbora.lt/products/08d478fd-a1cd-4df6-a8dd-5e6a481420f5_s.png
"Duonos traškučiai BON CHANCE su česnakinių prieskon. mišiniu, 240 g",2.99,https://cdn.barbora.lt/products/84b8352c-4aa1-4f51-a3b2-45df7935b206_s.png
"Česnakinis majonezinis padažas WOWMAMA, 40 % rieb., 440 g",2.79,https://cdn.barbora.lt/products/bbef0591-a8fc-4bfd-8baa-087d0b867962_s.png
"Mini avinžirnių trapučiai su vingrūnėmis USTUKIŲ MALŪNAS, 70 g",1.69,https://cdn.barbora.lt/products/faa49721-c2ec-4b3b-8ec3-3de9f9d02e26_s.png
"Intymiosios higienos prausiklis NEUTRAL, 250 ml",3.99,https://cdn.barbora.lt/products/b95779af-60a8-4abd-bca4-ef7097001db1_s.png
"Konservuotas šunų ėdalas FINE DOG su antiena, 1200 g",4.99,https://cdn.barbora.lt/products/87c696ad-34c1-4765-a91d-a9776e0aabff_s.png
"Ekologiškas avižų gėrimas be pridėtinio cukraus WELL DONE, 1 l",1.99,https://cdn.barbora.lt/products/939fbc21-08ee-4e96-82b1-cb1fc041ffa6_s.png
"Dantų pasta COLGATE TRIPLE ACTION, 75 ml",2.39,https://cdn.barbora.lt/products/c3589ef0-2c91-417d-8fa4-79f88d0486a5_s.png
"Kukurūzų traškučiai SANTA MARIA, aitriųjų paprikų skonio, 185 g",2.59,https://cdn.barbora.lt/products/948d4357-c7d3-4e4a-b2b9-955f4308c15c_s.png
"Graužikų šienas su morkomis ir petražolėmis PET EXPERT, 450 g",2.49,https://cdn.barbora.lt/products/269b4890-6593-4896-8ac7-fc9c58e4b106_s.png
Traškučiai TAFFEL aitriųjų papr. ir citrus. vaisių sk. 130 g,2.09,https://cdn.barbora.lt/products/bea9c89a-9200-4991-9f62-25f305227d5c_s.png
"FELIX padažas TŪKSTANTIS SALŲ, 375 g",2.35,https://cdn.barbora.lt/products/1553f22a-d27b-4e95-8889-1e93d55c0494_s.png
"Aliuminio folija UNIWELL, 10 m x 29 cm",1.99,https://cdn.barbora.lt/products/b4dc863a-ed6f-4fd5-98f5-b8d0cd98cc1f_s.png
"Baltyminis batonėlis MAX SPORT, juodųjų serbentų skonio, 60 g",1.99,https://cdn.barbora.lt/products/472859a9-b7e5-4473-97e8-50128cfd1671_s.png
"Ekologiškas datulių sirupas AMRITA, 250 ml",5.65,https://cdn.barbora.lt/products/2e1d410f-7f81-48f3-95f7-e55e9c4fdf60_s.png
"Virta rūkyta BAJORŲ kumpinė dešra vakuume, a. r., 400 g",2.79,https://cdn.barbora.lt/products/4c07b405-33ca-4ec9-8989-7a27cac93b6c_s.png
"Vidutinių papūgų lesalas PET EXPERT, 800 g",1.99,https://cdn.barbora.lt/products/f2daf940-4cc2-4524-95ff-53ee2ce16c5f_s.png
"Pomidorų padažas SANTA MARIA TEX MEX su ananasais, 230 g",3.19,https://cdn.barbora.lt/products/dd65ead7-9a3e-4931-bded-54eb71e1dc0b_s.png
"Abrikosų džemas SKANOVĖ, 540 g",3.55,https://cdn.barbora.lt/products/62b3aacd-9ebb-4563-ac56-3a13f9b56233_s.png
"Vyriškas kūno ir plaukų prausiklis NIVEA MEN SPORT, 250 ml",4.19,https://cdn.barbora.lt/products/5da34525-876e-45b9-8db1-d9b62b95994c_s.png
"Sojų padažas SAITAKU TAMARI, 150 ml",3.19,https://cdn.barbora.lt/products/e7cbddae-a1c7-4609-957d-14be309861c7_s.png
"Graikiškos žaliosios alyvuogės ANIRA be kauliukų, 820 g",4.99,https://cdn.barbora.lt/products/a8e2b021-828d-412e-b099-059f4c94e5dc_s.png
"KLASIKINIS kepsnių padažas HEINZ, 480 g",4.59,https://cdn.barbora.lt/products/38646826-82df-4a31-884e-b8d72bc808a3_s.png
"Gabalinis tualetinis alyvuogių muilas PAPOUTSANIS, 125 g",1.45,https://cdn.barbora.lt/products/ef9a734c-d282-4863-89d7-9587c44b2208_s.png
"Speltos kviečių kruopos SKANĖJA, 400 g",0.71,https://cdn.barbora.lt/products/3720aa6d-940e-4590-904e-fef8c15284d6_s.png
"Juodos duonos traškučiai BON CHANCE su česnak. priesk.mišin., 120 g",1.99,https://cdn.barbora.lt/products/05856524-b23b-429b-980a-06fa8869a819_s.png
"KĖDAINIŲ KONSERVŲ FABRIKO klasikinis kečupas, 1 kg",3.99,https://cdn.barbora.lt/products/07a1795d-feb6-450f-a5ef-6278621abe9e_s.png
"Kūno kremas BIODERMA, 500 ml",19.99,https://cdn.barbora.lt/products/2bcd8024-f8c0-4e07-991f-883d851356c7_s.png
"Kačių ėdalas FELIX FANTASTIC su lašiša, 85 g",0.72,https://cdn.barbora.lt/products/fcc55f3b-6965-40b8-b44b-f7bc5f93fbbc_s.png
"Visavertis sausas kačių ėdalas su paukštiena, 1 kg",1.45,https://cdn.barbora.lt/products/9208aa56-401c-4703-86d5-1732ab6722c3_s.png
"SKIN627 lakštinė veido kaukė maitinamoji su keramidais ir pantenoliu, 22 ml",1.59,https://cdn.barbora.lt/products/73cbaaf5-f342-4cd8-a495-d4dabab9feb7_s.png
"Šviežias sūris ROBIOLA NONNO NANNI, 74 % rieb. s. m., 100 g",1.59,https://cdn.barbora.lt/products/a7d40a72-e4b0-4c5f-9bbf-be8f75577d62_s.png
"Traškučiai OHO! su aitriosiomis paprikomis, 60 g",0.65,https://cdn.barbora.lt/products/0a484ae5-4ba9-40ac-8a01-908a17459fb9_s.png
"Skystasis muilas NIDA su gintaro ekstraktu, 500 ml",1.29,https://cdn.barbora.lt/products/67174b77-996e-4bf0-835e-3fd6784265c6_s.png
"Skystasis muilas GREEN FEEL'S, 400 ml",1.65,https://cdn.barbora.lt/products/9349fab6-a45e-486e-8986-e7a43f29324c_s.png
"Intymios higienos prausiklis NIDA su gintaro ekstraktu, 500 ml",2.99,https://cdn.barbora.lt/products/79edb33d-e65e-4f96-a736-3636ebdba87f_s.png
"Barbekiu padažas SANTA MARIA (dūmų kvapo), 365 g",4.79,https://cdn.barbora.lt/products/6cc3b3ec-0239-4f99-81be-63ac87ea1e00_s.png
"Šunų užkandis AKINU su jautiena, 75 g",2.09,https://cdn.barbora.lt/products/40553b96-67b8-438a-bba1-67af521c51c5_s.png
"Kečupas KLASIKINIS KKF, 550 g",2.65,https://cdn.barbora.lt/products/6a85d6a8-5243-4866-9ba1-17bec35b62e7_s.png
"Konservuotas šunų ėdalas su paukštiena HAPPY TAILS, 1250 g",1.29,https://cdn.barbora.lt/products/32b50f43-8f04-4560-b35d-59998facfc18_s.png
"Bulvių traškučiai ALFREDO'S su druska, 130 g",1.99,https://cdn.barbora.lt/products/324245f3-e7d4-4a37-ad90-e241c5325209_s.png
"Kukurūzų užkandis CHEETOS, sūrio ir kečupo skonio, 165 g",2.59,https://cdn.barbora.lt/products/a1f34cfa-08bc-4f72-bfe8-957206a9375e_s.png
"Vištienos juostelės, paniruotos, keptos, 350 g",3.19,https://cdn.barbora.lt/products/161fab3f-2129-454e-a928-d71a0ac164c1_s.png
"Saldus aitriųjų paprikų majonezinis padažas SANTA MARIA, 250 ml",4.19,https://cdn.barbora.lt/products/8d7c72b4-8622-4df4-9dd7-ab76bba96222_s.png
"Dantų pasta SENSODYNE FLUORIDE, 75 ml",5.79,https://cdn.barbora.lt/products/ba26992a-e6c8-4ae5-b05e-3d6c463df3d6_s.png
"Aviečių uogienė SKANOVĖ, 900 g",5.19,https://cdn.barbora.lt/products/a1dda9b4-1afd-4589-b2eb-27ad1ee9e5ba_s.png
"Dantų šepetėlis JORDAN CLEAN BETWEEN ULTRA SOFT, 1 vnt.",2.69,https://cdn.barbora.lt/products/315411d3-9147-4dda-8530-d05e447f7d08_s.png
NIVEA BLACK&WHITE CLEAR rutulinis antiperspirantas moterims ,2.85,https://cdn.barbora.lt/products/cc59f7d5-71d2-454b-ad39-e4ae2ab3c460_s.png
"Konserv. visavertis kačių ėdalas SHEBA CUISINE su lašišomis, 85 g",0.89,https://cdn.barbora.lt/products/f9142e7a-20ec-42c0-b699-2554f11419c7_s.png
"Švelnus SUSLAVIČIAUS pomidorų padažas su 5 rūšių žolelėmis, 500 g",2.65,https://cdn.barbora.lt/products/30d05206-fc2a-449e-be19-758a231e2dbd_s.png
"„Pedigree Biscrok“ šunų sausainiai, 500 g",4.49,https://cdn.barbora.lt/products/c1c00811-c156-4d2c-8869-78bcd673d27d_s.png
"Šunų skanėstas ADVENTUROS (gabaliukai), 90 g",1.99,https://cdn.barbora.lt/products/b013b78e-fce0-411d-8091-23c44b173560_s.png
"Micelinis vanduo BIODERMA, 500 ml",16.59,https://cdn.barbora.lt/products/3f08b3a8-5df5-4637-8f86-82c001dec3af_s.png
"Vienkartinės lėkštės ILAJA WHITE, 23cm, 40 vnt.",2.49,https://cdn.barbora.lt/products/ed3916d4-72bd-4796-af7d-5e0a38c2a498_s.png
"Vienkartiniai puodeliai ILAJA CRAFT,300ml 20vnt.",2.49,https://cdn.barbora.lt/products/71ca9f79-ea28-40ac-83d1-550d907427fa_s.png
"Vyšninės paprikos HELCOM, įdarytos sūriu, aliejuje, 260 g",3.99,https://cdn.barbora.lt/products/4aeff832-4f6e-406c-a3e1-099ac9c829bd_s.png
"Graužikų pašaras COMPLETE MENU, 350 g",2.49,https://cdn.barbora.lt/products/44f7628e-b038-4bbd-9dde-adaa09522b32_s.png
"Atšildytos krevetės WD, 30/40, virtos, 300 g",3.49,https://cdn.barbora.lt/products/e87a13cc-052d-4b63-a9c8-11d0ce4c2629_s.png
"Makaronų ruošinys MAGGI CARBONARA, 30 g",0.49,https://cdn.barbora.lt/products/5f12ac77-c131-4693-9f1c-663e19ae5bc5_s.png
"Pomidorai MUTTI, DATTERINI, 400 g",2.49,https://cdn.barbora.lt/products/63edba3c-35a6-4a2e-af04-8cf01928e76d_s.png
"Vytinta KLEBONIŠKA jautienos dešra, a. r., 200 g",4.35,https://cdn.barbora.lt/products/af4ad3c7-7b48-4279-8b8e-0c4ff02a3360_s.png
"Rausvas majonezinis padažas MAYO, 27 % rieb., 480 g",1.59,https://cdn.barbora.lt/products/494dcd11-95a5-4df6-be6c-e5a8d7b255f8_s.png
"Šunų skanėstas PRIMADOG su kalakutiena ir stirniena, 80 g",3.65,https://cdn.barbora.lt/products/66e9fcf4-8ae1-426f-8697-eb80d48525c5_s.png
"Valgomieji ledai AURUM, kramtomosios gumos skonio, 72 g",0.89,https://cdn.barbora.lt/products/5f96db9e-4dc2-412e-9f5f-fede4730024e_s.png
"Kačių ėdalas FELIX TASTY SHREDS su įvair. žuvimis, 4 x 80 g, 320 g",2.59,https://cdn.barbora.lt/products/c58553d4-e60d-424f-942f-2aaaace9ddf2_s.png
"Marinuotos cukinijos su paprikomis, 170 g",1.49,https://cdn.barbora.lt/products/211934d4-fadf-410c-b6bb-04aba131053a_s.png
"Konservuotas šunų ėdalas ARDOUR su aviena ir jautiena, 400 g",2.49,https://cdn.barbora.lt/products/a830e034-44bf-4d80-9f32-4595755ac8b0_s.png
"Anakardžiai WELL DONE, 200 g ",2.49,https://cdn.barbora.lt/products/3dd57490-7fb5-4af4-86ac-bc058dcb690a_s.png
"Amerikietiškų bulvyčių prieskoniai KOTANYI, 30 g",0.83,https://cdn.barbora.lt/products/494fe441-5c14-4052-bacf-add54f9030ff_s.png
"Septynių grūdų dribsniai SKANĖJA, 400 g",0.69,https://cdn.barbora.lt/products/95ac13cb-ab19-45df-b256-8d48f5c4a4c4_s.png
"Gabalinis tualetinis muilas PALMOLIVE BLACK ORCHID, 90 g",0.59,https://cdn.barbora.lt/products/cad00446-02d9-490f-9290-8922d3dbb4ab_s.png
"Padažo AMERICAN RANCH mišinys SANTA MARIA TEX MEX, 14 g",1.39,https://cdn.barbora.lt/products/c4f1d717-aa8c-4a08-a34c-f4e434f49b8f_s.png
"Vasabių pasta AJI, 43 g",2.59,https://cdn.barbora.lt/products/952ef6f1-4d5c-4903-96f1-25d468953adc_s.png
"Austrių skonio padažas AJI, 200 ml",2.25,https://cdn.barbora.lt/products/c588b955-cc84-4f19-b86e-342d7dc750f9_s.png
"Traškučiai PRINGLES, druskos ir acto skonio, 165 g",2.99,https://cdn.barbora.lt/products/a5594e48-576d-4894-8d8d-eafe819f60c1_s.png
"Konservuotas kačių ėdalas PERFECT FIT MIX, 340 g",3.65,https://cdn.barbora.lt/products/8455e30e-8a6f-4ab4-96f7-4a04cd8e0e1d_s.png
"Kukurūzų traškučiai TAFFEL PIZZA BALLS, picos skonio, 110 g",2.19,https://cdn.barbora.lt/products/fbddeca9-78b8-4ae3-a90d-170582e7f8d2_s.png
"Vytinta kiaulienos nugarinė GO SNACK, pjaustyta, 160 g",3.99,https://cdn.barbora.lt/products/13b827ba-e3ed-498a-9985-02ad64ba4e54_s.png
" Kavos filtrai, 80 vnt., UNIWELL",1.99,https://cdn.barbora.lt/products/97dc05f9-421f-42c6-83bd-d043653ca768_s.png
"Griežinėliais pjaustyta WELL DONE vytinta dešra FUET EXTRA su iberiška kiauliena, nerūš., 70 g",2.99,https://cdn.barbora.lt/products/5dde8c0b-8718-458d-9d90-05a306e404ad_s.png
"Sojų padažas KIKKOMAN su dalytuvu, 150 ml",4.69,https://cdn.barbora.lt/products/e5a8c7c2-9b56-4ae1-8760-522894cb45f3_s.png
"Žaliosios alyvuogės ITLV su omarų įdaru, 300 g",2.49,https://cdn.barbora.lt/products/5b38e734-ad9a-474f-b8ce-0211843107e5_s.png
"Provanso žolelės KOTANYI, 17 g",0.83,https://cdn.barbora.lt/products/632a8d28-cfc7-49db-ad33-1d1b845413b7_s.png
"Drėgnosios servetėlės PURE 3-IN-1 (makiažui valyti), 25 vnt.",1.55,https://cdn.barbora.lt/products/c2af3fc3-e4e9-42ca-85a9-20b6e0b5959d_s.png
"Vyšniniai pomidorai COPPOLA (POMODORINI) savo sultyse, 400 g",1.89,https://cdn.barbora.lt/products/5e22ea50-d998-48b3-8641-7b5f780da344_s.png
MARGARITA Kreminis rankų muilas su migdolų ir ramunėlių ekstraktais PAPILDAS 400ml,2.99,https://cdn.barbora.lt/products/012005c2-ebd0-401e-b5e2-56902c5dc99b_s.png
"Gr. par. bulvių košė su rūkyt. kiauliena ir skrebučiais, 53 g",0.84,https://cdn.barbora.lt/products/1cc38774-3e21-43a0-a6ec-e17852b183a9_s.png
"Šunų skanėstai su jautiena PEDIGREE RODEO, 123 g",2.19,https://cdn.barbora.lt/products/8d1888c2-b54c-49c9-b2b7-1153987ecdac_s.png
"Vafliai SELGA su vanilės skonio įdaru, 180 g",0.95,https://cdn.barbora.lt/products/f8fbfe7d-83eb-41aa-8802-e30406d27092_s.png
"Sėklų traškiai su svogūnais ir grietine MON AMI, 135 g",2.09,https://cdn.barbora.lt/products/5f96d94b-ab1b-46eb-a06b-77d26da18975_s.png
"Viščiukų mažoji filė MORLINY, barstyta džiūvėsėliais, 350 g, 350 g",3.25,https://cdn.barbora.lt/products/c5d44851-10c3-4edb-9982-7e32d780350f_s.png
"Ypač tyras alyvuogių al. stik. but. E. V. WELL DONE, 250 ml",2.76,https://cdn.barbora.lt/products/0b3c79a7-8c46-4868-a267-cdea061ed09e_s.png
"Graužikų pašaras PET EXPERT, 350 g",2.49,https://cdn.barbora.lt/products/50851898-5d35-4727-9af1-3a9e2b5ea8ad_s.png
"Ekologiškas natūralus kviečių seitanas, 200 g",2.29,https://cdn.barbora.lt/products/c4107434-13e2-4e45-9351-fe842317db50_s.png
"Sausainiai OREO POKEMON su mėlynių ledų skonio kremu, 110,4 g",1.49,https://cdn.barbora.lt/products/a19f9753-d852-4be6-bd48-7b37da0cef08_s.png
"Graužikų šienas su ramunėlėms PET EXPERT, 450 g",2.49,https://cdn.barbora.lt/products/1ff572b8-0e7b-4639-9e61-48d38f4ea75e_s.png
"Saulėgrąžos su druska WELL DONE, 150 g",0.83,https://cdn.barbora.lt/products/08225b71-0c87-40ec-bbe7-54f54d888793_s.png
"Šaltai rūkytas BAJORŲ kiaulienos kumpis, kaimiško sk., I r., 1 kg",6.59,https://cdn.barbora.lt/products/f36aafc6-4aa1-4357-89c3-f8b4c0dec291_s.png
"Medvilniniai ausų krapštukai JOHNSON'S BABY, 100 vnt., 100 vnt.",2.89,https://cdn.barbora.lt/products/cdc307c2-b017-4ece-b81f-cdcdbfb9d43b_s.png
"Traškučiai PRINGLES, grietinės ir svogūnų skonio, 70 g",1.79,https://cdn.barbora.lt/products/c101ed2a-7f29-4247-9dae-61be877911d5_s.png
ECODENTA ypač gaivi ir remineralizuojanti dantų pasta su Vytautas mineraliniu vandeniu 100 ml,5.29,https://cdn.barbora.lt/products/34112ae8-05d4-4499-83e2-e684e301cbf4_s.png
"Pica su vištiena, pomidorais ir svogūnais, 165 g",1.19,https://cdn.barbora.lt/products/9e327b5b-b6d0-4950-bf17-e8e5f3bdf449_s.png
"Konservuotas šunų ėdalas LOVETT su paukštiena ir jautiena, 400 g",1.89,https://cdn.barbora.lt/products/1786a1dd-8d62-4693-8c5d-9f3339064102_s.png
"Krekeriai su čederiu, 100 g",1.89,https://cdn.barbora.lt/products/bb196989-fbee-455a-b6d7-e0b21ca8c68d_s.png
"Tirpi pievagrybių sriuba MAGGI 5 MINUTES su skrebučiais, 16 g",0.29,https://cdn.barbora.lt/products/a4c27593-7ca2-4867-8a70-fe283a5d5f08_s.png
"Krekeriai TUC MINI, rūkyto bekono skonio, 100 g",1.69,https://cdn.barbora.lt/products/1a97e2c5-48c5-48d6-98e3-c55b14bda896_s.png
"Higieniniai paketai NATURELLA Ultra Normal, S1, 40 vnt.",4.35,https://cdn.barbora.lt/products/405090a7-a636-4992-86ac-b95656b02330_s.png
"Dantų šepetėlis SENSODYNE DEEP CLEAN SOFT, 1 vnt.",3.89,https://cdn.barbora.lt/products/27d4d12e-54ed-44a2-9e1f-8902fb9866eb_s.png
"ECODENTA daugiafunkcis burnos skalavimo skystis su šalavijų, alavijų ekstraktais ir mėtų aliejumi 500 ml",5.55,https://cdn.barbora.lt/products/0bdf729e-7fcf-438a-8c5f-bb17e1078638_s.png
"Vonios druska AQUA AMBER 7 ŽOLĖS, 500 g",1.59,https://cdn.barbora.lt/products/c5241cf5-9f66-49d2-85da-ed9e0cc7066a_s.png
"Vytinti KLEBONIŠKI jautienos šiaudeliai, a. r., 100 g",2.79,https://cdn.barbora.lt/products/3607a200-913a-406f-9e39-7fe182d77392_s.png
"Vaikų šampūnas-prausiklis NEUTRAL KIDS, 250 ml",3.89,https://cdn.barbora.lt/products/7b58fcec-975e-47ee-b42a-63fca2f9c97c_s.png
"Saulėgrąžos WELL DONE, sūrio skonio, 150 g",0.83,https://cdn.barbora.lt/products/5e4bc720-f975-419c-90ca-1181f43d63e7_s.png
"Kačių skanėstas DREAMIES su lašiša ir sūriu, 60 g, 60 g",1.95,https://cdn.barbora.lt/products/1be65797-89de-4008-aad1-d5011d902f89_s.png
"Marinuoti viščiukų sparnelių peteliai BBQ WELL DONE, 500 g",2.29,https://cdn.barbora.lt/products/3a791d61-4ff6-4ec9-b063-44f03b410cbf_s.png
"Šanchajaus kiniški PASAULIO PUODAI koldūnai su kiauliena, 700 g",4.79,https://cdn.barbora.lt/products/a4d78422-d41c-40c2-819c-b2999bf6e655_s.png
"Skustuvo galvutės GILLETTE FUSION, 4 vnt.",20.79,https://cdn.barbora.lt/products/7fe8d82d-e0eb-4e2a-8aba-5ce153662173_s.png
"Marinuoti burokėliai, 500 g",1.29,https://cdn.barbora.lt/products/19383e3d-6eeb-4c39-838b-a795e63410d7_s.png
"Higieniniai įklotai NATURELLA Camomile Light, 100 vnt.",3.65,https://cdn.barbora.lt/products/eb1f9f81-3e37-43cd-90cb-784586283ca8_s.png
ECODENTA daugiafunkcė dantų pasta su 7 žolelių ekstraktų 100 ml,3.65,https://cdn.barbora.lt/products/992c83e0-0cef-4d7e-a2d9-06c252d7a99d_s.png
"Ruošinys sultingai kiaulienai MAGGI IDEA su bulvėmis, 30 g",0.64,https://cdn.barbora.lt/products/34a38d1b-7daa-448c-bf51-ee4bff332ee7_s.png
"Sausasis plaukų šampūnas BATISTE ORIGINAL, 200 ml",5.59,https://cdn.barbora.lt/products/92f3ce52-8585-47d2-98d6-7b017c3121a9_s.png
"Arbatžolių sietelis UNIWELL, 1 vnt.",1.49,https://cdn.barbora.lt/products/55078cf8-1156-4d18-929d-64467c158abe_s.png
"Kukurūzų traškučiai SANTA MARIA TEX MEX su Chalapos paprik., 185 g",2.59,https://cdn.barbora.lt/products/ef6bdc29-c3bb-428a-8491-98ab19de13c0_s.png
"Vytintos KABANOSI jautienos dešrelės DŪZGĖS, a. r., 100 g",2.35,https://cdn.barbora.lt/products/9d702800-e781-42b8-800d-0870678204ac_s.png
"Bolivinių balandų ir daržovių mišinys BONDUELLE, 250 g",3.79,https://cdn.barbora.lt/products/c79de187-cecf-47d6-b824-1ae3f7977030_s.png
"Marinuoti česnakai su žolelėmis, 80 g",1.69,https://cdn.barbora.lt/products/09f5b015-71f3-4fb5-8848-705a7f18ceeb_s.png
Džiovinti Abrikosai WELL DONE 500 g,4.79,https://cdn.barbora.lt/products/540bef7f-e795-4d31-8320-e9dd4854a817_s.png
"Šaltai rūkyta KLEBONIŠKA šviežio dūmo dešra, A. r., 250 g",3.59,https://cdn.barbora.lt/products/734bd0ec-b5e0-4da8-80e8-358d8e411f51_s.png
"KĖDAINIŲ KONSERVŲ FABRIKO marinuoti šitakiai, 480 g",3.95,https://cdn.barbora.lt/products/b7915f63-dc00-47f4-aaf3-cc7b4bda7114_s.png
"Saulėje džiovintų pomidorų PESTO padažas FILIPPO BERIO, 190 g",2.89,https://cdn.barbora.lt/products/ec088d76-5762-40c0-8c8d-5751cfb40b49_s.png
"Greitai par. avižinė košė QUICK &TASTY su obuol. ir cinamonu, 40 g",0.27,https://cdn.barbora.lt/products/58c78cad-c233-4ceb-acfe-9df98ea5a7de_s.png
"Burnos skalavimo skystis DIVUS WHITE, 500 ml",1.39,https://cdn.barbora.lt/products/66260451-a4f0-474f-8935-21f9172fa5dd_s.png
"Skystasis muilas NEUTRAL, 250 ml",3.59,https://cdn.barbora.lt/products/fd2fe611-8f04-491a-a020-eb167ef56687_s.png
NIVEA BLACKBERRY SHINE puoselėjamasis lūpų balzamas ,2.59,https://cdn.barbora.lt/products/02c8a9cc-73f8-44cd-aa4b-e5d45294c4f5_s.png
"Keptų baklažanų užtepėlė GREEN STORY, 180 g",2.25,https://cdn.barbora.lt/products/2389bba1-36b2-4a20-8d3d-aa2daffc18f6_s.png
"Majonezinis padažas HEINZ, 425 g",4.59,https://cdn.barbora.lt/products/f75b0334-0ecd-4285-b130-0b97012adad2_s.png
"KĖDAINIŲ KONSERVŲ FABRIKO miško uogų džemas, 330 g",3.09,https://cdn.barbora.lt/products/a069ed24-bf34-41a1-9f1f-881155bb0712_s.png
"Sausas šunų ėdalas LOVETT su paukštiena, 3 kg",4.99,https://cdn.barbora.lt/products/837d02d0-c9bd-4d97-8245-ba830a6b6afa_s.png
"Silkių filė gabaliukai paprikų padaže ATLANTIDA, 200 g",1.69,https://cdn.barbora.lt/products/c1c8ad53-294c-4325-8026-f738f4ac371c_s.png
"Ekologiška sojų tempė, 150 g",2.29,https://cdn.barbora.lt/products/b0148383-7e97-43c0-8138-fa2dd7117ffb_s.png
"Eko. Cannellini pupelės WELL DONE, 420g",1.69,https://cdn.barbora.lt/products/02f42557-fa5e-4272-aa39-794ffac685d5_s.png
"Brecelių gabaliukai HULIGAN SRIRACHA SAUCE, 65 g",1.19,https://cdn.barbora.lt/products/db5a6e8e-a1da-4dd6-ad63-a77a58172800_s.png
"Virtas BAJORŲ liežuvio vyniotinis, pirma rūšis, 1 kg",7.49,https://cdn.barbora.lt/products/4e73ff5e-8671-4829-94b3-f4300d623fd7_s.png
"Virtas BAJORŲ kiaulienos kepenų slėgtainis, a. r., 450 g",2.99,https://cdn.barbora.lt/products/47b4a8ed-2164-4dfa-ae4c-3eabe3f0f499_s.png
"Bulvių traškučiai LAY'S MAX, pikantiškų krevečių skonio, 120 g",2.19,https://cdn.barbora.lt/products/604e99f3-0fde-4043-9926-24d433466648_s.png
NIVEA ORIGINAL puoselėjamasis lūpų balzamas,3.65,https://cdn.barbora.lt/products/06206c74-5b48-47a5-b06d-e218623154a6_s.png
"Konservuotas visavertis kačių ėdalas SHEBA CUISINE su tunais, 85 g",0.89,https://cdn.barbora.lt/products/e6ee6439-43e4-41cf-bdd0-afa6ad4d6836_s.png
"Konservuotas šunų ėdalas CANIS MAJOR su ėriena, 1.25 kg",3.29,https://cdn.barbora.lt/products/b495c4f6-a744-44d4-b31a-4b86e7311f65_s.png
"Birių produktų indas UNIWELL SQUARE, 750 ml, 1 vnt.",2.49,https://cdn.barbora.lt/products/e809661c-a2b9-4bbd-9c84-0a4814ac2f2a_s.png
"Vafliai SELGA, vanilės skonio, 90 g",0.57,https://cdn.barbora.lt/products/fa6474d9-cb87-4f30-8f4e-d36752187eb7_s.png
"Duonos traškučiai BON CHANCE su sūriu ir česnakais, 240 g",2.99,https://cdn.barbora.lt/products/69b74945-0374-4ad0-b7f7-e5b59f2159cb_s.png
"Burnos skalavimo skystis DIVUS FRESH, 500 ml",1.39,https://cdn.barbora.lt/products/ad5c2b03-03ae-4345-8232-ebf06344425a_s.png
"Dušo želė GREEN FEEL'S, 400 ml",2.39,https://cdn.barbora.lt/products/5780d88d-f416-4b2f-996e-4bf8f27b296e_s.png
"Spraginti karamelizuoti kukurūzai MR.CHECK, 200 g",1.69,https://cdn.barbora.lt/products/44aa26e0-af7c-47da-a478-f9c4dea7d2c4_s.png
Vaikiška dantų pasta LACALUT KIDS (nuo 2 iki 6 metų),2.79,https://cdn.barbora.lt/products/c99f7b51-23ed-4c03-9d86-d54edbafe984_s.png
"Nagų lako valiklis su acetonu, DIVUS 50ml",0.69,https://cdn.barbora.lt/products/9a4c1102-542e-4ff3-8a3e-e9e6c2730b71_s.png
"Karijos WELL DONE, 200 g",3.89,https://cdn.barbora.lt/products/d3272c98-8dbd-4cb7-9e3b-cd13012805fb_s.png
"Razinų ir riešutų mišinys WELL DONE, 200 g",1.99,https://cdn.barbora.lt/products/024b7bb4-fef9-4734-86c8-ea39035c301a_s.png
Dantų pasta „LACALUT aktiv PLUS“,3.49,https://cdn.barbora.lt/products/b7e64146-edae-4dd2-8496-c1a6856a496d_s.png
"Riešutų ir džiovintų vaisių mišinys GRAND WELL DONE, 300 g",3.19,https://cdn.barbora.lt/products/ad8d2ebd-8212-45ed-9ee7-256301280d96_s.png
"Padažas SANTA MARIA SALSA DIP MEDIUM, 250 g",3.59,https://cdn.barbora.lt/products/8203ad7a-6793-4c38-a10f-1c5410c641cc_s.png
"Vytinti BERETTA pažandės kubeliai GUANCIALE, nerūš., 100 g",1.29,https://cdn.barbora.lt/products/2c53224a-ca76-4449-87e0-587e89a6263d_s.png
"Glaistytas varškės sūrelis VILKYŠKIŲ kefyro skonio, 29 % rieb., 40 g",0.59,https://cdn.barbora.lt/products/160498cb-3420-4e69-a899-cb367648fe12_s.png
"Pesto padažas FELIX SPECIAL, 285 g",2.49,https://cdn.barbora.lt/products/568ab3b6-cbf0-4827-9c94-3fd404e6d0ee_s.png
"Keturių rūšių pipirai KOTANYI, 16 g",1.04,https://cdn.barbora.lt/products/b1587513-88ce-4c64-a275-aa784ea2d61d_s.png
"Hermetiškas indelis, UNIWELL 0,95 l, 1 vnt.",1.29,https://cdn.barbora.lt/products/6c2f9465-2114-4dc0-85c6-7105d36e0a45_s.png
"„Dreamies“ kačių skanėstai su sūriu,60g",1.95,https://cdn.barbora.lt/products/2d0ccb27-3765-4fa1-aefa-4f1ef6d81f06_s.png
"Traškučiai PRINGLES BBQ, 165 g",2.99,https://cdn.barbora.lt/products/da15c577-abb7-41ab-a69b-b0b4e54be633_s.png
"Avokadų padažas OLD EL PASO GUACAMOLE, 320 g",3.29,https://cdn.barbora.lt/products/1964a095-937a-4050-a29f-47f6a615ecde_s.png
"Spraginti kukurūzai su druska MR.CHECK, 100 g",1.69,https://cdn.barbora.lt/products/e1580c85-bc9a-4804-b64a-b5b134ed2677_s.png
"Kečupas TSILLI SCHEDRO, 250 g",0.79,https://cdn.barbora.lt/products/3cb25200-542d-4a03-bbfa-1258b5e9ea5c_s.png
"Kukurūzų traškučiai MIO&RIO, sūrio skonio, 60 g",0.55,https://cdn.barbora.lt/products/66df87ac-3fa0-45b8-8fca-12447f60b1e4_s.png
"My Love visavertis konservuotas pašaras suaugusioms katėms su triušiena ir jautiena padaže, 4 x 85 g",1.89,https://cdn.barbora.lt/products/cacfe941-b2cd-4ba9-9d7b-77d0cf99e237_s.png
"Delickcious™ gėrimas su vištiena. Pašaro papildas suaugusioms katėms, 140 gr",1.99,https://cdn.barbora.lt/products/94f4f933-f925-4139-ba36-889580176768_s.png
"Avižinė košė su obuoliais ir cinamonu, 6 vnt. x 40 g, 240 g",1.35,https://cdn.barbora.lt/products/dcdba5d8-316d-474c-8fb9-4af0c6082795_s.png
"Žalios švelniosios paprikos DITTMANN, 250 g",2.09,https://cdn.barbora.lt/products/9810f1db-e25e-43cc-aa73-c3fd01abd183_s.png
"Virtuvinės žirklės UNIWELL, 1 vnt.",2.99,https://cdn.barbora.lt/products/72eea36a-8126-4e6e-8d6d-680c251bb1df_s.png
"Higieniniai įklotai ALWAYS Normal, Odour Lock, 60 vnt.",3.95,https://cdn.barbora.lt/products/d3f32092-2927-4c3a-b181-f50f1de3be9d_s.png
"Indaplovių valiklis FINISH, 3 vnt.",5.59,https://cdn.barbora.lt/products/2344c6c3-cb66-48c3-bd4c-7dc6fbb5f066_s.png
"Geltonoji kario pasta KANOKWAN, 50 g",1.59,https://cdn.barbora.lt/products/5d48823b-acf7-417d-aeb4-5655e769219d_s.png
"Skanėstas DENTALIFE didelių veislių šunims, 142 g",2.39,https://cdn.barbora.lt/products/37e4fb97-841f-47a6-b16a-01ec3577fbab_s.png
"Aštrus majonezinis padažas MAYO, 27 % rieb., 480 g",1.59,https://cdn.barbora.lt/products/8bf3b88a-db48-4056-ba88-f65978a9c3db_s.png
"Glaistytas vanilės skonio plombyras DADU, 63 g",1.49,https://cdn.barbora.lt/products/277d7c2a-2869-4f8d-8bbd-05ab0fb4ba24_s.png
"Vytintas jautienos TRADICINIS, 100 g",6.99,https://cdn.barbora.lt/products/bc78ef0f-74bf-429c-ad15-9e3f07d1f777_s.png
"Ekologiškas sojų gėrimas WELL DONE, 1 l",1.99,https://cdn.barbora.lt/products/13118b04-b04d-46e6-bbcd-1563008713a6_s.png
"Lazdelės AKSAM BESKIDZKIE, sūrio ir svogūnų skonio, 180 g",1.59,https://cdn.barbora.lt/products/f57ba200-7198-43bf-b9f8-d539d4e860ea_s.png
"Riešutų ir džiovintų vaisių mišinys POWER WELL DONE, 300 g",3.15,https://cdn.barbora.lt/products/6dfdd51e-a828-4547-ad16-da227068b412_s.png
"Padažas makaronams MUTTI su bazilikais, 400 g",3.99,https://cdn.barbora.lt/products/f3c838cd-e888-49a7-baf5-006d3697f134_s.png
"Kvapnūs šiukšlių maišai,35L,15vnt.,53x60",2.49,https://cdn.barbora.lt/products/30718900-5a4e-4f7a-bd68-0f8c154a26d0_s.png
"Club 4 Paws Premium su antiena padaže, vištiena ir jautiena, konservuotas pašaras suaugusioms katėms, 4 x 85 g",2.29,https://cdn.barbora.lt/products/5d9252b0-2562-4a26-9bc5-fd82ba2ca8ac_s.png
"Krekeriai TUC, paprikų skonio, 100 g",1.69,https://cdn.barbora.lt/products/48ac733e-86d4-449b-95c2-b7a84255a598_s.png
"Prieskoninis padažas SAITAKU japoniškiems patiekalams ruošti, 150 ml",2.39,https://cdn.barbora.lt/products/015aecfb-20db-4942-8258-1d4d0edf73ba_s.png
"Kepimo rankovė UNIWELL, 6 m, 1 vnt.",1.49,https://cdn.barbora.lt/products/6deed53c-3ece-4aed-b719-46be0c8ab796_s.png
"Kukurūzų lazdelės su burnočių sėklomis MORKŪNAS, 100 g",1.69,https://cdn.barbora.lt/products/29c72062-a795-4309-8e38-f333c9568fa7_s.png
"Padažas WOK SANTA MARIA su austrėmis ir česnakais, 150 g",2.59,https://cdn.barbora.lt/products/eca58b94-22ec-46bc-bb83-60506dce8744_s.png
"Dušo želė GREEN FEEL'S, 400 ml",2.39,https://cdn.barbora.lt/products/160ca3df-93ef-4bf8-abee-237596e83a95_s.png
"Duonos traškučiai BON CHANCE su medumi ir garstyčiomis, 120 g",1.99,https://cdn.barbora.lt/products/7647c5bf-8310-446d-86ef-0cfdc58b045e_s.png
"Dantų pasta JORDAN „CARIES DEFENSE“, 75 ml",2.99,https://cdn.barbora.lt/products/3540b48f-4dbc-4c42-9904-fefc73a16f93_s.png
"Spraginti kukurūzai su sūriu MR.CHECK, 150 g",1.69,https://cdn.barbora.lt/products/2cdf4fa7-b23c-449e-8fa9-b9b76ef68914_s.png
"Drėgnosios antibakterinės servetėlės CLEANIC AQUA, 40 vnt., 40 vnt.",1.79,https://cdn.barbora.lt/products/b4673cc6-6128-492e-8de0-a3c689b2da49_s.png
MARGARITA Antiperspirantas nuo prakaito su alavijų geliu 50ml,3.69,https://cdn.barbora.lt/products/004bcc14-f049-4a17-9691-0a0aff81286a_s.png
"Konservuotos EXTRA LINE slyvų puselės, 720 g",1.99,https://cdn.barbora.lt/products/de2a7a66-0e45-4bc7-ac3e-0cde449ee09d_s.png
"Moteriškas rutulinis dezodorantas GARNIER INVISIBLE, 50 ml",4.99,https://cdn.barbora.lt/products/028ad368-feb6-45a8-b9ef-d2f6460c515c_s.png
"Visavertis sausas kačių ėdalas su mėsa, 1 kg",1.45,https://cdn.barbora.lt/products/0200eb14-7e60-4cf9-9e5d-f558c98a94b4_s.png
"Universalios gyvūnų drėgnosios servetėlės PETINO, 33 vnt.",1.99,https://cdn.barbora.lt/products/6cb94967-e18b-4762-b385-772885cb7130_s.png
"Muilas vaikams TINDI jautriai odai, 90 g",1.59,https://cdn.barbora.lt/products/0658466f-f21c-407f-9fd8-2207793aeea8_s.png
"Vytintas itališkas saliamis NAPOLI, pjaustytas, nerūš., 80 g",1.99,https://cdn.barbora.lt/products/7f136fa4-a34d-4bb4-9778-da8c8f3fc3aa_s.png
"SAPONERIA NESTI SOGNO BLU tualetinis muilas, 125 g",1.39,https://cdn.barbora.lt/products/4f5ef061-59ba-423a-b241-317e61892c11_s.png
"	Duonos traškučiai DOKI DOKI, grietinės ir svogūnų skonio, 150 g",1.99,https://cdn.barbora.lt/products/1c98858c-4355-4755-bbe7-fc8a0941aa7a_s.png
Žaliosios alyvuogės įdarytos raudonaisiais pipirais 195 g,0.42,https://cdn.barbora.lt/products/c7cd8bca-71e2-4b91-947f-6720dc3b6068_s.png
"Abrikosai FATTORIA dei SAPORI sirupe, 425 ml",2.49,https://cdn.barbora.lt/products/455c54d2-0eb3-4f6b-899b-846a7a88e0a1_s.png
"Tepamasis grietinėlės sūris NONNO NANNI, 76 % rieb. s. m., 225 g",2.59,https://cdn.barbora.lt/products/7e3d4acf-0288-4554-a15b-465dec9365a2_s.png
"Dantų šepetėlis COLGATE ZIG ZAG MEDIUM, 1 vnt.",1.69,https://cdn.barbora.lt/products/0e71266e-895c-45c3-b29f-fc1a543b6db3_s.png
"Šunų ėdalo papildas AKINU dantims prižiūrėti, 7 vnt.",2.09,https://cdn.barbora.lt/products/5895d4ec-ac3a-44ef-afca-00b8e7620a90_s.png
"Kons. šunų ėd. CANIS MAJOR jautiena1,25, 1.25 kg",3.29,https://cdn.barbora.lt/products/63410e5c-789d-43b4-989f-16e09edbd762_s.png
"Pomidorų padažas SUSLAVIČIAUS su česnakų gabaliukais, 500 g",2.49,https://cdn.barbora.lt/products/38f41578-1b18-4cf3-b298-0c4ed980930b_s.png
"Ledukų šald.maišel. LET'S COOK, 192 kub.",0.59,https://cdn.barbora.lt/products/e8cda918-27e8-4640-9013-933a085144da_s.png
"Figų džemas SKANOVĖ, 330 g",4.09,https://cdn.barbora.lt/products/fe874a3e-286d-4be9-b286-8054c8462a42_s.png
"Skystasis muilas NIDA su bruknių ekstraktu, 500 ml",1.29,https://cdn.barbora.lt/products/3cd1d6d1-0612-4020-bb82-6bee289a1de3_s.png
"Skystasis muilas GENERA su alavijų ekstraktu, 500 ml",1.63,https://cdn.barbora.lt/products/4807cd4e-1659-4a1e-9c83-cc7d2f020f3f_s.png
"Skystasis muilas GENERA su arganų aliejumi, 1 l",2.44,https://cdn.barbora.lt/products/0b0b0505-174e-4924-8c71-76e3c7ce292d_s.png
"Traškios duonelės SCHAR FETTE CROCCANTI (be glitimo), 150 g",2.79,https://cdn.barbora.lt/products/969645fb-2aa8-4de3-b6b2-f137c3a6ff4e_s.png
"Dantų šepetėlis ORAL-B Allrounder Black, Medium, 1 vnt.",1.69,https://cdn.barbora.lt/products/324fff93-70b9-4cce-ad63-86dc24ec53f5_s.png
"Traškus užkandis LONG CHIPS, medaus ir barbekiu skonio, 75 g",1.29,https://cdn.barbora.lt/products/be4da03f-8e0d-4180-abc6-de706412d210_s.png
"Vištienos sultinys MAGGI, 80 g, 80 g",0.64,https://cdn.barbora.lt/products/218feba3-cec6-4420-b797-968fa2798edd_s.png
"Švelnus padažas OLD EL PASO CHUNKY SALSA DIP, 312 g",3.29,https://cdn.barbora.lt/products/17254e9e-be8a-4fab-ad0f-4bfc7d13efb2_s.png
"Drėgnosios servetėlės gyvūnų akims ir ausims valyti PETINO, 20 vnt.",1.29,https://cdn.barbora.lt/products/1b272414-db93-4a7c-b979-a66d1b405dcf_s.png
"Šokoladinis plombyras WELL DONE su šokolado gabaliukais, 65 g",0.89,https://cdn.barbora.lt/products/7ec60413-417f-42aa-8114-50859680707b_s.png
"Makaronų padažas PAD THAI MAGGI, 65 g",0.69,https://cdn.barbora.lt/products/31755e4a-30e7-4af6-9e82-914bbbf252b5_s.png
"Šaldytos čiūros su šokoladu MAHESO, 240 g",2.49,https://cdn.barbora.lt/products/0f620789-6ec8-403e-955a-05c7ae43c845_s.png
"Alavijų kvapo skystas muilo papildymas, DIVUS, 1L",1.99,https://cdn.barbora.lt/products/cce7f7c2-a1be-4674-924f-b50d69596d79_s.png
"Geltonosios paprikos su sūriu WELL DONE, 59 % rieb., 150 g",1.99,https://cdn.barbora.lt/products/1508081f-fe74-4b63-94c8-cd4c442245b5_s.png
"Krekeriai HOGARENAS CEREAL MIX, 185 g",2.49,https://cdn.barbora.lt/products/9eb9387b-e53c-4aa8-a4b0-a8521b3517a6_s.png
"Pomidorų padažas SPILVA, 510 g",2.39,https://cdn.barbora.lt/products/aed0672b-58ca-4450-a548-64a715f9cfd0_s.png
"Česnakinis žolelių padažas HELLMANN'S, 250 ml",3.05,https://cdn.barbora.lt/products/0fbd4e1c-385a-4ae7-b2c9-701ca283d474_s.png
"Baltyminis batonėlis MAX SPORT, mangų skonio, jogurt.glajuje, 60 g",1.99,https://cdn.barbora.lt/products/298aafdf-6dc2-4939-826e-917f24f67123_s.png
"Dantų pasta COLGATE TOTAL ORIGINAL, 75 ml",4.49,https://cdn.barbora.lt/products/b587952e-92ea-40c1-98be-8a92e15ba15d_s.png
"Vatos padeliai CLEANIC NATURALS, 40 vnt., 40 vnt.",2.35,https://cdn.barbora.lt/products/d2faecf8-34cc-4b19-b597-d0e9405a8896_s.png
"Džiūvėsėliai FLINT MEGA PACK, grietinėlės ir žalumynų skonio, 110 g",0.74,https://cdn.barbora.lt/products/ae44d06e-435e-45ee-a2f3-2bcfbd936c8d_s.png
"Plaukų šampūnas SYOSS Keratin, 440 ml",7.49,https://cdn.barbora.lt/products/db488d4d-890e-428a-9109-0326fabfa9dd_s.png
"ŠEIMININKĖS užtepėlė su agurkais, 58 % rieb., 280 g",1.99,https://cdn.barbora.lt/products/9f1f76da-9c00-407e-a3b6-af7c1b7a5624_s.png
"Kačių ėdalas FELIX FANTASTIC su višt.,skirtas jaun. kač.,85g, 85 g",0.72,https://cdn.barbora.lt/products/a2ca8c8d-b7c8-4a5c-a249-9c321ad939bc_s.png
"Bulguro ir daržovių mišinys BONDUELLE, 250 g",3.79,https://cdn.barbora.lt/products/544d1b72-017c-4a6a-9cb3-a697fb271575_s.png
"Šunų vienkartinės palos LOVETT, 60 x 60 cm, 1 vnt.",4.99,https://cdn.barbora.lt/products/930ba04b-499b-4bf2-a67c-859633b4bb93_s.png
"Pjaustyta vytinta dešra TOLEDO ESPANA, I r., 80 g",2.49,https://cdn.barbora.lt/products/71c7f8ee-f2d3-4d97-8364-1ae718c538c8_s.png
"Saldžiarūgštis padažas SCHEDRO, 200 g",0.99,https://cdn.barbora.lt/products/33db0aa4-f77e-4d06-8904-98b7cce83b94_s.png
"Sūrio skonio padažas SCHEDRO, 200 g",0.99,https://cdn.barbora.lt/products/832ea87e-e2ce-40bc-a527-4603915ae347_s.png
"Graužikų lazdelė su migdolais ir vaisiais FANTASIA, 90 g",2.49,https://cdn.barbora.lt/products/5a45c63d-ce4b-4389-b362-f01dd4edf24a_s.png
"Proteino batonėlis MAXSPORT, su šokoladu, be gliuteno, 50 g",1.79,https://cdn.barbora.lt/products/901d1c6e-85e1-4a4f-94c4-54a28b5b2a06_s.png
"KĖDAINIŲ KONSERVŲ FABRIKO barbekiu padažas ROASTED GARLIC, 320 g",2.29,https://cdn.barbora.lt/products/ef21a41d-0bed-4803-9996-26a3907b7a41_s.png
"Imbierų kubeliai su cukrumi WELL DONE, 150 g",1.29,https://cdn.barbora.lt/products/3f597aa1-4114-447a-9ce4-9cb0b40ce58e_s.png
"Saulėgrąžos WELL DONE, grietinės ir svogūnų skonio, 150 g",0.83,https://cdn.barbora.lt/products/fb903b22-c84f-4e12-8dbc-cce28b7b988c_s.png
"Kukurūzų lazdelės OHO, braškių skonio, 170 g",1.79,https://cdn.barbora.lt/products/cee0ee35-269b-483b-912a-0f8ed6e9bc2d_s.png
"Mangų-kario padažas FELIX, 335 g",2.89,https://cdn.barbora.lt/products/b8bdc30a-ea57-4183-b931-f5623db79887_s.png
"Skanūs skystieji užkandžiai katėms „FELIX® Deli Moments™“ su vištiena, 4 x 10 g paketėliuose",1.99,https://cdn.barbora.lt/products/d1051a0f-b5fe-4137-a4de-11a0844a8465_s.png
"Karštai rūkyta BAJORŲ šoninės kapotinė, I r., 280 g",1.29,https://cdn.barbora.lt/products/db78075d-8b33-42df-81d8-2200e7ac66f2_s.png
"Nature's Miracle Stain & Odour Remover kačių kvapo ir dėmių valiklis, 709ml",9.99,https://cdn.barbora.lt/products/5462b91a-f77a-4a89-98d2-4427a43c6031_s.png
"Žaliosios alyvuogės ITLV su sūrio įdaru, 300 g",2.49,https://cdn.barbora.lt/products/47b826bf-be05-41bd-9f76-9bba32a904fa_s.png
"Konservuotų paprikų griežinėliai ANIRA, 350 g",1.79,https://cdn.barbora.lt/products/e9797337-04fe-48ec-8dcd-a597ab9f34d3_s.png
"MARGARITA maitinamasis lūpų balzamas su pieno baltymais ir medaus ekstraktu 3,7 g",2.49,https://cdn.barbora.lt/products/b7ea3898-ce81-4fc2-8523-ce59487872dc_s.png
"Stiklinis indas maisto produktams laikyti UNIWELL, 620 ml, 1 vnt.",5.49,https://cdn.barbora.lt/products/fbbb8702-849d-4d42-bc2b-8a48a25f6c10_s.png
"Mėsainių padažas DEVELEY, 410 g",1.89,https://cdn.barbora.lt/products/250bcc92-cd0b-41b9-8b9e-3a441664050b_s.png
"Vonios putos NIDA su medaus ir migdolų ekstraktais, 750 ml",1.29,https://cdn.barbora.lt/products/09c33f5f-6eb6-47a7-aab8-40e0128b6cda_s.png
"Vaikiškas tarpdančių siūlas JORDAN su laikikliu, vaisių sk., 36 vnt.",3.99,https://cdn.barbora.lt/products/60f2eb1b-ce9d-4df4-a7dd-addd5c0a1fbb_s.png
"Baltyminis batonėlis MAX SPORT, kokosų skonio, pien.šokolade, 60 g",1.99,https://cdn.barbora.lt/products/2c2ce1dc-7891-4c7f-95f5-14c140d48a00_s.png
MARGARITA Šampūnas su dilgėlių ekstraktu normaliems ir riebiems plaukams 400ml,4.25,https://cdn.barbora.lt/products/8aa184f7-90e2-4d0d-9221-f713a2ac3426_s.png
"Čederio sūrio skonio bulvių traškučiai CHAZZ, 90 g",2.39,https://cdn.barbora.lt/products/7e1558fd-e1d3-4059-b353-7e9629df02d5_s.png
"Drėgnosios antibakterinės servetėlės GO WIPES D-PANTH,15vnt, 15 vnt.",0.79,https://cdn.barbora.lt/products/776258b5-5f0c-4a56-8ecd-f69c8807d8e4_s.png
"Padažas kepsniams SCHEDRO, 200 g",0.99,https://cdn.barbora.lt/products/928a1947-74cf-4f1f-8ed2-35fe6b0736f8_s.png
"Tepalas BEPANTHOL BABY, 30 g",6.19,https://cdn.barbora.lt/products/04617f47-c90c-4b19-b9a9-6529bb6ffc72_s.png
"Traškus užkandis LONG CHIPS, grybų skonio, 75 g",1.29,https://cdn.barbora.lt/products/1c8c6baa-fcdc-4a51-a2b4-618fcc83b5f0_s.png
"Juodųjų serbentų džemas SPILVA, 380 g",3.39,https://cdn.barbora.lt/products/bb45ec34-41b6-4d7d-b7b9-9a663772ff87_s.png
"Veganiški pjausniai kumpio stiliaus, 80 g",1.79,https://cdn.barbora.lt/products/cd3ed91b-647b-4e92-b26a-1f03828088d5_s.png
"Delickcious™ Tuno skonio sriuba su mažaisiais kukurūzais ir žirneliais. Visavertis konservuotas pašaras suaugusioms katėms, 80 gr",1.79,https://cdn.barbora.lt/products/2dc6438e-fcab-428e-93b7-db1a1d5effd3_s.png
"Aitriųjų paprikų padažas SANTA MARIA TEX MEX, 85 ml",2.09,https://cdn.barbora.lt/products/c335218f-b38b-4222-9b59-f5991e31f5cd_s.png
"Dantų protezų valiklis COREGA TABS BIO FORMULA, 30 vnt.",3.95,https://cdn.barbora.lt/products/3200f555-52b0-44fb-8ec9-338cfd6c5805_s.png
"Moteriškas purškiamasis dezodorantas REXONA FRAGRANCE SEXY, 150 ml",4.29,https://cdn.barbora.lt/products/ebf51304-d789-4315-a5db-4cb85a6b3236_s.png
"Auksaspalvis sirupas DANSUKKER, 750 g",2.49,https://cdn.barbora.lt/products/769b5af1-d936-42c7-a191-371aae24ee30_s.png
"Burnos skalavimo skystis LISTERINE COOLMINT, 1 l",9.99,https://cdn.barbora.lt/products/944f3507-bfd4-4426-a1d4-2a62c3b35b00_s.png
"Gabalinis tualetinis muilas PALMOLIVE FEEL THE MASSAGE, 90 g",0.59,https://cdn.barbora.lt/products/dacf7b58-d7d7-4669-a9ae-bb552931aa78_s.png
"Intymios higienos prausiklis SMILĖ (su ramunėlėmis), 300 ml",1.88,https://cdn.barbora.lt/products/c514ef81-5019-4bb3-80df-be680d54cb73_s.png
"Aštriosios garstyčios EXTRA LINE, 180 g",0.59,https://cdn.barbora.lt/products/7797d37a-8da1-455a-9c02-86af9080431f_s.png
"Ekologiškas džemas RUDOLFS su mangais ir kokosais, 245 g",2.79,https://cdn.barbora.lt/products/74c2b418-f44b-4cbe-8e68-7804f8e70424_s.png
"Plikyta kepta duona KLAIPĖDOS DUONA, 190 g",3.15,https://cdn.barbora.lt/products/2af7fe72-59e3-4772-a09e-ac804496b3df_s.png
"Cepelinmaišis, 1 vnt.",2.99,https://cdn.barbora.lt/products/703e98ef-9c57-408e-8fa4-67e282db0068_s.png
"Aštrus majonezinis padažas WOWMAMA, 40 % rieb., 440 g",2.79,https://cdn.barbora.lt/products/ce151e40-2567-45d9-8667-944927363fa1_s.png
"Klasikinis Advento kalendorius su sausainiu ir siurprizu, 132 g",3.99,https://cdn.barbora.lt/products/efaa52e3-adb3-4207-93af-cf87688ace6a_s.png
"SENSODYNE PRONAMEL JUNIOR vaik.dantų pasta, 6-12m, 50ml",4.29,https://cdn.barbora.lt/products/a1ac0acd-cb9a-4953-9d33-034e1544151c_s.png
"Garstyčių ir medaus padažas salotoms BEATOS VIRTUVĖ, 250 ml",2.99,https://cdn.barbora.lt/products/5e0bc017-a229-45cf-b5f5-6b5695085343_s.png
"Vytintas BERETTA kiaulienos kumpis PROSCIUTTO CRUDO su trumais, nerūš., 80 g",3.25,https://cdn.barbora.lt/products/dda58e81-bf05-489f-a2d2-a859017ed554_s.png
"Šunų kramtalai PEDIGREE MARKIES, 150 g",1.89,https://cdn.barbora.lt/products/161d2b28-bff1-4eb7-9076-2721c5585e1a_s.png
"Higieniniai paketai ALWAYS Sensitive Super Plus, S2, 16 vnt.",3.19,https://cdn.barbora.lt/products/44361cbd-cc34-4625-81e9-f4852b24aad1_s.png
"Malti imbierai KOTANYI, 22 g",0.9,https://cdn.barbora.lt/products/59cdb26a-a0a0-4e16-b6d9-fbbe4610fb34_s.png
"Higieniniai įklotai NATURELLA Camomile Light, 20 vnt.",1.19,https://cdn.barbora.lt/products/2cb878ea-e623-4b91-bc95-a3be461ae0cc_s.png
"Higieniniai paketai NATURELLA Classic Night, S4, 14 vnt.",2.09,https://cdn.barbora.lt/products/e1bbd99e-83c5-4fcc-bdec-6d3ad7379f0d_s.png
"Langų valiklis CLIN CRYSTAL, 500 ml",2.09,https://cdn.barbora.lt/products/a289bd01-6cbb-4116-8d5f-dcb608064e34_s.png
"Skystasis muilas PALMOLIVE HYGIENE KITCHEN ODOR, 500 ml",1.95,https://cdn.barbora.lt/products/2e25037d-4e11-4d10-baf5-6bd684ed9eeb_s.png
"Hermetiškas indelis BORGONOVO IGLOO, 15 cm, 800 ml, 1 vnt.",4.99,https://cdn.barbora.lt/products/090c63be-7d41-434b-ab92-bbf7c39a9659_s.png
"Pupelės BONDUELLE barbekiu padaže, 430 g",1.99,https://cdn.barbora.lt/products/c46980a2-b49e-49f7-912f-3c4a0d14c0bb_s.png
MARGARITA akių makiažo valiklis su alavijų ekstraktu 150ml,4.79,https://cdn.barbora.lt/products/623fb791-cb76-4cfe-b29d-dc84bd3e222b_s.png
"Skystasis muilas GENERA su arganų aliejumi, 500 ml",1.63,https://cdn.barbora.lt/products/adfaa151-0bf5-49f7-8207-f1e0a87c7b73_s.png
"Šaltai rūkyta BAJORŲ dešra, a. r., 230 g",2.89,https://cdn.barbora.lt/products/20bfe5e7-9d6b-4c40-8045-08eb913edc72_s.png
"Lūpų balzamas GREEN FEEL'S, 5 g",1.19,https://cdn.barbora.lt/products/5f3cc4a2-a635-4d74-a87f-6352bc864106_s.png
"Konservuotas šunų ėdalas su kepenimis HAPPY TAILS, 1.25 kg",1.29,https://cdn.barbora.lt/products/2e526ff5-66d0-4313-9e31-373cb08d681c_s.png
"Žaliosios alyvuogės be kauliukų EXTRA LINE, 900 g",3.29,https://cdn.barbora.lt/products/d61c28ac-c58a-4785-9569-71e2be2cc27e_s.png
"Vytintas ispan. kumpis SERRANO WELL DONE, pjaust., nerūš., 500 g",12.99,https://cdn.barbora.lt/products/164f2acb-eda0-470b-809e-2b8b3670d3f1_s.png
"Trumų pesto padažas WELL DONE, 190 g",3.69,https://cdn.barbora.lt/products/02b62cdd-bd2d-467b-947e-9fbd5b638144_s.png
"Dantų pasta COLGATE MAX WHITE SPARKLE DIAMONDS, 75 ml",3.49,https://cdn.barbora.lt/products/d9a2c674-7ed3-4969-b91a-9526bc077c49_s.png
"Migdolų gėrimas BARISTA WELL DONE, 1 l",2.19,https://cdn.barbora.lt/products/47fdf9cd-d25d-40c0-b56e-634c648dd81d_s.png
"Sojų gaminys TOFU MORI-NU, 307 g",4.59,https://cdn.barbora.lt/products/7836a1bd-c7b9-486b-b875-186542650c64_s.png
"Duonos traškučiai DOKI DOKI, pomidorų ir mocarelos skonio, 150 g",1.99,https://cdn.barbora.lt/products/970b13e5-a20c-46a2-85e2-6c371866d8d7_s.png
"Raikyta sumuštinių duona su sėklomis MORTA, 450 g",1.05,https://cdn.barbora.lt/products/3e532482-d311-4490-b22f-c0404f97cebc_s.png
"Konservuotų ananasų gabaliukai HAPPY GARDEN, 830 g",3.29,https://cdn.barbora.lt/products/14b92af7-458b-4567-9f3d-118ab8fd3b40_s.png
"Laukiniai ryžiai SKANĖJA, 200 g",2.57,https://cdn.barbora.lt/products/35ed6643-12a9-42e3-85ec-1a8b9e8efd0e_s.png
"Kakaviniai sausainiai OREO su vanilės skonio įdaru, 44 g",0.65,https://cdn.barbora.lt/products/82977082-ddc4-408b-9489-067695505571_s.png
"Saldžiai aštrus sojų WOK padažas SANTA MARIA, 150 g",2.59,https://cdn.barbora.lt/products/f11ed873-0599-46d1-8e54-9c5fd98ab115_s.png
"Skystasis muilas GREEN FEEL'S, 400 ml",1.65,https://cdn.barbora.lt/products/9b2b9905-19b4-4617-a2ff-07c75174b7b2_s.png
"Vytintos KLEBONIŠKOS mini dešrelės, a.r., 220 g",3.29,https://cdn.barbora.lt/products/7802c0cd-0f84-433b-9129-1ff8f77dd40e_s.png
"Drėgnosios antibakterinės servetėlės GO WIPES MINIONS,15vnt., 15 vnt.",0.79,https://cdn.barbora.lt/products/358eaaea-d9c5-4be2-87c4-92226350dad2_s.png
"Higieniniai paketai ALWAYS Ultra Secure Night Extra, S5, 10 vnt.",3.19,https://cdn.barbora.lt/products/d870fd73-0835-456b-b7fe-2238a9757bdb_s.png
"Sausas kačių ėdalas PERFECT FIT su kalakutiena, 750 g",5.99,https://cdn.barbora.lt/products/4b9f99ce-0f1a-48e1-b054-11683a1cbc49_s.png
"Tarpdančių šepetėliai JORDAN BRUSH BETWEEN, XS / 0,4 mm, 10 vnt.",5.79,https://cdn.barbora.lt/products/aed5579d-e498-4237-950d-99bfaba72161_s.png
"Silkių filė gabaliukai jogurtiniame padaže ATLANTIDA, 200 g",1.69,https://cdn.barbora.lt/products/acf0c6bd-9544-4405-880b-47d1107f36b6_s.png
"Vištienos padažas TIKKA MASALA MAGGI, 65 g",0.69,https://cdn.barbora.lt/products/2b034ebc-0a83-48d1-ac79-b87d3af94f85_s.png
"Vytinta kiaulienos šoninė WELL DONE, a. r., 100 g",2.49,https://cdn.barbora.lt/products/909327fd-e7ad-4b61-a0bf-cb236d854975_s.png
"Klasikinis kečupas WELL DONE, 480 g, 480 g",1.99,https://cdn.barbora.lt/products/7ad44d18-76ff-4f83-bbcc-8b31b10fa856_s.png
"Duonos traškučiai BON CHANCE  saldžiosios čili paprikos ir žaliosios citrinos skonio, 120 g",1.99,https://cdn.barbora.lt/products/94550002-e0c7-4d2c-ac05-b2ef0574a80b_s.png
"Karštai rūkyta pjaustyta SAMSONO dešra MEKSIKOS RITMAS, A.r., 100 g",1.89,https://cdn.barbora.lt/products/64b1e7dc-4b6e-4ffb-9f66-a945198a690a_s.png
NIVEA Dušo želė CR?ME SOFT,4.19,https://cdn.barbora.lt/products/d8c636bb-aabf-4683-b0ec-a8d572ca72dc_s.png
"Konservuotos pjaustytos žal. ankštinės pupelės BONDUELLE, 400 g",1.99,https://cdn.barbora.lt/products/c5b556bc-056d-44a8-bffb-971f7b2ea614_s.png
"Užrišami šiukšlių maišai HOME EXPERT (55 l), 12 vnt.",1.89,https://cdn.barbora.lt/products/7b35fc79-9a97-4e5e-9d44-c6d7f4130ef9_s.png
"Desertinis karamelinis padažas SPILVA, 320 g",2.89,https://cdn.barbora.lt/products/e75dbcb0-31b1-441e-aa9c-32acf7df7a87_s.png
"Micelinis vanduo GARNIER, 400 ml",9.49,https://cdn.barbora.lt/products/18e40008-539c-4b1a-a47c-7195a49a6a2f_s.png
"Ekologiška kriaušių tyrelė PONN (nuo 4 mėn.), 100 g",1.15,https://cdn.barbora.lt/products/cea607bf-780c-4f61-8369-a516a3dc1f53_s.png
"Šviečiančios apyrankės, 10 vnt., 10 vnt.",1.29,https://cdn.barbora.lt/products/7d3b9113-4037-46c8-afdb-83e81d3ea7f3_s.png
"Rūkyta kiaulienos šoninė, a.r., 300 g",4.69,https://cdn.barbora.lt/products/117a471b-a2cd-459d-b35c-ca734aea5df2_s.png
"Greitai paruošimi makaronai MAGGI (vištienos skonio), 59.2 g",0.39,https://cdn.barbora.lt/products/b6efec15-171c-428f-af36-226c5f5c1d41_s.png
"Vienkartinės lėkštės ILAJA WHITE,13x20cm,20vnt.",1.49,https://cdn.barbora.lt/products/3b901cd4-3f8e-41ca-91b7-ac7f8c57a86b_s.png
"Natūrali žolė TRIXIE katėms, 100 g",1.49,https://cdn.barbora.lt/products/2bc43211-0537-4596-8087-2f54b5209698_s.png
"Dantų siūlas JORDAN WHITENING, 1 vnt.",3.49,https://cdn.barbora.lt/products/1776840f-9c3d-4d6c-b887-1146b166c891_s.png
"Ledai SUPER VIVA su kakavinių sausainių trupiniais, 66 g",1.15,https://cdn.barbora.lt/products/1f24a513-ee63-494b-8c63-2c1d0d21fd8e_s.png
"Ekologiški grikių ir sorų trapučiai, 100 g",1.19,https://cdn.barbora.lt/products/65ca0934-e3e4-4c44-8912-2719e80dd395_s.png
"Baltyminis batonėlis MAX SPORT be glitimo, bananų skonio, 50 g",1.79,https://cdn.barbora.lt/products/d2ab7822-e223-4745-bc41-8d3cabc72b25_s.png
"Sausas kačių ėdalas WHISKAS su vištiena, 300 g, 300 g",1.99,https://cdn.barbora.lt/products/c76a3df4-3ee7-4ec9-8b2d-8ebf5477078a_s.png
"Moteriškas rutulinis dezodorantas REXONA INVISIBLE, 50 ml",4.29,https://cdn.barbora.lt/products/37c84faf-4167-4cd1-bac6-0fa0bf889058_s.png
"Higieniniai įklotai ALWAYS Long, 0% Perfume, 52 vnt.",3.95,https://cdn.barbora.lt/products/a40d152f-c398-430a-96db-1dc27f905fb6_s.png
"Džiovintos spanguolės WELL DONE, 200 g",1.79,https://cdn.barbora.lt/products/c6e91373-f2df-4f19-821d-3aa57196dbfb_s.png
"Dantų siūlas ORAL B Pro-Expert Advanced, Deep Clean, 25 m",4.49,https://cdn.barbora.lt/products/336990ba-06a0-4b68-89e6-2def0594d80d_s.png
"Club 4 Paws Premium su lašiša, triušiena ir ėriena, konservuotas pašaras mažų veislių suaugusiems šunims, 4 x 85 g",2.29,https://cdn.barbora.lt/products/c1bbfb48-bbe0-4a1e-86e5-85c202714839_s.png
"Delickcious™ „Juostelės su kalakutiena ir sūriu kreminėje sriuboje” visavertis konservuotas pašaras suaugusiems šunims, 85 gr",0.99,https://cdn.barbora.lt/products/c44d232a-1628-4226-99f8-eef96a230238_s.png
"Kepsnių padažas HEINZ, 500 g",4.59,https://cdn.barbora.lt/products/4e4c6da4-19c1-4a87-85d6-139c6e80ae98_s.png
"Bambukinis kilimėlis sušiams gaminti AJI, 1 vnt.",2.29,https://cdn.barbora.lt/products/75a9fb9c-ad82-4000-be74-b54280be3e44_s.png
"Higieniniai paketai NATURELLA Ultra Maxi, S3, 16 vnt.",2.45,https://cdn.barbora.lt/products/3c1b3524-469b-47cc-88eb-5d2f2fcfa048_s.png
"Desertinis karamelinis padažas DR. OETKER, 200 g",2.69,https://cdn.barbora.lt/products/844aa74d-6117-484e-a4fb-d5d7a20df7fe_s.png
"MARGARITOS KAKĖS MAKĖS prausiklis vaikams, 250 ml",2.89,https://cdn.barbora.lt/products/6c27a0cc-eadd-42bd-97f5-3dbf09843703_s.png
"Sausas šunų ėdalas PEDIGREE su jautiena ir paukštiena, 2.6 kg",9.99,https://cdn.barbora.lt/products/5ec14a91-a957-4000-bea0-14cbd30a1198_s.png
"Rauginti kopūstai, 1000 g",1.99,https://cdn.barbora.lt/products/5e6dfca9-25b4-427c-a73f-b4b7dca9ded9_s.png
"Vaikiškas šampūnas MARGARITA KAKĖS MAKĖS (BE AŠARŲ), 250 ml",4.09,https://cdn.barbora.lt/products/03ef297d-d1ed-4823-97b0-72b5b37a63ad_s.png
"Sausainiai OREO su baltojo šokolodo glaistu, 246 g",3.69,https://cdn.barbora.lt/products/8dac3e00-9501-42ca-b99c-107fe960eb99_s.png
"Burnos skalavimo skystis NIDA su pipirmėčių aliejumi, 500 ml",1.95,https://cdn.barbora.lt/products/2c246234-d5c1-47df-bb05-2ae0b5044f1c_s.png
Vienkartinis dubuo ILAJA Sugarcane 10 vnt. 460ml,1.99,https://cdn.barbora.lt/products/c79732a0-0790-4a59-a521-34bdebe3e9f9_s.png
"Vienkartinės lėkštės ILAJA WHITE, 23cm 20vnt.",1.49,https://cdn.barbora.lt/products/73557bcb-b573-4a18-b746-1378154e3e0c_s.png
"Kreminis padažas su balzaminiu actu, 300 g",1.85,https://cdn.barbora.lt/products/1f1a6c93-2de3-4024-b73b-b6f928aa6adf_s.png
"Vandens garuose virtas NAMINIS kumpis, 1 kg",8.99,https://cdn.barbora.lt/products/f7f0448c-1585-47bc-82dc-574cdf824e5a_s.png
Vatos krapštukai CLEANIC SILK EFFECT;200vnt,1.95,https://cdn.barbora.lt/products/563b0fb1-63d5-41d6-98c9-06ab9b8ab6c7_s.png
"Kepinti, sūdyti žemės riešutai WELL DONE, 500 g",2.09,https://cdn.barbora.lt/products/6f8088da-bae5-45f3-875d-a178ce9589bc_s.png
"Duonos traškučiai BON CHANCE, mėsainių skonio, 120 g",1.99,https://cdn.barbora.lt/products/046768fa-7e08-4f85-b664-8f1dde725483_s.png
"Padažas makaronams MUTTI su keptomis daržovėmis, 400 g",3.99,https://cdn.barbora.lt/products/564e1378-656a-44bd-b2a0-4ee907098458_s.png
"Club 4 Paws Premium su kalakutiena, triušiena ir ėriena, konservuotas pašaras suaugusioms katėms, 4 x 85 g",2.29,https://cdn.barbora.lt/products/e14a1e77-0422-4eff-adf6-a3bad425a18c_s.png
"Bazilikai KOTANYI, 9 g",0.83,https://cdn.barbora.lt/products/25050ea8-1d63-4721-91bd-3a0ec2b9a605_s.png
"Skustuvo galvutės GILLETTE FUSION, 8vnt.",39.99,https://cdn.barbora.lt/products/09bcdef4-b081-4096-8adf-2809ce833db4_s.png
"Alyvuogių be kauliukų rinkinysi GAEA, 150 g",4.29,https://cdn.barbora.lt/products/0d1f6171-6554-4e28-a012-24e92bace097_s.png
"Majonezinis pikantiškas padažas VILNIUS, 25 % rieb., 410 g",2.29,https://cdn.barbora.lt/products/74168cd4-3035-480a-af6a-89bf142f7d81_s.png
"Kukurūzai AHA, karamelizuoto pieno skonio, 110 g",1.29,https://cdn.barbora.lt/products/942b7b6f-fbaf-42b5-a5e5-69a73487b1c2_s.png
"Dantų šepetėlis JORDAN GREEN CLEAN SOFT, 1 vnt.",3.29,https://cdn.barbora.lt/products/a81334f5-1942-4219-bd12-74dba0547b2c_s.png
"Medus su citrina ir imbieru, 200 g",4.49,https://cdn.barbora.lt/products/9670c12f-8230-4152-9121-fd8d5561d158_s.png
"DAUMANTŲ barščiai su šviežiais kopūstais, 460 g",2.19,https://cdn.barbora.lt/products/f0a0d3bd-9174-4b28-b377-e182b80c20a0_s.png
"Kačių skanėstas FELIX PLAY TUBES su kalakutiena ir kumpiu, 50 g",1.99,https://cdn.barbora.lt/products/318def28-7935-404c-a5fa-c2ccd2aea739_s.png
"Baltymų krekeriai BEGINNINGS, 80 g",2.69,https://cdn.barbora.lt/products/c9641742-c0fe-453b-8da3-7acd6c505db9_s.png
"Delickcious™ Kreminiai skanėstai sardinių skonio su moliūgais. Pašaro papildas suaugusioms katėms, 60 gr",2.19,https://cdn.barbora.lt/products/f0d23100-7473-4cab-8194-458b8a73c1e5_s.png
"Greitai paruošiama grikių košė (vištienos skonio), 40 g",0.27,https://cdn.barbora.lt/products/fefc532a-d7bf-4ca7-88f5-99f450b5e3ca_s.png
"Aitriosios uoginės paprikos SANTA MARIA, 215 g",3.49,https://cdn.barbora.lt/products/0e3734ee-2663-4c60-a4b2-aa7c1e74fda4_s.png
"Burnos skalavimo skystis COLGATE PLAX MULTI-PROTECTION, 500 ml",7.39,https://cdn.barbora.lt/products/a67c0d63-7993-475b-8725-7e8344e612fe_s.png
"Pomidorų padažas FELIX su bazilikais ir alyvuogių aliejumi, 360 g",2.99,https://cdn.barbora.lt/products/135afa74-5105-410d-a8fe-7cb34503ce32_s.png
"Plaukų šampūnas PANTENE Intensive Repair Active Nutri-Plex, 400 ml",6.99,https://cdn.barbora.lt/products/05092420-2f8d-4287-94a3-c5dce84973f0_s.png
"Birių produktų indas UNIWELL SQUARE, 1,2 l, 1 vnt.",3.49,https://cdn.barbora.lt/products/761799a6-eb9b-44c4-b077-df6b77659aad_s.png
"Dantų pasta SENSODYNE REPAIR & PROTECT WHITENING, 75 ml",7.39,https://cdn.barbora.lt/products/2fe22a4b-7958-41d4-a2b6-b4ce3a72c663_s.png
"Vienkartiniai skustuvai GILLETTE BLUE 3 Plus Comfort, 6+2 vnt.",8.99,https://cdn.barbora.lt/products/ed00b64d-31ba-4907-91e5-0e6e3a130381_s.png
"Hermetiškas indelis UNIWELL, 0,46 l, 1 vnt.",0.99,https://cdn.barbora.lt/products/97cc8170-dc71-427b-8528-76bc0e95c7f2_s.png
"Alyvuogės SKANOVĖ medaus ir žaliųjų citrinų marinate, 200 g",3.99,https://cdn.barbora.lt/products/a4a0b8b9-f35e-4676-b0ef-35bd37f8a730_s.png
"Šunų skanėstas ADVENTUROS (lazdelės), 120 g",1.99,https://cdn.barbora.lt/products/a29bcb61-9d94-4fcc-a33b-43e524eaf021_s.png
"Sojų pupelės GLOBUS (VITAL), 150 g",1.19,https://cdn.barbora.lt/products/1363b1f6-8b2a-4b7f-8e2f-389262d16d7a_s.png
"Šunų skanėstas PRIMADOG (antienos filė), 100 g",4.89,https://cdn.barbora.lt/products/08f26e81-bc84-4799-8640-553419b6cfd8_s.png
MARGARITA ALLERGY CERTIFIED Bekvapis rankų muilas 400ml,3.99,https://cdn.barbora.lt/products/d0fff39c-3934-4969-949a-71c6cfb3a61d_s.png
"Majonezinis padažas WOWMAMA su sūriu, 40 % rieb., 430 g",2.79,https://cdn.barbora.lt/products/1eac8479-496a-4616-86b8-a3eba4211146_s.png
"Majonezinis padažas WOWMAMA su grybais, 40 % rieb., 420 g",2.79,https://cdn.barbora.lt/products/84a34359-7bcc-4254-8a7a-cac1b1873fe9_s.png
"Speltos ir daržovių mišinys BONDUELLE, 250 g",3.79,https://cdn.barbora.lt/products/8511a5f4-fd5f-4304-a6d6-bc48fdae6d5f_s.png
"Rapsų aliejus WELL DONE, 1 l",2.24,https://cdn.barbora.lt/products/3a4e2476-2960-4cb5-9886-56a17b72f6ac_s.png
"Club 4 Paws premium visavertis pašaras mažų veislių suaugusiems šunims, 2 kg",7.69,https://cdn.barbora.lt/products/44f821ae-37e1-437e-920c-f4e1a4c232bc_s.png
"Pomidorų ir bazilikų padažas WELL DONE, 500 g",2.19,https://cdn.barbora.lt/products/d0fc2811-c84e-480e-a906-0b3fbaa7d613_s.png
"Dantų pasta DIVUS Whitening, 100 ml",1.29,https://cdn.barbora.lt/products/48a2642f-54f6-4ec4-8c25-3f026a588955_s.png
"KĖDAINIŲ KONSERVŲ FABRIKO barbekiu padažas CHIPOTLE, 320 g",2.29,https://cdn.barbora.lt/products/16f6fe1f-9f83-46f9-9f18-565e10f76fcd_s.png
"Šunų ėdalas FRISKIES su vištiena, jautiena, ėriena, 340 g",2.09,https://cdn.barbora.lt/products/e24870e7-fa0b-4280-9c78-8b4f8a61d155_s.png
"Vištienos sultinio kubeliai MAGGI, 80 g",0.39,https://cdn.barbora.lt/products/158aaf18-590d-4a5e-8ec5-9596aa45119d_s.png
"Šaldytos daržovės tempuroje MAHESO, 350 g",3.29,https://cdn.barbora.lt/products/76312347-1d80-4359-99f1-8225c70d50cd_s.png
"Šaldytos traškios bulvių bangelės WERNSING, su pipirais, 600 g",2.79,https://cdn.barbora.lt/products/acea2edf-d640-45c0-8fdf-3420f9bf60e3_s.png
"Kukurūzų lazdelės OHO su sutirštintu pienu, 170 g",1.79,https://cdn.barbora.lt/products/939afe71-ecea-43f2-abaa-f60bcdaf4c25_s.png
"Švelnus kebabų padažas FELIX, 335 g",2.89,https://cdn.barbora.lt/products/ee19f59f-4cbc-4367-a399-5dab625855d6_s.png
"Vytintintas BERETTA pjaustytas kiaulienos kumpis PROSCIUTTO DI PARMA, nerūš., 70 g",3.09,https://cdn.barbora.lt/products/62aac185-5133-445d-a8e9-1fdaeb906a3f_s.png
"PrimaDog Lašišos ir apdorotos odos lazdelė 13 cm, 11 vnt, 100 g",4.99,https://cdn.barbora.lt/products/cd65616e-a881-473e-9ec8-ddc27d25896d_s.png
"Delickcious™ kreminiai skanėstai vištienos skonio su ananasais. Pašaro papildas suaugusioms katėms, 60 gr",2.19,https://cdn.barbora.lt/products/2476bef7-49ff-450f-b4e1-7c00a203ed6e_s.png
"Kepimo popierius SAGA, 20 m, 20 m.",3.99,https://cdn.barbora.lt/products/85f78087-f245-4c2c-a37d-361e8a891acc_s.png
"Marinuoti grūzdai BEST TIME, 530 g",2.69,https://cdn.barbora.lt/products/56b4d385-f32d-48af-b3a9-e70e37a5552d_s.png
"Hermetiškas indelis UNIWELL, 1,5 l, 1 vnt.",1.99,https://cdn.barbora.lt/products/b17d3231-d92e-46e2-bcc1-232fdc66f88e_s.png
"Saldžiųjų kukurūzų ir pupelių mišinys BONDUELLE, 170 g",1.79,https://cdn.barbora.lt/products/c71b49e3-840d-485b-9700-e90353687331_s.png
"Ekol. 4 grūdų košė PONN su bananais ir mėlyn. (nuo 6 mėn.), 110 g",1.25,https://cdn.barbora.lt/products/edfeae2d-fbc1-4d32-8e8f-7b5af55d093e_s.png
"Dantų šepetėlis JORDAN CLEAN SMILE MEDIUM, 1 vnt.",1.65,https://cdn.barbora.lt/products/4967ad90-a888-47b3-8668-a7c290a314e8_s.png
"Šviesusis sojų padažas YAMASA, 150 ml",4.85,https://cdn.barbora.lt/products/1ebf6f1d-270c-46d0-b8f0-db5242985553_s.png
"Sojų padažas VITANA be glitimo, 160 ml",2.29,https://cdn.barbora.lt/products/a2aa7721-8b2c-4535-a9e6-38ef9292760c_s.png
"Juodosios pupelės BONDUELLE INSPIRATION, 200 g",2.39,https://cdn.barbora.lt/products/1af95485-2a58-4b5c-a280-3ec84f5fed09_s.png
"Šakutė UNIWELL LANE, 1 vnt.",0.99,https://cdn.barbora.lt/products/b8751004-f11b-4474-a0be-ce3318e36f3e_s.png
"Pikantiškas padažas FELIX, 275 g",2.55,https://cdn.barbora.lt/products/5acf0079-df1d-4b27-96ce-fc920f3f1a69_s.png
"Dušo želė GREEN FEEL'S, 400 ml",2.39,https://cdn.barbora.lt/products/5b928ef1-de24-446c-a2f2-d70504c4c707_s.png
"Higieniniai įklotai NATURELLA TO GO, Normal, 20 vnt.",1.29,https://cdn.barbora.lt/products/a671b54f-ffce-493a-be1e-0497f6644578_s.png
"Konservuotas kačių ėdalas FRISKIES JUNIORAMS, 4 x 85 g, 340 g",1.89,https://cdn.barbora.lt/products/9f50c063-c29c-49f7-af5d-63065cb58f60_s.png
"Vienkartiniai puodeliai ILAJA WHITE 300ml, 20 vnt.",2.49,https://cdn.barbora.lt/products/cd79e341-5e29-4cd0-828c-02781a452b69_s.png
"Majonezinis padažas WOWMAMA CURRY MANGO, 30,7 % rieb., 450 g",2.79,https://cdn.barbora.lt/products/dbd56c5e-7dc4-4254-85f4-82686a394ab7_s.png
"Žirnių ir avižų traškučiai NASHCHI, grietinės ir svogūnų skonio, 60 g",1.49,https://cdn.barbora.lt/products/3a7b9168-fc13-4fe3-bc67-a33728d6c49c_s.png
ELSEVE šampūnas 400ml,7.39,https://cdn.barbora.lt/products/2e15b0cf-58fb-4cd3-85a9-2a7e5bd9f2e7_s.png
"Baltym. batonėlis MAXSPORT ROYAL su spragėsiais ir karamele, 60 g",1.79,https://cdn.barbora.lt/products/5374f838-fd7d-4677-a06c-c4f651fc26fb_s.png
"Bruknių ir kriaušių džemas SKANOVĖ, 540 g",3.99,https://cdn.barbora.lt/products/cff64814-ec68-4930-bb8f-4c97e8fb4478_s.png
"DAUMANTŲ GURMANIŠKAS kiniškas pomidorų padažas, 500 g",2.39,https://cdn.barbora.lt/products/130580c1-4288-43d4-892d-4b1b3fd8e293_s.png
NIVEA BLACK&WHITE POWER rutulinis antiperspirantas vyrams ,2.85,https://cdn.barbora.lt/products/db85f4ae-3dfc-4294-bed7-a82278805d2a_s.png
"Kiniškas pomidorų padažas SPILVA su ananasais, 500 g",2.39,https://cdn.barbora.lt/products/2870bb92-e837-4410-9e0a-a7e38698d91a_s.png
MARGARITA Maitinamasis rankų muilas su pieno baltymais ir medaus ekstraktu 400ml,3.19,https://cdn.barbora.lt/products/b52349d5-ef39-4853-b453-f31d0efd3fa7_s.png
"Kepti atlantinių silkių filė gabaliukai drebučiuose, 300 g",1.99,https://cdn.barbora.lt/products/a64d65d5-48ef-4665-b06a-dd332ee157e7_s.png
"Dantų pasta COLGATE TOTAL ORIGINAL, 20 ml",2.39,https://cdn.barbora.lt/products/7317ceb0-e101-433a-a5a1-29eec7484292_s.png
"Džiūvėsėliai FLINT MEGA PACK, rūkytos kiaulienos skonio, 110 g",0.74,https://cdn.barbora.lt/products/a95be98e-4121-43e6-848a-e9923e3b4df5_s.png
"ŠEIMININKĖS užtepėlė su grybais, 62 % rieb., 280 g",1.99,https://cdn.barbora.lt/products/bd4035f3-74a0-4db9-be33-ed27da2ef871_s.png
"Plaukų balzamas SYOSS Keratin, 440 ml",7.49,https://cdn.barbora.lt/products/7058c993-aa04-438c-b2de-eae4cb03846b_s.png
"Raudonųjų lęšių traškučiai OHO, Chalapos ir žal. citrinų sk., 100 g",1.45,https://cdn.barbora.lt/products/b693ea13-9f0a-4900-9b46-3229606ea5c9_s.png
"Vynuogių kauliukų aliejus WELL DONE, 750 ml, 750 ml",4.86,https://cdn.barbora.lt/products/8dd77951-667f-4f36-a02d-f54e18c6f589_s.png
Nagų lako valikl.DIVUS be acetono 200ml,1.59,https://cdn.barbora.lt/products/79c49db2-5a77-46a5-9abd-99f1eaebbfcb_s.png
"Advento kalendorius LOOK'O'LOOK, 210 g	",4.19,https://cdn.barbora.lt/products/c5830bf0-a11f-4ed4-b607-64b45122b18d_s.png
"Sausainiai OREO POKEMON su braškių skonio kremu, 110,4 g",1.49,https://cdn.barbora.lt/products/f655ecda-cfeb-4aa9-b809-ebf840fb1706_s.png
"Sūdytos ir kepintos pistacijos WELL DONE, 500 g",7.49,https://cdn.barbora.lt/products/71a53b3a-e238-4f83-83ed-926c6c621940_s.png
"Žirnių ir avižų traškučiai NASHCHI, picos skonio, 60 g",1.49,https://cdn.barbora.lt/products/1bb1ec1f-ee7d-4c1d-945d-c94e6aafb4cb_s.png
"Marinuoti sparnelių peteliai su aitriosiomis paprikomis WELL DONE, 500 g",2.29,https://cdn.barbora.lt/products/5f7cba71-3d03-455f-b024-abbba6637a84_s.png
"Karštai rūkyti juodųjų paltusų gabalai, 1 kg",19.79,https://cdn.barbora.lt/products/742017a4-f788-4704-8b2a-99d3c0fc73ef_s.png
"Vytintas kumpis JAMON SERRANO, nerūšinis gaminys, 100 g",3.99,https://cdn.barbora.lt/products/4eaad28f-c692-412f-bf7a-f51881fa6c23_s.png
"Sausainiai GAIDELIS MINI su kondensuotu pienu, 380 g",1.19,https://cdn.barbora.lt/products/6c6c905e-7d48-4dee-b611-2be9f675776d_s.png
"Sausas kačių ėdalas LOVETT su lašiša, špinatais, žirneliais, 800 g",3.49,https://cdn.barbora.lt/products/c7059439-2a6e-4a8f-9595-a8f12bd8ef56_s.png
"Skystasis muilas PALMOLIVE MILK & HONEY, 300 ml",1.65,https://cdn.barbora.lt/products/a6f5aaa4-3953-4c0c-a27c-42d41d4725be_s.png
"Plaukų lakas TAFT Volume 4, 250 ml",5.99,https://cdn.barbora.lt/products/c28372cb-a8ba-4dc9-a6ce-3e710f9d790c_s.png
"Higieniniai paketai NATURELLA Classic Normal, S2, 10 vnt.",1.25,https://cdn.barbora.lt/products/5b94b397-db93-4bfd-a3b6-ce474d494eac_s.png
"Kepimo rankovė UNIWELL, 3 x 0,29 m, 1 vnt.",0.69,https://cdn.barbora.lt/products/f94fe574-2247-4c25-92f9-a0912ddfa34b_s.png
"Desertinis šokolado skonio padažas SPILVA, 320 g",2.39,https://cdn.barbora.lt/products/0899b6a3-405e-403c-bbef-9d6122169b6b_s.png
"Sojų padažas sušiams AJI, 150 ml",1.79,https://cdn.barbora.lt/products/aa11c605-bfcc-4e77-86e7-73f05c34551c_s.png
"Tamsusis sojų padažas YAMASA, 150 ml",3.45,https://cdn.barbora.lt/products/6fefaa6d-3c60-437b-a937-3280a3cc17c4_s.png
"Dušo želė DERMOMED Argan, 1 l",4.49,https://cdn.barbora.lt/products/e5c535e1-5e47-4f90-8a13-7ae10ca9ad89_s.png
"OBELIŲ grybų sriuba be konservantų, 480 g",2.89,https://cdn.barbora.lt/products/9e4c97f3-3e16-40e2-a8ce-feacc88e2577_s.png
"Ančiuviais įdarytos alyvuogės EXTRA LINE, 270 g",1.19,https://cdn.barbora.lt/products/d479b406-1be1-4adf-86ab-1085d90099b1_s.png
"Pieštukinis dezodorantas OLD SPICE Oasis, 50ml",5.29,https://cdn.barbora.lt/products/22a7f497-cb4e-468b-8055-d704353c3ec5_s.png
"Graužikų lazdelė su medumi FANTASIA, 90 g",2.49,https://cdn.barbora.lt/products/512f3ba7-8929-47d7-b17b-0e10d6ac7532_s.png
"Vytintas BAJORŲ kumpis, pjaustytas griežinėliais, I r., 110 g",1.95,https://cdn.barbora.lt/products/e71640d9-5fd7-4910-88f4-44635d42bd5b_s.png
"Vaikiški ausų krapštukai BOCIOLAND, 60 vnt.",1.59,https://cdn.barbora.lt/products/e9924a8d-c62f-4698-88fb-b933cf6a249b_s.png
"Pynutės su jautiena šunims LOVETT, 70g",0.99,https://cdn.barbora.lt/products/8519ef97-a80c-4354-a6fd-08addbd9623d_s.png
"Skanūs skystieji užkandžiai katėms „FELIX® Deli Moments™“ su lašišomis, 4 x 10 g paketėliuose",1.99,https://cdn.barbora.lt/products/691d327c-c48a-4c5e-b2b2-34e9a0a1fb84_s.png
"VASELINE lūpų balzamas Original, 7 g",3.99,https://cdn.barbora.lt/products/678fa03c-cca1-4c4d-8de6-2bf57db84656_s.png
"Šunų skanėstas PEDIGREE JERKIES su jautiena, 70 g",2.19,https://cdn.barbora.lt/products/b26ef595-4ddb-4519-a8be-b9074dde8925_s.png
"Lyd. sūrio gaminys FORMAGGINI NONNO NANNI, 37 % rieb. s. m., 140 g",1.59,https://cdn.barbora.lt/products/efb405e2-3594-487e-b78b-92a7d3706145_s.png
"Delickcious™ gėrimas su vandenynų žuvimis. Pašaro papildas suaugusioms katėms, 140 gr",1.99,https://cdn.barbora.lt/products/045399c8-3576-4780-8e25-246ebe90263b_s.png
"Delickcious™ „Dribsniai su ėriena ir miško uogomis kreminiame padaže“ konservuotas maistas suaugusiems šunims, 80 gr ",0.99,https://cdn.barbora.lt/products/2ccd172a-2a19-457a-8e5a-7249e5818cb5_s.png
"Delickcious™ Kreminiai skanėstai jūrų karšio skonio su papajomis. Pašaro papildas suaugusioms katėms, 60 gr",2.19,https://cdn.barbora.lt/products/dfb40de2-3ad1-4383-b315-98e757734e8f_s.png
"Garstyčios ORIGINAL FELIX, 360 g",2.99,https://cdn.barbora.lt/products/f798ac8f-4502-4d47-b3e4-b6a63e17ce53_s.png
"Sausas šuniukų ėdalas PEDIGREE JUNIOR, 500 g",2.69,https://cdn.barbora.lt/products/63028f77-ab62-4ae5-9030-cfc38e7cee99_s.png
"Krekeriai TUC, sūrio skonio, 100 g",1.69,https://cdn.barbora.lt/products/fa70beb5-3078-4bc4-b5c5-2b09591f7058_s.png
"Gabalinis tualetinis muilas PALMOLIVE GREEN TEA & CUCUMBER, 90 g",0.59,https://cdn.barbora.lt/products/0995ec31-4222-44aa-9cdc-1ccdb22690a6_s.png
"Konservuotas šunų ėdalas CANIS MAJOR su kalakutiena, 1.25 kg",3.29,https://cdn.barbora.lt/products/383f92a4-ee52-4bcd-be09-e51dc399e71f_s.png
"Dantų šepetėlis JORDAN TARGET SENSITIVE ULTRA SOFT, 1 vnt.",3.39,https://cdn.barbora.lt/products/61fee2d4-796c-4ed6-9ebd-644b5705833c_s.png
"Arbatinis šaukštelis UNIWELL LANE, 1 vnt.",0.99,https://cdn.barbora.lt/products/d289f5cf-58dd-46b6-88ae-c8522bb3017f_s.png
"Dantų pasta SENSODYNE SENSITIVITY & GUM WHITENING, 75 ml",6.79,https://cdn.barbora.lt/products/4a860056-a6c8-4e52-bb8a-854447907936_s.png
Dantų pasta LACALUT aktiv,3.19,https://cdn.barbora.lt/products/c2bad718-41c8-4707-bf08-f2302ef8d040_s.png
"Filtravimo kasetė AQUAPHOR MAXFOR B25 Mg, 1 vnt.",5.99,https://cdn.barbora.lt/products/c0d710be-642e-4f29-98ad-4f12655f45ef_s.png
"SUSLAVIČIAUS Cezario salotų padažas, 300 g",1.99,https://cdn.barbora.lt/products/ce8e6e5b-a419-4364-b6af-1f82bebc8b25_s.png
"Virta dešra su lašinukais BIOVELA EKSTRA, a. r., 1 kg",3.49,https://cdn.barbora.lt/products/c654fc06-12b5-4001-b090-dbd06cb8c7dc_s.png
"Traškus užkandis su įdaru WASA, pomidorų ir bazilikų sk., 40 g",1.39,https://cdn.barbora.lt/products/9f7d5e02-24da-49c6-aeae-052e14f939eb_s.png
"Riešutų mišinys WELL DONE, 200 g",2.85,https://cdn.barbora.lt/products/ec34eb00-9a15-4a1d-85f2-6fd1e158fca2_s.png
"Vytintas itališkas jautienos karpačas BREASOLA, nerūš., 70 g",4.29,https://cdn.barbora.lt/products/040bd89e-7afb-4905-a10e-d898d0f81916_s.png
"Bulvių traškučiai ESTRELLA SPICY, sūrio, Chalapos papr. sk., 115 g",2.29,https://cdn.barbora.lt/products/bb5ee67c-a84f-480d-b48c-80c3c5f8076d_s.png
"Tirpioji pomidorų sriuba MAGGI 5 MINUTES su makaronais, 23 g",0.29,https://cdn.barbora.lt/products/0e08386d-58f6-472a-af48-529ef867e427_s.png
"DOXA SILVER SERIES kūno ir veido muilas, 100 g ",0.99,https://cdn.barbora.lt/products/a884452a-9fe2-472c-8428-332efb2f026d_s.png
Prieskoninė UNIWELL Bamboo 200 ml,2.49,https://cdn.barbora.lt/products/661c39a0-ec37-4d06-b512-38bdff4e142e_s.png
"Kedrinės pinijos WELL DONE, 50 g",2.15,https://cdn.barbora.lt/products/8817cab5-65c5-4a7e-9344-212f13faf79b_s.png
"Česnakinis padažas FELIX, 335 g",2.89,https://cdn.barbora.lt/products/eb7e8de3-1eef-4bea-9d8e-18cb177cbcaf_s.png
MARGARITA COSMOS ORGANIC rankų muilas sandalmedžio aromato 300 ml,5.49,https://cdn.barbora.lt/products/d715ad46-e85d-41f2-84a0-73baae4d43b9_s.png
"Bio.skaidūs šiukšlių maišai,20L,10vnt.",2.19,https://cdn.barbora.lt/products/f0f285d5-5335-4201-bdf7-152d3fa483b5_s.png
"Skutimosi putos NIVEA MEN SENSITIVE jautriai odai, 200 ml",5.49,https://cdn.barbora.lt/products/3e284eb8-bace-44a9-b51f-fd27af4c0144_s.png
"Makiažo valiklis L'OREAL EYE & LIP MAKE-UP REMOVER, 125 ml",8.49,https://cdn.barbora.lt/products/86c092aa-bb5d-40dc-8214-964068a94b5d_s.png
"Krapai KOTANYI, 11 g",0.83,https://cdn.barbora.lt/products/de85cda6-60cb-444b-a777-493872b410f1_s.png
"Skystasis muilas PALMOLIVE MILK & OLIVE, 300 ml",1.65,https://cdn.barbora.lt/products/febc11fa-23da-4df9-a2db-f0af191ea5c5_s.png
"Konservuotos žaliosios alyvuogės SELIA su kauliukais, 310 g",1.69,https://cdn.barbora.lt/products/9a43b66c-5ac0-4916-a2ca-1a611d40fdbe_s.png
"Plastmasiniai dantų krapštukai CLEANPIK su šepetėliu, 150 vnt.",2.11,https://cdn.barbora.lt/products/451eb4cc-3cc5-4c7f-8249-672258c8119b_s.png
"Dantų siūlas DR. SMITH, 50 m.",1.1,https://cdn.barbora.lt/products/1f082652-f9f3-4fa0-8f33-ff0cd4c79b10_s.png
"Sausas plaukų šampūnas MARGARITA su spanguolių ekstraktu, 150 ml",4.89,https://cdn.barbora.lt/products/f464f32b-8961-4c58-bc26-3c4e652a49b3_s.png
"Saulėje džiov. pomidorų ir juodųjų alyvuogių užtep. SKANOVĖ, 190 g",3.49,https://cdn.barbora.lt/products/f46afd2a-057e-4ca0-914f-36b9d622eeb5_s.png
"Krienai SPILVA su vasabiais, 140 g",2.79,https://cdn.barbora.lt/products/a8c12f49-8c12-41d2-bc95-8998f6461c20_s.png
"Traškios GARDĖSIO duonelės JORĖ su petražolėmis, česnakais, 150 g",1.89,https://cdn.barbora.lt/products/80ab605e-895f-4868-a59f-dbd8c3656240_s.png
"Avinžirnių užtepėlė GREEN STORY su pipirais ir kuminais, 180 g",2.25,https://cdn.barbora.lt/products/a906092c-7db8-47a4-8d03-bcaa369a6ae0_s.png
"Migdolų krekeriai BEGGININGS, 80 g",2.69,https://cdn.barbora.lt/products/342d6185-6383-490a-a43e-2d9dcf73fcbc_s.png
"Bulvių traškučiai CHAZZ, kanapių ir Chalapos paprikų skonio, 90 g",2.39,https://cdn.barbora.lt/products/cbcbfca3-d823-4958-978a-123722524c75_s.png
MARGARITA Dušo želė su pieno baltymais ir medaus ekstraktu 1l,7.19,https://cdn.barbora.lt/products/58addfe2-71cc-4204-8ad1-737833f04162_s.png
"Amerikietiškas mėsainių padažas HEINZ, 400 ml",4.59,https://cdn.barbora.lt/products/881b82d1-6aef-446e-948e-d0ee73d365dc_s.png
" Koštuvas UNIWELL, 20 cm",3.99,https://cdn.barbora.lt/products/163ee1b8-26da-44fc-a0b7-987b01de8ea5_s.png
"Vienkartinės lėkštės ILAJA WHITE, 18 cm 40vnt.",1.99,https://cdn.barbora.lt/products/83e9b724-cdc7-4526-bd2d-aa74231ece78_s.png
"Lašišų aliejus FINE DOG, 500 ml",6.49,https://cdn.barbora.lt/products/ac9a6708-3101-4e41-b8a8-9d3f67520cc8_s.png
"Dantų pasta COLGATE MAX WHITE WHITE CRYSTALS, 75 ml",3.49,https://cdn.barbora.lt/products/b77a2598-9cd2-4254-ac0a-8881c57855df_s.png
"Dušo želė FA CREAM & OIL CACAO, 400 ml",4.99,https://cdn.barbora.lt/products/b7816156-a051-4570-a365-30a0d6b53074_s.png
"Saldžiarūgštis padažas WELL DONE, 480 g",2.19,https://cdn.barbora.lt/products/b441623c-3c81-4d52-ab97-b72f47458b67_s.png
"Vaikiškas muilas UTI PUTI su alavijų ekstraktu, 75 g",0.65,https://cdn.barbora.lt/products/17cc7947-95cc-449c-863b-5cde8d3c9c06_s.png
"Šunų užkandis ant&avien LOVETT 140g, 140 g",1.19,https://cdn.barbora.lt/products/5caa1057-400e-48e0-bcb4-e5cb08239e6c_s.png
"Užkandis TARALLINI, svogūnų skonio, 200 g",2.99,https://cdn.barbora.lt/products/2aa0d442-caad-4fa4-bfc1-4177a8ba4999_s.png
"Valg. ledai DADU su braškių įdaru, pieninio šokolado glaistu, 63 g",1.49,https://cdn.barbora.lt/products/280b2de5-935a-42ad-b408-d283e0d99135_s.png
"Graužikų šienas PET EXPERT, 450 g",2.49,https://cdn.barbora.lt/products/30be1906-619c-47ea-a69a-4d3a492a866a_s.png
"Cinamono lazdelės KOTANYI, 17 g",1.39,https://cdn.barbora.lt/products/aac15705-e161-49f3-a797-c10982c3ab76_s.png
"Maltas kuminas KOTANYI, 20 g",0.83,https://cdn.barbora.lt/products/07015c30-d875-473e-966d-0088d858ff32_s.png
"Intymios higienos prausiklis SMILĖ (su alavijais), 300 ml",1.88,https://cdn.barbora.lt/products/53c82e8d-51b5-4ca4-80d8-e04759b36736_s.png
"Dantų pasta LACALUT BASIC, 75 ml",1.45,https://cdn.barbora.lt/products/7afd6b19-0283-493f-b6ad-1eee8d3e990d_s.png
"Žalioji kario pasta KANOKWAN, 50 g",1.59,https://cdn.barbora.lt/products/d61573fe-4661-4b15-9d3f-c6e31077e3df_s.png
"Česnakinis padažas DEVELEY, 410 g",1.89,https://cdn.barbora.lt/products/1612ca11-9252-411b-a4c7-d7f662129f8e_s.png
 Trintuvė UNIWELL,3.49,https://cdn.barbora.lt/products/54e72bf1-54a5-4f26-94e0-2e26dbf71b5f_s.png
"Skystasis muilas DERMOMED su argano aliejumi, 1 l",4.49,https://cdn.barbora.lt/products/48b90857-51f5-465f-bb83-55e1c80ef653_s.png
"Dušo gelis OLD SPICE Whitewater, 400ml",5.79,https://cdn.barbora.lt/products/bae6605d-6246-470a-887a-5b3a8e66b223_s.png
"Kukurūzų traškučiai SANTA MARIA su aitriosiomis paprikomis, 475 g",5.99,https://cdn.barbora.lt/products/c131725d-6254-4dd0-84cf-189e440be277_s.png
"Šunų skanėstas PRIMADOG (antienos suktinis), 175 g",8.35,https://cdn.barbora.lt/products/a7dd8b1e-8619-41cb-84d7-5f2e83358b4c_s.png
"Bulvių traškučiai CHAZZ, šaltibarščių skonio, 90 g",2.09,https://cdn.barbora.lt/products/e1f1eea9-d918-4e6b-9bcf-6b24df3b618a_s.png
"Traškus užkandis LONG CHIPS, sald. aitriųjų paprikų skonio, 75 g",1.29,https://cdn.barbora.lt/products/c1c879a6-6ae1-4696-b78e-babdd00b12f9_s.png
Puodelis ILAJA CAT 350 ml,1.99,https://cdn.barbora.lt/products/e3bd2400-c154-4f28-a01b-5c11baa70f03_s.png
"Dantų pasta ORAL-B Pro Expert, Sensitive, 75ml",4.39,https://cdn.barbora.lt/products/fa50a30c-2ea6-40dd-b5f9-87fdeb161316_s.png
"Dantų pasta Lacalut fluorid fresh, 75 ml",2.49,https://cdn.barbora.lt/products/accbc3a2-c130-4dd7-b45f-9cd64718a48a_s.png
"My Love visavertis konservuotas pašaras suaugusioms katėms su vištiena ir jautiena padaže, 4 x 85 g",1.89,https://cdn.barbora.lt/products/5c11d895-749d-494d-8b5b-08e9b8cf7a0b_s.png
"VASELINE lūpų balzamas Creme Brulee, 7 g",3.99,https://cdn.barbora.lt/products/945da5bb-5dcb-4003-9ab3-aa740a50c392_s.png
"VASELINE lūpų balzamas Rosy Lips, 7 g",3.99,https://cdn.barbora.lt/products/71648416-dc7d-4f23-930c-a80041d99628_s.png
"Vytinta KLEBONIŠKA dešra TIROLIO ALPĖS, A.r., 150 g",2.39,https://cdn.barbora.lt/products/719063b7-2eb5-40cd-8dc1-399d03c90f14_s.png
"Skutimosi putos GILLETTE, 200 ml",2.69,https://cdn.barbora.lt/products/780a69d5-1587-4259-85c4-b1f982538bc9_s.png
"Žaliosios alyvuogės ITLV su ančiuvių įdaru, 300 g",2.49,https://cdn.barbora.lt/products/6ad7f634-b8d7-4cb6-a8e7-d81f27b90176_s.png
"Juodųjų serbentų džemas SKANOVĖ, 540 g",3.65,https://cdn.barbora.lt/products/cd040524-2e9e-4ad6-8294-3e95f4d35332_s.png
"Skutimosi putos SIRENA, 250 ml",1.49,https://cdn.barbora.lt/products/0e1616f8-af5e-4dec-9a14-3ea6e05b4865_s.png
"Rankų kremas GAMTOS MAGIJA, 100 ml",0.85,https://cdn.barbora.lt/products/cbda8c04-2868-4b7d-993b-a674e55ca663_s.png
"Saldus aitriųjų paprikų padažas EXOFUN, 700 ml",3.49,https://cdn.barbora.lt/products/0bb644d7-992d-4824-9f7a-0883ce8d512b_s.png
"Padažas TERIYAKI SAITAKU, 150 ml",2.09,https://cdn.barbora.lt/products/7434df5e-a846-4e4f-9e0b-993169245da1_s.png
Birių produktų indas UNIWELL SQUARE 1L,2.99,https://cdn.barbora.lt/products/5c493212-9b85-4d58-92c1-670cc4f0b33d_s.png
"Higieniniai paketai ALWAYS Sensitive Night, S3, 14 vnt.",3.19,https://cdn.barbora.lt/products/a15eecf6-b579-46dc-a7d9-4c58dde7b853_s.png
"Vilkdalgių puokštė, 7 vnt",2.99,https://cdn.barbora.lt/products/15bc31c1-5198-4b4c-bc2c-99ad7060844f_s.png
"Hermetiškas indelis BORGONOVO IGLOO, 11 cm, 320 ml, 1 vnt.",2.49,https://cdn.barbora.lt/products/4c69db9b-4bcc-4aab-810a-f4135f735ff1_s.png
"Skystasis muilas DERMOMED Kokosas, 1l
",3.79,https://cdn.barbora.lt/products/7d0352a6-56c0-413e-b7ae-ae90e3ecd2ed_s.png
"Hermetiškas indelis UNIWELL, 300 ml, 1 vnt.",1.69,https://cdn.barbora.lt/products/6af5925f-14d6-47c6-ba4c-182650cbff68_s.png
ECODENTA juoda balinamoji dantų pasta su juodąją anglimi 100 ml,4.99,https://cdn.barbora.lt/products/aa84e4d3-94b0-4eea-bab2-2c7f268709f4_s.png
"Duonos lazdelės su alyvuogių aliejumi, 250 g",3.99,https://cdn.barbora.lt/products/3f70b0b1-60ee-45ec-8250-f1c096e240a9_s.png
"Sausas kačių ėdalas PERFECT INDOOR su jautiena, 750 g",5.99,https://cdn.barbora.lt/products/1c7723af-e873-4967-b8df-fde6079992af_s.png
"SUSLAVIČIAUS salotų padažas su česnakais, alyvuogių aliejumi, 320 g",1.95,https://cdn.barbora.lt/products/2b66a11f-7b00-4b63-9ef9-406d210197e7_s.png
KILIG MOISTURIZING intensyviai plaukus drėkinantis kondicionierius 200 ml,4.25,https://cdn.barbora.lt/products/b9874b60-dbc1-43d2-9070-7a8446be784b_s.png
"Vytinta KLEBONIŠKA dešra su džiovintais baravykais, a. r., 200 g",3.59,https://cdn.barbora.lt/products/8a438455-70fe-4b4f-b214-4ccbb3fcca64_s.png
"Higieniniai vatos pagaliukai SEPTONA BIO, 200 vnt., 200 vnt.",1.65,https://cdn.barbora.lt/products/e0d443ad-5522-42d0-a445-6b398f4ad859_s.png
"Traškus užkandis LONG CHIPS, krabų skonio, 75 g",1.29,https://cdn.barbora.lt/products/8fa55f68-9d95-43ee-9fa0-60efa85f9b2c_s.png
"Vytinta BAJORŲ išpjova vakuume, pjaustyta, 1 kg",14.39,https://cdn.barbora.lt/products/961267ea-1197-4647-afae-52f24b2f76e6_s.png
"Silkių filė gabaliukai meksikietiškame padaže ATLANTIDA, 200 g",1.69,https://cdn.barbora.lt/products/13c5baa3-4be6-4567-a552-eb5e26ecf6d1_s.png
"Raugintų agurkų sriuba EXTRA LINE, 480 g",1.29,https://cdn.barbora.lt/products/f74b1ce2-2456-4e5f-99c7-0f2aeb1686c2_s.png
"Kepinti sūdyti anakardžiai WELL DONE, 200 g",2.69,https://cdn.barbora.lt/products/3e1cfe7d-e81a-496a-801d-b04e4d0fda36_s.png
"Konservuotos didelės žaliosios alyvuogės WELL DONE, be kauliukų, 330 g",2.29,https://cdn.barbora.lt/products/689d8d15-8948-4250-be0b-032ff27ed1e7_s.png
"Ličiai FATTORIA dei SAPORI sirupe, 580 ml",3.49,https://cdn.barbora.lt/products/e0bfb780-ae2a-4b84-99c2-f5b7df7caf64_s.png
"Traškios lazdelės SAULĖS GRŪDAS su sezamais, 125 g",1.25,https://cdn.barbora.lt/products/232e34c1-5071-4ac7-98a1-f26f9c8fc37a_s.png
"Majonezinis padažas WOWMAMA SRIRACHA, 48 % rieb., 440 g",4.49,https://cdn.barbora.lt/products/e5d830ea-7756-4bc4-8dd5-901dae08a448_s.png
"Plombyras NYKŠTUKAS, braškių skonio, be laktozės, 400 g",4.39,https://cdn.barbora.lt/products/946566b3-1731-4f23-bf02-a00383a53f88_s.png
"Padažas BLUE DRAGON HOI SIN, 200 ml",3.19,https://cdn.barbora.lt/products/cafb9f78-9ccb-439e-bc09-d7a161960b8a_s.png
"Plaukų lakas SYOSS Max Hold, 300 ml",8.19,https://cdn.barbora.lt/products/d8e00f78-f14e-4dd9-aa19-3c852c809099_s.png
NIVEA Purškiamasis dezodorantas BLACK&WHITE POWER vyrams ,6.39,https://cdn.barbora.lt/products/982d2be9-7b62-4fe2-8f1a-eebe9a65d0fa_s.png
"Vytintos KABANOSI dešrelės, a.r., 200 g",4.19,https://cdn.barbora.lt/products/1d9df8a1-ca3c-42b9-8022-c9f4386a2261_s.png
"Šunų skanėstas ADVENTUROS (juostelės), 90 g",1.99,https://cdn.barbora.lt/products/97514ac3-8621-4ab3-8d7e-a903608c9b5a_s.png
"Medus su šaltalankiais, 200 g",4.49,https://cdn.barbora.lt/products/6c783376-a06e-42e1-a978-d6e18511a4d1_s.png
"KLEBONIŠKOS vytintos mėsos lazdelės, a. r., 100 g",2.79,https://cdn.barbora.lt/products/d5246884-c85b-49c1-8b4d-2f35b1fdee06_s.png
"Dantų pasta BLEND A MED COMPLETE Protect 7 Extra Fresh, 75ml",2.79,https://cdn.barbora.lt/products/7c542199-ba8a-4761-b054-5ae9b9c5b4d1_s.png
"Sausas kačių ėdalas su paukštiena ARDOUR INDOOR, 800 g",4.99,https://cdn.barbora.lt/products/f01e35d2-4cd8-417d-825f-8d76744c86d2_s.png
"Traškučiai PIZZETTA CHIPS MARGHERITA, 70 g",1.99,https://cdn.barbora.lt/products/552ccd9a-ade5-4718-abd6-0feea578c749_s.png
"Burokėlių sriuba EXTRA LINE, 480 g",1.69,https://cdn.barbora.lt/products/365724b5-24a0-47d4-8cbb-1af5bbbda7a1_s.png
"Vytinta pjaustyta jautiena BRESAOLA, nerūšinė, 80 g",3.99,https://cdn.barbora.lt/products/ed988eba-4a0a-4adc-89fd-4b3b1f0a067f_s.png
"Agurkų ir garstyčių salotos SPILVA, 380 g",4.69,https://cdn.barbora.lt/products/2ba53fdc-d5fd-4b37-84fb-f4fe5c153c76_s.png
"Skystasis muilas PALMOLIVE ALMOND & MILK, 300 ml",1.65,https://cdn.barbora.lt/products/62673208-234e-479d-9741-f71856e64e13_s.png
"Malti juodieji pipirai KOTANYI, 30 g",1.18,https://cdn.barbora.lt/products/0a7afb03-fb1c-44a1-b054-fc47fb55c172_s.png
"Klasikinis DAUMANTŲ pomidorų padažas šašlykams gardinti, 500 g",1.79,https://cdn.barbora.lt/products/6957bac3-23e2-4a39-b049-8ed12a08e963_s.png
"Vyšnių įdaras SKANOVĖ pyragams ir blyneliams, 520 g",5.19,https://cdn.barbora.lt/products/ac8f8a92-98da-4661-b559-d2a68f9bd01a_s.png
"Balzaminis Modenos acto kremas MONARI FEDERZONI, 250 ml",3.99,https://cdn.barbora.lt/products/efd9ea7c-3dfa-458a-a57a-62655d1cec4d_s.png
"Ekologiška daržovių tyrelė PONN su jautiena, nuo 6 mėn., 110 g",1.39,https://cdn.barbora.lt/products/0fd03868-1b14-4dea-af2c-d1ff3592af88_s.png
"Hermetiškas indelis UNIWELL EDAY, 100 ml, 1 vnt.",1.19,https://cdn.barbora.lt/products/dca80e2a-823e-43db-9739-765194044b71_s.png
"Saldus aitriųjų paprikų padažas AJI, 700 ml",3.29,https://cdn.barbora.lt/products/e8e16ac8-7de4-4455-bd16-7492577a5dbe_s.png
"Šunų ėdalas CANIS MAJOR jautiena 3 kg, 3 kg",7.79,https://cdn.barbora.lt/products/9d11e301-0cdb-42fc-8af4-52d3a9e247ee_s.png
"Intymios higienos prausiklis BELLA SENSITIVE, 300 ml",4.75,https://cdn.barbora.lt/products/199a4fe6-0836-4d20-aa86-71905e5c884c_s.png
"Saulėje džiov.pomidorų užtepėlė GREEN STORY su span., 180 g",2.25,https://cdn.barbora.lt/products/04d29a56-38db-42f8-bc2f-1818cb824e06_s.png
"SUSLAVIČIAUS šašlykų pomidorų kečupas, 1 kg",3.99,https://cdn.barbora.lt/products/606582d4-fd51-4c6b-a4ec-1a812620a379_s.png
"Vonios putos NIDA su gintaro ekstraktu, 750 ml",1.29,https://cdn.barbora.lt/products/9059b1eb-367c-4624-a0a7-a11013c107bf_s.png
"Vaikiškas dantų šepetėlis ORAL-B JUNIOR, 1 vnt.",2.99,https://cdn.barbora.lt/products/06876a7c-79d9-43b4-bd47-9d1236414c83_s.png
"Sausainiai OREO su pieninio šokolado glaistu, 246 g",3.69,https://cdn.barbora.lt/products/3525cced-6637-4976-b28d-439bee653492_s.png
"Konserv. kačių ėdalas PERFECT FIT su žuvimi ir daržovėmis, 340 g",3.65,https://cdn.barbora.lt/products/181940e8-386b-43e4-abf8-cce829c91c30_s.png
"Skanėstas DENTALIFE mažų veislių šunims, 115 g",2.25,https://cdn.barbora.lt/products/d34cbbf1-bdcd-42cc-aefe-b8a15ebcf3c1_s.png
"KLEBONIŠKI vytinti kiaulienos šiaudeliai, a.r., 100 g",2.85,https://cdn.barbora.lt/products/6f813abc-df6c-445e-88d6-0cfbd56d972a_s.png
"Plaukų šampūnas SYOSS Volume, 440 ml",7.49,https://cdn.barbora.lt/products/2a15868e-418a-44ac-a2b5-9071b7fc8b90_s.png
"Didžiosios natūralios alyvuogės BONTA DI PUGLIA, 580 ml",4.29,https://cdn.barbora.lt/products/14710767-1e5f-45a3-b8a4-6ed729c793d4_s.png
"Plaukų šampūnas SYOSS Keratin, 750 ml ",11.69,https://cdn.barbora.lt/products/6c5507cd-c02e-4363-b675-4d677fc18783_s.png
"SUSLAVIČIAUS pesto salotų padažas, 315 g",1.99,https://cdn.barbora.lt/products/decd2699-82fe-4aa2-a6a6-b6d7382d6401_s.png
"Majonezinis padažas VILNIUS BURGER, 35 % rieb., 400 g",2.99,https://cdn.barbora.lt/products/af6ff394-33d5-4b24-bcf0-c5f80723164a_s.png
"Konservuoti kaparėliai FJK (sūryme), 240 g",2.19,https://cdn.barbora.lt/products/d226616a-afed-48a8-9b83-2ea34afb6c10_s.png
"Šunų skanėstas AKINU su aviena ir menkėmis, 120 g",2.45,https://cdn.barbora.lt/products/08928166-03c3-4742-a2ef-821585110e75_s.png
"Valgomieji ledai DADU su žemės riešutais ir sūria karamele, 63 g",1.49,https://cdn.barbora.lt/products/04d7ad94-8664-4a39-ac2e-79b2ec68b178_s.png
"Konservuotas kačių ėdalas ARDOUR su vištiena ir kalakutiena, 340 g",2.49,https://cdn.barbora.lt/products/3b6e1daf-f508-44f8-be97-ba17a8adc830_s.png
"Pomidorų padažas be konservantų WELL DONE, 480 g",2.19,https://cdn.barbora.lt/products/b6cb0cd1-9092-49c0-9fc6-ec48ee967439_s.png
"Aitrus padažas su mangais SCHEDRO, 200 g",0.99,https://cdn.barbora.lt/products/10a6475d-29ae-4eb6-a011-dc7807837b09_s.png
"Konservavimo dangtelis ILAJA, 1 vnt., 1 vnt.",0.15,https://cdn.barbora.lt/products/3ac01644-3bb5-4f46-a080-309e0569793e_s.png
"Odontologinių plokštelių šepetėlis JORDAN CLINIC INTERBRUSH, 1 vnt.",4.49,https://cdn.barbora.lt/products/aa0668d1-640c-4598-a983-96e6a24308f5_s.png
"Spanguolių ir anakardžių mišinys WELL DONE, 200 g",2.39,https://cdn.barbora.lt/products/d1f199b4-017a-484e-a676-4491b58bcb23_s.png
"Lęšių traškučiai ESTRELLA, paprikų skonio, 100 g",2.69,https://cdn.barbora.lt/products/7bb4d028-d3cd-418a-8fca-4f6c9bb958e1_s.png
"Vytintas itališkas kiaulienos kumpis COPPA, nerūš., 80 g",2.99,https://cdn.barbora.lt/products/40437a1f-77f5-4bfd-9b57-dc4b4ff4a9b1_s.png
"Bulvių traškučiai ESTRELLA SPICY, griet. ir aitr. papr. sk., 115 g",2.29,https://cdn.barbora.lt/products/861937ec-cb60-4d2e-a151-5b2b17719bbc_s.png
PrimaDog Be Grūdų Stirniena-kalakutiena 3 kg,24.99,https://cdn.barbora.lt/products/e0deebe5-f433-461a-b8ed-4390e59af78f_s.png
PrimaDog Ėriuko juostelės 100 g,4.99,https://cdn.barbora.lt/products/6ff7b15e-f8d9-49fe-af4b-84eb1c167e97_s.png
"SKIN627 lakštinė veido kaukė raminamoji su cica ir žaliąja arbata, 22 ml",1.59,https://cdn.barbora.lt/products/e73d1596-0f3a-4de1-9873-87a0e5c17192_s.png
"Aštrus kebabų padažas FELIX, 335 g",2.89,https://cdn.barbora.lt/products/f2f77011-b5fa-481f-b7df-1020ced1b1ae_s.png
"HAS PD Plastilino rinkinys, 4 vnt., asort.",5.99,https://cdn.barbora.lt/products/a0d23304-0ea9-4e6f-8b97-ffb342edb623_s.png
"Club 4 Paws Premium su kalakutiena sausas pašaras suaugusioms sterilizuotoms katėms 0,9 kg",5.29,https://cdn.barbora.lt/products/efe189ff-0328-4b57-8da0-d42940981dc8_s.png
"Dantų pasta PARODONTAX FLUORID, 75 ml",4.59,https://cdn.barbora.lt/products/e6244446-2da9-4503-be2c-5a9c497c8ede_s.png
"Šunų kramtalai FRISKIES PICNIC su vištiena (5 vnt.), 42 g",0.89,https://cdn.barbora.lt/products/0492dc3d-565b-423c-9d00-e4090cb5bbe0_s.png
"Traškučiai PRINGLES, sūrio skonio, 165 g",2.99,https://cdn.barbora.lt/products/d304e531-b452-4ff0-b467-e6c7803303c8_s.png
"Universalusis peilis UNIWELL, 13 cm, 1 vnt.",1.29,https://cdn.barbora.lt/products/8ee4ce52-5bb5-4044-a11b-a011389e8147_s.png
"Moteriškas vienkartinis skustuvas BIC SOLEIL, 4 vnt., 4 vnt.",3.49,https://cdn.barbora.lt/products/3c62c3a1-405a-46e2-bf1f-6587cd43abe0_s.png
"Česnakų spaudyklė UNIWELL EDAY, 1 vnt.",2.99,https://cdn.barbora.lt/products/0974616f-e109-4b63-a1d2-fe1afd3ff6b3_s.png
"Sausasis plaukų šampūnas BATISTE FRESH, 200 ml",4.99,https://cdn.barbora.lt/products/0f48dc56-b5d0-414f-8023-357040b84ef3_s.png
"Vaikiškas dantų šepetėlis JORDAN (nuo 9 m.), minkštas, 1 vnt.",2.89,https://cdn.barbora.lt/products/305845ac-c59e-4119-acf6-dc597edf9cc5_s.png
MARGARITA Drėkinamasis rankų muilas su šaltalankių aliejumi 400ml,3.19,https://cdn.barbora.lt/products/954c9b97-9dbb-4503-a40a-650c89f06005_s.png
"ŠEIMININKĖS užtepėlė su bazilikais, 58 % rieb., 280 g",1.99,https://cdn.barbora.lt/products/558cc35f-6a8a-4f69-9524-cd84403798d7_s.png
" Koštuvas UNIWELL, 10 cm",2.99,https://cdn.barbora.lt/products/a0af66ac-523f-4b40-8abe-7fae6f4c3446_s.png
" Torto kepimo forma UNIWELL, 24 cm",7.99,https://cdn.barbora.lt/products/cbde2c2b-eae0-49af-b757-c55375cd009c_s.png
"Karštai rūkytos EKSTRA dešrelės SAMSONAS, a. r., 570 g",3.39,https://cdn.barbora.lt/products/104e2610-257d-4b17-beeb-98d69f349d42_s.png
"Sausas pašaras katėms PERFECT FIT, kambarinėms katėms, su vištiena, 1,4 kg",9.99,https://cdn.barbora.lt/products/ec58019b-4bd1-421a-a945-a4872fa8c5ca_s.png
"Dantų pasta DIVUS, 100 ml",1.29,https://cdn.barbora.lt/products/ce1bdb1e-7c47-48e7-a83d-ab4fa40b2ada_s.png
"Triušių pašaras PET EXPERT, 350 g",2.49,https://cdn.barbora.lt/products/f3e99927-e64d-483a-87d4-14b3db68851b_s.png
"Dantų pasta ORAL-B Pro-Expert, Professional Protection, 75ml",4.39,https://cdn.barbora.lt/products/5b19d9cc-104b-42a7-8f3c-3560d8ffaa22_s.png
"Riešutų baltyminis batonėlis MAXSPORT su kokosais ir migdol., 40 g",1.69,https://cdn.barbora.lt/products/264baa59-0bd2-4d67-8bc5-fac21241fa1c_s.png
Kepimo forma 27x14x7,6.99,https://cdn.barbora.lt/products/97b9ddf3-1569-4c88-8f88-644914e90061_s.png
"Kukurūzų traškučiai MIO&RIO, 100 g",0.59,https://cdn.barbora.lt/products/0ebbbdc3-40ee-46f4-be75-755d8114702b_s.png
"Traškūs kukurūzai CHAZZ, picos skonio, 100 g",1.99,https://cdn.barbora.lt/products/820f2ce0-314c-4e85-b95f-adaf0c49d60b_s.png
"Traškūs kukurūzai CHAZZ, CAROLINA REAPER paprikos skonio, 100 g",1.99,https://cdn.barbora.lt/products/5c52e9d7-609f-4814-898a-a82fa5c27144_s.png
"Konservuotos WELL DOEN žaliosios alyvuogės „Manzanilla“ citrusinių vaisių marinate (be kauliukų), 340 g",2.79,https://cdn.barbora.lt/products/2e68753c-5157-406d-8256-307a349c5de9_s.png
"Plaukų šampūnas AUSSIE Deep Hydration, 300 ml",9.89,https://cdn.barbora.lt/products/c243bc6a-6e2a-4961-b2e2-8a7d5f7a6309_s.png
"Advento kalendorius LICENSE MIX, 50 g	",1.99,https://cdn.barbora.lt/products/6908258f-deaa-42c7-ab09-bd71711a8d25_s.png
"Šampūnas AS, su lanolinu, 250 ml",2.99,https://cdn.barbora.lt/products/7efb64eb-392b-4d1c-a85a-287af662dfd8_s.png
NIVEA Rutulinis dezodorantas  COOL KICK vyrams,4.79,https://cdn.barbora.lt/products/0be8f849-9b0b-4687-b66d-8aa7de0b70a4_s.png
NIVEA Dušo želė LEMON &OIL,4.19,https://cdn.barbora.lt/products/1a7e289c-87af-4e86-806e-1a9f325537e7_s.png
"Traškučiai PRINGLES, šoninės skonio, 165 g",2.99,https://cdn.barbora.lt/products/677b4b2b-807e-4c52-923c-99135f5477cb_s.png
"The Doctor Health & Care Levandų vonios druska, 500 g",2.49,https://cdn.barbora.lt/products/b1a4a5e5-f2c4-4b3e-8361-285480dfc5b6_s.png
"Šaldymo maišeliai UNIWELL EDAY, 1,5 l, 6 vnt., 6 vnt.",1.29,https://cdn.barbora.lt/products/4781fda6-8a36-42b6-ad30-5f71ad098f74_s.png
"5-ių grūdų ir 3-ių sėklų dribsniai SKANĖJA, 400 g",0.87,https://cdn.barbora.lt/products/176b96d4-6ab0-4298-838b-91715acb3480_s.png
MARGARITA Kreminis rankų muilas su migdolų ir ramunėlių ekstraktais 400ml,3.19,https://cdn.barbora.lt/products/05ab5e80-28cf-41e4-a709-37b753dc0ef1_s.png
"Tamsusis sojų padažas YAMASA, 500 ml",4.09,https://cdn.barbora.lt/products/d7cf6945-d3c7-42ac-9629-8d3194d9218d_s.png
"Dantų šepetėlis ECODENTA su itin minkštais šereliais, 1 vnt.",3.69,https://cdn.barbora.lt/products/bd0e506a-ff68-4d11-a9ba-e5fee88dd76b_s.png
"Dušo želė NIDA su medaus ir migdolų ekstraktu, 250 ml",1.35,https://cdn.barbora.lt/products/06de744e-1aa5-430f-a058-9179f2708ca0_s.png
"Traškučiai TYRRELL'S, saldaus aitr. ir saldžiųjų paprikų sk., 150 g",4.29,https://cdn.barbora.lt/products/579c53ac-bf43-4aa9-b44b-65d81103973d_s.png
"SUSLAVIČIAUS šašlykų pomidorų kečupas, 500 g",2.59,https://cdn.barbora.lt/products/ebafedc0-34ac-4b27-a73c-aed5c60eb6ee_s.png
"Aštrus padažas OLD EL PASO CHUNKY SALSA, 312 g",3.29,https://cdn.barbora.lt/products/0acc643b-6942-46f2-8aa5-88aeba86c2b6_s.png
"Gabalinis tualetinis degutinis muilas SHIK, 140 g",1.19,https://cdn.barbora.lt/products/2c8ce28c-ea12-4098-a874-78857ca0a663_s.png
"Krekeriai BEGGININGS, pomidorų skonio, 80 g",2.69,https://cdn.barbora.lt/products/cca0f178-7a1d-4a90-b868-fb26e3119350_s.png
"Miš. šonkauliukams MAGGI IDEA, barbekiu sk. su prieskoniais, 42 g",0.64,https://cdn.barbora.lt/products/65ec1aa9-a30d-4410-ba01-cbfb3be4fa9c_s.png
"Moteriškas rutulinis dezodorantas GARNIER ACTION, 50 ml",4.99,https://cdn.barbora.lt/products/2f593994-38a8-41ce-94d8-d50513536623_s.png
"Šaltai rūkyta pjaustyta KLAIPĖDOS SKILANDINĖ dešra, a. r., 100 g",2.49,https://cdn.barbora.lt/products/e5586619-d2e5-4049-9db6-4dfa226da9ea_s.png
"Graužikų pašaras COMPLETE MENU VEGGIE, 350 g",2.49,https://cdn.barbora.lt/products/eba2723f-068f-4df7-91ee-fdbfd300bb28_s.png
"Vanilinis plombyras WELL DONE su sutirštintu pienu, 65 g",0.89,https://cdn.barbora.lt/products/aadf8b02-48fd-4a72-8b71-d5369e87992d_s.png
"Bulvių traškučiai ESTRELLA SPICY, aštraus kepsnių skonio, 115 g",2.29,https://cdn.barbora.lt/products/bb7450c0-eff2-4bab-afc8-73162a0060dd_s.png
NIVEA MEN ACTIVE  lūpų balzamas,3.09,https://cdn.barbora.lt/products/8f6a7095-c8b4-4333-ba6f-98b17f1f266b_s.png
"Skrebučiai ALVO, 80 g",1.79,https://cdn.barbora.lt/products/1fd4ec6c-e7d7-4a08-82bf-b6de349a66df_s.png
"Kepti ledjūrio menkių gabaliukai su daržovėmis aliejuje, 300 g",2.49,https://cdn.barbora.lt/products/80099d50-9d6a-4504-ac13-03849c0ae36a_s.png
"Sausainiai BIRTHDAY CAKE OREO, 97 g",1.89,https://cdn.barbora.lt/products/6139996d-c5d7-4606-9f40-daa46fdaaf78_s.png
"Saldžios kukurūzų lazdelės OHO, 170 g",1.79,https://cdn.barbora.lt/products/f5b78099-5c4e-4bf6-ab4d-45fe95e56f01_s.png
"Vytintos KLEBONIŠKOS PUTŲ MEISTRO dešrelės, A. r., 150 g",2.49,https://cdn.barbora.lt/products/9d208277-e523-4e1c-a77f-e6013ca7238a_s.png
"Sausas kačių ėdalas LOVETT sterilizuotoms katėms, 800 g",3.49,https://cdn.barbora.lt/products/68d2af14-98b5-4f80-9f13-fefaf9c52167_s.png
"Silikoninė kepimo forma JULIETTE, 24 x 13 cm, 1 vnt.",10.99,https://cdn.barbora.lt/products/e8a6d716-5f3d-4265-8941-a9433fb49b4c_s.png
"Žemuogių kvapo dantų pasta vaikams ECODENTA, 75 ml",3.09,https://cdn.barbora.lt/products/84db3ab3-bc43-4024-acf2-94f306aea37c_s.png
"Plaukų lakas WELLAFLEX 2 DAYS VOLUME, 75 ml",3.29,https://cdn.barbora.lt/products/190dd8fa-17ad-4e09-988a-17e2fc7909f3_s.png
"Sausasis plaukų šampūnas BATISTE DARK & BROWN, 200 ml",5.59,https://cdn.barbora.lt/products/a2a52f00-00fd-4a35-8fd2-2be85e4a13e7_s.png
"Sausas plaukų šampūnas GOT2B (EXTRA FRESH), 200 ml",8.69,https://cdn.barbora.lt/products/73179b9a-6e71-4536-8739-d1738cc4bf8e_s.png
"Šaukštas UNIWELL LANE, 1 vnt.",0.99,https://cdn.barbora.lt/products/b4c9e2ff-971a-41a8-a2d3-270e8e9e0557_s.png
"Burnos skalavimo skystis GENERA DELICATE MINT, 500 ml",1.73,https://cdn.barbora.lt/products/253ec3a4-c981-4f8a-b2cf-5fe7968e820b_s.png
"Plaukų šampūnas GENERA su persikų ekstraktu, 500 ml",1.83,https://cdn.barbora.lt/products/fe30b612-c2f8-4df6-b5d9-84801baca724_s.png
MARGARITA Dušo želė su 7 žolelių ekstraktais 500ml,4.55,https://cdn.barbora.lt/products/6004b079-56bd-4655-82cf-cc1c94ca724f_s.png
"Vaikiška dantų pasta ECODENTA be fluoro, 75 ml",4.19,https://cdn.barbora.lt/products/553139e8-eb5d-4aa3-a9e5-4b3400b591f3_s.png
"Duonos lazdelės su rozmarinais, 250 g",3.99,https://cdn.barbora.lt/products/4b1a03b2-13f7-4b4b-8f9b-e94e4d786447_s.png
"Dantų pasta JORDAN „GREEN CLEAN CARIES PROTECTION“, 75 ml",3.45,https://cdn.barbora.lt/products/c55463a1-f08b-406c-801c-127b795d8b28_s.png
"Traškučiai PRINGLES ORIGINAL, 70 g",1.79,https://cdn.barbora.lt/products/bde26c69-5b81-4810-83d2-846a83c86afe_s.png
"Vienkartiniai puodeliai ILAJA COLOR,220ml 10vnt.",1.99,https://cdn.barbora.lt/products/5c3c24e0-9434-4c45-a62e-54caa1ec4524_s.png
"Konservuotas kačių ėdalas LOVETT su lašiša, 100 g, 100 g",0.55,https://cdn.barbora.lt/products/0164c62e-3949-47ad-b7b1-86d03822d331_s.png
"Kūdikių dantų šepetėlis JORDAN (0-2 m.), ypač minkštas, 1 vnt.",3.39,https://cdn.barbora.lt/products/b784dc43-587c-4da4-806b-26d41f429f78_s.png
"NIVEA Pearl&Beauty ""Fine Fragrance"" purškiamas antiperspirantas moterims",4.79,https://cdn.barbora.lt/products/560d0b1c-a49b-46af-a63e-373e5dd806ee_s.png
"Draskymo lenta katėms LOVETT, 48,5 x 18,5 x 7,5 cm, 1 vnt.",7.99,https://cdn.barbora.lt/products/1c74d4a9-e1ae-4c95-951e-2e32899e612c_s.png
"Konservuotas šunų ėdalas ARDOUR su jautiena ir kalakutiena, 400 g",2.49,https://cdn.barbora.lt/products/ad54105c-ba54-4828-9655-62b6cfa016ab_s.png
"Aštrus kečupas EXTRA LINE, 480 g",0.99,https://cdn.barbora.lt/products/60bd60f4-9656-4a62-ab81-aa4fb4e67386_s.png
"Barbekiu padažas su juodaisiais česnakais WELL DONE, 280 g",1.99,https://cdn.barbora.lt/products/20b42e9c-ba92-4eb4-a10f-2988e93bf0c2_s.png
"Sojų daigai MIKADO, 330 g",2.49,https://cdn.barbora.lt/products/b6ba2c54-7ddc-4b0e-9a98-01c1b8028b3f_s.png
"KĖDAINIŲ KONSERVŲ FABRIKO česnakinis padažas, 270 g",2.49,https://cdn.barbora.lt/products/dc3c04b2-6fe6-4103-8978-ad9157d5104d_s.png
Dušo želė DIVUS SWEET SUMMER;400ml,1.49,https://cdn.barbora.lt/products/38996ecf-569e-4db6-9416-9deba441e734_s.png
"Ekologiški avinžirnių falafeliai, 160 g",1.99,https://cdn.barbora.lt/products/55d3b6ef-9cf2-4cce-ba13-b77166932096_s.png
"Žirnių ir avižų traškučiai NASHCHI, čederio skonio, 60 g",1.49,https://cdn.barbora.lt/products/d06f1cc2-f9ce-4041-92f2-02797e9949fe_s.png
"Šaltai rūkyta SKILANDINĖ kiaulienos dešra PORMET, a. r., 100 g",1.49,https://cdn.barbora.lt/products/02eca602-86f5-42fc-8466-3f6714164e3e_s.png
"Padažas makaronams MUTTI su kietuoju sūriu, 400 g",3.99,https://cdn.barbora.lt/products/c2d18d88-453e-4c9c-821e-cdc12748414e_s.png
"Lašišinių žuvų kuprių ikrai WELL DONE, 100 g",5.49,https://cdn.barbora.lt/products/1df8770c-cc1e-4b52-8c15-20660f923d7b_s.png
"Vytinti kiaulienos šiaudeliai MEAT CRAFT, a. r., 100 g",3.85,https://cdn.barbora.lt/products/9e4be265-bfc2-413f-b84b-e015d054e3e0_s.png
"Vasabių pasta J&K, 43 g",2.19,https://cdn.barbora.lt/products/bc7c71d0-b01c-49be-8bcb-8f28544060f2_s.png
"Vytinta dešra GOURMET, pjaustyta, aukščiausia rūšis, 150 g",4.49,https://cdn.barbora.lt/products/ad88e220-f9de-4a38-9722-dd7991f6938e_s.png
L'Oréal Paris ELSEVE Glycolic Gloss CORE kondicionierius. 200 ml,5.39,https://cdn.barbora.lt/products/f2aa5ac7-fcf4-421e-a54e-b99267d3eb39_s.png
"Padažas su aitriosiomis paprikomis ir česnakais SANTA MARIA, 100 g",2.99,https://cdn.barbora.lt/products/318530d9-0ec6-4d23-9bc8-fd72d8855f5d_s.png
"Delickcious™  Gėrimas su tunu. Pašaro papildas suaugusioms katėms, 140 gr",1.99,https://cdn.barbora.lt/products/5c6ee13c-ec7b-4018-be7b-2a7bbe60696e_s.png
"Rankų kremas KAMILL, 100 ml",1.95,https://cdn.barbora.lt/products/3bfb2b57-9cfa-480d-9af3-f28ddad0a34a_s.png
"Nagų lako valiklis BŪK, 70 ml",1.29,https://cdn.barbora.lt/products/e48eacd0-7463-4f83-8074-b573736ba9b6_s.png
"Jautrios odos skustuvai BIC 3 SENSITIVE, 4 vnt.",2.09,https://cdn.barbora.lt/products/3f983a1c-24ea-4b3c-81d5-32add392c7d0_s.png
"Dantų pasta SENSODYNE PRONAMEL MINT, 75 ml",7.39,https://cdn.barbora.lt/products/308786dd-5682-4ff5-a6fe-cab412965442_s.png
"Skystasis muilas PALMOLIVE HYGIENE KITCHEN ODOR, 300 ml",1.65,https://cdn.barbora.lt/products/2bddf162-57b7-4327-8841-b828775582ac_s.png
"Vytinta pjaustyta jautiena BASTURMA, a. r., 60 g",5.49,https://cdn.barbora.lt/products/31bc18a3-fdcc-4a8e-9240-7c860636bf6e_s.png
"Kūdikių kremas SUDOCREM, 125 g",8.49,https://cdn.barbora.lt/products/53d6180d-d455-459d-b37f-98049a810171_s.png
"Sausas plaukų šampūnas SYOSS ANTI-GREASE, 200 ml",8.49,https://cdn.barbora.lt/products/a2557226-455c-4486-b01d-cfdf51dee95e_s.png
"Džiūvėsėliai FLINT GRENKI, česnakų skonio, 80 g",0.63,https://cdn.barbora.lt/products/fd22ccfa-56fa-4ece-9a28-3c29f0335f74_s.png
"Pjaustymo lentelė, 21 x 33 cm, 1 vnt.",5.99,https://cdn.barbora.lt/products/3cae8e6d-0960-4d9c-bf2e-be101e94be09_s.png
"Citrinų kvapo langų valiklis CLIN WINDOWS & GLASS, 500 ml",2.09,https://cdn.barbora.lt/products/bfc65c58-d24d-4ee7-8d4b-a90c93a9da2e_s.png
"Šaltalankių uogienė SKANOVĖ, 330 g",3.35,https://cdn.barbora.lt/products/77033326-0498-47dc-8cb6-038ffa1f7f55_s.png
"Gurmaniškas DAUMANTŲ pomidorų padažas su Kaukazo žolelėmis, 500 g",2.79,https://cdn.barbora.lt/products/329c3c84-49ea-469d-a87d-285ce5658fad_s.png
"Maitinamasis rankų kremas NIDA su medaus ir migdolų ekstr., 150 ml",1.29,https://cdn.barbora.lt/products/7d5443e4-97b5-429c-84d0-d52c6f03567a_s.png
"Burnos skalavimo skystis GENERA COLD MINT, 500 ml",1.73,https://cdn.barbora.lt/products/d10e4d63-90cf-4eea-b7e4-0394c2159378_s.png
"Avinžirnių ir pupelių mišinys BONDUELLE VAPEUR, 310 g",2.79,https://cdn.barbora.lt/products/4510eb5c-2b82-4e8d-99af-b03e11290b49_s.png
"Šaltai rūkytos plekšnės, 1 kg",7.19,https://cdn.barbora.lt/products/8c7c2b5c-7432-42df-8608-18364b02295d_s.png
"Greitai paruošiami makaronai MAGGI su padažu (terijakio sk.), 75 g",1.09,https://cdn.barbora.lt/products/82076215-5583-4aed-b95e-20e5bd3c1917_s.png
"Gr.paruoš.makaronai MAGGI su pad.(saldžiar.aitr.paprikų sk.), 75 g",1.09,https://cdn.barbora.lt/products/00bd344d-19a3-4478-9db1-73104894d8b2_s.png
"Intymios hig. prausiklis-putos MARGARITA su pieno rūgštimi, 150 ml",4.99,https://cdn.barbora.lt/products/c4e11c1a-261c-4208-a335-3cbc31807911_s.png
"Vienkartiniai puodeliai ILAJA WHITE, 230ml,10vnt",0.99,https://cdn.barbora.lt/products/766c44e3-7a8f-4dc5-80c2-146baf82fad1_s.png
"Konservuotas kačių ėdalas LOVETT su jautiena, 100 g, 100 g",0.55,https://cdn.barbora.lt/products/30cfc31a-d80c-49e6-8641-fe2696e78aa1_s.png
"Konservuotas kačių ėdalas LOVETT su paukštiena, 100 g, 100 g",0.55,https://cdn.barbora.lt/products/f48900fb-f366-4975-8696-978694af87b6_s.png
Knyga PASAKŲ KNYGELIŲ advento kalendorius. 1vnt.,17.99,https://cdn.barbora.lt/products/b8b313e5-59f9-4efa-a0a9-5ebe1a0e9b82_s.png
"Pomidorų padažas su kietuoju sūriu KKF, 400 g",2.99,https://cdn.barbora.lt/products/771ce3a5-9a9a-4d9c-aae2-57334c46e8e2_s.png
"Konservuotas kačių ėdalas ARDOUR su jautiena ir vištiena, 340 g",2.49,https://cdn.barbora.lt/products/53453999-50a7-48e7-be89-704afe1f99d2_s.png
Vyriškas dušo gelis OLD SPICE WHITEWATER;1l,12.29,https://cdn.barbora.lt/products/13f38f69-4b85-42c2-b329-505910c3acf4_s.png
"Bambukų ūgliai MIKADO, 330 g",2.49,https://cdn.barbora.lt/products/607c8e85-1f2b-4c0c-b59e-ca2de6fed586_s.png
"Didelių papūgų lesalas PET EXPERT, 800 g",2.69,https://cdn.barbora.lt/products/1cbaf6fa-44d9-454b-8f9c-bc6ebe4876a1_s.png
SENSODYNE dantų pasta Daily Protection 100ml,5.09,https://cdn.barbora.lt/products/7dacf6fd-412d-4588-b857-4cc56ce6e3b3_s.png
"Majonezinis padažas WOWMAMA FRENCH FRIES, 37,9 % rieb., 450 g",2.79,https://cdn.barbora.lt/products/4ad9156c-29c5-450b-8f72-8f7bf116e76c_s.png
"Migdolai WELL DONE, 500 g",5.13,https://cdn.barbora.lt/products/eb523fbe-5fa5-4f56-82af-6d9b68dfd91b_s.png
ELSEVE  balzamas 400 ml,7.39,https://cdn.barbora.lt/products/a8a16e40-b5a2-4361-9ee8-a665f01f6d89_s.png
"Vytintas pjaustytas BERETTA aštraus skonio saliamis PEPPERONI, nerūš., 80 g",2.19,https://cdn.barbora.lt/products/cda53742-c069-4122-9a45-05fc445a884b_s.png
"Bulvių traškučiai ESTRELLA, šviežių agurkų ir grietinės sk., 170 g",2.89,https://cdn.barbora.lt/products/7d867edc-a93d-4066-a68b-c828bd5fe5c8_s.png
"Aštrus pomidorų ir aitriųjų pipirų padažas MAGGI, 500 ml",2.19,https://cdn.barbora.lt/products/75bf28a8-93b4-4377-a20c-8fe469773499_s.png
"Kriaušės SWEET SENSATION, 70-80 mm, 1 kg",2.39,https://cdn.barbora.lt/products/8fa6cacf-d7e6-4bf4-9d9a-4663e41725d6_s.png
"Skustuvo galvutės GILLETTE MACH3, 8vnt.",23.99,https://cdn.barbora.lt/products/29baa1ec-84f7-4f37-84dc-0dd6de2140ad_s.png
"Plaukų lakas SYOSS Volume Lift, 300 ml ",8.19,https://cdn.barbora.lt/products/cab2861a-8f85-43e0-8545-62bd70575e78_s.png
"Dantų siūlas COLGATE TOTAL, 50 m.",3.49,https://cdn.barbora.lt/products/1656d791-d840-4f46-95fc-3ca6069a79b5_s.png
"Vyriški vienkartiniai skustuvai LASER II, 6 vnt.",0.59,https://cdn.barbora.lt/products/8329b9c4-8315-4175-bdd0-c3fadc0a5c41_s.png
"Sojų padažas KIKKOMAN TAMARI be gliuteno, 250 ml",5.49,https://cdn.barbora.lt/products/07ae7841-f5d0-4545-bfee-729fe39524dd_s.png
ECODENTA dantų pasta jautriems dantims su ramunėlių ir gvazdikėlių ekstraktais 100 ml,3.65,https://cdn.barbora.lt/products/b527c8f6-f145-4c26-b75c-1573c8161ffd_s.png
"Pjaustymo lentelė, 16 cm, 1 vnt.",3.99,https://cdn.barbora.lt/products/d3da7eed-0e96-4f46-814a-6fe1f47238c9_s.png
"Maltos ciberžolės KOTANYI, 20 g",0.83,https://cdn.barbora.lt/products/7b2670f4-0fcd-43ea-88e6-012806da8297_s.png
"Dantų šepetėlis JORDAN ULTIMATE YOU SOFT, 1 vnt.",2.39,https://cdn.barbora.lt/products/d7f2a595-c36b-433f-8eb6-a666ff3a8b04_s.png
"Sušių actas AJI, 150 ml",1.89,https://cdn.barbora.lt/products/f8505bf6-67a1-4c4f-95a4-2d6aba4c6c1a_s.png
"Pieninių dantų gelis WELEDA, 50 ml",5.49,https://cdn.barbora.lt/products/c30bf4aa-c469-4120-b793-fdd40e9d6edb_s.png
"Drėkinamasis kūno losjonas NIDA su migdolų aliejumi, 250 ml",1.39,https://cdn.barbora.lt/products/c3132b86-07aa-4140-a6ea-7b2f688f9547_s.png
"Maitinamasis pėdų kremas NIDA su pipirmėčių eteriniu aliej., 75 ml",0.99,https://cdn.barbora.lt/products/b6cf4e8a-db6d-4678-9333-a11ab15f96a7_s.png
"Plaukų kaukė NIDA su keratinu, 200 ml",1.59,https://cdn.barbora.lt/products/049b3f2b-1a0c-4251-a977-a4a7f016ab06_s.png
"Moteriška purškiamasis dezodorantas REXONA ACTIVE PROTECTION, 150 ml",4.29,https://cdn.barbora.lt/products/50b889d9-6358-491d-b600-51fac31fa3a3_s.png
"Higieniniai paketai NATURELLA Classic Normal, S2, 18 vnt.",2.09,https://cdn.barbora.lt/products/b241cb60-02e7-4cce-b911-330b3ba45ed5_s.png
"Plaukų šampūnas GENERA su dilgėlių ir eukaliptų ekstraktais, 500 ml",1.83,https://cdn.barbora.lt/products/53e0b7b9-929b-4b16-91ff-3b15d2ff993b_s.png
"Baltosios balandos GLOBUS (VITAL), 150 g",1.19,https://cdn.barbora.lt/products/4ec8882d-e793-412f-8a77-19a5a729d702_s.png
"Dantų pasta COLGATE ADVANCED CHARCOAL, 75 ml",3.49,https://cdn.barbora.lt/products/4574fbe3-2e71-4c18-975b-d179e1fbc866_s.png
"Dantų šepetėlis JORDAN GREEN CLEAN SENSITIVE ULTRA SOFT, 1 vnt.",3.29,https://cdn.barbora.lt/products/8044c621-6a44-49ab-9370-220a9826a91f_s.png
"SUSLAVIČIAUS pomidorų padažas šašlykams gardinti, 500 g",2.65,https://cdn.barbora.lt/products/af088110-ec1d-48fd-8d7c-b2641b36807a_s.png
"Kario padažas PATAK'S TIKKA MASALA, 450 g",4.09,https://cdn.barbora.lt/products/ca0a6a8f-677a-4ca9-a33b-ef77153d2023_s.png
"Įvairių uogų džemas EXTRA LINE, 330 g",2.09,https://cdn.barbora.lt/products/0eea34e1-7750-4447-a249-8a279f5ffdae_s.png
"Kačių skanėstas FELIX PLAY TUBES su žuvimi ir kepenėlėmis, 50 g",1.99,https://cdn.barbora.lt/products/6c8470b5-936c-48e2-9c5b-72f270a01f34_s.png
 Samtis UNIWELL,2.99,https://cdn.barbora.lt/products/ebd54399-3348-4b73-b505-7d41e559f9e7_s.png
"Indų ploviklis FAIRY SC Lilac, 650ml",2.65,https://cdn.barbora.lt/products/d6ccfc60-6b92-4aa6-8c31-cc7ec5296281_s.png
"Vonios burbulas BUBBLES VANILLA BERRY, 115 g",2.39,https://cdn.barbora.lt/products/a89196a6-f335-475e-8cd0-6d1d636c7da3_s.png
"Padažas DEVELEY MAYO SRIRACHA, 300 ml",2.89,https://cdn.barbora.lt/products/2890999d-4893-4820-91a7-34f84c6f55ac_s.png
"Intymiosios higienos prausiklis ABENA, 500 ml",5.19,https://cdn.barbora.lt/products/2ecb3474-528b-4b27-bc8f-6f5f60b44cb6_s.png
"Migdolai WELL DONE, 200 g",2.69,https://cdn.barbora.lt/products/dea81ea8-19dd-4d26-93f5-f7e7bf8c2dc9_s.png
"DOXA ACTIVATED CHARCOAL tualetinis muilas, 100 g ",0.99,https://cdn.barbora.lt/products/c4f56522-182b-4037-897a-38e3a6a044b6_s.png
"Šiupininė sriuba EXTRA LINE, 480 g",1.89,https://cdn.barbora.lt/products/63d0cd31-c7f4-4dd2-9a24-5db1191ca364_s.png
"Sūrios karamelės desertinis padažas SPILVA, 320 g",3.99,https://cdn.barbora.lt/products/14bc87ca-0cc8-48bc-b92e-d7e18aebfaad_s.png
PrimaDog Ėriena-bulvės visiems suaugusiems šunims 3 kg,19.99,https://cdn.barbora.lt/products/7c7dde93-4cf5-489c-87ea-cacadc2dc367_s.png
"Sultinys MAGGI THAI, 8 kubeliai, 80 g",0.84,https://cdn.barbora.lt/products/27552a7a-ddf9-4f34-99f4-9cd9747daf1f_s.png
"Vytinta pjaustyta BERETTA dešra SALAME CACCIATORE, nerūš., 80 g",2.55,https://cdn.barbora.lt/products/fa8494b3-5bf2-43dd-b721-321d635c28f1_s.png
MARGARITA COSMOS ORGANIC dušo želė sandalmedžio aromato 400 ml,5.99,https://cdn.barbora.lt/products/fdee3254-2089-4c75-8a60-59bda1abd1da_s.png
"Grietinės ir svogūnų skonio MIO&RIO bulvių traškučiai, 100 g",1.19,https://cdn.barbora.lt/products/abded3fa-cda4-4c3a-9651-4f32a516274c_s.png
"Nature's Miracle Stain & Odour Remover šunų kvapo ir dėmių valiklis, 709ml",9.99,https://cdn.barbora.lt/products/86c7f446-fad5-4924-ae66-527970a66977_s.png
"Sausas kačių ėdalas LOVETT su paukštiena, jautiena, žirneliai, 800 g",3.49,https://cdn.barbora.lt/products/4b0e3827-97ed-4c7e-bb8b-b7ad0162c26b_s.png
"Club 4 Paws Premium visavertis konservuotas pašaras suau gusioms sterilizuotoms katėms su kalakutiena ir triušiena padaže, 4x85 gr",2.29,https://cdn.barbora.lt/products/dc44f27c-3ef5-47d1-8edf-cebe5d994c0a_s.png
"Moteriškas purškiamasis dezodorantas REXONA COTTON, 150 ml",4.29,https://cdn.barbora.lt/products/d3a468e1-3256-49a6-beb6-cb06d3471ac9_s.png
"Depiliavimo kremas „VEET MINIMA“, skirtas sausai odai, 100 ml.",5.79,https://cdn.barbora.lt/products/f1c641a5-6d65-4abd-9548-359780b25069_s.png
"Dantų šepetėlis SENSODYNE MEDIUM, 1 vnt.",3.49,https://cdn.barbora.lt/products/1201b3d0-1538-495f-a9ac-d5ff743b924d_s.png
NIVEA Dušo želė WATER LILY & OIL ,4.19,https://cdn.barbora.lt/products/e5052703-dd27-4632-8ebc-5cd9b6517ee0_s.png
"Marinuoti imbierai SAITAKU SUSHI GINGER, 190 g",3.09,https://cdn.barbora.lt/products/ccaf6ee3-1346-4d84-9bef-5d664a52d413_s.png
"Saldžiųjų kukurūzų ir paprikų mišinys BONDUELLE, 165 g",1.79,https://cdn.barbora.lt/products/61fecead-a75d-4678-9ec5-f5fde24f6667_s.png
"Plaukų lakas SYOSS Keratin, 300 ml",8.19,https://cdn.barbora.lt/products/f9f79ee5-eed2-481a-859e-02ba14866da9_s.png
NIVEA Care maitinamasis kremas 100ml,5.69,https://cdn.barbora.lt/products/041f65db-57b5-4fa5-9a71-a57587d571a7_s.png
"Vytinta KLEBONIŠKA dešra, a. r., 270 g",5.15,https://cdn.barbora.lt/products/1e813ec0-970c-41f4-a631-c6e153c5fa55_s.png
"Dantų pasta BIOREPAIR, 75 ml",7.29,https://cdn.barbora.lt/products/487612bb-9ac0-4811-b165-775682f8fe7a_s.png
"Hermetiškas indelis UNIWELL, 1000 ml, 1 vnt.",3.49,https://cdn.barbora.lt/products/efce42e7-6bd9-44c5-9cc6-6078054aec3f_s.png
"Higieniniai paketai ALWAYS Platinum Super, S2, 14 vnt.",3.19,https://cdn.barbora.lt/products/c9d7c3d7-e74c-446b-aea7-5da487e18cad_s.png
"ECODENTA dantų pasta efektyviai apsaugai nuo karieso su ksitoliu, laimų ir kalendrų lapų eteriniais aliejais 100 ml",5.85,https://cdn.barbora.lt/products/ecfdb3d2-fbb4-4099-93bd-8189131be73f_s.png
KILIG NOURISHING mandarinų aromato rankų kremas 75 ml,4.15,https://cdn.barbora.lt/products/e52cdfd3-136c-4a85-af88-a1caa0a8ae3a_s.png
"Sausasis plaukų šampūnas BATISTE CHERRY, 200 ml",4.99,https://cdn.barbora.lt/products/400c32ba-ef9f-4d31-abe3-5f28f9678036_s.png
"Drėgnosios veido servetėlės PURE TEA TREE, 1 vnt.",1.55,https://cdn.barbora.lt/products/22fe016b-baaa-4c04-886a-189cd5591550_s.png
"Baltas majonezinis padažas MAYO, 24 % rieb., 480 g",1.49,https://cdn.barbora.lt/products/81524925-9c8a-406c-899c-99542bec91d7_s.png
MARGARITA Šampūnas su ajerų ekstraktu nuo plaukų slinkimo 400ml,4.25,https://cdn.barbora.lt/products/42028202-8861-41b6-a260-3ab4ff25c529_s.png
MARGARITA Šampūnas su šalavijų ekstraktu nuo pleiskanų 400ml,3.99,https://cdn.barbora.lt/products/30d254a7-a42a-4bd7-846b-3d8958205c2b_s.png
"Karameliniai ledai SUPER VIVA su riešutų skonio įdaru, 95 g",1.74,https://cdn.barbora.lt/products/60270c62-04cc-4ca6-b558-2a5c2bb63246_s.png
"Kečupas ŠAŠLYKAMS KKF, 550 g",2.65,https://cdn.barbora.lt/products/458daf09-64be-45f0-93bc-eea1e9748412_s.png
"Kačių žaislas su katžole LOVETT, 1 vnt.",3.99,https://cdn.barbora.lt/products/e1310ea7-0b2e-4cb0-9000-9daaeb389e76_s.png
Nagų lako valiklis DIVUS (su dalytuvu) 200ml,1.99,https://cdn.barbora.lt/products/1f19f83f-714e-485f-963a-647bb1bdb9ad_s.png
"Traškučiai ALFREDO'S KETTLE, citrinų ir bazilikų skonio, 130 g",1.99,https://cdn.barbora.lt/products/1da7447c-a6de-4e77-bb9c-6650d09bab36_s.png
SENSODYNE dantų pasta Clinical White 75 ml,9.99,https://cdn.barbora.lt/products/5788c87b-1639-45d6-a596-fb2a338e16af_s.png
"Vytinta pjaustyta čioriso dešra GRAN VELA, nerūšinis gaminys, 100 g",2.99,https://cdn.barbora.lt/products/ea0bf38c-7e79-4c12-bbda-5ad5e6add072_s.png
"CLUB 4 PAWS Premium pilnavertis sausas maistas suaugusioms sterilizuotoms katėms su lašiša, 900 gr",5.29,https://cdn.barbora.lt/products/a474cffa-b172-432e-8e75-42b74f5224a7_s.png
"Skustuvai BIC COMFORT TWIN 5, 5 vnt.",1.69,https://cdn.barbora.lt/products/45ca9da6-0e2d-4ccd-bb93-6b611bcdc179_s.png
"Automodelis HOT WHEELS, 1 vnt.",2.69,https://cdn.barbora.lt/products/195c38f4-8b68-4c09-af74-df05cd7b13f2_s.png
"Terijakio padažas BLUE DRAGON TERIYAKI WOK SAUCE, 120 g",1.79,https://cdn.barbora.lt/products/d4c134e7-77e6-48a7-8ddc-bb89a590ebbd_s.png
"Šafranas KOTANYI, 0.01 g",1.95,https://cdn.barbora.lt/products/b12f8d40-9e44-4b82-87ea-ede7123a8734_s.png
"Šunų skanėstas FRISKIES FUNTASTIX, 175 g",2.45,https://cdn.barbora.lt/products/442878df-6d61-47d4-912b-c106f35d2261_s.png
"Sausas plaukų šampūnas GOT2B EXTRA FRESH, 200 ml",8.69,https://cdn.barbora.lt/products/a36b0738-497c-4354-87a9-931b0eae5c75_s.png
"Dieninis veido kremas NIDA su gintaro ekstraktu, 50 ml",2.09,https://cdn.barbora.lt/products/7626d810-d350-4223-a33d-e6f70bc6375c_s.png
"Sausų plaukų kondicionierius NIDA su kviečių baltymais, 150 ml",1.29,https://cdn.barbora.lt/products/8210c718-54c8-45e4-8308-23ee017adb74_s.png
"Kremas WELEDA nuo iššutimų su medetkomis ir cinku, 75 ml",8.39,https://cdn.barbora.lt/products/5e19d740-ffea-4c7f-ac9f-7570f4e83a23_s.png
"Vonios putos NIDA su bruknių ekstraktu, 750 ml",1.29,https://cdn.barbora.lt/products/4aa1f8f1-975f-4783-ac05-ee36a307b72a_s.png
"Burnos skalavimo skystis NIDA su alavijų ekstraktu, 500 ml",1.95,https://cdn.barbora.lt/products/bcf1bc43-0553-4033-ad79-a9afceafcfae_s.png
"Daugiafunkcė dantų pasta GREEN FEEL'S, 100 ml",2.99,https://cdn.barbora.lt/products/3e6e821c-a8fc-4e65-b1ab-15efd4b39976_s.png
"BBQ padažas su burbonu SANTA MARIA, 370 g",4.79,https://cdn.barbora.lt/products/ced4cbd5-d0ee-4106-8cc6-34ddc4741273_s.png
NIVEA Dušo želė CARE & ORANGE ,6.89,https://cdn.barbora.lt/products/996a497f-9f57-42d6-a353-f4adeac25eb7_s.png
"Barbekiu padažas FELIX su medumi, 450 g",3.25,https://cdn.barbora.lt/products/3b93a57c-3077-4189-bed5-5a6b62eefc53_s.png
"SUSLAVIČIAUS salotų padažas su morkomis ir paprikomis, 320 g",1.95,https://cdn.barbora.lt/products/874562df-bd61-44e2-9737-1424478f05f7_s.png
Gabalinis tualetinis muilas DUDU-OSUN 150 g,1.89,https://cdn.barbora.lt/products/741a0018-3295-44b1-ad96-1a8a1e551575_s.png
"Dantų pasta BLEND A MED 3D WHITE, 75ml",2.79,https://cdn.barbora.lt/products/9a95b61c-6a6f-48c3-bf2f-30827b70d60b_s.png
"Gražgarsčių pesto padažas WELL DONE, 190 g",2.69,https://cdn.barbora.lt/products/f7fca70f-e22d-4f54-be0d-ac3d8f3a8529_s.png
"Dantų pasta COLGATE MAX CLEAN MINERAL SCRUB, 75 ml",3.49,https://cdn.barbora.lt/products/5bd544ed-6f10-4147-a8a1-ba2858000fdb_s.png
"Riešutų baltyminis batonėlis MAXSPORT su juodojo šok. gab., 40 g",1.69,https://cdn.barbora.lt/products/e3dab249-5dc2-4e2e-a4b1-0cdb4a429f4b_s.png
"Veganiškas ekologiškas užkandis iš kviečių SPECK STYLE, 90 g",1.99,https://cdn.barbora.lt/products/049e9c2b-3017-4f98-8b7e-866bccc1905a_s.png
"Šilauogių ir aviečių kakaviniai sausainiai OREO, 97g.",2.25,https://cdn.barbora.lt/products/d6ae65cd-7ce9-4e92-9b9d-8978a2224167_s.png
"Padažas MANGO JALAPENO BBQ WOWMAMA, 280 g",2.49,https://cdn.barbora.lt/products/cc407a1f-1f26-46ce-9bcd-12b11dc07879_s.png
"Konservuoti mandarinai MIKADO silpname sirupe, 312 g",1.89,https://cdn.barbora.lt/products/42078778-e295-41f9-ad5a-42357ae9f7f2_s.png
"Greitai paruošiami makaronai MAGGI, aštrios vištienos skonio, 63 g",0.89,https://cdn.barbora.lt/products/fa90189a-f74b-46d2-820b-49f0146debc1_s.png
Skanėstas katėms su vištiena WANPY 5x14g,1.99,https://cdn.barbora.lt/products/513fcd35-604d-4d12-894d-96dbb0e9e2bc_s.png
"Žaliosios alyvuogės WELL DONE, įdarytos apelsinų pasta, 280 g",2.19,https://cdn.barbora.lt/products/e25b3d7e-66a0-436e-871c-185ef6982b32_s.png
"Surimio krevetės česnakų skonio aliejuje, formuotos, 320 g",2.39,https://cdn.barbora.lt/products/a127f805-d0e8-4c92-afc1-69cab6357879_s.png
L'Oréal Paris ELSEVE Glycolic Gloss CORE šampūnas. 400 ml,7.39,https://cdn.barbora.lt/products/38c687aa-18fe-449f-ac6d-352420a598cf_s.png
"Sūdyti iberiški lašiniai GUDIENOS MĖSA su žolelėmis, a. r., 1 kg",11.99,https://cdn.barbora.lt/products/d1065e51-dcbd-46d5-add1-fda463f0c274_s.png
"Club 4 Paws Premium visavertis sausas pašaras mažų veislių suaugusiems šunims su antiena, 2 kg",7.69,https://cdn.barbora.lt/products/ebd2ffe7-116e-4f4f-86f0-029bb3153baf_s.png
"Virtuvės rankšluosčių kompl., 2x45x70cm",6.99,https://cdn.barbora.lt/products/653836b2-3aef-4f85-98d5-fb687ec0efde_s.png
"Advento kalendorius SEEBERGER, 645 g",29.99,https://cdn.barbora.lt/products/9e9cb942-a7b8-47af-ba99-ae1444d9d70e_s.png
"Trintos spanguolės SKANOVĖ su cukrumi, 550 g",4.15,https://cdn.barbora.lt/products/959ec9e9-a373-4298-9bb7-016410624aeb_s.png
MARGARITA Drėkinamasis rankų kremas su šaltalankių aliejumi 75ml,2.85,https://cdn.barbora.lt/products/08cbeca3-41e3-4cd1-be9c-138a3f3cf1bc_s.png
"Modenos balzaminis actas FILIPPO BERIO, 250 ml",1.67,https://cdn.barbora.lt/products/59e9fb55-48b2-4863-9cbe-11456b7e8450_s.png
"Bambukinės lazdelės AJI, 26 cm, 10 vnt.",1.35,https://cdn.barbora.lt/products/08954681-c4a3-4773-aa8a-7dd59a119dce_s.png
"Konservuotos KALAMATOS alyvuogės SELIA su kauliukais, 370 g",1.79,https://cdn.barbora.lt/products/1a6c8cef-63d2-4f6f-8106-48fde88a325d_s.png
"Daržovių pjaustymo tinklelis, 1 vnt.",1.99,https://cdn.barbora.lt/products/73639a3b-5056-45a6-af73-5c45e28a100f_s.png
Įvairių gėlių puokštė,5.99,https://cdn.barbora.lt/products/bc63c010-d9b5-4514-8383-1af13b1ca9e1_s.png
"Vyriškas dušo gelis FA SPORT, 750 ml",7.99,https://cdn.barbora.lt/products/dc64684d-8e7c-4172-a26e-21e91f8872db_s.png
NIVEA BLACK&WHITE CLEAR purškiamasis antiperspirantas moterims ,3.79,https://cdn.barbora.lt/products/a9b9147d-7fe0-4b4f-9174-616ba76cd4b9_s.png
"Minkštinamasis pėdų kremas MARGARITA, 75 ml",2.45,https://cdn.barbora.lt/products/b9ae00da-50af-4eb9-ad8d-2b1c14a949dd_s.png
"Virta plėšomoji jautiena, a. r., 1 kg",9.99,https://cdn.barbora.lt/products/b16784a6-7162-4b29-be9a-bed142c97b96_s.png
"Alyvuogės SKANOVĖ aštriame marinate, 200 g",3.99,https://cdn.barbora.lt/products/2978db85-d632-4f02-a52c-92c4382fbb47_s.png
"Aitriųjų paprikų padažas ENCONA, labai aštrus, 142 ml",2.69,https://cdn.barbora.lt/products/2a45e366-a7fe-45ae-a928-b8bb0ac78a39_s.png
"Dušo želė FA DIVINE, 400 ml",4.99,https://cdn.barbora.lt/products/bd3861e9-01ac-47ca-a6a4-8479cb709c97_s.png
"Sausas šunų ėdalas CANIS MAJOR su paukštiena, 3 kg",7.79,https://cdn.barbora.lt/products/4f486784-0e90-4057-bd94-86e8116ed216_s.png
MARGARITA valomasis veido tonikas su agurkų ir ramunėlių ekstraktais 200 ml,4.25,https://cdn.barbora.lt/products/042c8478-5771-453c-b195-eb753fb112b7_s.png
"Krekeriai SCHAR be glitimo, 210 g",4.99,https://cdn.barbora.lt/products/a94ff4d9-5c17-45c6-a10f-358fabf27d6f_s.png
"Skanėstas DENTALIFE vidutinio dydžio veislių šunims, 115 g",2.25,https://cdn.barbora.lt/products/b6e40df4-de7f-4897-9e8d-ab0087ce2eb7_s.png
"Duonos lazdelės su sezamais, 250 g",3.99,https://cdn.barbora.lt/products/3cfc5869-929a-4a7f-bcd7-86ea89d37cf9_s.png
"Lęšių traškučiai ESTRELLA, grietinės ir svogūnų skonio, 100 g",2.69,https://cdn.barbora.lt/products/6ca638c8-3a96-4fb5-9199-8395a40ad04b_s.png
"Vaikiškas plaukų šampūnas JOHNSON'S BABY, 200 ml",2.79,https://cdn.barbora.lt/products/ebb9a58a-bdcf-42fd-b8e8-34006b93a5be_s.png
"Sausainiai BOUNTY, 180 g",2.99,https://cdn.barbora.lt/products/95a0f48f-2fcb-40d3-affb-0765acb7b803_s.png
"Padažas WOWMAMA SWEET ASIA (DAUMANTŲ), 280 g",1.79,https://cdn.barbora.lt/products/fe5c0eaf-1526-44cf-a175-3a4ca832ce4a_s.png
"Traškučiai PRINGLES, paprikų skonio, 70 g",1.79,https://cdn.barbora.lt/products/f099cbd9-3ce9-4b2e-b8ec-141bb34a91a7_s.png
"Plaukų šampūnas SYOSS Anti-Dandruff, 440 ml",7.49,https://cdn.barbora.lt/products/5e863162-e4b5-4522-a459-185e4befa1e3_s.png
"Vyriškas plaukų šampūnas SYOSS MEN Power, 440 ml",7.49,https://cdn.barbora.lt/products/5d907780-e55c-4b27-80c9-a239b4bf6ece_s.png
KILIG VITAMIN BOMB plaukus stiprinantis šampūnas su vitaminų kompleksu 400 ml,6.39,https://cdn.barbora.lt/products/8bc832ab-be59-403b-86ad-82541a6b602c_s.png
NIVEA COCOA BUTTER kūno kremas sausai odai su kakavos sviestu ir vitaminu E,8.19,https://cdn.barbora.lt/products/80e07a1c-1bd0-48ad-a943-fc2a7d542129_s.png
 Plakimo šluotelė UNIWELL,2.99,https://cdn.barbora.lt/products/06f81fe6-855a-48f9-8359-fc2f1bbbdc76_s.png
"Dantų šepetėliai JORDAN ULTRALITE MEDIUM, 2 vnt., 2 vnt.",3.79,https://cdn.barbora.lt/products/55ccb286-df9f-4fbb-b2c4-4d2a633fb0a8_s.png
"Vonios burbulas BUBBLES SLEEPY LEVANDER, 115 g",2.39,https://cdn.barbora.lt/products/62d71897-3491-4563-928b-23b886568270_s.png
"Braškių ir mėlynių džemas su stevijų saldikliu SKANOVĖ, 160 g",3.49,https://cdn.barbora.lt/products/07e2606f-1618-4339-93f0-088788510f65_s.png
"Džiovintų vaisių mišinys WELL DONE, 500 g",4.13,https://cdn.barbora.lt/products/73df3507-7015-4bf5-94bf-5c269fc962a5_s.png
"PHO sriuba su ryžių makaronais VIFON, 60 g",1.29,https://cdn.barbora.lt/products/08dfe4cf-f99c-4728-a615-23a6c9a2c2e2_s.png
"Birių produktų indas UNIWELL CARAWAY 690 ml
",2.99,https://cdn.barbora.lt/products/3cef41d8-ad13-4f98-bafc-8188915f2c26_s.png
Šunų skanėstai SANAL TRAINERS FANTASY MIX 300g,2.99,https://cdn.barbora.lt/products/6d0247c7-d0ba-43e9-9adf-8e9b39986573_s.png
"ELSEVE  plaukų kaukė, 300ml",9.19,https://cdn.barbora.lt/products/1aeae2f2-8a33-432c-ab44-a8e252c7456f_s.png
"The Doctor Health & Care Natūrali jūros vonios druska, 500 g",2.49,https://cdn.barbora.lt/products/a1cbf368-8ea2-4f44-b807-4a441cd13582_s.png
"Šaldytos bulvių kišenėlės su sūriu ir prieskoniais WERNSING, 600 g",3.99,https://cdn.barbora.lt/products/a6bf26bf-558d-4173-828c-efac935bbb1d_s.png
"Traškučiai ALFREDO'S KETTLE, barbekiu padažo skonio, 130 g",1.99,https://cdn.barbora.lt/products/7751a149-2841-4c18-91dc-87366011e86c_s.png
"Vytinta kiaulienos nugarinė DUROC, nerūšinis gaminys, 80 g",3.99,https://cdn.barbora.lt/products/28127452-39bb-46ab-b427-3d270eb57925_s.png
"Jautrios odos skutimosi gelis GILLETTE SERIES SENSITIVE, 200 ml",5.99,https://cdn.barbora.lt/products/91b380f9-e097-4f20-a3e3-ad19c543cd11_s.png
"Skutimosi peiliukai BIC CHROME PLATINUM, 5 vnt.",0.69,https://cdn.barbora.lt/products/cbea6139-6533-4871-ab93-53b0334e819b_s.png
"Saldūs kukurūzų traškučiai su pabarstukais MORKŪNAS, 75 g",1.19,https://cdn.barbora.lt/products/d8dab6f4-3ea1-44a3-9ba8-9aebaa988b5a_s.png
NIVEA MEN STRONG POWER šampūnas plaukams vyrams,4.79,https://cdn.barbora.lt/products/8ca0fac3-5cec-4781-815e-4b219e6847ac_s.png
"Rankų kremas NEUTROGENA, 75 ml",6.29,https://cdn.barbora.lt/products/1ce64860-e80f-4e75-9591-e27423559ec9_s.png
"Dantų šepetėlis LACALUT AKTIV, 1 vnt.",2.19,https://cdn.barbora.lt/products/8c5284ce-f8c1-4c29-b5a1-51baf9a8dd4e_s.png
"Sausas šunų ėdalas FRISKIES ACTIVE su jautiena, 3 kg",9.79,https://cdn.barbora.lt/products/d1064077-85df-4af8-ad47-74271ead06e4_s.png
"Atstatomasis plaukų šampūnas ELFA, 200 ml",2.89,https://cdn.barbora.lt/products/b3bdb993-9aaf-433f-a953-7eb8144c39f3_s.png
NIVEA BLACK&WHITE POWER purškiamasis antiperspirantas vyrams ,2.85,https://cdn.barbora.lt/products/903769f9-2f05-40a6-b6a8-9c5beb1de77d_s.png
"Skystasis muilas PALMOLIVE BLACK ORCHID, 300 ml",1.65,https://cdn.barbora.lt/products/4142f041-149d-41e0-86bc-56e003738289_s.png
"Burnos skalavimo skystis ORAL-B 3D White Luxe Perfection, 500 ml",6.79,https://cdn.barbora.lt/products/a831b493-168f-4833-920f-1e9c09d55f79_s.png
Vyriškas purškiamasis dezodorantas REXONA INVISIBLE BLACK&WHITE,4.29,https://cdn.barbora.lt/products/ef786b0a-6a32-4724-80d4-0152fb05e501_s.png
MARGARITA Šampūnas su dilgėlių ekstraktu normaliems ir riebiems plaukams 250ml,3.49,https://cdn.barbora.lt/products/b52133e4-97a1-4290-9330-b3f9abc02694_s.png
"Plastikinis dubuo ILAJA, 26 cm, 1 vnt.",1.99,https://cdn.barbora.lt/products/f4c39ec4-f34a-40bf-bf40-7c66abe1bb97_s.png
"Ekologiška mėlynių ir obuolių tyrelė PONN (nuo 4 mėn.), 100 g",1.09,https://cdn.barbora.lt/products/2006f046-7e04-4ac9-a6d4-fd7c233ca166_s.png
"Kukurūzų lazdelės su jogurtiniu glaistu MĀKONIS, 160 g",2.69,https://cdn.barbora.lt/products/548381d6-9c33-426a-8a6c-7df1d4d5ee0f_s.png
"Vonios putos MARGARITA (KAKĖ MAKĖ), 250 ml",3.99,https://cdn.barbora.lt/products/e68d9c9f-1b68-420f-885e-82296e499331_s.png
"Plaukų lakas GOT2B Volumania, 300 ml",9.49,https://cdn.barbora.lt/products/1367cc54-093d-4138-acc0-4d41b54f503b_s.png
"Micelinis vanduo GARNIER , 100 ml",4.39,https://cdn.barbora.lt/products/23123443-c108-4bd9-b605-22c83777a125_s.png
"Higieniniai paketai NATURELLA Ultra Night, S4, 14 vnt.",2.45,https://cdn.barbora.lt/products/fb56e803-4ef6-45b5-8bad-b502271ec19f_s.png
"Dantų pasta PARODONTAX COMPLETE PROTECTION EXTRA FRESH, 75 ml",5.75,https://cdn.barbora.lt/products/0408b752-6151-4fc7-a4cd-01b672bdd77a_s.png
"Plaukų šampūnas GENERA su ramunėlėmis, 500 ml",1.83,https://cdn.barbora.lt/products/76102b19-72fe-4f2d-9e62-c9bfebc542e2_s.png
"Dušo želė DERMOMED Mandorla-Almond, 1 l",4.49,https://cdn.barbora.lt/products/9d2b1b6e-2405-42e9-89b3-1e3b66b29d6b_s.png
"Pieštukinis dezodorantas OLD SPICE Captain, 50ml",5.29,https://cdn.barbora.lt/products/3ec7d64b-9dd7-4d42-96bd-1942fc61a18a_s.png
"Gr. par. bulvių košė su svogūnais MAGGI, 59 g",0.84,https://cdn.barbora.lt/products/d2affe41-fc77-48fb-8498-7bc82a59d519_s.png
"Gr. par. bulvių košė su krapais MAGGI, 50 g",0.84,https://cdn.barbora.lt/products/215b6dce-b58f-4f76-9d82-7ac8079073ff_s.png
"Vatos padeliai CLEANIC NATURALS, 100 vnt., 100 vnt.",2.15,https://cdn.barbora.lt/products/0c29814a-816c-46fc-9192-5cebb61f63bd_s.png
"Karštai rūkytos Kabanos dešrelės, Ir., 500 g",5.49,https://cdn.barbora.lt/products/55cad9af-684c-40e4-affa-d0243258eaa9_s.png
"Vatos krapštukai CLEANIC NATURALS, 200 vnt., 200 vnt.",2.29,https://cdn.barbora.lt/products/5fb09400-f09c-4926-8487-8ae6cffc36fe_s.png
"OBELIŲ pupelių sriuba be konservantų, 480 g",2.89,https://cdn.barbora.lt/products/e6d012cf-6e6f-415e-9fbd-82fd9a99c1e6_s.png
"Tradicinis DAUMANTŲ kečupas be pridėtinio cukraus, 465 g",2.69,https://cdn.barbora.lt/products/cde66e15-4844-499d-8cbb-5432d3e52815_s.png
MARGARITA gaivinamasis kremas-gelis su agurkų ekstraktu ir alavijų geliu 50 ml,4.69,https://cdn.barbora.lt/products/429a825b-940b-4d60-a213-a74a0916a9df_s.png
KILIG MOISTURIZING intensyviai plaukus ir galvos odą drėkinantis šampūnas 400 ml,6.39,https://cdn.barbora.lt/products/a5aab540-d423-49dc-8678-e9caf6ac43b7_s.png
"Sausainiai TWIX, 144 g",2.99,https://cdn.barbora.lt/products/9d76dcb2-a9ee-412f-ae4f-e9f7ec7f01cb_s.png
 Silikoninė mentelė UNIWELL,2.29,https://cdn.barbora.lt/products/bc8003f4-90b3-42c8-b25e-aa624eca6a1f_s.png
 Bulvių grūstuvas UNIWELL,4.99,https://cdn.barbora.lt/products/877631ea-2583-457f-886d-2cf84cede9c8_s.png
"Skystasis kreminis muilas VIVIAN GRAY YLANG & VANILLA, 300 ml",6.99,https://cdn.barbora.lt/products/51d77b79-a9fb-489d-85ed-e6a1393c55ad_s.png
"Valgomieji ledai SUPER VIVA su krembriulė skonio įdaru, 100 g",1.53,https://cdn.barbora.lt/products/c3666999-8b81-4c46-9fbf-a331df04f0e5_s.png
"Citrinų ir žaliųjų citrinų padažas FELIX, 275 g",2.59,https://cdn.barbora.lt/products/53aaac19-5a03-4e81-a1dc-dd6a6949bd62_s.png
"Sriuba su ryžių makaronais ir vištiena VIFON PHO GA, 60 g",1.29,https://cdn.barbora.lt/products/ff6428cd-1480-447f-bf39-d54ba7ec0874_s.png
Dušo želė DIVUS FRESH INFUSION;400ml,1.49,https://cdn.barbora.lt/products/16d3db56-f1b5-49e2-b9fb-b39601d792b8_s.png
"Traškučiai PIZZETTA QUATTRO FORMAGGI, 70 g",1.99,https://cdn.barbora.lt/products/b6d7ace7-8bba-4c86-887d-a4f9bb798c9f_s.png
"Vytinta pjaustyta kiaulienos nugarinė, a. r., 1 kg",35.99,https://cdn.barbora.lt/products/9da62c15-bc84-4c64-b216-b8ff4fdac3a0_s.png
"Micelinis vanduo, DIVUS, 200 ml",1.15,https://cdn.barbora.lt/products/666814f7-8ae5-455b-8ec3-a93c2547fcb0_s.png
"Popieriniai įdėklai gruzdintuvėms, BEATOS VIRTUVĖ, 20 x 4,5 cm.",4.99,https://cdn.barbora.lt/products/47d5ba30-b361-40c4-ae24-8adb4c234273_s.png
"VASELINE lūpų balzamas Original, 4.8 g",2.99,https://cdn.barbora.lt/products/3c528c72-0b10-4768-9d34-b40feb56267f_s.png
"Vytintos jautienos dešrelės su spanguolėmis MEAT CRAFT, a.r., 100 g",4.49,https://cdn.barbora.lt/products/1eb211d2-07c1-41b8-ad28-ec373cd082ab_s.png
"Virtuvės rankšluosčių komplektas, 3x45x65cm",5.99,https://cdn.barbora.lt/products/64c32f5e-4e54-4aff-bde8-61f8a8e94b2c_s.png
Suspaudžiantis šviečiantis žaislas Magic Boba,3.99,https://cdn.barbora.lt/products/178c7f89-6ae9-46af-bb54-8f6af8ea8c28_s.png
"Burnos skalavimo skystis COLGATE TOTAL, 250 ml",4.29,https://cdn.barbora.lt/products/b9a28e65-48a2-4fdd-aa6e-5bb8edf6c6ee_s.png
NIVEA Klasikinis kremas visai šeimai,4.99,https://cdn.barbora.lt/products/cbf377d3-723d-4fc2-bcb1-cc1374dabf80_s.png
NIVEA Dušo želė vyrams ENERGY,4.19,https://cdn.barbora.lt/products/8dc6f50c-3924-4cc7-98bd-6a2bb12fddf9_s.png
"Žaliosios alyvuogės ITLV su lašišų įdaru, 300 g",2.49,https://cdn.barbora.lt/products/7504a511-d2ee-4cd9-bec0-a0c281da9447_s.png
"Vaikiškas šampūnas TINDI su ramunėlių ekstraktu, nuo gimimo, 210 ml",1.69,https://cdn.barbora.lt/products/74c34871-7eec-4e00-b9ec-412911b855ce_s.png
NIVEA® 2in1 Express šampūnas ir kondicionierius,4.79,https://cdn.barbora.lt/products/1f17d521-aae0-47ab-a664-799d6b2dec9f_s.png
"Dantų pasta BIOREPAIR TOTAL PROTECTIVE REPAIR, 75 ml",7.29,https://cdn.barbora.lt/products/ee23bc7a-a9cf-4eea-b089-19328b73fe0c_s.png
"Burnos skalavimo skystis PARODONTAX, 500 ml",5.49,https://cdn.barbora.lt/products/809b9c06-d709-4643-b8bc-88e403c9e305_s.png
"Žaliosios alyvuogės SELIA, įdarytos migdolais, 370 g",2.59,https://cdn.barbora.lt/products/33d72bb0-b00a-445b-a13b-6fd5675833be_s.png
"Burnos skalavimo skystis LISTERINE COOL MINT, 250 ml",3.59,https://cdn.barbora.lt/products/80eb5c54-18d7-4e08-b156-e3ca2031d41e_s.png
"Sausas šampūnas SYOSS Volume, 200ml",8.49,https://cdn.barbora.lt/products/4d1a31f5-bf55-4682-9d9c-38badf87779e_s.png
NIVEA Dušo želė vyrams ENERGY,6.89,https://cdn.barbora.lt/products/3304c497-03db-49fc-8e94-0655d1ebfa2c_s.png
"Balzaminio acto kremas FILIPPO BERIO su trumais, 250 ml",2.21,https://cdn.barbora.lt/products/16276652-80a9-4fca-bf9f-7fe70ebed672_s.png
MARGARITA stangrinamasis veido kremas su kolagenu ir augaliniu aliejumi 50 ml,4.99,https://cdn.barbora.lt/products/967cf626-7267-4e7c-b4fc-02a7fed5f223_s.png
"Burnos skalavimo skystis LISTERINE ADVANCED WHITE, 500 ml",8.49,https://cdn.barbora.lt/products/9b89681f-e722-43b7-8912-75952fcf978b_s.png
"Skystas KORIO medus, 500 g",3.69,https://cdn.barbora.lt/products/d8d0b461-66a0-48c5-bd08-e07f3a79df71_s.png
"Aitriųjų paprikų padažas ENCONA, aštrus, 142 ml",2.59,https://cdn.barbora.lt/products/800c2ddb-87f4-4c44-863f-88bf7b7ad90f_s.png
"Hermetiškas indelis UNIWELL, 600 ml, 1 vnt.",2.69,https://cdn.barbora.lt/products/01df1c79-3576-4965-a302-d0dfcfb667d0_s.png
"Dieninis veido kremas L'OREAL, 50 ml",11.59,https://cdn.barbora.lt/products/5f71969d-7ad5-4320-ad0a-9109f928e84d_s.png
"Vaikiškas kūno prausiklis-šampūnas WELEDA su medetkomis, 200 ml",10.99,https://cdn.barbora.lt/products/7ee50523-b869-4a77-ace3-6e0172828ad1_s.png
"Lubrikantas DUREX NATURAL, 100 ml",5.49,https://cdn.barbora.lt/products/424d63f6-a1b1-4aa8-9863-b90b2ddba037_s.png
"Higieniniai įklotai ALWAYS NORMAL,58 vnt.",3.95,https://cdn.barbora.lt/products/50fb88dd-42d5-4ac9-8b52-5b03bd89b9a0_s.png
"Traškučiai PRINGLES, picos skonio, 165 g",2.99,https://cdn.barbora.lt/products/a174e8b4-880f-45c9-9141-61b67e02ebf8_s.png
"Bulvių traškučiai CHAZZ, svogūnų ir grietinės skonio, 90 g",2.09,https://cdn.barbora.lt/products/9f56a628-99ed-4410-b8f6-f8ec33ad95d3_s.png
"Filtravimo kasetė AQUAPHOR MAXFOR B25, 3 vnt.",15.99,https://cdn.barbora.lt/products/fa341195-23b9-487c-bb99-e80c6f1c59c6_s.png
"Vienkartiniai puodeliai ILAJA WHITE,300ml 10vnt",1.49,https://cdn.barbora.lt/products/ce8ab18b-d470-4034-8f41-40d439f71d85_s.png
"Bulvių prieskoniai KOTANYI FARMERS STYLE, 20 g",0.83,https://cdn.barbora.lt/products/94d2a3bb-f1b1-41e5-89d0-8b7c4233ddf1_s.png
 Bulvių skustukas UNIWELL,1.99,https://cdn.barbora.lt/products/b8b4dd07-7548-41db-91bf-fc6fc74b1b5f_s.png
 Mėsos muštukas UNIWELL,4.99,https://cdn.barbora.lt/products/3c19556b-4713-4b89-80d1-f9ed68b8321a_s.png
"Traškučiai PRINGLES, krevečių skonio, 165 g",2.99,https://cdn.barbora.lt/products/689149b9-36d7-4a5c-96e2-677808ecd618_s.png
Sumuštinių keptuvė HENSKE ZM-202,19.99,https://cdn.barbora.lt/products/2108c8e6-b65b-4ad6-a952-6bc1c2a424ec_s.png
"Aviečių džemas su eritrolio ir stevijų saldikliais SKANOVĖ, 160 g",3.49,https://cdn.barbora.lt/products/d06282b6-c67c-4859-b4c5-e857f9e7e643_s.png
"Konservuotas kačių ėdalas ARDOUR su lašiša ir paukštiena, 340 g",2.49,https://cdn.barbora.lt/products/ad0bb61b-dc38-4039-a00f-c8adce1b9afc_s.png
Šunų skanėstas PEDIGREE RODEO DUOS,1.99,https://cdn.barbora.lt/products/fb312ba1-0e75-470d-abd0-0c421b7d8ff8_s.png
"Skalbinių minkštiklis ""SILAN Dreamy Lotus"" 126sk.",7.69,https://cdn.barbora.lt/products/e7bcefb1-619e-47fb-a788-c21011ed654a_s.png
"Baltyminės šunų lazdelės PAPKY kalakutienos griežinėliai, 120 g",1.09,https://cdn.barbora.lt/products/86cc810a-4a45-4269-b1c5-63f729ed6e78_s.png
"Kukurūzų traškučiai HERR'S, sūrio skonio, 113 g",3.29,https://cdn.barbora.lt/products/cfc13d80-b078-472e-842e-e5e7ebfcf36b_s.png
"Šiukšlių maišai VORTEX DRAWSTR YELLOW, 35 l, 15 vnt., 1 vnt.",1.69,https://cdn.barbora.lt/products/4dd73fdd-41e3-469e-997e-59d7b6515000_s.png
"Bulvių traškučiai CHAZZ, karamelizuotų svogūnų skonio, 130 g",2.39,https://cdn.barbora.lt/products/f4abf6b3-3a56-4a58-b22f-75e4ddfb2d89_s.png
"Vytintos KLEBONIŠKOS dešrelės su sūriu, a. r., 150 g",2.49,https://cdn.barbora.lt/products/22f51d92-14e6-44eb-8b39-f7ade4746d3c_s.png
"Vytinta KLEBONIŠKA kumpio dešra su brandintu sūriu, a. r., 180 g",3.39,https://cdn.barbora.lt/products/3668c505-b827-472d-b6f4-2a872cd142ff_s.png
"Aitriosios paprikos aliejuje LAOGAN MA, 210 g",7.99,https://cdn.barbora.lt/products/3d8ea5f8-926d-4c86-894d-3ef343fbfabc_s.png
"Vištienos sultinio kubeliai MAGGI su petražolėmis ir krapais, 80 g",0.39,https://cdn.barbora.lt/products/fb604192-24b3-4756-a7bb-d2a773212f88_s.png
"Vyr. sisteminis skustuvas GILLETTE SENSOR3+ COMFORT, 8 galv., 1 vnt.",9.29,https://cdn.barbora.lt/products/8d82d597-c1e3-44d0-b51d-487f05c0ada4_s.png
"Surimio krevetės sūryme, formuotos, 320 g",2.39,https://cdn.barbora.lt/products/362a558b-7ea9-490d-8054-41d74e3871a1_s.png
"Dušo gelis ""FA CALMING Glowing Gardenia"", 400ml",4.99,https://cdn.barbora.lt/products/a5f9dcb4-761c-4bd7-ac89-6d830c8fdfce_s.png
"Sūdyti iberiški lašiniai GUDIENOS MĖSA su prieskoniais, a.r., 1 kg",11.99,https://cdn.barbora.lt/products/52089dd7-e866-4ac7-9940-cf700f68e4cb_s.png
"Plaukų lakas NIVEA, 250 ml",7.19,https://cdn.barbora.lt/products/be121fe8-b5dd-4861-9e7b-d8757c43cc95_s.png
"Sausas vidut. dydžio veislių šunų ėdalas PEDIGREE ADULT DOGS, 500 g",2.49,https://cdn.barbora.lt/products/e592782f-852d-430d-b479-50d67a7aeb22_s.png
"Moteriškas purškiamas dezodorantas REXONA INV.BLACK&WHITE,150",4.29,https://cdn.barbora.lt/products/9e2044e3-8609-4940-a9ec-d71a340723ce_s.png
MARGARITA švelnus veido šveitiklis su agurkų ekstraktu 75 ml,4.35,https://cdn.barbora.lt/products/2351269c-fb06-445c-9531-69b171af0430_s.png
"Purškiamasis dezodorantas INSETTE DELIGHT, 150 ml",1.79,https://cdn.barbora.lt/products/85d785ae-6345-4066-8c81-53e506c94535_s.png
"Burnos skalavimo skystis LISTERINE FRESH, 250 ml",3.59,https://cdn.barbora.lt/products/9a03c3af-1759-42b7-970a-965c650a242b_s.png
"Kačių tualetas SAVIC, 42 x 31 x 12,5 cm, 1 vnt.",8.99,https://cdn.barbora.lt/products/3c7d0fa0-44f7-4433-b674-c14078a897a3_s.png
"Puodelis AURORA WHITE HOME, 500 ml, 1 vnt.",2.99,https://cdn.barbora.lt/products/e365ee8e-9fa5-4f27-a18b-309df1a70983_s.png
"Pieštukinis dezodorantas OLD SPICE Bearglove, 50ml",5.29,https://cdn.barbora.lt/products/e0934fcf-9ea3-43ff-b25d-b3ee98d90d1d_s.png
"Prezervatyvai DUREX CLASSIC, 12 vnt., 12 vnt.",4.79,https://cdn.barbora.lt/products/d5085d31-095a-484e-86c2-2a1737328d49_s.png
"Burnos skalavimo skystis SENSODYNE COOL MINT, 500 ml",7.79,https://cdn.barbora.lt/products/01706779-739a-4d28-b334-91b799d326ee_s.png
MARGARITA maitinamasis veido kremas su bičių vašku ir augaliniu aliejumi 50 ml,4.79,https://cdn.barbora.lt/products/22b8e7b7-ff63-4604-8b2d-3631d3000163_s.png
"KAKĖS MAKĖS burnos skalavimo skystis ECODENTA vaikams, 250 ml",3.49,https://cdn.barbora.lt/products/3961d35f-1200-4621-aa65-d17d14aa6e6e_s.png
"Hermetiškas indelis UNIWELL, 750 ml, 1 vnt.",2.99,https://cdn.barbora.lt/products/644d1d5a-501c-4468-ba8f-c5ac95f8076b_s.png
"Ekologiška vaisių tyrelė PONN, nuo 6 mėn., 110 g",1.25,https://cdn.barbora.lt/products/e85e5f9b-f0d1-4e38-9e57-a60832f6f433_s.png
"Plaukų šampūnas GENERA su arganų aliejumi, 500 ml",1.83,https://cdn.barbora.lt/products/a9bc3199-bfca-42ee-a8b4-84ba003d1afe_s.png
"Vyr. plaukų šampūnas-kondicionierius VĖJAS su gintaro ekst., 250 ml",1.29,https://cdn.barbora.lt/products/ec4c741c-7883-401f-a6fb-2dd1b5a3535a_s.png
"Vaikiška dantų pasta JORDAN GREEN CLEAN, 50 ml",3.39,https://cdn.barbora.lt/products/793cd4ee-8d8e-4da0-a572-96dd46e5ce56_s.png
"Valgomieji grietininiai ledai HAAGEN DAZS su sūdyta karamele, 400 g",5.79,https://cdn.barbora.lt/products/92e784e0-780d-463d-af28-c560785f3de1_s.png
MARGARITA 2in1 Dezodorantas-antiperspirantas su šalavijų ekstraktu 50ml,3.69,https://cdn.barbora.lt/products/1ca83a7a-c2de-4609-90c2-d3b597a03319_s.png
MARGARITA SENSITIVE SKIN Dezodorantas nuo blogo kvapo su ramunėlių ekstraktu 50ml,3.39,https://cdn.barbora.lt/products/d11e27c8-ce38-4e01-8bb7-4aa7599fce66_s.png
"Vištienos sriuba OBELIŲ be konservantų, 480 g",3.09,https://cdn.barbora.lt/products/1f0c799b-28d7-4cc7-b7c2-28842ef28ee4_s.png
"Elektrinis virdulys HENSKE 1,7 l, 1 vnt.",34.99,https://cdn.barbora.lt/products/8ab141ce-28a3-471d-982a-fbdb50c2e389_s.png
"Vaikiška dantų pasta JORDAN GREEN CLEAN, 0-5 metų, 50 ml",3.39,https://cdn.barbora.lt/products/31b76063-554c-44fa-9e40-55b5b16f4c2f_s.png
"Visavertis sausas šunų ėdalas su mėsa, 10 kg",9.49,https://cdn.barbora.lt/products/74623f8b-3b29-4e51-9aca-7dfb70957eb4_s.png
"Skystasis muilas PALMOLIVE JUNGLE, 300 ml",1.95,https://cdn.barbora.lt/products/5107e8ce-a0e2-42cf-9da8-8accf582e588_s.png
"Vytinta itališka kiaulienos šoninė PANCETTA, nerūš., 100 g",2.79,https://cdn.barbora.lt/products/609c4c77-7d0f-4529-ae06-e83e59c5fb2d_s.png
"Lazdynų riešutų ir kakavos kremas WELL DONE, 400 g",2.65,https://cdn.barbora.lt/products/917c9b04-da6f-48a7-b476-9e373ae67bb8_s.png
"Krekeriai su gaudos sūriu, saldžiai aštrūs, 100 g",1.89,https://cdn.barbora.lt/products/58248af7-a6da-4faf-b455-143f76948137_s.png
"Dantų pasta JORDAN „Junior“ su dozatoriumi, (6-12m.), 150 ml",9.99,https://cdn.barbora.lt/products/5a2b1db2-e81d-4460-9bce-afa3017c0eb4_s.png
"Šunų ėdalas FRISKIES JUNIOR su vištiena ir morkomis, 340 g",2.09,https://cdn.barbora.lt/products/71298d7e-8c22-4f79-9bcd-ba62940eccf5_s.png
"Sanal Cream Sticks Chicken skanėstai katėms su vištiena, 75 g",2.49,https://cdn.barbora.lt/products/55ece527-96b8-4b73-81b1-bd9f9654e535_s.png
ELSEVE šampūnas 250ml,5.39,https://cdn.barbora.lt/products/1f8e0629-da2d-43f0-9c27-1a03dd5d86f0_s.png
"Kačių žaislas LOVETT, LBC240610",2.99,https://cdn.barbora.lt/products/56d463b4-bc4e-4066-844a-1f808f3a7d43_s.png
"Šaldytos cukinijų lazdelės tempuroje MAHESO, 300 g",2.99,https://cdn.barbora.lt/products/58ad4616-cdb3-4ffe-8ac7-1dc812057827_s.png
"USTUKIŲ kukurūzų mini trapučiai, margi, 70 g",1.69,https://cdn.barbora.lt/products/94ab6cc0-1e2d-41d8-8559-2e77ff8f4c44_s.png
"Žaliosios alyvuogės WELL DONE su Chalapos paprikomis, 280 g",2.19,https://cdn.barbora.lt/products/5227d89a-fc22-4f84-befc-5e27936130d7_s.png
"Marinuotos žaliosios alyvuogės be kauliukų WELL DONE, 340 g",2.79,https://cdn.barbora.lt/products/3724fa5c-f28a-462a-990b-4fed625cb695_s.png
"Pjaustytos žalios alyvuogės WELL DONE, 220 g",1.79,https://cdn.barbora.lt/products/b7d10d36-358f-4294-b392-126e96911a9d_s.png
"Virtos kepamosios dešrelės su baravykais BIOVELA, I. r., 300 g",2.79,https://cdn.barbora.lt/products/77c7a9d6-aba7-4d27-89f8-916336868ef3_s.png
"	Majonezo padažas VILNIUS mėsainiams, 22,6 %, 420 ml",2.29,https://cdn.barbora.lt/products/f225c168-c391-4c42-af79-9ec6aa8a7a6d_s.png
"Saldžiarūgštis padažas BUGA'S su apelsinais, 390 g",2.99,https://cdn.barbora.lt/products/ada55140-a24d-4825-81a4-de0496e04acf_s.png
"Intensyvus plaukų kondicionierius AUSSIE Deep Hydration, 250 ml",9.89,https://cdn.barbora.lt/products/11d81b0c-21a2-4b98-a5b1-90e6e8e08e92_s.png
"Delickcious™ „Juostelės su lašiša ir morkomis kreminėje sriuboje“ visavertis konservuotas maistas suaugusiems šunims, 85 gr",0.99,https://cdn.barbora.lt/products/c764eb87-7124-4bfe-a8da-2f79a1d4129f_s.png
NIVEA FOR MEN Balzamas po skutimosi jautriai odai SENSITIVE ,11.99,https://cdn.barbora.lt/products/f57f2f2f-0f8b-4fba-84b2-fdf8b080360c_s.png
"Vienkartiniai skustuvai GILLETTE BLUE II, 5 vnt.",2.99,https://cdn.barbora.lt/products/cbe36b20-198c-4917-8116-66722b63732c_s.png
"Vaikiškas šampūnas BUBCHEN, 200 ml",2.49,https://cdn.barbora.lt/products/c6c311c5-610a-4bf8-9f18-f987a936db90_s.png
"Barškutis CANPOL, 1 vnt. ",3.49,https://cdn.barbora.lt/products/239773e9-e3b9-4f27-93e8-3471defc7a19_s.png
"Depiliavimo kremas „VEET MINIMA“, skirtas jautriai odai, 100 ml.",7.99,https://cdn.barbora.lt/products/39bbb4b6-7750-40cd-93f6-7c1304d3e73d_s.png
"Moteriškas purškiamasis dezodorantas REXONA INVISIBLE PURE, 150 ml",4.29,https://cdn.barbora.lt/products/bf928b19-e5e2-4407-8c4d-b3e9db4b528e_s.png
"Miežiniai dribsniai SKANĖJA, 400 g",0.53,https://cdn.barbora.lt/products/9afc1fed-0720-4fba-a75a-d94d7c91238e_s.png
"Aviečių džemas SKANOVĖ, 25 g",0.59,https://cdn.barbora.lt/products/e39b267c-c8ae-4746-a54e-3433c12a939e_s.png
"Kramtalai mažų veislių šunims PEDIGREE DENTA STIX, 110 g  ",2.29,https://cdn.barbora.lt/products/8340dbf1-b7e1-4e28-a12c-f23aa1ed8239_s.png
"Vyriška dušo želė FA ENERGIZING SPORT, 400 ml",4.99,https://cdn.barbora.lt/products/06aaf89b-8121-4fc9-af21-d30889cfbcd7_s.png
"Moteriškas rutulinis dezodorantas REXONA ALOE VERA, 50 ml",4.29,https://cdn.barbora.lt/products/bd4e3ff2-889a-4c69-ad2e-804177eb7d8e_s.png
"Kosmetinė vata BELLA, 100 g",1.59,https://cdn.barbora.lt/products/1827e142-413f-4291-97cd-f6db15e63aa1_s.png
"Puodelis AURORA WHITE HOME, 355 ml,drum",1.99,https://cdn.barbora.lt/products/896f7545-cef6-4d8e-975b-119a66eb23f6_s.png
"Giluminio veido valymo drėgnosios servetėlės PURE, 25 vnt.",1.55,https://cdn.barbora.lt/products/90f68a06-9e07-4d6b-83fe-8213c838f0ba_s.png
"Rankų kremas NEUTROGENA, 75 ml",5.19,https://cdn.barbora.lt/products/1408888c-f63c-4a48-a8c8-4416df26f326_s.png
"Daržovių mišinys GLOBUS su aitr. paprikų padažu, 400 g",1.89,https://cdn.barbora.lt/products/027a9bd4-41a5-480c-85c0-9d0627f1b46d_s.png
"Šampūnas pleiskanojančiai galvos odai SEBAMED HAIR CARE, 200 ml",12.59,https://cdn.barbora.lt/products/73809097-fb98-42d0-a7a6-ca6e36f46110_s.png
"Dušo želė FA COCONUT MILK, 400 ml",4.99,https://cdn.barbora.lt/products/67e04033-9638-42cb-a21a-a68af038ade8_s.png
"Plaukų kondicionierius NIDA su dilgėlių ekstraktu, 150 ml",1.29,https://cdn.barbora.lt/products/097317dd-e162-468a-ae75-82cf5349f4a1_s.png
"Burnos skalavimo skystis ORAL-B Pro-Expert Deep Clean, 500 ml",6.79,https://cdn.barbora.lt/products/f45118d8-f6bc-439f-bcb8-c190aefe5534_s.png
"Dantų šepetėlis SENSODYNE MULTICARE SOFT, 1 vnt.",3.49,https://cdn.barbora.lt/products/05cae878-73b9-486e-8b65-0abedeeae0ce_s.png
"Aštrusis SUSLAVIČIAUS pomidorų kečupas, 500 g",2.59,https://cdn.barbora.lt/products/067b1b59-a759-4428-b861-bd73b19bfacd_s.png
"Moteriškas rutulinis dezodorantas GENERA DELICACY, 50 ml",1.38,https://cdn.barbora.lt/products/dba3bf4b-eef7-46d4-8939-6bb82f0cc939_s.png
KILIG CLEAN & FRESH veido prausimosi putos 150 ml ,8.35,https://cdn.barbora.lt/products/3b0cd9ef-0bb5-47d8-990a-2c7fdba878c4_s.png
"Burnos skalavimo skystis NIDA su bruknių ekstraktu, 500 ml",1.95,https://cdn.barbora.lt/products/d64400f7-2d8c-4f3a-a2ae-1d0971da0273_s.png
"Jautrių dantų pasta NIDA su alavijų ekstraktu, 100 ml",1.69,https://cdn.barbora.lt/products/abc809bb-68ea-4ce4-a9d5-d2bf02b6bf32_s.png
"Vafliukai SELGA, vanilės skonio, 250 g",2.15,https://cdn.barbora.lt/products/49a3d327-bfd7-4242-a3fe-a8dfd961f9e9_s.png
"Vienkartinės lėkštės ILAJA, 23cm 10vnt. žalios",1.49,https://cdn.barbora.lt/products/8882c524-f2e5-4fb0-bf0f-afd910c2bba6_s.png
"Salotų padažas WOWMAMA su balzaminiu actu, 270 g",1.79,https://cdn.barbora.lt/products/73fdf283-4fd7-45fe-b9b5-c439837ab790_s.png
"Burnos skalavimo skystis LISTERINE COOLMINT MILD, 1 l",9.99,https://cdn.barbora.lt/products/cc8d15c7-3277-41c2-b5be-c0d7848be8d5_s.png
"Blakstienų tušas MAYBELLINE LASH,juodas, 1 vnt.",13.99,https://cdn.barbora.lt/products/4cded750-09b4-46b2-a617-6b211367596d_s.png
"Sausas šuniukų ėdalas LOVETT, 1 kg",2.49,https://cdn.barbora.lt/products/551bb5b0-aeb2-4a85-abe9-e4c742cee741_s.png
 Kamščiatraukis UNIWELL,3.99,https://cdn.barbora.lt/products/67990a91-9213-4eb4-93b5-74b5298b478b_s.png
"Kepsnių padažas FELIX, 450 g",3.25,https://cdn.barbora.lt/products/178cf34d-cba4-40af-8a37-8922dfb19ce4_s.png
"Pieštukinis dezodorantas OLD SPICE Wolfhorn, 85ml",7.79,https://cdn.barbora.lt/products/7c85feb2-95dd-4fd3-897b-8344258c996f_s.png
"Moteriškas rutulinis dezodorantas GARNIER , 50 ml",4.99,https://cdn.barbora.lt/products/d20a9932-62dc-444e-a63a-a0e5309fd2e2_s.png
"Šunų skanėstas FINE DOG su jautiena, 80 g",2.29,https://cdn.barbora.lt/products/5ccc38dd-c0ca-467f-bb75-1504527366f1_s.png
"Šunų skanėstas FINE DOG MINI su jautiena, 80 g",2.29,https://cdn.barbora.lt/products/5d2a9a97-bea0-4a5d-a0dc-f9d9705d9b4e_s.png
"Konservuotas šunų ėdalas FINE DOG su vištiena, 1200 g",6.59,https://cdn.barbora.lt/products/a17adc7f-a362-4af2-bf1a-963c42bc3243_s.png
"Traškus užkandis su įdaru WASA, prieskoninių žolelių sk., 30 g",1.39,https://cdn.barbora.lt/products/26cc7597-b2f3-480d-aa61-34bdbaf02a52_s.png
"Muilas vaikams TINDI su kviečių gemalų aliejumi, 90 g",1.49,https://cdn.barbora.lt/products/d97e8dbe-5214-4975-8127-74a2ae6d2299_s.png
NIVEA HYDRO CARE lūpų balzamas,3.65,https://cdn.barbora.lt/products/7577a41a-5126-4da6-9d28-946b735b6fa8_s.png
"Aštrus veganiškas užkandis iš kviečių SPICY CHORIZO STYLE, 90 g",1.79,https://cdn.barbora.lt/products/d684edf7-5d19-4bfb-9964-9e818b7990a1_s.png
"BARWA NATURAL PLANT DANDELION EXTRACT kūno muilas, 90 g ",1.49,https://cdn.barbora.lt/products/2ac5aab2-8e84-478e-8c20-947670b827d0_s.png
"Aštrus traškus užkandis PRINGLES HOT CHILLI&LIME,meksik. sk., 160 g",2.99,https://cdn.barbora.lt/products/89f33709-f990-42e7-8c68-f1d773f667f1_s.png
"Drėgnosios servetėlės GOWIPES UNIVERSAL, 40 vnt., 40 vnt.",1.49,https://cdn.barbora.lt/products/0332c650-bca0-4a24-8477-652b41451a05_s.png
"Skystojo muilo papildymas PALMOLIVE SENSORIAL ESCAPE ROS&P., 500 ml",2.09,https://cdn.barbora.lt/products/df02bfea-0b0f-4d3f-b5a3-5f57f77e119f_s.png
"Dantų pasta COLGATE ADVANCED WHITE, 125 ml",4.99,https://cdn.barbora.lt/products/c5c96b1b-5149-4f05-8b91-d58fbbed7bd2_s.png
"Intymios higienos prausiklis BELLA CONTROL, 300 ml",3.75,https://cdn.barbora.lt/products/f1508b66-f44f-49c9-a652-061ae85e493f_s.png
"Konservuotos žaliosios alyvuogės WELL DONE PREMIUM įdarytos migdolais ir Chalapos paprikomis, 360 g",3.99,https://cdn.barbora.lt/products/989b5742-a355-46fa-8ae2-b1544327071a_s.png
"Konservuotos žaliosios alyvuogės WELL DONE PREMIUM, įdarytos česnakais ir raudonomis paprikomis, 360 g",3.99,https://cdn.barbora.lt/products/5515b6a3-1a32-4485-97c6-f6db0d5d3cc9_s.png
"Duonos traškučiai CHAZZ, grietinės ir svogūnų skonio, 100 g",1.99,https://cdn.barbora.lt/products/b04d64ed-abbf-4661-9f58-1848b07b4baa_s.png
"My Love visavertis  sausas pašaras suaugusioms katėms su vištiena, jautiena ir daržovėmis, 300 g",1.69,https://cdn.barbora.lt/products/66bc92e0-96a1-42b9-a3fd-8b0abbab3227_s.png
"Bulvių traškučiai CHAZZ, miško grybų skonio, 90 g",2.09,https://cdn.barbora.lt/products/fe020f23-dbfd-43fe-82ca-266f12849dfd_s.png
"Atogrąžų vaisių gabaliukai FATTORIA dei SAPORI sirupe, 425 ml",2.49,https://cdn.barbora.lt/products/889d701c-cc26-4cce-a6ca-32a2d4196ab0_s.png
"Kūdikių kremas BUBCHEN nuo šalčio ir vėjo, 75 ml",2.69,https://cdn.barbora.lt/products/5f44361d-e38f-43ff-9c4f-dc81d2bf63ab_s.png
"Chrizantemų puokštė, 5 vnt ( stambi)",5.99,https://cdn.barbora.lt/products/d1085894-8a46-48a4-9b5d-fc9feb22fa79_s.png
"Stiklinis dangtis LET'S COOK, 28 cm, 1 vnt.",6.99,https://cdn.barbora.lt/products/68e7edf4-af31-40d6-bfef-36ee63e7f747_s.png
"Marinuoti kelmučiai BEST TIME, 530 g",2.89,https://cdn.barbora.lt/products/2120aa5e-3750-48c8-83e6-b1ab27f5c00f_s.png
"Dantų šepetėlis PARODONTAX EXTRA SOFT, 1 vnt.",3.09,https://cdn.barbora.lt/products/d634cb81-6ca1-4bfe-9066-9bf08cc4dfd6_s.png
NIVEA BLACK&WHITE PURE rutulinis antiperspirantas moterims ,2.85,https://cdn.barbora.lt/products/0b2dce8c-5656-4a05-aa21-1b3a8097ecbb_s.png
"Plaukų pudra TAFT Volume, 10 g",7.49,https://cdn.barbora.lt/products/07652b66-80b7-44e8-817e-1ad7a075edaf_s.png
"Hermetiškų indelių rinkinys UNIWELL, 3 vnt., 1 vnt.",3.69,https://cdn.barbora.lt/products/9ea15caa-3b1d-4bb7-94c8-6ce8fe9caa36_s.png
"Veido depiliavimo juostelės BYLY DEPIL MINT & GREEN TEA, 20 vnt",3.99,https://cdn.barbora.lt/products/15bf9755-a80a-4153-8edf-05576e4159a0_s.png
"Kūdikių šampūnas SEBAMED, 150 ml",7.89,https://cdn.barbora.lt/products/61b8a867-f1d5-4dbd-a7d6-7857a5141904_s.png
"Kasdienis šampūnas SEBAMED HAIR CARE, 200 ml",10.49,https://cdn.barbora.lt/products/ce6b1a7e-389c-47ad-8c91-628c67412f44_s.png
"Skustukas FISKARS, 1 vnt.",10.99,https://cdn.barbora.lt/products/9918fbb4-9d24-4aa8-b6ad-5e2288082610_s.png
"Amerikietiškas TRADICINIS kepsnių padažas MISSISSIPPI, 510 g",4.65,https://cdn.barbora.lt/products/fe9e048b-93e9-42b0-ab2b-84c89127cea7_s.png
"Micelinis vanduo L'OREAL WATER SOFT, 400 ml",9.99,https://cdn.barbora.lt/products/f7eb2577-c923-4bcb-ae9a-906cc4827a1b_s.png
"Purškiamas dezodorantas OLD SPICE Whitewater, 150ml",5.29,https://cdn.barbora.lt/products/212e5985-60fc-48b3-80c6-7fe9f5dc2a6c_s.png
MARGARITA KAKĖ MAKĖ Apsauginis lūpų pieštukas 4 g,4.15,https://cdn.barbora.lt/products/c7053c8d-f876-4317-bb70-9f8570c22112_s.png
"Sausas kačių ėdalas PERFECT INDOUR su vištiena, 750 g",5.99,https://cdn.barbora.lt/products/b57375f5-6ce6-4584-9946-1e9ea9cfca4e_s.png
MARGARITA Kreminė dušo želė su miško uogų ekstraktais 500ml,4.55,https://cdn.barbora.lt/products/e7b27c6d-ccd4-439d-b3bb-75d230bb9a50_s.png
"Elektrinio dantų šepetėlio galvutės ORAL-B Sensitive Clean Pro, 4 vnt.",25.99,https://cdn.barbora.lt/products/76b0e044-bbd0-4713-88cd-5499b447cd8c_s.png
"Dantų šepetėlis PARODONTAX COMPLETE PROTECT EXTRA SOFT, 1 vnt.",2.99,https://cdn.barbora.lt/products/7ffc733d-87c7-4f51-8391-68d9340d4698_s.png
"Plaukų šampūnas SYOSS Color, 440 ml",7.49,https://cdn.barbora.lt/products/fb6afa52-3961-4f76-8f73-9de00dc2d15c_s.png
"Dantų šepetėliai HUMBLE BRUSH, 2 vnt., 2 vnt.",4.99,https://cdn.barbora.lt/products/5c1b144c-354b-43f6-86ab-80a90dd5df4c_s.png
"Stiklinės ILAJA JAZZ, 310 ml 6 vnt.",4.99,https://cdn.barbora.lt/products/e779d6fe-cb86-45bd-9cc0-e32f90bc475a_s.png
KILIG CLEAN & FRESH micelinis vanduo 250 ml,5.99,https://cdn.barbora.lt/products/b1facd45-0e44-463a-8f58-a71fb806adab_s.png
"Vaikiškas plaukų šampūnas ir balzamas SCHAUMA KIDS, 400 ml",4.99,https://cdn.barbora.lt/products/8fbf9f12-ce26-4a3f-a501-2b99535a7b4f_s.png
NIVEA BLACK&WHITE CLEAR pieštukinis antiperspirantas moterims,3.19,https://cdn.barbora.lt/products/c3ea51fe-289b-477c-b67d-a0d7456eaa9b_s.png
"Džiovinti pomidorai aliejuje HELCOM, 280 g",2.69,https://cdn.barbora.lt/products/052e9b95-a8b7-4e67-8960-1231e2c87fbd_s.png
"Higieniniai įklotai ALWAYS Extra Long, Fresh Scent, 40 vnt.",3.95,https://cdn.barbora.lt/products/3a95fafb-e4d3-4467-a85e-4000052367c1_s.png
"Šampano butelio kamštis, ILAJA",3.99,https://cdn.barbora.lt/products/3012cabe-5810-46d5-93b7-b89f5b435777_s.png
"Kokosų traškučiai WELL DONE, 100 g",1.75,https://cdn.barbora.lt/products/cc4b5e8f-0517-460f-b7b3-a9ebe045a0c2_s.png
"Breceliai FLIPZ, sūrios karamelės skonio, 90 g",2.49,https://cdn.barbora.lt/products/d0f94107-a38e-4183-aad3-9318725a17c0_s.png
"Dantų pasta ORAL-B Pro Junior, nuo 6 iki 12 metų, 75 ml",3.99,https://cdn.barbora.lt/products/abefaabd-fe38-4c7b-8ddb-6b03492bca4f_s.png
Mėsos pasta katėms su tunu WANPY 90 g,1.99,https://cdn.barbora.lt/products/b6465cb3-aebc-4e0d-b04e-48f77f5d3dab_s.png
"SENSODYNE PRONAMEL KIDS vaik.dantų pasta 2-6m, 50 ml",4.29,https://cdn.barbora.lt/products/16844de7-7936-4834-aed0-7d2c6e3156cd_s.png
"Greitai paruošiamas sūrio padažas HEAT & EAT, 230 ml",4.99,https://cdn.barbora.lt/products/7f432f89-bd80-4dab-aefb-2f4e9d4f9739_s.png
"Džiovintų mangų griežinėliai WELL DONE, 200 g",3.75,https://cdn.barbora.lt/products/c98d4845-8ea8-4c2d-a113-c4e487bd8907_s.png
"Veganiški pjausniai vištienos stiliaus, 90 g",1.99,https://cdn.barbora.lt/products/2e294f54-82db-449e-9f88-0621923b20e8_s.png
"Virtuvinių rankšluosčių komplektas, 3 x 40 x 70 cm, 3 vnt., 3 dizainai",8.89,https://cdn.barbora.lt/products/8507919f-9e47-4a90-9017-12aa182ff86f_s.png
"NIVEA Soft drėkinamasis kremas veidui, kūnui, rankoms",7.19,https://cdn.barbora.lt/products/3294f7b5-7f38-41b3-b7fe-c212b7780089_s.png
NIVEA Fresh Natural Rutulinis dezodorantas moterims,4.79,https://cdn.barbora.lt/products/556f4cc4-0197-4300-bc82-5b1328d0a135_s.png
"Plaukų lakas TAFT Power, 250 ml",5.99,https://cdn.barbora.lt/products/f4a07595-9a9b-458c-94ed-d2a7faf80074_s.png
"Žuvų prieskoniai KOTANYI, 26 g",0.9,https://cdn.barbora.lt/products/8f5e49b9-e7b1-4a7f-ae7b-e619eacdab3e_s.png
"Spanguolių džemas SKANOVĖ, 540 g",4.25,https://cdn.barbora.lt/products/6c3bcfe4-ed60-4b72-9176-078e495910bd_s.png
"Vienkartiniai skustuvai GILLETTE BLUE II PLUS, 5 vnt.",3.99,https://cdn.barbora.lt/products/920f7ad3-d93f-4444-8346-6f44386fed31_s.png
"Abrikosų įdaras SKANOVĖ pyragams ir blyneliams, 520 g",3.99,https://cdn.barbora.lt/products/ceca65a0-bb0e-4929-8539-80916f7bb065_s.png
"Aštriosios garstyčios SKANOVĖ, 250 g",1.89,https://cdn.barbora.lt/products/95ccac7a-7bd2-4047-9d18-ed81640630aa_s.png
"Bulvių skustukas TESCOMA PRESTO, 1 vnt.",2.69,https://cdn.barbora.lt/products/4f709adc-3f99-4383-a0bf-c9a5961552d6_s.png
"Moteriški vienkartiniai skustuvai LASER TWIN, 10 vnt.",1.55,https://cdn.barbora.lt/products/539283cf-8f96-43cd-bcdb-439cf548c8c6_s.png
"Higieniniai paketai ALWAYS Platinum Normal, S1, 16vnt.",3.19,https://cdn.barbora.lt/products/7ae71310-0948-42f7-9a1e-cd570be3729a_s.png
"Obuolių kvapo langų valiklis CLIN WINDOWS & GLASS, 500 ml",2.09,https://cdn.barbora.lt/products/7f7f6208-ff27-49f8-8aa0-154c4d7c0a6e_s.png
"Universalusis valiklis CLIN MULTI-SHINE, 500 ml",2.09,https://cdn.barbora.lt/products/637b3a87-dd33-443b-82a9-2b9022e57745_s.png
" Aliuminio folija UNIWELL, 50 m x 29 cm",6.99,https://cdn.barbora.lt/products/ef7485c6-574f-4bb3-90c9-f6a8678e3cae_s.png
"Hermetiškas indelis BORGONOVO IGLOO,  1450 ml",7.29,https://cdn.barbora.lt/products/6a4b71f0-6d4b-4525-8ab5-cb6742c9e451_s.png
 Skardinių atidarytuvas UNIWELL,2.99,https://cdn.barbora.lt/products/13702be2-6f8d-48b4-b57e-9c7b8c45dc2a_s.png
MARGARITA drėkinamasis veido kremas su išrūgomis 50 ml,4.79,https://cdn.barbora.lt/products/2acfca42-142c-4d71-8385-bbe417477de3_s.png
"MARGARITOS KAKĖS MAKĖS plaukų šampūnas vaikams, 250 ml",2.79,https://cdn.barbora.lt/products/85b9ab6c-6d68-46dd-93e0-7e510c901b2f_s.png
"Kepti atlantinių skumbrių filė gabaliukai drebučiuose, 300 g",3.69,https://cdn.barbora.lt/products/2782de9e-80d1-4a61-9007-7c3c53644ecd_s.png
"Plaukų šampūnas GARNIER FRUCTIS, 250 ml",4.49,https://cdn.barbora.lt/products/e8f176a8-0b8b-4cfe-8804-fd95ad02f00b_s.png
"Stiklinis dangtis UNIWELL, 24 x 26 x 28 cm, 1 vnt.",10.99,https://cdn.barbora.lt/products/206020b3-50f7-4407-9161-5a32f30e4d83_s.png
"Sausų plaukų šampūnas NIDA su kviečių baltymais, 250 ml",1.29,https://cdn.barbora.lt/products/2655a6f4-5333-4932-857f-5535f9198e35_s.png
"Riebių plaukų šampūnas  NIDA su dilgėlių ekstraktu, 250 ml",1.29,https://cdn.barbora.lt/products/b6e35a72-a137-4e86-a130-51d419018f4e_s.png
"Traškučiai TYRRELL'S, čederio ir česnakų skonio, 150 g",4.29,https://cdn.barbora.lt/products/73700fe7-19a7-4da3-b373-085de1ef0b27_s.png
"Peilis UNIWELL LANE, 1 vnt.",1.29,https://cdn.barbora.lt/products/dbcd2500-7daf-4ae3-8be1-e98ea8840f39_s.png
"Ilgas šaukštelis UNIWELL LANE, 1 vnt.",0.99,https://cdn.barbora.lt/products/326f6717-ebdf-4e4f-9801-1fbf176501c4_s.png
"Skutimosi gelis GILLETTE FUSION 5 SENSITIVE, 200 ml",6.89,https://cdn.barbora.lt/products/a93c0450-753c-469d-8327-7772b148984f_s.png
"Dantų pasta NIDA su pipirmėčių aliejumi, 100 ml",1.69,https://cdn.barbora.lt/products/85c06a34-eb87-4028-87fc-63bb8094b67a_s.png
"Drėgnosios veido valymo servetėlės NEUTROGENA HYDRO BOOST, 25 vnt.",5.99,https://cdn.barbora.lt/products/83cd95d7-6745-456d-b908-6618485568be_s.png
KILIG HYDRATING intensyviai drėkinanti gelinė veido kaukė 3x7 g,3.49,https://cdn.barbora.lt/products/e3b45fd2-3a25-4a37-b93b-4cda1e5e3afe_s.png
"Džiūvėsėliai FLINT MEGA PACK, sūrio skonio, 110 g",0.74,https://cdn.barbora.lt/products/72d786d1-2ab5-4b86-acf3-6e025b8d996b_s.png
"Vienkartinės lėkštės ILAJA CRAFT, 23cm 10 vnt.",1.49,https://cdn.barbora.lt/products/7c355fca-7905-4449-a419-6db004eacaa1_s.png
"Vienkartiniai puodeliai ILAJA CRAFT, 300ml,10vnt",1.49,https://cdn.barbora.lt/products/9dbb1157-1d40-4826-b83f-116a736c1812_s.png
"DAUMANTŲ pomidorų padažas su saulėje džiovintais pomidorais, 500 g",2.59,https://cdn.barbora.lt/products/1083e5f2-4f8c-4113-b8c1-e2307aaef07d_s.png
"Skystasis muilas-putos SHIK DELLUXE IRIS, 500 g",3.29,https://cdn.barbora.lt/products/22fbb3df-5e72-4d09-990c-c57c7e1238e3_s.png
"Pėdų kremas SENI CARE su šlapalu 7 %, 100 ml",3.79,https://cdn.barbora.lt/products/b74de821-5e81-4e4e-ab33-61aa653d4820_s.png
 Konditerinis teptukas UNIWELL,1.99,https://cdn.barbora.lt/products/8525b3d2-c322-4817-9e77-8a2e01fdfa51_s.png
"Dantų pasta BLEND A MED 3D WHITE Cool Water, 75ml",2.79,https://cdn.barbora.lt/products/9f62b1c9-75d2-49e9-b11c-ae017774d06f_s.png
"Vonios burbulas BUBBLES SUMMER APPLE, 115 g",2.39,https://cdn.barbora.lt/products/bf7b3f3b-ed53-4ee2-8357-cb1b3574fa37_s.png
"Plaukų šampūnas OLAPLEX NR. 4,250ml",29.99,https://cdn.barbora.lt/products/11c75b8f-e95a-4125-99d0-e1ee0a542330_s.png
"KĖDAINIŲ KONSERVŲ FABRIKO kečupas ŠAŠLYKAMS, 970 ml",3.99,https://cdn.barbora.lt/products/ae84004d-8edc-4eef-92ff-afc858d29ef3_s.png
"Šiukšlių maišai VORTEX FLEXY DRAWSTR, 60 l, 10 vnt.",3.29,https://cdn.barbora.lt/products/908d48ec-be0a-4d61-8211-16bc9c477a58_s.png
"Konservuoti kukurūzai su žirneliais ir paprikomis BONDUELLE, 425 ml",2.29,https://cdn.barbora.lt/products/30e72fcf-ca41-47dc-a544-8af57f7aa027_s.png
"Vaikiškas muilas UTI PUTI su ramunėlių ekstraktu, 75 g",0.65,https://cdn.barbora.lt/products/bd6335db-fbd6-48c0-b46c-c9aebe691933_s.png
"Ekologiškas špinatų paplotėlis, 160 g",2.29,https://cdn.barbora.lt/products/5722bfa5-d637-4a94-a0a2-cc37ccfdcd26_s.png
"Birių produktų indas UNIWELL CARAWAY2,5 L",4.49,https://cdn.barbora.lt/products/5d137845-9a78-44f8-ac58-3a5de6461687_s.png
"Tarpdančių siūlas JORDAN EASY SLIDE FRESH, 25 m, 1 vnt.",3.79,https://cdn.barbora.lt/products/5f94e0ab-f9c5-40cf-8774-35ce0576b01e_s.png
"Sanal Cream Sticks Salmon skanėstai katėms su lašiša, 75 g",2.49,https://cdn.barbora.lt/products/437c151e-ad6a-450c-9799-e1b6dcac60c4_s.png
GREEN FEEL'S Skystasis rankų muilas su šilko ekstraktu 400ml,1.65,https://cdn.barbora.lt/products/0a7070bd-2028-46dc-be41-d06a6894dcb1_s.png
"Kukurūzų lazdelės OHO, 135 g",1.79,https://cdn.barbora.lt/products/ce0c6e8a-e7e7-4473-8b6a-e7372221fda2_s.png
"Tzadzikio skonio bulvių traškučiai WELL DONE, 180 g",2.69,https://cdn.barbora.lt/products/fa100b07-1582-4b20-934b-3c4f622e01ae_s.png
MARGARITA COSMOS ORGANIC rankų muilas ūdo medienos aromato 300 ml,5.49,https://cdn.barbora.lt/products/056b08a4-51ee-434e-8477-3581f28e363f_s.png
Šampūnas ir dušo želė vaikams Bubchen Pikachu 230 ml,3.09,https://cdn.barbora.lt/products/ccbe3014-057c-4eb1-8ca5-b48baeb5b0ba_s.png
"Sūrus užkandis PRINGLES HOT FIERY PAPRIK., 165 g, 160 vnt.",2.99,https://cdn.barbora.lt/products/4b907faf-66d1-4d5f-a59d-c87469283ee3_s.png
"Plaukų šampūnas PANTENE Hydration Recharge Active Nutri-Plex, 400 ml",6.99,https://cdn.barbora.lt/products/44f4a7c0-a919-44da-8605-b64b07ca3df0_s.png
"Kakaviniai sausainiai OREO ORIGINAL, 154 g",1.89,https://cdn.barbora.lt/products/28cf9273-3725-4fe0-a83b-9ca334070c22_s.png
"Vyriškas purškiamasis dezodorantas REXONA COBALT, 150 ml",4.29,https://cdn.barbora.lt/products/c9d91c0e-356d-4253-bf56-31c398981c29_s.png
"Moteriškas purškiamasis dezodorantas REXONA ALOE VERA, 150 ml",4.29,https://cdn.barbora.lt/products/c6a5c836-90cd-4d9b-a0d6-6bcc69550c07_s.png
"Plaukų putos TAFT VOLUME Ultra Strong, 200 ml",5.99,https://cdn.barbora.lt/products/04d58202-732a-4277-9be0-1727893b4aa3_s.png
"Saldžiarūgštis padažas BLUE DRAGON STIR FRY SAUCE, 120 g",1.79,https://cdn.barbora.lt/products/db04254d-9106-46b7-8b1a-b84dea485de8_s.png
"Lėkštė LUMINARC FESTON, 18,5 cm, 1 vnt.",1.79,https://cdn.barbora.lt/products/5991daa4-952b-47e3-a0af-d237073c996c_s.png
"Dantų šepetėlis ORAL-B Kids 0-6y, Extra soft, 1 vnt.",2.99,https://cdn.barbora.lt/products/5a70ff77-9d0a-4f98-a335-e761f2fc0314_s.png
"Higieniniai paketai NATURELLA Ultra Normal, S1, 10 vnt.",1.39,https://cdn.barbora.lt/products/c1c37de9-83c8-4635-9f56-d338a1d6d2fc_s.png
"Plaukų šampūnas HEAD&SHOULDERS Sensitive, 400 ml",8.49,https://cdn.barbora.lt/products/7c6c7a69-8bb5-4a98-84e0-7b232312e4de_s.png
"Vonios druska AQUA AMBER su eukaliptais, 500 g",1.59,https://cdn.barbora.lt/products/6d462f7e-97ea-4193-b4ca-a86f9a50b275_s.png
"Dantų šepetėlis COLGATE MAX WHITE SOFT, 1 vnt.",2.99,https://cdn.barbora.lt/products/e99d6bd6-fd4f-4486-b914-378e3446bbc7_s.png
"Vafliai SELGA, citrinų skonio, 180 g",0.95,https://cdn.barbora.lt/products/3f11134a-f2f7-4b50-a5f0-3cb34ec914d5_s.png
"Konservuotos jaunų kukurūzų burbuolės DIAMOND sūryme, 425 g",3.49,https://cdn.barbora.lt/products/af41d8b1-99fa-4131-b6b2-a013cd623187_s.png
"Vaikiškas šampūnas ir balzamas BUBCHEN (PRINCESĖ ROZALĖJA), 230 ml",2.79,https://cdn.barbora.lt/products/0b77b76d-521b-4e61-91b3-d319c5870453_s.png
"Greitai paruošiama košė CANIS MAJOR šunims, 3 kg",9.39,https://cdn.barbora.lt/products/caae58af-00ef-4846-8ef1-403a38830ed0_s.png
NIVEA Dušo želė CARE & STAR FRUIT,6.89,https://cdn.barbora.lt/products/6ae6f2f4-c6da-40f0-bb5f-f3dffd603a59_s.png
Konditerinis švirkštas TESCOMA DELICIA,9.99,https://cdn.barbora.lt/products/4f811777-6374-4345-a377-e5c52d891abc_s.png
"Vyr.rutulinis dezodorantas L'OREAL MEN EXPERT CARBOM, 50 ml",5.49,https://cdn.barbora.lt/products/a665c17e-abf0-438c-ab15-fed50c38da76_s.png
"Citrinų džemas SKANOVĖ su imbierais, 330 g",3.49,https://cdn.barbora.lt/products/608b2acb-4f61-41b4-bcc9-47bc0eb38a16_s.png
"Skutimosi želė NIVEA MEN SENSITIVE COOL jautriai odai, 200 ml",6.69,https://cdn.barbora.lt/products/7ce642e8-0d25-457e-b57a-7da61377ad99_s.png
"Vyriškas rutulinis dezodorantas REXONA ACTIVE PROTECTION, 50 ml",3.19,https://cdn.barbora.lt/products/9d8b755d-29d8-457c-a5f6-e110be2cc392_s.png
"Mangų padažas AJI, 200 ml",2.99,https://cdn.barbora.lt/products/53560be6-470f-45db-b9c7-45ae63734ad4_s.png
"Šampūnas GREEN FEEL'S, 250 ml",1.79,https://cdn.barbora.lt/products/076849d0-a725-4ca7-9e52-113958b7b79d_s.png
"Šunų užkandis YORK FRIEND (jautienos lazdelės), 45 g",0.85,https://cdn.barbora.lt/products/dd9e583c-b2a4-40f3-b64e-0a0d39ad53c2_s.png
MARGARITA Dušo želė su šaltalankių aliejumi 500ml,4.55,https://cdn.barbora.lt/products/7330d692-95fb-493a-8970-b4c115b9f678_s.png
"Jautienos dešra PRIMADOG su ryžiais, 800 g",4.79,https://cdn.barbora.lt/products/0ecc46a8-513c-4268-80cb-884f3051ac86_s.png
"Aštrus kečupas HELLMANN'S, 470 g",2.99,https://cdn.barbora.lt/products/705d37d6-3603-4144-a868-5bdd83c5c58b_s.png
"Dantų pasta SENSODYNE SENSITIVITY & GUM CARING MINT, 75 ml",7.39,https://cdn.barbora.lt/products/88a31fe7-ce83-48ec-bdf5-cc996d16bba0_s.png
"Sausainiai M&M'S, 180 g",2.99,https://cdn.barbora.lt/products/e471056b-2ab9-4001-b579-fe6ff7b456a8_s.png
"Kakaviniai sausainiai OREO BROWNIE, 154 g",1.89,https://cdn.barbora.lt/products/36251019-e41b-44b8-acb3-877c1f3dd449_s.png
"Padažas KIKKOMAN PONZU, 150 ml",3.89,https://cdn.barbora.lt/products/70ed3e99-c23b-4198-806c-df70746dc81e_s.png
"Vaikiškas prausiklis-putos TINDI, 475 ml",3.79,https://cdn.barbora.lt/products/5a960cb2-236f-42af-be41-bf4a6c85a880_s.png
"Makaronų padažas FELIX su daržovėmis, 360 g",3.29,https://cdn.barbora.lt/products/6e51ee59-3d46-48a2-af89-a33221e0d167_s.png
"Plaukų šampūnas SCHAUMA CLEAN&FRESH, 400 ml",4.59,https://cdn.barbora.lt/products/1af343fe-87b4-4a67-bb4e-79bf0364131c_s.png
"Dušo gelis OLD SPICE Wolfthorn, 675ml",8.39,https://cdn.barbora.lt/products/93700528-074d-4707-bd8f-e2ed8bf20375_s.png
"Club 4 Paws Premium su ėriena ir ryžiais suaugusiems visų veislių šunims visavertis sausas pašaras, 0,9 kg ",6.79,https://cdn.barbora.lt/products/e990d54e-420e-4a76-8889-b0e9e0aa8ac5_s.png
"Šunų skanėstas PEDIGREE CHEWY MAXI, 68 g",1.79,https://cdn.barbora.lt/products/52e5ee8a-3725-41ce-83fa-bdc75d08dbf5_s.png
"Lengvai įsigeriantis rankų kremas NEUTROGENA, 150 ml",9.39,https://cdn.barbora.lt/products/0e978988-2c51-444f-8176-55703ecfe123_s.png
"Kačių žaislas LOVETT, 1 vnt.",2.99,https://cdn.barbora.lt/products/38969618-bb1b-4574-841d-fb68eb78c374_s.png
Puodelis ILAJA DOG 350 ml,1.99,https://cdn.barbora.lt/products/62c16363-ee7d-4e1b-ad89-e34129640c17_s.png
"Peilis TRAMONTINA Polywood, 1 vnt.",1.99,https://cdn.barbora.lt/products/e944df40-b843-42ad-9e89-05c7156dfb71_s.png
"Mėsos muštukas, UNIWELL",4.99,https://cdn.barbora.lt/products/93b7ee66-ad2f-4078-99d9-58b1ddc1bdec_s.png
"Šiukšlių maišai VORTEX DRAWSTR GREEN, 35 l, 15 vnt., 1 vnt.",1.69,https://cdn.barbora.lt/products/ce9490e1-183d-44a7-a1cc-b70cc73809d1_s.png
"Lazdynų riešutai WELL DONE, 200 g",2.49,https://cdn.barbora.lt/products/76435d01-f73e-4618-a6ad-76f9cbe9b8d1_s.png
"Dubenėlis ILAJA CLEAR, 9 cm",1.29,https://cdn.barbora.lt/products/bfeddc94-0db0-414e-b690-d24db70513e0_s.png
Knyga LAUKIANT KALĖDŲ. Pasakų advento kalendorius 1vnt.,19.19,https://cdn.barbora.lt/products/4aa491ea-d69b-4c8a-b5cb-936751358a2e_s.png
"Veganiškas užkandis iš kviečių ir tofu SALAMI MILANO STYLE, 90 g",1.79,https://cdn.barbora.lt/products/13880e89-3378-4e29-9d21-c9e8737b05bc_s.png
"Dušo gelis FA FEEL REFRESHED, 400 ml",4.99,https://cdn.barbora.lt/products/9faf817a-2ef1-4689-80fb-c383ae95a579_s.png
"Higieniniai įklotai NATURELLA Camomile, Normal, 74 vnt.",3.65,https://cdn.barbora.lt/products/c3bbff1d-02df-46a5-80cb-a83a5a525482_s.png
"ELSEVE Hyaluron Plump šampūnas, 1L",17.99,https://cdn.barbora.lt/products/df1ad847-c546-494d-81d3-5ec50b7c4afc_s.png
"Pomidorų skonio bulvių traškučiai WELL DONE, 180 g",2.69,https://cdn.barbora.lt/products/f94a6944-9a07-400f-95ed-6a1163ad7fdd_s.png
"Traškučiai HERR'S, medaus ir sūrio skonio, 113 g",3.29,https://cdn.barbora.lt/products/86d33576-aad4-4a19-88be-060fcedb93af_s.png
"Žaliosios alyvuogės WELL DONE, įdarytos citrinų skonio pasta, 280 g",2.19,https://cdn.barbora.lt/products/30c37253-0c25-418a-a026-3331bcceefbd_s.png
"Virtos kepamosios dešrelės BIOVELA, pirma rūšis, 300 g",2.79,https://cdn.barbora.lt/products/2608cd4c-19bf-474c-89e6-513770eaae9e_s.png
"Kačių skanėstai su lašiša LOVETT, 60g",1.69,https://cdn.barbora.lt/products/1f3e5f73-91ca-4ffb-ad50-478034690850_s.png
"Lazdelės su paukštiena ir kepenimis LOVETT, 50 g",1.19,https://cdn.barbora.lt/products/cbea970d-33d8-4b8c-bf20-1977445a810a_s.png
"VASELINE lūpų balzamas Rosy Lips, 4.8 g",2.99,https://cdn.barbora.lt/products/6b7156e8-c1eb-4f06-a790-9ea6d0699dd6_s.png
"Maskarponės sūris NONNO NANNI, 80 % rieb. s. m., 125 g",2.99,https://cdn.barbora.lt/products/f7208c6b-ec36-46ac-aaab-7f1687f28a75_s.png
"Advento kalendorius DOLCI, 200 g	",5.49,https://cdn.barbora.lt/products/0777364c-82e7-4b15-9aa4-ff9d92cb31b4_s.png
"Kiniškas sojų padažas CHAIN KWO, 150 g",1.09,https://cdn.barbora.lt/products/f7612f8c-8d2a-4c79-b3a3-cbd6f13e9b47_s.png
"Sojų padažas VITANA, 1 l",5.29,https://cdn.barbora.lt/products/10d1ce7c-ca11-489e-9bd4-d3eaa9885237_s.png
"Nagų lako valiklis be acetono BŪK, 80ml",1.65,https://cdn.barbora.lt/products/3b06e660-1b17-4490-8959-fc2946a067f7_s.png
"Šviesusis sirupas DAN SUKKER, 750 g",2.49,https://cdn.barbora.lt/products/286824cc-244d-43a9-94b1-73392ad33f92_s.png
"Silikoninė keksiukų kepimo forma JULIETTE, 1 vnt.",8.99,https://cdn.barbora.lt/products/839a0b19-48df-4378-9fcb-d95bd7cf82d0_s.png
"Prieskoniniai žalumynai KOTANYI, 16 g",0.83,https://cdn.barbora.lt/products/76516b13-2663-46b4-a626-abdddd7d2ca8_s.png
"Plaukų šampūnas PANTENE Aqua Light Active Nutri-Plex, 400 ml",6.99,https://cdn.barbora.lt/products/db3164b8-eac8-4d5c-9cd0-27d1f5bfb28e_s.png
"Higieniniai paketai NATURELLA Classic Maxi, S3, 16 vnt.",2.09,https://cdn.barbora.lt/products/52143b6f-7b78-420c-8ed4-ea3d5bb1b8c8_s.png
"Plaukų šampūnas GLISS Ultimate Repair, 400 ml",6.79,https://cdn.barbora.lt/products/2ec71f60-3020-45d0-a394-f0032db8f978_s.png
"Burnos skalavimo skystis LISTERINE TOTAL, 500 ml",8.49,https://cdn.barbora.lt/products/941b93f7-49c5-461d-a0e5-63203909b3b8_s.png
"Dantų pasta BIOREPAIR PRO WHITE, 75 ml",7.29,https://cdn.barbora.lt/products/13543a52-40d4-4015-9253-d6a02aa9b464_s.png
"Keptų bulvyčių ir mėsainių padažas TARSMAK, 450 g",1.89,https://cdn.barbora.lt/products/5a5fa0c0-311c-4c52-9e0c-d3b70342995e_s.png
"Plaukų lakas TAFT Ultimate, 250 ml",5.99,https://cdn.barbora.lt/products/9792bb0d-fff5-4429-a612-e0c5991fd734_s.png
"Dušo želė FA MAGIC OIL PINK JASMINE, 400 ml",4.99,https://cdn.barbora.lt/products/7592415c-06e4-43cf-ae2c-a77060dbc0fb_s.png
"Saulėje džiovinti pomidorai BONTA DI PUGLIA aliejuje, 550 g",4.55,https://cdn.barbora.lt/products/9a8e3629-5f94-4927-98de-62dabd9a34da_s.png
"Skustuvai BIC PURE3 PINK LADY (4+2 vnt.), 6 vnt.",2.79,https://cdn.barbora.lt/products/b10692d5-7365-4c54-bb05-8e16c33f61e1_s.png
"Universalusis peilis UNIWELL, 1 vnt.",4.99,https://cdn.barbora.lt/products/f2c2e661-af3c-4bcd-836a-a02e64711df0_s.png
NIVEA BLACK&WHITE FRESH rutulinis antiperspirantas moterims ,2.85,https://cdn.barbora.lt/products/0e0c73e0-057f-4912-aeb2-c9572c3b9b8f_s.png
"Micelinis vanduo NIDA su gintaro ekstraktu, 150 ml",1.65,https://cdn.barbora.lt/products/64e61df2-ca4e-40a3-8814-d75f7a4d3147_s.png
"Pikantiškas SUSLAVIČIAUS pomidorų kečupas, 500 g",2.59,https://cdn.barbora.lt/products/1e0a0119-293a-455a-b24e-671985694f1e_s.png
MARGARITA gaivinamasis veido tonikas su alavijų ekstraktu 200 ml,4.25,https://cdn.barbora.lt/products/5d1101e1-0800-4ea6-bb52-8e77a8bcbff2_s.png
"Dušo želė GREEN FEEL'S, 250 ml",1.59,https://cdn.barbora.lt/products/9b6df76a-1f5c-467c-a279-1fead45e193c_s.png
"Vaikiškas šampūnas-prausiklis TINDI (su alyvuogių aliejumi), 210 ml",1.89,https://cdn.barbora.lt/products/93c376ff-5946-4bb3-aee5-e88286ed423f_s.png
"Pikantiškos aitriosios paprikos PEPPERONCINI sūryme DITTMANN, 250 g",2.09,https://cdn.barbora.lt/products/db211a1a-8b73-4320-85d0-593b8f8b3044_s.png
"Dušo želė FA FIJI DREAM, 250 ml",3.89,https://cdn.barbora.lt/products/ca79f68f-15f3-4b3d-b64c-5d2cae08199f_s.png
NIVEA rankų kremas su tikrųjų alavijų ekstraktu,3.69,https://cdn.barbora.lt/products/dc5d7cb5-f410-4dcc-99d2-a02df336d0e2_s.png
"Dantų šepetėliai COLGATE SLIM SOFT BLACK, 3 vnt., 3 vnt.",8.59,https://cdn.barbora.lt/products/6278551a-0705-4234-a5cd-296e87326790_s.png
NIVEA® Hairmilk Natural Shine žvilgesio suteikiantis šampūnas,4.79,https://cdn.barbora.lt/products/a2215b8c-04a0-432b-ac16-95016a0f0921_s.png
"Plaukų šampūnas GREEN FEEL'S, 400 ml",2.69,https://cdn.barbora.lt/products/c9fa3453-607d-454d-95a2-46290ae4b8bd_s.png
"Skystasis muilas DERMOMED Te Verde kvapas.1l???
",3.79,https://cdn.barbora.lt/products/5fbe8979-48c8-4461-b2b0-19e3e7e7601e_s.png
"Jautrios odos drėgnosios servetėlės PURE SENSITIVE, 1 vnt.",1.55,https://cdn.barbora.lt/products/7560419e-3df1-46be-be90-00c3ef3be9e2_s.png
"Vienkartiniai skustuvai GILLETTE BLUE 3 Plus Red, 6+2vnt",9.59,https://cdn.barbora.lt/products/70b1c30a-ae91-4c3b-89c0-eb7f39e3a474_s.png
"Vienkartinės lėkštės ILAJA,23cm,10 vnt.geltonos",1.49,https://cdn.barbora.lt/products/65ef05f9-31d1-49db-9e9f-d7f6f3c0130d_s.png
"Greitai paruoš.makar.MAGGI su padažu (višt.ir sezamų sk.), 75 g",1.09,https://cdn.barbora.lt/products/767fa147-89cc-421b-a806-0e1bcb25df1a_s.png
"Makaronų padažas FELIX su mėsa, 360 g",3.29,https://cdn.barbora.lt/products/624e2f70-afd6-4a1c-a893-ba2ff565b907_s.png
ECODENTA apelsinų skonio juoda balinamoji dantų pasta 100 ml,4.99,https://cdn.barbora.lt/products/89a336f4-ae6d-445e-ad89-9502fb12c1e9_s.png
MARGARITA Šampūnas su alaus mielėmis ploniems plaukams 400ml,4.25,https://cdn.barbora.lt/products/654e2a69-1534-4a11-a667-b08536d6dde1_s.png
"Adžika POMO, 300 g",1.29,https://cdn.barbora.lt/products/6fe18385-567a-4492-8b45-704347d537b3_s.png
"Medus su avietėmis, 200 g",4.49,https://cdn.barbora.lt/products/1c93e346-6b30-4815-ab40-95dd525f3cec_s.png
"Dušo gelis OLD SPICE Whitewater, 675ml",8.39,https://cdn.barbora.lt/products/828189d6-828d-45ba-82fb-245d1b2d7b33_s.png
 Skustukas UNIWELL,1.99,https://cdn.barbora.lt/products/846d5dda-e9b6-4027-8a33-cb649c1ba1c1_s.png
 Trintuvė su rankena UNIWELL,2.99,https://cdn.barbora.lt/products/dbc3faa2-3241-4e97-8e3f-c2492b2ce468_s.png
"Visavertis sausas šunų ėdalas su paukštiena, 3 kg",2.99,https://cdn.barbora.lt/products/e1722d8c-9234-4e52-b50e-bc6fd292aac3_s.png
"Sausas kačių ėdalas su paukštiena ARDOUR KITTEN, 400 g",2.99,https://cdn.barbora.lt/products/d8bf0cc6-10f9-4583-9b84-e314a2d5c040_s.png
"Pomidorų padažas su pomidorų gabalėliais WELL DONE, 500 g",2.19,https://cdn.barbora.lt/products/94ebc7d2-0935-46cc-9e46-d7a9bb50a9b6_s.png
"Puodelis su lėkštute AURORA WHITE HOME, 230 ml, 1 vnt.",2.49,https://cdn.barbora.lt/products/a27cc3dc-5311-413f-bc7a-ec72b1ee112e_s.png
"Bulvių traškučiai TYRRELL'S, trumų ir jūros druskos skonio, 135 g",4.29,https://cdn.barbora.lt/products/0bedb938-817d-46de-83f7-9466e3b81e6c_s.png
"Juodojo šokolado sirupas, 290 ml",7.49,https://cdn.barbora.lt/products/c78bd1d1-61f0-4d62-995d-76260479503a_s.png
"Ekologiškas seitano paplotėlis, 180 g",2.29,https://cdn.barbora.lt/products/e5078352-0055-4fc7-b5b1-24679cc5c9e0_s.png
"Higieniniai įklotai ALWAYS Long, 0% Perfume, 48 vnt.",3.95,https://cdn.barbora.lt/products/c6ac1238-66a7-4e10-b02e-d102b8878123_s.png
"Barščiai su šonine EXTRA LINE, 480 g",2.19,https://cdn.barbora.lt/products/dbbe01ae-eead-48de-81c3-2ccbd1f08b39_s.png
"Plaukų kondicionierius PANTENE Intensive Repair Active Nutri-Plex, 275 ml",6.89,https://cdn.barbora.lt/products/40fcf481-2ffe-46ea-9adf-e7036540932d_s.png
"HISKIN Crazy Hair Giliai valantis šampūnas su aviečiių ir mėlyniių aromatu, 300 ml",6.99,https://cdn.barbora.lt/products/666e4598-00a5-4c08-9f80-b16d272f3941_s.png
"Sausainiai OREO, persikų ir arbatos skonio, 97 g",1.89,https://cdn.barbora.lt/products/675b09ed-23e8-41d8-aa51-456b17eea100_s.png
"Kondicionierius SYOSS Intense Curls, 250ml",7.29,https://cdn.barbora.lt/products/988db680-512e-4b25-b46f-08290dd61a30_s.png
"Duonos traškučiai CHAZZ, česnakų ir sūrio skonio, 100 g",1.99,https://cdn.barbora.lt/products/4caf6c1c-b0a1-48a2-aa3d-d0f3ad971957_s.png
"Majonezinis salotų padažas HEINZ, 425 g",4.59,https://cdn.barbora.lt/products/ed4f2bd8-2bd7-4a53-b6e0-53cb50114973_s.png
"Baltas kepimo popierius PREMIUM, BEATOS VIRTUVĖ, 38cmx10m",2.99,https://cdn.barbora.lt/products/ddad45ec-6ddd-4bab-8475-25b86cd46e4a_s.png
NIVEA MEN SENSITIVE POWER šampūnas plaukams vyrams 250 ml,4.49,https://cdn.barbora.lt/products/6c159e5f-fb3e-467a-a836-dcc3f0574dc0_s.png
"Purškiamas dirbtinis sniegas, 150ml.",2.99,https://cdn.barbora.lt/products/7e946d95-a2df-4304-8121-a8d4f1d5adb1_s.png
"Sausainiai OREO GOLDEN, 154 g",1.89,https://cdn.barbora.lt/products/66ee5e06-930e-4404-bcfd-91527ab595be_s.png
"Kakaviniai sausainiai OREO DOUBLE CREME, 157 g",1.89,https://cdn.barbora.lt/products/8527564d-4371-4ec2-b09b-d748774e918e_s.png
"Padažas RHODE ISLAND FELIX, 335 ml",2.99,https://cdn.barbora.lt/products/34a14597-398f-4cee-9df9-e7beda26ff89_s.png
"Padažas su krapais ir citrinomis FELIX, 335 ml",2.99,https://cdn.barbora.lt/products/07ebbdc5-cd6c-4f57-8fb6-436face3b28d_s.png
"Vidutinių veislių šunų kramtalai PEDIGREE DENTASTIX (3 vnt.), 77 g",1.79,https://cdn.barbora.lt/products/d640d4d6-870c-4252-9831-68c22355b5b3_s.png
"Mėlynių džemas SKANOVĖ, 540 g",4.49,https://cdn.barbora.lt/products/8af585be-fad7-4a87-bcc0-95747ecd20aa_s.png
"Alyvuogės KALAMATA GAEA su kauliukais, 300 g",3.65,https://cdn.barbora.lt/products/7c7c98b4-920b-44c7-b900-6608ba67239f_s.png
"Medinis tešlos volelis, 1 vnt.",3.99,https://cdn.barbora.lt/products/edd60a3b-2f40-4db7-b643-443fad3bdf40_s.png
NIVEA dvifazis vandeniui atsparaus akiu makiažo valiklis,7.69,https://cdn.barbora.lt/products/c8c2cfd8-51a9-463a-8925-4a988cfbd4f8_s.png
"Pesto padažas LE CONSERVE DELLA NONNA, 185 g",2.29,https://cdn.barbora.lt/products/1be18150-ae34-440d-b4e2-3d0fa9b5e81f_s.png
"Vienkartiniai skustuvai BIC FLEX3, 3 vnt.",2.69,https://cdn.barbora.lt/products/f3956fb1-6e86-41dd-a243-e395f315481e_s.png
"Česnakinis padažas TARSMAK, 450 g",1.89,https://cdn.barbora.lt/products/f5710154-6011-4603-8949-98c899da3ef9_s.png
"Stiprios fiksacijos plaukų lakas PROFESSIONAL, 75 ml",1.69,https://cdn.barbora.lt/products/1069391d-3e1c-4e5a-86d4-f48f9c379ffe_s.png
"Hermetiškas indelis, UNIWELL 2,5 l, 1 vnt.",2.29,https://cdn.barbora.lt/products/82b82e5b-dc52-4073-bbef-f85ab35361b6_s.png
"Plaukų lakas TAFT Invisible Power, 250 ml",5.99,https://cdn.barbora.lt/products/4b893be6-5f37-44f0-98ba-3526ceb3ff8e_s.png
"Plaukų putos TAFT Perfect Flex, 200 ml",5.99,https://cdn.barbora.lt/products/f381353f-f610-4864-bd5a-a22a5dbffbae_s.png
"Pieštukinis dezodorantas OLD SPICE Original, 50ml",5.29,https://cdn.barbora.lt/products/42428f9e-b5c5-4e9b-bcd6-60f30cf7741b_s.png
NIVEA BLACK&WHITE FRESH purškiamasis antiperspirantas moterims ,2.85,https://cdn.barbora.lt/products/99e09ada-3bd0-4d0d-b4ae-67088f0a578f_s.png
" Hermetiškas indelis UNIWELL Eday,2500 ml",5.49,https://cdn.barbora.lt/products/1132811d-d15a-4f15-8222-18cebe184681_s.png
NIVEA BLACK&WHITE FRESH rutulinis antiperspirantas vyrams ,2.85,https://cdn.barbora.lt/products/0b2beba1-83e7-4876-aa2c-439a6988a8e4_s.png
ECODENTA balinamoji dantų pasta su bergamotės ir citrinos aliejais 100 ml ,5.75,https://cdn.barbora.lt/products/fcf57e59-563c-4aa5-b67d-4f742165df2f_s.png
"Plaukų kondicionierius GREEN FEEL'S, 150 ml",1.79,https://cdn.barbora.lt/products/15501506-f273-4570-b133-bd51e5c0d156_s.png
"Dušo želė FA FIJI DREAM, 400 ml",4.99,https://cdn.barbora.lt/products/3148e7d2-81ab-40be-b217-7007962ce424_s.png
"Veido kremas BIODERMA, 40 ml",15.49,https://cdn.barbora.lt/products/77857878-3d51-45c6-a1c2-6743da5c36af_s.png
"Plaukų šampūnas GREEN FEEL'S, 400 ml",2.69,https://cdn.barbora.lt/products/79aae247-56dc-463f-8d5d-1c15307e8339_s.png
"Plaukų šampūnas SYOSS Repair, 440 ml",7.49,https://cdn.barbora.lt/products/1ff45629-b65b-4d63-b2f6-0502d3844d59_s.png
Šampūnas SYOSS Curls & Waves 440ml,7.49,https://cdn.barbora.lt/products/dcd55e22-d1db-45c3-995b-f307fe7ff1cd_s.png
"Birių produktų indas UNIWELL FAGO, 650ml",4.99,https://cdn.barbora.lt/products/c80e5931-6d0b-487d-9555-1c7af6191080_s.png
MARGARITA Šampūnas su kolagenu ir ricinos aliejumi pažeistiems plaukams 400ml,4.25,https://cdn.barbora.lt/products/cb5556a1-6d1f-46d6-a6e1-7568e18c4f34_s.png
"Domino, 1 vnt.",4.99,https://cdn.barbora.lt/products/94fe60f8-e342-4ab3-977b-0aad447f67ed_s.png
"Skystasis kreminis muilas VIVIAN GRAY JASMINE & PATCHOULI, 300 ml",6.99,https://cdn.barbora.lt/products/6a5134d1-7150-4a04-a8be-7f9390fc008b_s.png
"Dantų siūlas HUMBLE su aktyvintosiomis anglimis, 50 m.",4.09,https://cdn.barbora.lt/products/c5284d42-3f5c-440d-8a8b-9605260a2a8d_s.png
"Higieniniai paketai NATURELLA Ultra Night, S4, 28 vnt.",4.35,https://cdn.barbora.lt/products/bc898a9f-a1c4-4227-b93e-67b8c2bb7d0f_s.png
"Plaukų kondicionierius SYOSS Intense Keratin, 250 ml",7.49,https://cdn.barbora.lt/products/8f5f8ebd-30ba-4047-b95a-d14469209207_s.png
"Tarpdančių šepetėliai JORDAN BRUSH BETWEEN, S / 0,5 mm, 10 vnt.",5.79,https://cdn.barbora.lt/products/d886999f-c5cc-4b76-bb95-6763da01e1f8_s.png
"Sausas šuniukų ėdalas su ėriena ARDOUR JUNIOR, 1.5 kg",7.99,https://cdn.barbora.lt/products/c8e7b1e6-1c69-4959-a63d-73e3faae2f4e_s.png
NIVEA Fresh Sensation rutulinis dezodorantas antiperspirantas moterims ,4.79,https://cdn.barbora.lt/products/290a0642-bc49-43ef-82e9-17365008e9e2_s.png
"Maišelių spaustukai PRESTO, 6 vnt",3.49,https://cdn.barbora.lt/products/501f1648-f529-42d3-b0d5-b2f4492a9ff2_s.png
"Dantų pasta ORAL-B Pro Expert, Healthy White, 75ml",4.39,https://cdn.barbora.lt/products/ac612401-fc44-4f24-9ec0-bb20f4ddd454_s.png
"Traškučiai PIZZETTA PUGLIESE su džiovintais svogūnais, 70 g",1.99,https://cdn.barbora.lt/products/19d6f192-e3c5-4026-b27e-9bae91c1de84_s.png
"Greitai paruošiami ryžių makaronai VIFON, jautienos skonio, 65 g",1.99,https://cdn.barbora.lt/products/2c95b491-c4f8-4b01-b9e9-04d8ea1618f5_s.png
NIVEA CHERRY SHINE lūpų balzamas,3.65,https://cdn.barbora.lt/products/8673d50f-5b37-40eb-81ad-94123ed6ac0a_s.png
"Kepimo forma 34x22,5x6",12.99,https://cdn.barbora.lt/products/ff165968-a243-453d-915a-6c4d8377451f_s.png
"Vytinti kiaulienos šiaudeliai su baravykais, a. r., 100 g",2.79,https://cdn.barbora.lt/products/b3659b40-21e4-48f1-b83f-091fb2235686_s.png
Bulvių grūstuvė UNIWELL,2.99,https://cdn.barbora.lt/products/706267e0-9f38-4b46-a076-5f7de8132316_s.png
"Sausainiai OREO, vynuogių ir persikų skonio, 97 g",2.25,https://cdn.barbora.lt/products/a54dd825-d29c-4fa8-b0e1-8a3eb421ee98_s.png
"PONN ekologiška košė GOOD MORNING su slyvomis ir mangais 6+ mėn, 110 g",1.39,https://cdn.barbora.lt/products/e4e82ac5-7761-4581-9cab-8c8697e00b95_s.png
Šunų skanėstai SANAL TRAINERS DUO BONES 300g,2.99,https://cdn.barbora.lt/products/e19eb315-896e-41b1-827f-349e4c12f66e_s.png
"Traškus užkandis su įdaru WASA, sūrio ir česnakų skonio, 37 g",1.39,https://cdn.barbora.lt/products/31d6b391-2fad-47c2-9db6-1f24a69a3b83_s.png
AQUAFRESH dantų pasta Little Teeth (3-5m) 50 ml,2.39,https://cdn.barbora.lt/products/c8b245af-3ba1-4692-95b1-f6dbf0b332e5_s.png
ELSEVE  šampūnas 400ml (moterims),7.39,https://cdn.barbora.lt/products/eb464a04-d2ca-44ec-878f-ed94be3e6e83_s.png
ELSEVE  balzamas 400ml,7.39,https://cdn.barbora.lt/products/37e51823-989f-4cab-822d-39b5a8fd9dba_s.png
"Traškus užkandis PRINGLES, kreminio sūrio ir žolelių skonio, 165 g",2.99,https://cdn.barbora.lt/products/c2e8f0d1-31b8-4ce5-99ff-cfbeaaaac7f5_s.png
"Vonios putos, DIVUS, 750ml",1.99,https://cdn.barbora.lt/products/958eeb32-d782-4287-a815-99dd69e86433_s.png
MARGARITA COSMOS ORGANIC šampūnas ūdo medienos aromato 400 ml ,6.99,https://cdn.barbora.lt/products/27894000-666e-4765-80e2-2f311c0d39a1_s.png
MARGARITA COSMOS ORGANIC dušo želė ūdo medienos aromato 400 ml,5.99,https://cdn.barbora.lt/products/82bf7385-93d7-4ad2-a539-b6b2e8b30c34_s.png
"Slyvos FATTORIA dei SAPORI sirupe, 425 ml",2.69,https://cdn.barbora.lt/products/d49aa95a-7511-44cc-9ac9-d670c5bd8e04_s.png
"HAS PD Plastilino indelis, asort.",1.99,https://cdn.barbora.lt/products/8055bea9-5cd7-4c7e-9f5f-3dbd7fcccd8a_s.png
"Kukurūzų javinukai KAKĖ MAKĖ, jogurto skonio, 120 g",0.99,https://cdn.barbora.lt/products/89fdba57-c9ee-4f36-a75e-cda2a1add462_s.png
NIVEA akių makiažo valiklis su grynu hialuronu,7.29,https://cdn.barbora.lt/products/e9c784f0-2371-4501-a573-8d4af3aa0003_s.png
"Sausas šuniukų ėdalas FRISKIES su vištiena ir daržovėmis, 3 kg",9.99,https://cdn.barbora.lt/products/b352bd76-9fd1-4618-92d5-143ae64526d4_s.png
NIVEA Valomosios juostelės nosies porų valymui,7.99,https://cdn.barbora.lt/products/74b6c105-c829-4fcd-8d99-a1c242631fe5_s.png
"Kūdikių kūno aliejus JOHNSON'S BABY su alavijais, 200 ml",4.29,https://cdn.barbora.lt/products/8333c73e-2f7a-4ed1-bb62-0dd94672ef11_s.png
"Burnos skalavimo skystis LACALUT AKTIV, 250 ml",2.75,https://cdn.barbora.lt/products/84a1722a-67f9-4c05-be81-8e78c0acd32b_s.png
NIVEA Dušo želė vyrams  SENSITIVE,4.19,https://cdn.barbora.lt/products/09c8f7d2-6efe-40c1-9a58-ec8e31dcc64a_s.png
"Plaukų lakas TAFT Power Cashmere, 250 ml",5.99,https://cdn.barbora.lt/products/bce4fbd0-bf42-48f5-bbd5-3dbd4319eda3_s.png
"Duonos kepimo indas SIMAX, 28,5 x 12 x 7,6 cm, 1 vnt.",7.49,https://cdn.barbora.lt/products/3fdbe62b-d726-4c0b-9a4d-93cbaa3e4b22_s.png
"Sojų padažas SAITAKU sušiams gardinti, 150 ml",2.89,https://cdn.barbora.lt/products/1bee6a87-9b09-4220-b85a-4cf50ce6f454_s.png
"Skustuvo galvutės GILLETTE FUSION Proglide, 4vnt.",23.99,https://cdn.barbora.lt/products/45b4cda7-5e43-4ba3-81fe-492f3bb84ad2_s.png
"Dantų pasta vaikams BRAŠKIŲ SKONIO BIOREPAIR, 50 ml., 0-6 m.",4.99,https://cdn.barbora.lt/products/b390d756-2aeb-45f2-9588-6dfea594814b_s.png
"Akių makiažo valiklis GARNIER, 125 ml",5.99,https://cdn.barbora.lt/products/7f9ba2a4-38d9-496b-80bb-787e2cac79d7_s.png
"Hermetiškas indelis BORGONOVO IGLOO, 21,5 cm, 2500 ml, 1 vnt.",9.99,https://cdn.barbora.lt/products/4ead0ad7-0538-425a-9291-97b5a63537aa_s.png
"Plaukų lakas TAFT Perfect Flex, 250 ml",5.99,https://cdn.barbora.lt/products/841f75ee-9e9d-47f2-b755-0e5a93992b01_s.png
"Purškiamasis dezodorantas FA, 150 ml",4.49,https://cdn.barbora.lt/products/b9f28ef9-93ce-45d8-af22-37a062770339_s.png
"Blakstienų tušas MAYBELLINE LASH  VERY BLACK, 1 vnt.",13.89,https://cdn.barbora.lt/products/4afd4db8-172b-4d21-a8dd-3b096d4c1698_s.png
"Rožių puokštė, 9 vnt. ",4.49,https://cdn.barbora.lt/products/e6699f31-21ce-456d-84e6-2d1cf4cd346b_s.png
"Šunų skanėstų rinkinys FRISKIES PICNIC, 126 g",2.19,https://cdn.barbora.lt/products/90d9957d-f697-46a2-8279-40fa4874c772_s.png
"Prausiamosios putos probleminei odai SEBAMED CLEAR FACE, 150 ml",8.69,https://cdn.barbora.lt/products/6c0dbdcd-5ded-4359-a192-ff7f18c84ed2_s.png
"Vytintos KREKENAVOS dešrelės DŪZGĖS, a. r., 100 g",2.29,https://cdn.barbora.lt/products/3e5eb9c0-1d4c-4f44-b073-f7cd1142a5dd_s.png
"Plaukų lakas INTESA ECOFIX, 400 ml",3.25,https://cdn.barbora.lt/products/f8e026f3-296d-41cf-8757-9d936ad34ed2_s.png
"Akių makiažo valiklis GREEN FEEL'S, 150 ml",2.35,https://cdn.barbora.lt/products/0241ee93-cae1-4a98-aa02-5f0fe030d35e_s.png
NIVEA® RANKŲ KREMAS 3 IN 1 REPAIR su dekspantenoliu,5.89,https://cdn.barbora.lt/products/26e909f7-f436-4e6f-947f-c2563d5e993d_s.png
"Nuo karščio apsaugantis plaukų purškiklis SYOSS Keratin Heat, 200 ml",8.29,https://cdn.barbora.lt/products/bffd1c72-80e8-440e-8c2e-003630839171_s.png
"Burnos skalavimo skystis ORAL-B Pro-Expert Professional Protection, 500 ml",6.79,https://cdn.barbora.lt/products/c3fcdca5-f0a2-41ed-856b-d5b113fd45f3_s.png
"Akių makiažo valiklis NIDA su alavijų ekstr. Ir vitaminu E, 150 ml",1.95,https://cdn.barbora.lt/products/8815a49c-e0aa-4c2e-9db9-b3fac5e10d22_s.png
"Vyriškas rutulinis dezodorantas WELEDA MEN, 50 ml",9.99,https://cdn.barbora.lt/products/0b82bd4e-0fe6-4eb9-a8cc-b2e5c96c222c_s.png
"Rutulinis dezodorantas WELEDA CITRUS, 50 ml",9.99,https://cdn.barbora.lt/products/7aaf9581-ed0c-49a0-8216-3693a431454c_s.png
MARGARITA veido prausiklis su ramunėlių ekstraktu 200 ml,4.79,https://cdn.barbora.lt/products/5e0548f3-23ea-4cc7-8ba6-42865b110038_s.png
MARGARITA kosmetinis pienelis su kviečių gemalų aliejumi 200 ml,4.79,https://cdn.barbora.lt/products/01925157-f139-417e-b989-0b2e9cff1ee9_s.png
"Vyriškas purškiamasis dezodorantas REXONA ACTIVE PROTECTION, 150 ml",4.29,https://cdn.barbora.lt/products/915d65e9-a47b-41f0-bbb6-36adb2e0ff72_s.png
"TRADICINIS mėsainių padažas MISSISSIPPI, 300 ml",4.49,https://cdn.barbora.lt/products/e678fda8-037a-4a26-bbf7-e7b1715cdfe9_s.png
"Burnos skalavimo skystis GENERA SWEET MINT, 500 ml",1.73,https://cdn.barbora.lt/products/393b8950-7b75-4c81-869d-41dbf9267fec_s.png
"Vyriškas dieninis veido kremas VĖJAS su gintaro ekstraktu, 50 ml",2.79,https://cdn.barbora.lt/products/b63ffecc-627f-4e04-abda-523a464b4474_s.png
NIVEA® Hairmilk Shine kondicionierius,4.79,https://cdn.barbora.lt/products/cd381808-6ca3-4498-8680-2f3dc4511c97_s.png
"Micelinis vanduo BIODERMA, 500 ml",19.99,https://cdn.barbora.lt/products/404caff0-5baa-4c18-be7c-c467bfe2e603_s.png
Dantų pasta LACALUT FLORA,3.35,https://cdn.barbora.lt/products/e0e796ce-52cb-44c3-94e5-6bee185e02d8_s.png
"Dantų šepetėlis JORDAN GREEN CLEAN MEDIUM, 1 vnt.",3.29,https://cdn.barbora.lt/products/aa10b06e-2f1a-4d3a-b013-16dc0e9ea074_s.png
"Skustuvai BIC MISS SOLEIL SENSITIVE, 3 vnt., 3 vnt.",3.49,https://cdn.barbora.lt/products/7c0875a5-1d77-46f9-a9f0-13a711b03700_s.png
"Bambukiniai kosmetiniai pagaliukai HUMBLE BRUSH, 100 vnt.",2.89,https://cdn.barbora.lt/products/607b1dae-30b4-4fab-b79f-46cf52f38da6_s.png
"Ekologiškas kečupas RUDOLFS, 530 g",3.49,https://cdn.barbora.lt/products/e838e669-78c3-4180-8cf4-033cd5fda83f_s.png
"Dantų šepetėliai COLGATE HIGH DENSITY, 2 vnt., 2 vnt.",4.79,https://cdn.barbora.lt/products/30ccc81c-91ba-4f6f-b68d-d83ae1b38f55_s.png
NIVEA dezodorantas antiperspirantas moterims Fresh Citrus ,4.79,https://cdn.barbora.lt/products/6f75494a-9245-4a13-9fc0-1715843335d5_s.png
"Vyriško skustuvo galvutės GILLETTE MACH3, 5 vnt., 5 vnt.",17.49,https://cdn.barbora.lt/products/16b83e5a-a12f-47a1-ac59-91e8d94bac82_s.png
"Medus su riešutais, 190 g",4.49,https://cdn.barbora.lt/products/ba97e9f0-fadd-4f39-af98-63ed0d30f3bd_s.png
"Kiniškų grilio patiekalų padažas WOWMAMA, 280 g",1.79,https://cdn.barbora.lt/products/6d368681-e5ba-4836-adf2-00d75cc2fe02_s.png
"Tradicinis DAUMANTŲ kečupas, 780 g",3.29,https://cdn.barbora.lt/products/df219dea-135c-4a22-81c3-470ab43fbabf_s.png
"Vonios druska AQUA AMBER su levandomis, 500 g",1.59,https://cdn.barbora.lt/products/4672fe4e-da6d-4cdb-9771-6f7c2228574a_s.png
"Papildas katėms SANAL ANTI-HAIRBALL nuo sąvėlų, 75 g",3.49,https://cdn.barbora.lt/products/4ea0e291-f1b4-4ca7-be9c-61747b139c03_s.png
" Torto kepimo forma UNIWELL, 28 cm",9.99,https://cdn.barbora.lt/products/e95d5308-a4af-47ce-90d0-b0d451986aa0_s.png
"Dantų pasta BLEND A MED COMPLETE FRESH Long Lasting, 75ml",2.79,https://cdn.barbora.lt/products/f9b6f564-c916-4c62-a1ee-7db18c11e3b0_s.png
"Higieniniai paketai NATURELLA Ultra Maxi, S3, 32 vnt.",4.35,https://cdn.barbora.lt/products/4c9f231a-f228-474e-83c6-ee07ac4ca027_s.png
"Aštrusis pomidorų padažas EXTRA LINE, 500 g",1.19,https://cdn.barbora.lt/products/47aff0e9-4e50-414d-af70-b4753ad8b45d_s.png
"Plaukų modeliavimo pudra TAFT WONDERS Fresh&Volume, 10 g",7.49,https://cdn.barbora.lt/products/c6dfabf5-6b63-47d2-adc4-c91c4036ec35_s.png
"Lateksinis šunų žaislas LOVETT, 1 vnt.",4.99,https://cdn.barbora.lt/products/9715e350-68f2-425a-b7e2-7cf19961a8b7_s.png
"Dušo želė FA BLUEBERRY YOGHURT, 400 ml",4.99,https://cdn.barbora.lt/products/79b6ff09-f63c-4d80-b9e3-a00cbe46dfd4_s.png
"Dušo gelis OLD SPICE Oasis, 400ml",5.79,https://cdn.barbora.lt/products/edc7ac48-302d-4f9e-b2ad-22602fcbd330_s.png
"My Love visavertis sausas suaugusių kačių pašaras su vištiena, 300 g",1.69,https://cdn.barbora.lt/products/440755df-4bd4-4eff-98c5-877671b718c0_s.png
"Konservavimo dangtelis ILAJA, 1 vnt., 1 vnt.",0.14,https://cdn.barbora.lt/products/0be9b36b-905a-405c-a259-3a1563ba9069_s.png
"Higieniniai paketai NATURELLA Ultra Normal Plus, S2, 36 vnt.",4.35,https://cdn.barbora.lt/products/06d7095d-89d8-4fbc-87e5-9b5d68ad1f66_s.png
"Cypiantis šunų žaislas LOVETT, 1 vnt.",5.99,https://cdn.barbora.lt/products/6e624ff2-980e-415e-81b7-8f542a1ad5d3_s.png
"Skalbinių minkštiklis ""SILAN Fascinating Jungle"" 126sk",7.69,https://cdn.barbora.lt/products/8f824cb6-8e4c-42d9-a963-8fb069eb00d6_s.png
"Moteriški vienkartiniai skustuvai DIVUS2, 5 vnt., 5 vnt.",0.95,https://cdn.barbora.lt/products/67b4b195-f88e-4c72-a16e-2244103f07c8_s.png
"Sūdytos karamelės sirupas, 290 ml",7.49,https://cdn.barbora.lt/products/6dfbc689-f255-420d-98a9-558246f1999b_s.png
"Elektrinio dantų šepetėlio galvutės ORAL-B SPIDERMAN, 4 vnt., 4 vnt.",25.99,https://cdn.barbora.lt/products/5f7227f0-58e4-4f42-a104-58ebf060a4d2_s.png
"Paakių kaukė GARNIER, 1 vnt.",2.39,https://cdn.barbora.lt/products/cf6b3ae9-0d31-4357-8a64-0adf026325df_s.png
"Paakių kaukė GARNIER , 1 vnt.",2.39,https://cdn.barbora.lt/products/3384b04a-d53c-4bb7-9156-1e99d2f0e20f_s.png
"Greitai paruošiami makaronai VIFON, vištienos skonio, 58 g",1.99,https://cdn.barbora.lt/products/5dee81a8-c813-4f11-9f2f-308e60b84973_s.png
SENSODYNE dantų pasta ClinicalRepair Active Clean75ml,9.99,https://cdn.barbora.lt/products/df1e30c6-2cc8-4be8-9d5f-3a4130b8124d_s.png
"Birių produktų indas UNIWELL CLIP 1,3 L",4.99,https://cdn.barbora.lt/products/642a65c2-ec55-4aff-a00f-dbca427501fd_s.png
"Intensyvus plaukų kondicionierius PANTENE Intensive Repair, 3 minutes miracles, 220 ml",7.19,https://cdn.barbora.lt/products/1fd5c0bb-4374-444a-b012-16d38285c49e_s.png
"Greitai paruošiami makaronai VIFON KIMCHI, 80 g",1.29,https://cdn.barbora.lt/products/2ee80f08-b8a7-4e60-b207-f7add9e72b43_s.png
"Kūdikių šampūnas-prausiklis NEUTRAL BABY, 250 ml",3.89,https://cdn.barbora.lt/products/1db373a3-ae59-4725-b570-98c4bf7e2906_s.png
Vaikiški medvilniniai vatos diskeliai BOCIOLAND;60vnt,2.49,https://cdn.barbora.lt/products/f63322fd-722d-467e-85e7-6df8c060ac70_s.png
"ELSEVE  šampūnas, 400 ml",7.39,https://cdn.barbora.lt/products/d12135d8-cfde-4ff8-8eab-48ddeb24b471_s.png
"Grietinės ir svogūnų skonio bulvių traškučiai WELL DONE, 180 g",2.69,https://cdn.barbora.lt/products/611fda06-8b63-4e2a-9a25-5df9bdadfe8f_s.png
"Žaliosios alyvuogės WELL DONE, įdarytos krevečių pasta, 280 g",2.19,https://cdn.barbora.lt/products/7f1fae10-eafb-4e95-b418-4a25956d7e1a_s.png
Šunų kramtalai LOVETT 45g (mažų veislių),0.99,https://cdn.barbora.lt/products/8c6564a3-3072-432d-8cae-c198e68a5f18_s.png
"Vytintas kumpis JAMON SERRANO DUROC, nerūšinis gaminys, 100 g",4.99,https://cdn.barbora.lt/products/4f7899fa-a50a-451d-af19-feff08939cfd_s.png
"Šunų skanėstas PEDIGREE JERKIES su vištiena, 70 g",2.19,https://cdn.barbora.lt/products/0604dec3-089d-4d8d-bb48-9563819f9a4c_s.png
"L'Oreal Paris Elseve Glycolic Gloss Core plaukų purškiklis, 150 ml",8.69,https://cdn.barbora.lt/products/633d0750-7038-469d-a8ca-a67e83f07cc0_s.png
"Barškutis CANPOL, 1 vnt.",4.49,https://cdn.barbora.lt/products/711fa2ff-9974-414e-932e-b17353020c0b_s.png
"Plaukų dažai GARNIER COLOR NATURALS, Nr. 3, 1 vnt.",4.99,https://cdn.barbora.lt/products/6624043e-8574-4205-9511-8bbb9093eb15_s.png
"Kepsnių marinatas KOTANYI, 30 g",0.9,https://cdn.barbora.lt/products/6852f400-75c9-4dd2-a236-721e67898189_s.png
"Įvairūs pipirai malūnėlyje KOTANYI, 35 g",2.86,https://cdn.barbora.lt/products/6c834cbc-bdb9-4cd8-b8cf-bb5d39053801_s.png
"Alyvuogių aliejus FILIPPO BERIO EXTRA VIRGIN, 250 ml",3.11,https://cdn.barbora.lt/products/ec50bc8b-b8e0-4f82-8859-61ab0236829d_s.png
"Vyriškas plaukų šampūnas SCHAUMA su apyniais, 400 ml",4.59,https://cdn.barbora.lt/products/01ed54b1-1ad9-46a2-9d62-804a81e16cf2_s.png
"Lubrikantas DUREX PLAY FEEL, 50 ml",4.95,https://cdn.barbora.lt/products/e9271b8c-856e-4820-842d-68d04f6719ce_s.png
"Moteriškas rutulinis antiperspirantas FA PINK PASSION, 50 ml",4.49,https://cdn.barbora.lt/products/402db676-11ee-49d1-9ee3-b539f1096925_s.png
"Skustuvo galvutės GILLETTE FUSION POWER, 4 vnt.",24.99,https://cdn.barbora.lt/products/b6d90be6-3fa9-42fc-9667-30f86d4b661c_s.png
"Blakstienų tušas MAYBELLINE COLOSSAL VOLUM'EXPRESS, juodas, 10.7 ml",12.99,https://cdn.barbora.lt/products/29e2fc49-5e0f-4934-a7f5-2f89207ec002_s.png
"Plaukų putos SYOSS Volume Lift, 250 ml",8.19,https://cdn.barbora.lt/products/b3131416-b518-49ec-9aee-2b2d7b2ae11e_s.png
"Plaukų balzamas GLISS Ultimate Repair, 200 ml",4.79,https://cdn.barbora.lt/products/54c1371c-c8b9-46e0-8214-bdcdab87e108_s.png
"Plaukų kondicionierius GLISS Ultimate repair, 200 ml",7.29,https://cdn.barbora.lt/products/f70a4112-d1d4-4282-b306-12fcfd7e1891_s.png
"Rankų kremas NEUTROGENA, 75 ml",5.19,https://cdn.barbora.lt/products/b0cd2530-53aa-4087-97ca-1aa3c30bd358_s.png
"Pagalvė ELDORADO HOME, 68 x 68 cm, 1 vnt.",13.99,https://cdn.barbora.lt/products/f65748e3-697c-4464-9e8e-badd3cf3bc53_s.png
"Raikymo peilis UNIWELL, 19 cm, 1 vnt.",2.19,https://cdn.barbora.lt/products/75c6df84-fe52-4eb3-8a06-43f3ab36f6f5_s.png
MARGARITA Universalus kūno kremas su šaltalankių aliejumi 200ml,4.25,https://cdn.barbora.lt/products/671846cd-c467-49be-bf15-3f00d04f88b9_s.png
"Saulėje džiovinti pomidorai BONTA DI PUGLIA aliejuje, 950 g",7.35,https://cdn.barbora.lt/products/f04e3af1-9ff4-4218-962e-cc0d6af2b006_s.png
"Toskanos žalumynai KOTANYI, 25 g",1.04,https://cdn.barbora.lt/products/1b48dfe4-f26c-4f8d-bffb-a52a16e66e2f_s.png
"Depiliacinis veido kremas BYLY DEPIL ALOE VERA, 5 vnt",3.49,https://cdn.barbora.lt/products/1c948ee1-71a2-4e3d-b0fd-24dbfbbb561f_s.png
"Vytintos KREKENAVOS vištienos dešrelės DŪZGĖS, a. r., 100 g",2.09,https://cdn.barbora.lt/products/f71c2164-40dd-40a8-bc95-ba26f6297fc5_s.png
"Skutimosi putos NIVEA MEN SENSITIVE COOL jautriai odai, 200 ml",5.49,https://cdn.barbora.lt/products/896c053a-95db-4c63-a4d3-8d2d468906ae_s.png
"Naktinis veido kremas L'OREAL, 50 ml",11.59,https://cdn.barbora.lt/products/d137af30-344b-47b8-8061-d6e297b31ad9_s.png
"Saldus aitriųjų paprikų padažas AJI, 200 ml",2.25,https://cdn.barbora.lt/products/5d713cc3-ad2f-4839-8fa0-a4857af2c26b_s.png
"Dušo želė NIDA su gintaro ekstraktu, 250 ml",1.35,https://cdn.barbora.lt/products/f45d298e-da4b-4b38-a5b4-e893250a6cb8_s.png
"Dantų pasta WELEDA su druska, 75 ml",6.29,https://cdn.barbora.lt/products/892d7c7b-a3d9-4443-9d75-25262b752166_s.png
"Intymios higienos prausiklis BELLA HYDRO NATURAL, 300 ml",3.75,https://cdn.barbora.lt/products/e77ca9f7-08b8-48d3-a49f-6fae7cec8a48_s.png
"Dušo želė GREEN FEEL'S, 250 ml",1.59,https://cdn.barbora.lt/products/84e7a88d-931e-4fa1-9a10-678ee22e4f59_s.png
NIVEA Protective Care Beeswax rankų kremas,3.49,https://cdn.barbora.lt/products/458762f0-a4c3-4ab5-9a51-8e83c2f7fec9_s.png
"Micelinis vanduo BIODERMA, 250 ml",16.29,https://cdn.barbora.lt/products/95940d99-e57e-49ec-8137-1894ffd478fe_s.png
"Veido valomasis gelis-putos NEUTROGENA HYDRO BOOST, 200 ml",10.89,https://cdn.barbora.lt/products/4ba993ad-321f-4d4d-a8d8-d1830efb61db_s.png
"Indų ploviklis FAIRY Sensitive Tea Tree&Mint, 1350ml",4.39,https://cdn.barbora.lt/products/d2c75a13-079c-47c6-8ec0-6f2c0278e32b_s.png
KILIG CLEAN & FRESH veido šveitiklis 75ml ,4.89,https://cdn.barbora.lt/products/112a0a0f-11de-4784-8233-976ea2dcea23_s.png
"Valomasis vanduo į raudonį linkusiai odai BIODERMA SENSIBIO H2O AR, 250 ml",14.49,https://cdn.barbora.lt/products/53afd742-fdef-4c7c-ba9c-8e13bb50cac2_s.png
"Šunų užkandis YORK FRIEND (kauliukų formos), 90 g",1.09,https://cdn.barbora.lt/products/a98f95c1-3334-4084-95a4-abbbfabbe844_s.png
"Plaukų kaukė GREEN FEEL'S, 200 ml",2.69,https://cdn.barbora.lt/products/3c5ff9e6-3520-44de-9305-9244605bc660_s.png
"Sausasis šampūnas SYOSS PURE FRESH, 200 ml",8.49,https://cdn.barbora.lt/products/779d41af-c653-43a7-95cb-7e410803fbb5_s.png
MARGARITA Dušo želė su pieno baltymais ir medaus ekstraktu 500ml,4.55,https://cdn.barbora.lt/products/48d3a99d-92d2-4c69-abf5-376a3b890c17_s.png
"Ėrienos dešra PRIMADOG su ryžiais, 800 g",4.79,https://cdn.barbora.lt/products/008e184a-b6c8-4e8c-b1a7-0ab89f604435_s.png
"Lavinamieji kamuoliukai TULLO, kūd. nuo gimimo, 1 vnt.",11.79,https://cdn.barbora.lt/products/db86c408-de89-406a-a2a9-71206c600cc2_s.png
"Dantų šepetėlis SENSODYNE SENSITIVITY&GUM SOFT, 1 vnt.",4.79,https://cdn.barbora.lt/products/07bd5e1d-2c58-41c3-8cf3-91d27b573d95_s.png
"Plaukų kondicionierius-kaukė GREEN FEEL'S, 200 ml",2.69,https://cdn.barbora.lt/products/7ea715dc-0c8f-4e74-86d2-e3e9355ef72c_s.png
"Dūmų skonio kepsnių padažas POPPAMIES su obuoliais, 410 g",4.99,https://cdn.barbora.lt/products/222a2b2a-e457-452d-9cd4-79b277ba623e_s.png
"Gr.par.makaronai grietinėlės ir pomidorų pad. MAGGI, 62 g",0.84,https://cdn.barbora.lt/products/bcdd938f-72a7-4426-b8ea-dee83befef00_s.png
KILIG VITAMIN C regeneruojanti gelinė veido kaukė 3x7 g ,3.49,https://cdn.barbora.lt/products/cb4f8fbd-197d-4acb-b14e-56b13f62ec2d_s.png
"Purškiamasis dezodorantas FA PINK, 150 ml",4.49,https://cdn.barbora.lt/products/ed5275cc-5d56-4082-ad81-672f45c56ba7_s.png
"Rutulinis dezodorantas FA PINK, 50 ml",4.49,https://cdn.barbora.lt/products/b4a236ed-5993-4532-b858-365b6fce71c8_s.png
"Pieštukinis dezodorantas OLD SPICE Deep Sea, 50ml",5.29,https://cdn.barbora.lt/products/7357b439-abed-4ab8-8e3e-3d7bb24b6a57_s.png
"Aukšč.rūšies alyv. aliejus FILIPPOBERIO su bazilikais, 250 ml",4.19,https://cdn.barbora.lt/products/89223309-bb57-497b-8079-a08b8c2870ba_s.png
"Vaikiškas šampūnas-prausiklis TINDI, 475 ml",3.79,https://cdn.barbora.lt/products/4fcc6bb2-094b-4416-82a8-b5b50339d64d_s.png
"Dantų siūlas HUMBLE su aktyvintosiomis anglimis,su laikikliu, 50 vnt.",4.19,https://cdn.barbora.lt/products/b9a42986-a532-469f-84cf-eaa7d423db48_s.png
"Vaikiška dantų pasta BIOREPAIR JUNIOR MINT, 7-14 metų, 75 ml",5.99,https://cdn.barbora.lt/products/673ca515-220f-45c1-b0da-5753ed6b0a63_s.png
"Higieniniai įklotai NATURELLA Camomile, Normal, 44 vnt.",2.29,https://cdn.barbora.lt/products/d7d06ef8-d2da-4fda-862b-578c82978c94_s.png
"Tradicinis aštrusis DAUMANTŲ kečupas, 480 g",2.39,https://cdn.barbora.lt/products/f5fab21a-7465-4157-b468-96ad29ba5d34_s.png
KILIG VITAMIN BOMB purškiamas plaukų kondicionierius su vitaminų kompleksu 100 ml,6.39,https://cdn.barbora.lt/products/92f2fa30-a668-4f5a-a135-e703a5803039_s.png
"Vonios druska BEAUTY JAR MY LITTLE PRINCESS, 600 g",2.69,https://cdn.barbora.lt/products/befc3d8d-9bf2-4345-acbf-25a2fec2aa50_s.png
"Duonos kepimo forma SILVER ELEGANCE,30cm",10.49,https://cdn.barbora.lt/products/d7266e3a-f592-413a-9265-383630d5928d_s.png
"Dantų pasta JORDAN „GREEN CLEAN GENTLE WHITENING“, 75 ml",3.49,https://cdn.barbora.lt/products/239a76e5-f46b-4976-95b9-45a3b9e1fc80_s.png
MARGARITA Plaukų balzamas su alaus mielių ekstraktu ir keratinu 200ml,4.35,https://cdn.barbora.lt/products/8815dc2a-6536-4696-915f-699b22eccaff_s.png
MARGARITA Itin stiprios fiksacijos plaukų putos su šaltalankių aliejumi ir kolagenu 250ml,5.65,https://cdn.barbora.lt/products/89061c0a-6ca9-44c2-bdcc-f0a4ac7fa87f_s.png
"Vaikiškas plaukų šampūnas ir dušo gelis SCHAUMA KIDS, 400 ml",4.99,https://cdn.barbora.lt/products/0e94ae4f-c399-42bc-b8d7-db65b1c06877_s.png
"Vyriškas rutulinis dezodorantas GARNIER MEN INVISIBLE, 50 ml",4.19,https://cdn.barbora.lt/products/3ed02d6a-3b18-4069-b77e-ac64ce0cbba9_s.png
"Sausasis šunų ėdalas PEDIGREE MINI,su višt. ir daržov.,500 g, 500 g",2.99,https://cdn.barbora.lt/products/6420b07a-9061-4831-b5d2-679b2f906959_s.png
" Keptuvė UNIWELL, 28 cm",24.99,https://cdn.barbora.lt/products/3c29b436-1695-46c8-b672-dcd8ea129037_s.png
"Lateksinis šunų žaislas LOVETT, 1 vnt.",3.99,https://cdn.barbora.lt/products/47116f3e-277a-41ef-8161-63e5fbbc9ade_s.png
"Kačių žaislai LOVETT, 4 vnt., 1 vnt.",1.99,https://cdn.barbora.lt/products/a1664e76-ee9a-4c4d-bde8-7193e1105f10_s.png
"Vyriškas purškiamasis dezodorantas INSETTE DARK, 150 ml",1.49,https://cdn.barbora.lt/products/fa684e7f-ddb9-4c1b-96c3-1ae7c8526ef5_s.png
"Maišytas alyvuogių aliejus WELL DONE LIGHT, 750 ml",6.51,https://cdn.barbora.lt/products/5b7d07c3-d3af-4802-97d4-61c1d840a163_s.png
"Higieniniai įklotai ALWAYS Long, Fresh Scent, 48 vnt.",3.95,https://cdn.barbora.lt/products/fa6e44db-1beb-463a-90a1-04a6cbb95591_s.png
"Skalbinių minkštiklis ""SILAN Fresh Sky"" 130sk. (2.86L)",7.69,https://cdn.barbora.lt/products/fb67d148-a8fc-4d2b-9d39-fa448b23e7fd_s.png
"Spindulinių pupuolių daigai MIKADO, 330 g",2.49,https://cdn.barbora.lt/products/20893327-93fd-4328-85b7-dddca19f4dc1_s.png
Gyvūnų nagų kirpimo žirklės LOVETT,4.99,https://cdn.barbora.lt/products/43e14cbe-0333-45e1-b6b8-262a34dcc381_s.png
"Žuvų pašaras TATRAPET KLASIK FLAKES, 25 g",1.69,https://cdn.barbora.lt/products/7dc3ca20-debd-4222-9dcf-3defc7ff98cc_s.png
"Džiovintų pomidorų tapenada WELL DONE, 190 g",2.69,https://cdn.barbora.lt/products/c8e7a2ed-cf16-4874-8174-a90c32bfb98d_s.png
"Veido kaukė BEAUUGREEN, 30 g",3.49,https://cdn.barbora.lt/products/5b518db5-f2b3-421b-9848-58f7d83b0f12_s.png
"SUSLAVIČIAUS padažas MAJONEZAS & GARSTYČIOS, 47 % rieb., 370 g",2.99,https://cdn.barbora.lt/products/7121803b-6b0e-4b3d-9f6d-d0b191a83514_s.png
"Plaukų kaukė GLISS 4IN1 Repair, 400 ml",9.49,https://cdn.barbora.lt/products/679916cb-521c-40fc-829e-87c5bc72012a_s.png
"Veganiškas sojų ŽALIASIS paplotėlis, 150 g",1.79,https://cdn.barbora.lt/products/735a5cec-34dd-4a5c-858b-c5621b931515_s.png
"Plaukų kondicionierius PANTENE Bond Repair, 160 ml",6.99,https://cdn.barbora.lt/products/679fb151-b2c9-4658-bbb1-6daee8d172b3_s.png
"Int.higienos, kūno prausiklis GREEN FEEL'S su alavijų ekstr., 400 ml",1.89,https://cdn.barbora.lt/products/40405f27-c722-4830-abcf-5e710cfc0c3c_s.png
"Bulvių traškučiai ESTRELLA, voveraičių ir sūrio skonio, 170 g",2.89,https://cdn.barbora.lt/products/5f44b1f4-8919-40ec-bb21-5eafc49d3f19_s.png
"Mediniai dantų krapštukai JORDA EXTRA THIN, 105 vnt.",2.89,https://cdn.barbora.lt/products/c499508b-3a21-46b5-8872-cc6af1322405_s.png
"KĖDAINIŲ KONSERVŲ FABRIKO kepsnių padažas MONTREA, 300 g",2.29,https://cdn.barbora.lt/products/09b3068c-2f1b-4f78-a8be-b94446799174_s.png
"Birių produktų indas UNIWELL CARAWAY 1,5 L",3.99,https://cdn.barbora.lt/products/3eac0ff4-e652-4726-a004-04ee6b488802_s.png
"Skutimosi peiliukai GILLETTE PLATINUM, 5 vnt., 5 vnt.",1.09,https://cdn.barbora.lt/products/699cb2bd-2315-400c-9e63-f0f41d0eef40_s.png
Pasta katėms su vištiena WANPY 90g,1.99,https://cdn.barbora.lt/products/0b9c0b15-4a08-4875-b9a0-bef5d4035d1b_s.png
"HISKIN Crazy Hair Trichologinis galvos odos pilingas su laimų ir mėtų aromatu, 100 ml",6.79,https://cdn.barbora.lt/products/68f877dd-79dd-4ca1-8e42-3c1800baf33e_s.png
"Žirnių ir avižų traškučiai NASHCHI, pomidorų skonio, 60 g",1.49,https://cdn.barbora.lt/products/d6fede3a-7c57-4b0d-81ec-8fc6bb6c7374_s.png
"Duonos traškučiai CHAZZ, čederio skonio, 100 g",1.99,https://cdn.barbora.lt/products/dff5b1f8-4e83-4e3d-8688-e9af7d487328_s.png
Vyriškas pieštukinis dezodorantas OLD SPICE EPIC LEGEND;50ml,5.29,https://cdn.barbora.lt/products/f6fa82e1-77ee-4e28-9233-4c8ee7ff49b0_s.png
MARGARITA KAKĖ MAKĖ 2IN1 Persikų kvapo plaukų ir kūno prausiklis 250ml,4.19,https://cdn.barbora.lt/products/7439e687-3a67-4c79-b34f-fdf9caa2fbab_s.png
"Kiaušininiai makaronai MAGGI, antienos skonio, 119 g",1.29,https://cdn.barbora.lt/products/294a95a5-8414-4a78-abe9-f75eb58bcf9a_s.png
"Popieriniai įdėklai gruzdintuvėms, BEATOS VIRTUVĖ, 16 x 4,5 cm.",4.49,https://cdn.barbora.lt/products/9ac655be-87b8-4e35-814e-bda1209353fa_s.png
"Peppa Pig spalvotos vonios tabletės vaisų ir uogų aromato, 9 vnt x16 g",5.29,https://cdn.barbora.lt/products/03d96f42-923c-408a-a6b4-72ba6f7debcb_s.png
"Skystas muilas IEVA medaus ir avokado 0,5 L",4.79,https://cdn.barbora.lt/products/67354962-892d-47d6-827c-3b3186b3e4de_s.png
Bulvių traškučiai MIO&RIO su druska 100 g,1.19,https://cdn.barbora.lt/products/cc003e02-3b57-4107-8566-606ef18598f4_s.png
"Vytintos kiaulienos dešrelės MEAT CRAFT, a. r., 100 g",4.09,https://cdn.barbora.lt/products/6448c286-2457-4159-ad8a-806957fbc208_s.png
"Vytintos kiaulienos juostelės MEAT CRAFT, a. r., 120 g",4.49,https://cdn.barbora.lt/products/39133e73-23da-4123-b3ff-9f988e9ec670_s.png
NIVEA MEN STRONG POWER šampūnas plaukams vyrams 500 ml,7.99,https://cdn.barbora.lt/products/828377cc-478a-4acc-bc6d-4d0c1c3e16e4_s.png
"Sausas šunų ėdalas PEDIGREE su jautiena ir daržovėmis, 10 kg, 10 kg	",34.99,https://cdn.barbora.lt/products/5efeb83a-c49c-4e3d-9310-b1dd7ce6ce3f_s.png
Bambukinė pjaustymo lentelė UNIWELL 30*20*1.5cm,7.99,https://cdn.barbora.lt/products/38cfff69-5a9f-40fc-8891-bacece55620c_s.png
"Virtuvinių rankšluosčių komplektas, 4 x 40 x 70 cm, 4 vnt.",9.99,https://cdn.barbora.lt/products/3f116270-ce4c-40f6-b606-23a5f4e48907_s.png
"Plaukų lakas TAFT 10 Carat Shine, 250 ml",5.99,https://cdn.barbora.lt/products/334ea777-0ffe-4e82-8a58-854e82ada399_s.png
NIVEA® Color Care hairspray,7.19,https://cdn.barbora.lt/products/4be90492-1a2b-4487-a259-c8c3cfe86c69_s.png
NIVEA Klasikinis kremas visai šeimai,3.79,https://cdn.barbora.lt/products/3d1e8b80-2ed6-48f9-9d19-4519312627cd_s.png
"Losjonas po skutimosi GILLETTE Revitalizing, 100ml",9.29,https://cdn.barbora.lt/products/c5791e89-1fe6-4531-aa42-54291faa9129_s.png
"Konservuoti žirniai su rūkytomis kiaulių ausimis SKANOVĖ, 500 g",3.35,https://cdn.barbora.lt/products/2a8b6a90-5df3-44ae-92d9-a16ac05c3998_s.png
"Antiparazitinis šunų šampūnas AS, 250 ml",2.99,https://cdn.barbora.lt/products/9f3dc9d6-154d-42ec-bb2f-a1e14009ce0b_s.png
MARGARITA Maitinamasis rankų kremas su pienu ir medumi 75ml,2.85,https://cdn.barbora.lt/products/d55605ef-c0c1-4978-b010-1ba83d288f49_s.png
"Moteriškas purškiamasis dezodorantas FA PINK PASSION, 150 ml",4.49,https://cdn.barbora.lt/products/8db8586f-45fc-44ed-aa5d-b072a42d5205_s.png
"Ypač grynas alyvuogių aliejus FILIPPO BERIO, 750 ml",8.21,https://cdn.barbora.lt/products/4371226e-ed96-4352-b283-d023db1b91fa_s.png
"Lubrikantas ir masažo želė DUREX PLAY, 200 ml",7.49,https://cdn.barbora.lt/products/9f5728f5-f77b-40ec-826e-be5e0a3853c0_s.png
"Kepimo ir marinavimo padažas KIKKOMAN YAKITORI, 250 ml",5.89,https://cdn.barbora.lt/products/7dc4830f-a28c-4bcf-ae43-f03bc76273ee_s.png
NIVEA valomasis pienelis su migdolų aliejumi sausai ir jautriai odai,7.29,https://cdn.barbora.lt/products/e3ad77a2-7e94-4f3f-ad01-135f70d1239b_s.png
"Stiklinis dangtis UNIWELL EDAY, 20 cm, 1 vnt.",4.99,https://cdn.barbora.lt/products/a49e0d6d-339e-49fe-92f4-ece465a25935_s.png
"Silikoninė kepimo forma JULIETTE, 24 cm, 1 vnt.",11.99,https://cdn.barbora.lt/products/aa79fba7-ffca-4001-96c8-dc5a233fabbe_s.png
"Plaukų šampūnas GLISS Ultimate Repair, 250 ml",4.79,https://cdn.barbora.lt/products/62b91902-94f4-457d-b2e1-1eb0b79f899a_s.png
"Citrusinių vaisių sulčiaspaudė PLAST TEAM, 1 vnt.",1.99,https://cdn.barbora.lt/products/c4d93e3f-9b03-42de-a814-9e2a52363958_s.png
"Puodelis AURORA WHITE HOME, 325 ml,royal",2.99,https://cdn.barbora.lt/products/ae3bfbfe-356d-4616-ae5b-502bc2c0ed41_s.png
"Plastikinis dubuo ILAJA, 2,5 l",1.49,https://cdn.barbora.lt/products/160af6ee-55cf-4edf-8ff3-3152cd91e0d1_s.png
"Vaikiškas šampūnas-dušo želė BUBCHEN (AVIETĖ), 230 ml",2.79,https://cdn.barbora.lt/products/9acfe431-ee33-4613-86f7-d7c333a4bdf6_s.png
"Kūno jūros druskos šveitiklis AQUA AMBER, abrikosų kvapo, 300 g",3.59,https://cdn.barbora.lt/products/5ccb15ca-3cc3-4b21-81d5-f106bbf58e26_s.png
"Plaukų dažai GARNIER COLOR NATURALS, Nr. 5.15, 1 vnt.",4.99,https://cdn.barbora.lt/products/7a9dbab5-0b9e-4428-b314-d9d6cc7a9076_s.png
"Dantų pasta LACALUT WHITE & REPAIR, 75 ml",3.09,https://cdn.barbora.lt/products/790d063f-73ee-4ae0-a577-c14b7a99571d_s.png
"NIVEA MEN CREME kremas veidui, rankoms ir kūnui",4.19,https://cdn.barbora.lt/products/94a36784-4fda-4b90-8af9-c5c8897d7db3_s.png
"Kūno šveitiklis ORGANIC SHOP MANGO & SUGAR, 250 ml",4.39,https://cdn.barbora.lt/products/b18ee58b-ac19-405e-ae59-166416fa9018_s.png
"Purškiamas plaukų kondicionierius MARGARITA (KAKĖ MAKĖ), 150 ml",4.19,https://cdn.barbora.lt/products/17be0d39-3209-4587-b48e-eb2eafa1098c_s.png
NIVEA raminantis micelinis vanduo su aminorūgštimi ir dekspantenoliu jautriai odai,8.79,https://cdn.barbora.lt/products/7ae413cf-2f45-442e-a997-2b503f8fa694_s.png
MARGARITA micelinis vanduo su šermukšnių ekstraktu ir biokolagenu 200 ml,4.99,https://cdn.barbora.lt/products/45dcd022-dde5-43e7-9d91-3cde9c890320_s.png
"Kalėdinė dekoracija, lipdukas ant lango, 14x20cm",0.99,https://cdn.barbora.lt/products/4c3ed0a0-68cf-4c87-8363-9d0696bfee52_s.png
"Plaukų šampūnas NATURA SIBERICA (WHITE CEDAR), 400 ml",7.99,https://cdn.barbora.lt/products/8a9b6ba9-cc37-4d0f-8f5a-bd0ce4d73e84_s.png
"Veido tonikas NIDA su alavijų ekstraktu, 150 ml",1.49,https://cdn.barbora.lt/products/3b005dac-1994-418c-afe1-757d6161beea_s.png
"Dažytų plaukų kondicionierius NIDA su gintaro ekstraktu, 150 ml",1.29,https://cdn.barbora.lt/products/970e5f9f-f35b-42f9-b813-4654cea10d7d_s.png
"Vyriškas riebių plaukų šampūnas VĖJAS su dilgėlių ekstraktu, 250 ml",1.29,https://cdn.barbora.lt/products/989b53d5-81b3-4e28-abd2-791f67a25460_s.png
"Keptuvė FISKARS FUNCTIONAL FORM, 28 cm, 1 vnt.",55.99,https://cdn.barbora.lt/products/a77541fe-9b1d-4ce2-94c0-be98425dc894_s.png
"Dantų pasta NIDA su bruknių ekstraktu, 100 ml",1.69,https://cdn.barbora.lt/products/be5e7e57-6227-4ca5-b596-e21d7091f8f1_s.png
"Drėk.micelinis vanduo GREEN FEEL'S , 400 ml",3.89,https://cdn.barbora.lt/products/2757ff37-4904-4c10-b9b0-0933816c2925_s.png
"Maitinamasis pėdų kremas GREEN FEEL'S, 75 ml",1.19,https://cdn.barbora.lt/products/60a78493-b290-40ed-98f4-09610ae75379_s.png
"Dieninis veido kremas L'OREAL, 50 ml",11.99,https://cdn.barbora.lt/products/fe49cf01-6673-48de-92db-d2286284a9d3_s.png
"NIVEA Q10 ENERGY lakštinė veido kaukė, prisotinta energizuojančio serumo, pavargusiai ir papilkėjusiai odai.",3.59,https://cdn.barbora.lt/products/3e39c37c-ff6f-4611-a655-6e433b757397_s.png
"NIVEA CELLULAR EXPERT LIFT veido kontūrus formuojanti lakštinė veido kaukė, prisotinta stangrinamojo serumo",3.99,https://cdn.barbora.lt/products/dfb93099-6ad4-4e2f-8dbb-4b0e37b4fd94_s.png
" Keptuvė UNIWELL INCSHEF, 20 cm",12.99,https://cdn.barbora.lt/products/56e14590-b5f3-4385-93f1-882758a53bba_s.png
"Vienkartiniai skustuvai GILLETTE BLUE 2 Plus, 10+4 vnt.",9.39,https://cdn.barbora.lt/products/580722d1-e5e5-4d85-8c6c-3220500bfd40_s.png
"Higieniniai paketai ALWAYS Platinum Secure Night, S4, 10 vnt.",3.19,https://cdn.barbora.lt/products/0d32cc61-1c06-43ea-8333-092af9bccea8_s.png
"Aukšč.rūšies alyv.aliejus FILIPPOBERIO su aitr.paprika,250ml, 250 ml",4.19,https://cdn.barbora.lt/products/ed8eb193-b6da-47fa-9325-6b98cd08daa9_s.png
ECODENTA balinamoji dantų pasta jautriems dantims su omyadent 100 ml,5.85,https://cdn.barbora.lt/products/c29ad9f6-5567-4e1a-a0d2-ed141217e33b_s.png
"Vytintos vištienos dešrelės DŪZGĖS, a. r., 200 g",4.19,https://cdn.barbora.lt/products/be0944de-c699-4f75-9cd6-945181e8884a_s.png
"Alaus taurės ILAJA ALBIE, 400 ml, 4 vnt., 4 vnt.",6.99,https://cdn.barbora.lt/products/43962b28-aafb-430c-bb29-25bd083bd43c_s.png
"Vonios druska BEAUTY JAR SUMMER DAYS, 600 g",2.69,https://cdn.barbora.lt/products/718a24a0-1222-4d73-88d6-6314d09cabbe_s.png
"ŠEIMININKĖS užtepėlė su aitriųjų paprikų padažu, 58 % rieb., 280 g",1.99,https://cdn.barbora.lt/products/5fb09602-564c-4993-8ea6-0ea32f324f44_s.png
"NIVEA MEN ""FRESH KICK"" purškiamas antiperspirantas vyrams",4.79,https://cdn.barbora.lt/products/9db1a587-6e2d-4f5f-81ba-7774dae6cb3b_s.png
"Burnos skalavimo skystis LISTERINE CLEAN&FRESH, 500 ml",7.99,https://cdn.barbora.lt/products/58b37dc9-cf67-4026-8b26-339d8e1cc925_s.png
"Vyr. vienkartiniai skustuvai WILKINSON XTREME3BLACK, 4 vnt., 4 vnt.",3.99,https://cdn.barbora.lt/products/25ee987a-9221-4b85-8726-774e88f63846_s.png
"Pokės padažas KIKKOMAN, 250 ml",5.49,https://cdn.barbora.lt/products/49061c2b-5ca9-428b-9c2c-4d95d209c46d_s.png
MARGARITA Itin stiprios fiksacijos plaukų lakas su dilgėlių ekstraktu ir kolagenu 250ml,5.65,https://cdn.barbora.lt/products/588eaf09-e0e0-40f8-8262-d85c561e4e6c_s.png
"Pieštukinis dezodorantas OLD SPICE Whitewater, 85ml",7.79,https://cdn.barbora.lt/products/44f60c54-1b7c-41e0-9359-e77c33d0d3ac_s.png
"Pjaust. vytintų mėsos gaminių asorti IBERICO ESPANA, nerūš., 150 g",7.99,https://cdn.barbora.lt/products/420ce7ef-387d-4826-b9ea-98402929fe63_s.png
"Šunų skanėstas PEDIGREE CHEWY MINI, 68 g",1.79,https://cdn.barbora.lt/products/36a406ac-419b-40d9-96b6-9a2b1b4b2f9e_s.png
"Dubenėlis ILAJA SIMPLE, 15 cm",1.99,https://cdn.barbora.lt/products/36b6e048-2f69-43c5-8d54-e4e2d44d692a_s.png
"Dubenėlis ILAJA SIMPLE, 18 cm",2.49,https://cdn.barbora.lt/products/36d91b7a-2c70-420f-8952-ad626d3e6852_s.png
"Atogrąžų vaisių kokteilis sirupe MIKADO, 425 ml",2.69,https://cdn.barbora.lt/products/6e9cf51c-92c2-4e6a-83c7-c501091d4387_s.png
"Dvigubas gyvūnų dubuo LOVETT, 1 vnt.",2.99,https://cdn.barbora.lt/products/0da0778d-5fbd-4ca2-8f50-536e2335b4a6_s.png
KILIG RETINOL gelinė veido kaukė su retinoliu 3x7 ml,3.99,https://cdn.barbora.lt/products/254a4c79-66f0-4703-b2fe-721df6eea9b4_s.png
"Plaukų šampūnas HEAD&SHOULDERS Anti-Hairfall, 400ml",8.49,https://cdn.barbora.lt/products/f474f363-e667-4e0a-bd7f-d6010e64e15c_s.png
ARAS 3IN1 ŠAMPŪNAS-KONDICIONIERIUS IR DUŠO ŽELĖ 250 ML,3.49,https://cdn.barbora.lt/products/3739ae25-3644-41d8-9a27-b39576706d7e_s.png
"Aštrus pomidorų padažas WELL DONE, 480 g",1.99,https://cdn.barbora.lt/products/95320b28-98b6-4a05-b2bc-9b404f8724f4_s.png
AQUAFRESH dantų šeptėlis Little Teeth (3-5m),3.49,https://cdn.barbora.lt/products/de4d6b2f-a428-4320-b05c-a4eb0dfe07f2_s.png
"Vidutinių papūgų skanėstas su obuoliais ir medumi FANTASIA, 90 g",2.49,https://cdn.barbora.lt/products/310752c4-c1ec-4740-a553-e6675280f447_s.png
"Šiukšlių maišai VORTEX DRAWSTR BLUE, 35 l, 15 vnt., 1 vnt.",1.69,https://cdn.barbora.lt/products/7a69ab1c-1522-4ee5-9141-ae84fe522e70_s.png
"Pieštukinis antiperspirantas GILLETTE Sport, 70ml",6.49,https://cdn.barbora.lt/products/7a2c56ef-6f04-4428-86e2-d20899f0012f_s.png
"SUSLAVIČIAUS padažas MAJONEZAS IR KEČUPAS, 44 % rieb., 380 g",2.99,https://cdn.barbora.lt/products/120ceafd-373b-4d99-b84c-899ae4d43bf4_s.png
"Pieštukinis antiperspirantas GILLETTE Sport, 70ml",6.49,https://cdn.barbora.lt/products/7a2c56ef-6f04-4428-86e2-d20899f0012f_s.png
"SUSLAVIČIAUS padažas MAJONEZAS IR KEČUPAS, 44 % rieb., 380 g",2.99,https://cdn.barbora.lt/products/120ceafd-373b-4d99-b84c-899ae4d43bf4_s.png
"Plaukų modeliavimo balzamas TAFT Curl 3, 150 ml",6.99,https://cdn.barbora.lt/products/00258e66-2cdc-4880-adc4-82fac4e140fe_s.png
Sušokantis medžio kraikas katėms ,6.99,https://cdn.barbora.lt/products/4e62af0c-45f9-4c68-8fd1-2ad4d49e5c7d_s.png
"Sausainiai OREO REMIX, tiramisų ir vanilės skonio, 157 g",1.95,https://cdn.barbora.lt/products/882b5ca4-1772-4970-9da3-1623d0f27366_s.png
"Akių pieštukas MAYBELLINE , Nr. 10, 1 vnt.",4.99,https://cdn.barbora.lt/products/a219e3b4-cb3e-4f00-ae74-0b617804e6b2_s.png
"Plaukų šampūnas AUSSIE SOS Repair&Revive, 300 ml",10.99,https://cdn.barbora.lt/products/ca4fdb6a-7a7d-4969-b9be-7386ec298303_s.png
"Sausainių formelės, ILAJA 6vnt.",4.39,https://cdn.barbora.lt/products/80fe1d7d-4549-4e75-8aa5-5bfbc3af0038_s.png
"Kiniškas penkių prieskonių padažas KANOKWAN, 60 g",1.99,https://cdn.barbora.lt/products/932a156c-e621-4cd2-b4d0-9a25655b6ad3_s.png
"Šunų šampūnas COMFY NATURAL REVITAL, 1 vnt.",6.49,https://cdn.barbora.lt/products/a4ede747-6d3b-4bf2-ab72-7716e20075b9_s.png
"Ypač grynas ekologiškas alyvuogių aliejus WELL DONE PREMIUM, 500 ml",9.99,https://cdn.barbora.lt/products/1e2656c3-b314-48d4-8643-67bf1bc00dc1_s.png
MARGARITA KAKĖ MAKĖ Braškių kvapo rankų muilas 250 ml,4.29,https://cdn.barbora.lt/products/7bbcde32-6402-4602-af4d-46339cb839aa_s.png
"SLIMY G.O.A.T. gleivės, 100 g",5.39,https://cdn.barbora.lt/products/5c87314e-cfd8-455b-ae26-702d77d69415_s.png
BARBIE Lipdukų veiklos rinkinys,6.99,https://cdn.barbora.lt/products/8fdc7045-e2fe-42e8-8729-1afe85d0b6fa_s.png
"Šunų žaislas HAPPY TAILS, 29*15*6cm",7.49,https://cdn.barbora.lt/products/9f15f949-5281-4246-bf33-74e7a4d1a4ac_s.png
"Silikonizuoti kepimo maišeliai, BEATOS VIRTUVĖ, 10 vnt.",4.99,https://cdn.barbora.lt/products/56e7db4d-98f9-477b-86cf-413192f5c29d_s.png
"PONN ekologiška košė GOOD DAY su obuoliais ir cinamonu 6+ mėn., 110 g",1.39,https://cdn.barbora.lt/products/d10cf80e-3932-43db-a33e-980c31428672_s.png
"Vytinta kiauliena MEAT CRAFT, a. r., 90 g",4.49,https://cdn.barbora.lt/products/fac37b34-a9e9-4c0f-aee0-c992d23a3898_s.png
"KĖDAINIŲ KONSERVŲ FABRIKO aštrus pomidorų padažas, 480 g",2.55,https://cdn.barbora.lt/products/0fe6bb57-aad6-48e3-a5df-d7600dd739d5_s.png
"Plaukų kondicionierius AUSSIE Deep Hydration, 200 ml",9.99,https://cdn.barbora.lt/products/61736afe-0e51-4dcc-8a25-aea843ddae85_s.png
"Virtuvinių rankšluosčių komplektas, 2 x 40 x 70 cm, 2 vnt., du dizainai",7.99,https://cdn.barbora.lt/products/2875849b-e127-4656-be81-593c1749fca8_s.png
"Vaikų kūno aliejus BUBCHEN, 200 ml",3.09,https://cdn.barbora.lt/products/86a8504c-0055-49f6-97cb-a7b0473eb444_s.png
"Plaukų dažai GARNIER COLOR NATURALS, Nr. 111, 1 vnt.",4.99,https://cdn.barbora.lt/products/871af32a-3b53-4201-8402-64c7fa88739e_s.png
"Sriubos lėkštė LUMINARC FESTON, 23 cm, 1 vnt.",1.79,https://cdn.barbora.lt/products/3687981b-7470-47c6-960d-8da9737add9d_s.png
"Plaukų šampūnas SCHAUMA 7 HERBS, 400 ml",4.59,https://cdn.barbora.lt/products/c825f05d-0dea-4cc1-a8da-e5e6bad6d584_s.png
"Kūdikių kūno aliejus JOHNSON'S BABY, 200 ml",4.29,https://cdn.barbora.lt/products/0a1e5d71-883f-48f5-917f-8d75899e065e_s.png
"Plaukų šampūnas SCHAUMA COLOR SHINE su granatais, 400 ml",4.59,https://cdn.barbora.lt/products/3a7b7879-b29d-4e32-8e07-37ce508ea2e9_s.png
"Stiklinis dangtis UNIWELL EDAY, 24 cm, 1 vnt.",5.99,https://cdn.barbora.lt/products/0bcefe2c-7237-4889-81b9-2175989edb2a_s.png
"Vaikiška prausimosi želė HIPP BABY SANFT, 400 ml",6.65,https://cdn.barbora.lt/products/81de1956-e0eb-49ec-ad81-41e45972c8aa_s.png
"Dantų siūlas SENSODYNE GENTLE, 30 m.",3.99,https://cdn.barbora.lt/products/1282bf80-b716-41ac-9e99-899f4f245ea3_s.png
"Burnos skalavimo skystis LISTERINE COOLMINT, 500 ml",7.99,https://cdn.barbora.lt/products/b066c9fb-ad5e-420d-8e0e-cd7040229b86_s.png
"Vyriškas plaukų šampūnas SCHAUMA ANTI-DANDRUFF su imbierais, 400 ml",4.59,https://cdn.barbora.lt/products/c0aec31c-3450-4395-9fb9-e0a2f3622d85_s.png
"Purumo suteikianti pudra GOT2B Powderfull, 10 g",10.69,https://cdn.barbora.lt/products/51b2e308-9118-43f9-a229-fcc644dab1e3_s.png
"Dušo gelis vaikams ""FA KIDS Surfing Mermaid"", 250ml ",3.89,https://cdn.barbora.lt/products/9628ddce-5513-444b-bc14-c5d14e56d574_s.png
Kalėdinis trafaretas 18 dizainų,1.59,https://cdn.barbora.lt/products/e04bfcc1-1052-4178-979d-357ce56c821d_s.png
"Higieniniai paketai ALWAYS Platinum Day&Night, S3, 12vnt.",3.19,https://cdn.barbora.lt/products/8dbddc3c-708f-4a35-a5bb-012f30cd746e_s.png
ECODENTA trejopo poveikio dantų pasta su baltuoju moliu ir propoliu 100 ml,5.29,https://cdn.barbora.lt/products/7ad116b5-4f75-428a-83e4-a56607c5e652_s.png
"Lupimo peilis UNIWELL, 8 cm, 1 vnt.",1.49,https://cdn.barbora.lt/products/58e04f42-1ab5-47b4-82c7-a12c48a22668_s.png
"Sausas šunų ėdalas CANIS MINOR su vištiena, 2.2 kg",6.79,https://cdn.barbora.lt/products/fff25404-2349-4ec8-a0bb-61f5d6af8468_s.png
"NIVEA WATERMELLON SHINE puoselėjamasis lūpų balzamas
",3.65,https://cdn.barbora.lt/products/96173af9-59c6-4a7a-9155-da5e8e5acb46_s.png
"Dantų šepetėlis COLGATE SLIM SOFT CHARCOAL, 1 vnt.",4.49,https://cdn.barbora.lt/products/8771fffa-d94d-4377-b93f-e86a0e41ec03_s.png
"Lėkštė LUMINARC DIWALI, 19 cm, 1 vnt.",2.49,https://cdn.barbora.lt/products/cdfa6c0e-495e-4e58-bf8e-89a0301e992f_s.png
"Kalėdiniai dekoracijų lipdukai 24,9cm",1.39,https://cdn.barbora.lt/products/90a31b17-b8fd-4dcd-b0cb-e4b162fd79cd_s.png
"Fiksuojamasis dantų protezų kremas BLEND A DENT Plus Unbeatable Bite, No Flavor, 40 g",7.99,https://cdn.barbora.lt/products/7328fa5e-3653-4b8f-b10c-73257bd1d863_s.png
"Rankų kremas GREEN FEEL'S, 75 ml",1.19,https://cdn.barbora.lt/products/f4fcd126-e51d-4156-adf2-0bba9b6abad9_s.png
"Kūno šveitiklis ORGANIC SHOP PAPAYA & SUGAR, 250 ml",4.39,https://cdn.barbora.lt/products/a48b978a-ada6-4efe-8ffe-087e00e1d744_s.png
Peilių galąstuvas FISKARS ESSENTIAL,16.99,https://cdn.barbora.lt/products/5c761ff7-0c62-4f6d-8ade-a80b7912fadd_s.png
"Purškiamas dezodorantas OLD SPICE Wolfthorn, 150ml",5.29,https://cdn.barbora.lt/products/175ddbb8-c26a-465a-97b4-10a99a901c5b_s.png
"Veido prausiklis NIDA su žolelių ekstraktu, 150 ml",1.65,https://cdn.barbora.lt/products/dd466902-7fbe-4fb5-ba23-714499817a62_s.png
"Drėkinamasis kūno kremas NIDA su alavijų ir agurkų ekstr., 150 ml",1.29,https://cdn.barbora.lt/products/3b045ee9-d568-4bc1-83e3-49dec66dd49a_s.png
"Universalus kūno kremas NIDA su kviečių gemalų aliejumi, 150 ml",1.29,https://cdn.barbora.lt/products/e373061b-220d-4bfc-a488-1abd78378905_s.png
"Rankų kremas NIDA su gintaro ekstraktu, 150 ml",1.29,https://cdn.barbora.lt/products/cc2962ce-3863-4b88-a08e-fff3602a5272_s.png
"Rutulinis dezodorantas WELEDA POMEGRANATE, 50 ml",9.99,https://cdn.barbora.lt/products/7b3fd074-6868-4100-b4a1-e8ae5eb15b32_s.png
"Šaukštas UNIWELL SALI, 1 vnt.",0.99,https://cdn.barbora.lt/products/806c58ef-8963-4711-a1a5-524adc7b10e6_s.png
NIVEA dvifazis vadeniui atsparaus akių makiažo valiklis 125ml,5.99,https://cdn.barbora.lt/products/e1cd4736-55eb-4185-a2bd-902854bb6862_s.png
"Skystasis muilas GENERA su alavijų ekstraktu, 1 l",2.44,https://cdn.barbora.lt/products/324e5f81-5b65-499d-aa3e-b069ece35ecd_s.png
"Vyriškas šampūnas VĖJAS nuo pleiskanų su šalavijų ekstraktu, 250 ml",1.29,https://cdn.barbora.lt/products/6aa53141-8aa4-4030-afc2-198109cf3cd4_s.png
"Indų ploviklis FAIRY Lemon, 1350ml",4.39,https://cdn.barbora.lt/products/703da781-9cff-47a1-bbe3-9dd0a7fa040a_s.png
"Plaukų šampūnas GREEN FEEL'S , 250 ml",1.79,https://cdn.barbora.lt/products/18137ae9-e359-47e4-b03f-4be74eac0da2_s.png
"Žaidimas PAGAUK ŽUVĮ, 1 vnt.",9.99,https://cdn.barbora.lt/products/bfc9d699-a56b-49a0-8740-46951ddf2c5d_s.png
"Vaik.dantų šep. JORDAN GREEN CLEAN(5-10m.), ypač minkštas, 1 vnt.",3.39,https://cdn.barbora.lt/products/94897f94-57b3-4e6d-872a-8fe9350b0aca_s.png
"Vyriškas purškiamasis dezodorantas REXONA WORKOUT, 150 ml",4.29,https://cdn.barbora.lt/products/a330447c-9c8b-47ab-b752-2e820b0e6012_s.png
"Dantų pasta GREEN FEEL'S, 100 ml",2.99,https://cdn.barbora.lt/products/3b8f3f90-8ff1-409f-838d-fdaa1552bdad_s.png
"Saldusis rūkytų aitriųjų paprikų padažas SANTA MARIA, 355 g",4.79,https://cdn.barbora.lt/products/6c1f1ad1-fc8b-4dd5-889f-dec7201ff15b_s.png
Filtravimo kasetė AQUAPHOR A5,7.99,https://cdn.barbora.lt/products/5a18c6d6-dd0c-407d-ba2f-fa524d85bd0e_s.png
"Lakštinė veido kaukė L'OREAL, 1 vnt.",4.39,https://cdn.barbora.lt/products/a4466823-ae94-4d91-a617-978b218b671e_s.png
"Vyriškas pl.šampūnas-kondicionierius-dušo želė GREEN FEEL'S, 250 ml",1.79,https://cdn.barbora.lt/products/34c2e4b0-8a2e-4afc-b358-59bb60b6439d_s.png
NIVEA BLACK&WHITE FRESH purškiamasis antiperspirantas vyrams ,3.79,https://cdn.barbora.lt/products/6622ef03-ab5c-416c-814d-c6b659cbcc1f_s.png
"Vienkartinės lėkštės ILAJA SUGARCANE,23cm 10vnt",1.99,https://cdn.barbora.lt/products/aaf57124-2fe2-4c5d-9bcc-e9cdf3ac1dde_s.png
"Dušo gelis NIVEA, 500 ml",6.89,https://cdn.barbora.lt/products/faea6618-e724-4db4-bcf9-b6891b337cc2_s.png
"Plaukų balzamas SYOSS Color, 440 ml",7.49,https://cdn.barbora.lt/products/bb0b894f-8f0e-4e18-ae92-f6cbaef87e62_s.png
MARGARITA Atstatomoji plaukų kaukė su mėlynių ir šalavijų ekstraktais 250ml,5.55,https://cdn.barbora.lt/products/f6ec1f6e-f9f1-46d9-b5d9-507d8f33930c_s.png
"Ekol. kukurūzų užkandis PONN su mork., pomid., nuo 7 mėn., 20 g",0.99,https://cdn.barbora.lt/products/e0ce132a-8526-40eb-baf6-090aee4a7607_s.png
"Sviestinis kario padažas PATAK‘S, 450 ml",4.09,https://cdn.barbora.lt/products/cd681b2f-3903-40c4-8488-eee10f933c45_s.png
"Sėklų traškiai su aitriosiomis paprikomis MON AMI, 135 g",2.09,https://cdn.barbora.lt/products/be08c082-52e9-4b2d-84df-3bf45e74c550_s.png
 Perforuota mentelė UNIWELL,2.99,https://cdn.barbora.lt/products/95a13d7f-a0a8-4276-85f0-24b9bbc562fe_s.png
"Indų ploviklis FAIRY SC Citrus, 650ml",2.65,https://cdn.barbora.lt/products/3b6218a9-69d4-4894-b0b9-14b3cf313e4a_s.png
"Vienkartiniai dubenėliai ILAJA WHITE,470ml20vnt.",4.99,https://cdn.barbora.lt/products/58afcb35-a083-4ef2-9414-c61f45069feb_s.png
"Pieštukinis dezodorantas OLD SPICE Astronaut, 50ml",5.29,https://cdn.barbora.lt/products/b7c7aa9c-e400-402f-981f-d4e45d7d4fea_s.png
"Moteriškas rutulinis dezodorantas GARNIER , 50 ml",4.99,https://cdn.barbora.lt/products/7b4e8cd9-8a3f-4725-a0c1-8699de6ef90e_s.png
"Moteriškas rutulinis dezodorantas GARNIER, 50 ml",4.99,https://cdn.barbora.lt/products/cb2ab1b9-4cc4-4f96-965e-c3e312fe317b_s.png
"Šunų skanėstas FINE DOG su antiena, 80 g",2.29,https://cdn.barbora.lt/products/fbfb8fb7-2856-49c9-9e84-9acd4a735bb7_s.png
"Moteriškas purškiamasis dezodorantas REXONA PINK BLUSH, 150 ml",4.29,https://cdn.barbora.lt/products/3b2a5773-a482-496d-8bda-3721934e238c_s.png
"Vyriškas skutimosi gelis GILLETTE SOOTHING, 240 ml",5.79,https://cdn.barbora.lt/products/568a7a11-f1d8-4104-bfcf-03830038bf07_s.png
"Šiukšlių maišai VORTEX FLEXY DRAWSTR, 35 l, 15 vnt.",3.29,https://cdn.barbora.lt/products/ef0dc2c1-58dc-4ee1-9624-fcf5d2b9e6c1_s.png
"Šunų žaislas LOVETT, 1 vnt.",3.99,https://cdn.barbora.lt/products/01056009-2b74-489f-8f41-56ef66bf7eee_s.png
"Lateksinis šunų žaislas LOVETT, 1 vnt.",4.99,https://cdn.barbora.lt/products/1c644b2c-25b8-48f2-a8e2-ac5ab9485710_s.png
NIVEA kasdienis valomasis gelis-šveitiklis riebiai ir mišriai odai,5.69,https://cdn.barbora.lt/products/235f73b1-74e4-4c93-8f41-7d46535e41e8_s.png
"Kukurūzų traškučiai HERR'S, Chalapos paprikų skonio, 113 g",3.29,https://cdn.barbora.lt/products/5ab6aaa7-b121-4563-bafc-df32d4b7bd64_s.png
"Kukurūzų traškučiai HERR'S, pelėsinio sūrio skonio, 113 g",3.29,https://cdn.barbora.lt/products/466d6800-9a04-411f-97e5-9dc3531bc13b_s.png
"Lazdynų riešutų ir kakavos kremas WELL DONE, 750 g",4.4,https://cdn.barbora.lt/products/d74069e3-30b9-4289-a686-7323458b01ec_s.png
Skaitmeninis termometras BEPER,4.99,https://cdn.barbora.lt/products/a7b1f7e6-67fe-4207-b6cb-4537a6ee20ee_s.png
"Plaukų kondicionierius PANTENE Hydra Glow Miracles, 160 ml",6.99,https://cdn.barbora.lt/products/265940ef-4793-4567-88b8-3b8c3a9ec854_s.png
"Dantų šepetėlis COLGATE BIG KIDS SMILES, 6-9 m., 1 vnt.",2.69,https://cdn.barbora.lt/products/0b83d91f-92ff-4acf-a632-103f924cebd5_s.png
Plaukų šampūnas HEAD&SHOULDERS MENTHOL;800ml,13.99,https://cdn.barbora.lt/products/324cfcb6-eee9-48c5-b455-06e199c33d31_s.png
"Ukrainietiški barščiai EXTRA LINE, 480 g",2.09,https://cdn.barbora.lt/products/f2365826-1b2c-4085-940e-225e21b209ac_s.png
"Prikaistuvis su dangčiu 16cm, TEFAL",24.99,https://cdn.barbora.lt/products/ea9814e8-c9c6-406e-9a20-e7ff3888f484_s.png
"Moteriškas purškiamasis antiperspirantas REXONA ADV.P.I.B&W, 150 ml",4.79,https://cdn.barbora.lt/products/75186977-cd18-4a7d-98ba-9e71e7a98376_s.png
"Pudra kūdikių odos priežiūrai BUBCHEN SOS, 80 g",4.49,https://cdn.barbora.lt/products/c45dfec1-351c-4cd8-8077-2e37f78ff53f_s.png
"Greitai paruošiami makaronai MAGGI, aštrios antienos skonio, 63 g",0.89,https://cdn.barbora.lt/products/69a7418f-30ad-4b98-8467-b62f9cd738ed_s.png
"Sojų pasta SEMPIO DOENJANG, 460 g",5.99,https://cdn.barbora.lt/products/e3af1ec8-1024-4c96-abe2-63b8977f463b_s.png
"Žirnių ir avižų traškučiai NASHCHI, keptos paprikos skonio, 60 g",1.49,https://cdn.barbora.lt/products/0d87ade0-2fac-43b1-8e48-abdf251747b4_s.png
"ELSEVEkondicionierius, 200ml",5.39,https://cdn.barbora.lt/products/b3030b81-9724-4a16-a2c4-b5f39958ebf1_s.png
"ELSEVE  šampūnas, 250ml",5.39,https://cdn.barbora.lt/products/d8a44260-e4cc-46d0-9beb-241ebd5b5e30_s.png
"ELSEVE  plaukų serumas, 150ml",8.69,https://cdn.barbora.lt/products/d0336e7c-15f0-4feb-b5a7-ba9cc1e1d89c_s.png
"Greitai paruošiami makaronai MAGGI ASIA CHILI, 63 g",0.89,https://cdn.barbora.lt/products/6f752190-dd87-40dc-af02-e40e10dfde2d_s.png
"Plaukų kaukė SYOSS Intense Keratin, 400ml",9.99,https://cdn.barbora.lt/products/673a925c-833a-4a8e-a50a-d69bdded9ad6_s.png
"Antakių formavimo gelis GOT2B Brows&Edges, 16ml",8.99,https://cdn.barbora.lt/products/57548807-ced7-4f10-9ce2-d0d3fde02b99_s.png
"Duonos traškučiai CHAZZ, šaltibarščių skonio, 100 g",1.99,https://cdn.barbora.lt/products/e7154468-77c3-43d1-b676-41e23d7951de_s.png
"HiPP Babysanft prausimosi putos, papildymas 250ml",5.59,https://cdn.barbora.lt/products/53817b74-9331-4810-a8e6-80e5a88270ad_s.png
"Žaliosios alyvuogės LA ABUELA WELL DONE, 340 g",2.79,https://cdn.barbora.lt/products/e1101ea6-bd27-481c-9307-8e592e82e791_s.png
"Prieskoniai CURRY KOTANYI, 30 g",0.97,https://cdn.barbora.lt/products/44a45bc0-810f-40f6-8baf-44e440a8e8b7_s.png
"TIRTIR Ceramic Cream veido kremas su keramidais, 50 ml",27.99,https://cdn.barbora.lt/products/0df82838-40a8-400a-9eb7-c88bbcad42a4_s.png
"Kačių skanėstai su vištiena LOVETT, 60g",1.69,https://cdn.barbora.lt/products/c7034417-1f20-47d8-9b09-fa6508bd7327_s.png
"Saldžiarūgštis sojų padažas BUGA'S, 385 g",2.99,https://cdn.barbora.lt/products/9464ac9a-ec87-4f75-9a89-bcba8c9f6d52_s.png
Dubenėlis AURORA Vintage Christmas 16 cm,11.99,https://cdn.barbora.lt/products/1458383d-e393-4565-9826-ab830ced2b48_s.png
Pliušinis kvepiantis žaislas-siurprizas Sweet pups,2.99,https://cdn.barbora.lt/products/f9592355-4751-40b4-9d5f-547c3319a594_s.png
"Žaislinis papuošalų vėrimo rinkinys, A08416-A",3.99,https://cdn.barbora.lt/products/45a1c920-d034-4b54-9320-59baec9562e6_s.png
Bambukinė pjaustymo lentelė UNIWELL 38*25*1.5cm,9.99,https://cdn.barbora.lt/products/2ede8813-36eb-40d1-adf5-3733e7680749_s.png
"Barbekiu skonio mini prancūziški batonai, 120 g",0.99,https://cdn.barbora.lt/products/649727cc-76a3-478b-ba2e-da152c737e77_s.png
"Majonezinis padažas WOWMAMA THOUSAND ISLAND, 25 % rieb., 440 g",2.79,https://cdn.barbora.lt/products/83346945-fbb0-40da-9ee3-f80c46e1efdb_s.png
"Ryžių trapučiai su pieninio šokolado glaistu USTUKIŲ MALŪNAS, 100 g",1.35,https://cdn.barbora.lt/products/1dcddc00-b396-439b-84ef-f8e690de0271_s.png
"Vyriškas vienkartinis skustuvas BIC1 METAL, 5 vnt., 5 vnt.",1.59,https://cdn.barbora.lt/products/c71c4599-474c-4f15-af18-504c5b7f4766_s.png
"Plaukų dažai GARNIER COLOR NATURALS, Nr. 5, 1 vnt.",4.99,https://cdn.barbora.lt/products/9d89a8a9-b946-46b3-8e6d-24c806a985cc_s.png
"Plaukų dažai GARNIER COLOR NATURALS, Nr. 7.1, 1 vnt.",4.99,https://cdn.barbora.lt/products/43bae36d-9ed0-421e-9e6c-c3de625c1e86_s.png
"Kiniškas sojų padažas CHAIN KWO, 623 ml",2.69,https://cdn.barbora.lt/products/17d30b2f-1c7b-4a2e-9dd8-8c93305e68cc_s.png
"Žalumynai KOTANYI sriuboms gardinti, 18 g",0.83,https://cdn.barbora.lt/products/77d50faa-4d5e-4be4-837f-f64f9035cc98_s.png
"Juodieji pipirai KOTANYI malūnėlyje, 36 g",2.86,https://cdn.barbora.lt/products/989d7c85-feb4-4afa-8d03-2359a37f40a5_s.png
"Vaikiškas šampūnas TINDI su kviečių gemalų ekstraktu, 210 ml",1.69,https://cdn.barbora.lt/products/c3d67203-19df-40c8-90ef-a3144d98b107_s.png
"Kvapnusis vanduo CLASSIC MAN OCEAN po skutimosi, 100 ml",2.85,https://cdn.barbora.lt/products/fd6e34a9-bf59-43ce-b546-dbc95ec80279_s.png
NIVEA® Color Brilliance šampūnas,4.79,https://cdn.barbora.lt/products/4e79c8ef-4f27-428f-b814-f8812859ae2d_s.png
"Plaukų dažai L'OREAL CASTING CREME GLOSS, Nr. 300, 1 vnt.",10.59,https://cdn.barbora.lt/products/9c88d834-9d46-42ff-88c3-eaff4d8107f6_s.png
"Česnakų spaudyklė TESCOMA PRESTO, 1 vnt.",8.99,https://cdn.barbora.lt/products/f365fab9-4992-4b08-8a6c-83add3a07fa3_s.png
"Prieskonių mišinys KOTANYI (VIDURŽEMIO SALOTOS), 13 g",0.76,https://cdn.barbora.lt/products/6ffaef51-9a14-4af4-82a6-4ef44ae9c904_s.png
SYOSS STRONG plaukų lakas 300ml,8.19,https://cdn.barbora.lt/products/f56b31e3-5ba5-4af6-8c07-9cab7061e77e_s.png
"Silikoninė kepimo forma JULIETTE, 24 cm, 1 vnt.",9.99,https://cdn.barbora.lt/products/f496e6ef-dff6-4598-8173-e71e6f07008e_s.png
"Atstatomasis plaukų balzamas-kaukė ELFA, 200 ml",3.33,https://cdn.barbora.lt/products/96a9bf3d-62f3-4f1e-987c-46dab9cd3785_s.png
"Prezervatyvai DUREX, 3 vnt.",2.29,https://cdn.barbora.lt/products/96c678f3-610a-4eab-9668-6a501167c73a_s.png
"Dantų šepetėlis JORDAN INDIVIDUAL REACH SOFT, 1 vnt.",3.79,https://cdn.barbora.lt/products/a35e6fd7-8f01-4c74-825e-1d8740584c5b_s.png
"Plaukų lakas TAFT Power&Fullness, 250 ml",5.99,https://cdn.barbora.lt/products/5c4b5e1c-b3f2-4d08-ba23-9b763f4d87e8_s.png
"Prezervatyvai DUREX CLASSIC, 3 vnt.",1.95,https://cdn.barbora.lt/products/0957faf6-794e-4032-8c8d-8876af5f0a5a_s.png
"Plaukų šampūnas PANTENE Intensive Repair Active Nutri-Plex, 250 ml",3.99,https://cdn.barbora.lt/products/4bffe492-53bc-4e7a-99ff-c6ffaa2f8dfd_s.png
"Vyriški vienkartiniai skustuvai WILKINSON SENS, 4 vnt.",4.79,https://cdn.barbora.lt/products/39a02008-aac8-4fc8-91ad-a759e631c62a_s.png
"Šunų ir kačių lašai nuo blusų ir erkių AS, 6 vnt. x 2 ml, 12 ml",9.99,https://cdn.barbora.lt/products/1d7d3d5c-7d0f-417c-8153-7d5316f9c046_s.png
"Skutimosi gelis GILLETTE MACH3  Extra Comfort, 200ml",4.55,https://cdn.barbora.lt/products/715b32be-1f98-41ad-aad5-2e334d8cad43_s.png
NIVEA Dry Comfort rutulinis antiperspirantas moterims,4.79,https://cdn.barbora.lt/products/87a7fe13-1924-42b5-8f15-aae09306a42d_s.png
"Ekologiška daržovių tyrelė PONN su vištiena, nuo 6 mėn., 110 g",1.39,https://cdn.barbora.lt/products/0d5cb090-5bd9-4e6e-be6c-6f34ca31d138_s.png
"Švelnus kūdikių kremas SEBAMED, 50 ml",5.19,https://cdn.barbora.lt/products/cd4bc3c6-0030-41c2-85e7-2d8df25e0a78_s.png
"Šampūnas slenkantiems plaukams SEBAMED HAIR CARE, 200 ml",14.29,https://cdn.barbora.lt/products/de4ee3b0-e6f5-4fa4-a06e-167e56d5ff5e_s.png
"Apelsinų džemas SKANOVĖ, 330 g",3.49,https://cdn.barbora.lt/products/ce33a7e2-fe0e-4f66-a9f0-2122021e1e8f_s.png
"Drėkinamasis veido kremas SEBAMED SENSITIVE SKIN, 50 ml",8.69,https://cdn.barbora.lt/products/b599c22f-2426-46dd-af23-9754d973a655_s.png
"Kukurūzų lazdelės su karamele AHA, 75 g",1.99,https://cdn.barbora.lt/products/005b89d3-b5fd-4f65-bdba-adc220964d23_s.png
"Vyriškas rutulinis dezodorantas L'OREAL MEN EXPERT THERMIC, 50 ml",5.49,https://cdn.barbora.lt/products/b7566afa-44e1-416f-9923-03f876151ac4_s.png
"Dušo gelis OLD SPICE Wolfthorn, 400ml",5.79,https://cdn.barbora.lt/products/f5aeceb1-3fdf-47ad-9094-c7d455bb34a9_s.png
"Vyriškas vienkartinis skustuvas BIC FLEX4, 3 vnt., 3 vnt.",3.49,https://cdn.barbora.lt/products/ff3c9fe8-9b13-4122-b6a5-06b3ce176ee2_s.png
"Dažomasis plaukų šaknų purškiklis SYOSS ROOT, tamsiai ruda, 120 ml",9.29,https://cdn.barbora.lt/products/0743fad8-f7ff-4d13-a00f-cd0d98ae4d60_s.png
"Sirača AJI, 200 ml",2.25,https://cdn.barbora.lt/products/0ae8882e-be87-43b2-91d2-0dcaf2c3e6dc_s.png
"Atstatomasis plaukų šampūnas NATURA SIBERICA (ARCTIC ROSE), 400 ml",7.99,https://cdn.barbora.lt/products/2240d168-3ccb-41ee-9046-f6cee519d482_s.png
"Plaukų kondicionierius GENERA su persikų ekstraktu, 500 ml",1.89,https://cdn.barbora.lt/products/0a15d812-0c0c-4e62-ba5e-557553060a8c_s.png
"Losjonas VĖJAS po skutimosi su gintaro ekst. ir pantenoliu, 150 ml",2.29,https://cdn.barbora.lt/products/cdb2ccc9-5860-4732-af2a-aa5af9df2937_s.png
KILIG NOURISHING veido kremas su dvigubu maitinimo efektu 50ml ,10.99,https://cdn.barbora.lt/products/19ad2093-57b2-4b45-936c-c25d6c2069c7_s.png
"Plaukų kondicionierius GREEN FEEL'S, 150 ml",1.79,https://cdn.barbora.lt/products/4589aae4-c3d9-4db8-8147-17e6228693dc_s.png
NIVEA®  NAKTINIS KREMAS 65+,11.19,https://cdn.barbora.lt/products/9a621138-fd98-4f86-a102-f1064ae6cf10_s.png
"Traškus užkandis PRINGLES, kečupo skonio, 165 g",2.99,https://cdn.barbora.lt/products/7b14995f-0446-48ec-8b0c-9299e36937cd_s.png
"Silpnų plaukų šampūnas SUPER SIBERICA, 400 ml, 400 ml",9.59,https://cdn.barbora.lt/products/8aa26670-512e-4a82-8d69-3370ff737b33_s.png
"Med.vienkartiniai peiliai ILAJA, 10 vnt.",0.99,https://cdn.barbora.lt/products/333dd3f6-3480-49d6-aaa5-f5d3cd7a5c6e_s.png
"Greitai paruošiami makaronai MAGGI, aštrios vištienos skonio, 59.2 g",0.39,https://cdn.barbora.lt/products/52d6b65d-392b-4f4a-8a18-2153e36eef9c_s.png
"Plaukų šampūnas SYOSS Blonde&Silver, 440 ml",7.49,https://cdn.barbora.lt/products/9c7383e4-8e85-4972-bf7d-7a2c3225698e_s.png
"Kosmetiniai vatos krapštukai CLEANIC ROSE, 200 vnt.",1.99,https://cdn.barbora.lt/products/d4494c5d-c5c6-4271-8fb6-73620dbc82ed_s.png
"Kreminis veido prausiklis MARGARITA SENSITIVE SKIN, 250 ml",6.49,https://cdn.barbora.lt/products/43067ece-3040-4daa-95ba-c8e6771483c4_s.png
"Birių produktų indas UNIWELL FAGO, 1,5 l",6.99,https://cdn.barbora.lt/products/9158bc0a-9040-457f-aa77-f4c866db3861_s.png
NIVEA MEN Dušo želė vyrams BOOST,6.89,https://cdn.barbora.lt/products/bcc3a598-048d-47bd-af98-36282f72f1b6_s.png
NIVEA purškiamas dezodorantas antiperspirantas moterims Fresh Rose Touch,4.79,https://cdn.barbora.lt/products/6647483f-aa0b-47dd-9a64-4469089c3964_s.png
NIVEA Fresh Rose Touch rutulinis dezodorantas antiperspirantas moterims ,4.79,https://cdn.barbora.lt/products/1c6b8fb9-50e7-4610-b555-611fcf4b00f8_s.png
MARGARITA Švelnus šampūnas su mėlynių ir šalavijų ekstraktais 400ml,4.25,https://cdn.barbora.lt/products/2a0d3953-4a80-4412-a226-16e26d2cc758_s.png
"NIVEA MEN ""FRESH KICK"" rutulinis antiperspirantas vyrams.",4.79,https://cdn.barbora.lt/products/63732ba4-03ac-4a49-b90f-978917832af6_s.png
"Dušo želė DERMOMED TALC & IRIS, 1 l",4.49,https://cdn.barbora.lt/products/80f29152-5ce1-4a0a-a8f6-17bd21919a23_s.png
"Kepimo forma SILVER ELEGANCE, 26 cm",11.49,https://cdn.barbora.lt/products/588300ea-6602-4bd5-95b2-ff943cd62244_s.png
 Žnyplės UNIWELL,3.99,https://cdn.barbora.lt/products/f77e038a-b2a9-41fd-b4a3-c1db3acb5c8a_s.png
 Mentelė UNIWELL,2.99,https://cdn.barbora.lt/products/e20b9ca4-4109-488c-96d5-403dcff46642_s.png
"Kūno losjonas NEUTROGENA DEEP MOISTURE sausai odai, 400 ml",10.99,https://cdn.barbora.lt/products/1dd264e1-1748-4344-8334-ef3ff3a65830_s.png
"Moteriškas rutulinis dezodorantas GARNIER, 50 ml",4.99,https://cdn.barbora.lt/products/d84a11fd-bae3-45ef-8caa-ec9a6a3a70bf_s.png
"Šunų skanėstas FINE DOG MINI su antiena, 80 g",2.29,https://cdn.barbora.lt/products/c1722b73-cfb1-4add-b72a-9855d1567935_s.png
"Kūno analizės svarstyklės EF853HR, 1 vnt.",29.99,https://cdn.barbora.lt/products/a52c9c4e-2642-4de1-bc2e-8cfc32534734_s.png
Vaikiška dantų pasta LACALUT BABY (nuo 0 iki 2 metų),2.79,https://cdn.barbora.lt/products/1038d1c2-3f9e-4a93-916d-d59626a44f07_s.png
"Vidutiniškai aštrus sparnelių padažas POPPAMIES, 340 g",6.49,https://cdn.barbora.lt/products/d58c528f-e4c7-4141-8bc9-8ed5b9da2f45_s.png
"Moteriškas rutulinis dezodorantas REXONA BIORHYTHM, 50 ml",4.29,https://cdn.barbora.lt/products/46b4866b-4c27-4ea1-a2ac-a2a301d08cab_s.png
NIVEA Fresh Sensation purškiamasis antiperspirantas vyrams 250 ml,5.99,https://cdn.barbora.lt/products/9bd44ad0-5146-46df-9afa-110ed8ca1974_s.png
"Burnos skalavimo skystis COLGATE MAX WHITE PURPLE REVEAL, 500 ml",7.39,https://cdn.barbora.lt/products/1a337712-7e7c-487f-aef5-820804430974_s.png
"Šaukštelis TRAMONTINA Polywood, 1 vnt.",1.99,https://cdn.barbora.lt/products/bbef75d2-9fb9-4202-b05c-dac85cc8aeea_s.png
Citrinų žievelių tarka UNIWELL,2.99,https://cdn.barbora.lt/products/404c59d0-e23a-4c9b-b4c6-51e5466d8956_s.png
"Lietinių keptuvė UNIWELL, 26 cm",15.99,https://cdn.barbora.lt/products/6ff7ec36-6e8b-4492-81f5-109d48cd5569_s.png
"Pieštukinis antiperspirantas GILLETTE Arctic Ice, 70ml",6.49,https://cdn.barbora.lt/products/7145cf2e-be51-4f92-90cf-90151f0bcef1_s.png
"Lakštinė veido kaukė MJCARE, 1 vnt.",1.69,https://cdn.barbora.lt/products/e7346a73-3e31-46ea-a9a0-6181e540193c_s.png
RASA INTENSE BODY CARE Maitinamasis rankų kremas 75 ml,4.69,https://cdn.barbora.lt/products/9c1e4de4-6a89-4844-b0ae-3c4efeab0aa2_s.png
"Kūno prausiklis FAITH IN NATURE DRAGON FRUIT, 400 ml",7.99,https://cdn.barbora.lt/products/b7516e17-541c-4ed5-815a-335f17554fab_s.png
"Burnos skalavimo skystis LISTERINE SMART RINSE, 500 ml, 500 ml",8.49,https://cdn.barbora.lt/products/94ec6e38-0802-43a9-869e-528143f8bdcf_s.png
Plaukų šampūnas HEAD&SHOULDERS APPLE;800ml,13.99,https://cdn.barbora.lt/products/46e5077a-ab24-418c-8ef5-9fc3b6c22481_s.png
"Purškiamas kondicionierius GLISS Liquid Silk, 200ml",6.99,https://cdn.barbora.lt/products/dbdf4a43-1256-4696-8822-e08cfcd70048_s.png
"Kondicionierius GLISS Liquid Silk, 200ml",4.79,https://cdn.barbora.lt/products/5aacef83-feb0-4d7f-b9f3-5e977fb1a472_s.png
"Plaukų šampūnas, kondicionierius ir intensyvi priežiūra PANTENE Intensive Repair 3in1, 325 ml",5.99,https://cdn.barbora.lt/products/e6fab84c-9de6-4fce-a364-a4fb8c8e8618_s.png
"Pėdų kremas NEUTROGENA FAST ABSORBING, 100 ml",5.99,https://cdn.barbora.lt/products/70694ee4-1fe5-4dfa-9a39-9ec6a49bb5c7_s.png
Espresso šaukšteliai UNIWELL Brasio 6vnt,3.99,https://cdn.barbora.lt/products/6f307041-5478-42a3-999f-860c866fef0f_s.png
Granuliuotas medžio kraikas naminiams gyvūnėliams,3.49,https://cdn.barbora.lt/products/7ff23cbc-e0e0-49dd-b202-ff573b2eb3f9_s.png
"Karštai rūkytos BAJORŲ dešrelės, I. r., 530 g",2.19,https://cdn.barbora.lt/products/f4ad85e3-2251-4b70-a115-1b4acdebaae5_s.png
"HISKIN Crazy Hair Protein kondicionierius garbanotiems ir šiurkštiems plaukams su šokolado aromatu,",6.99,https://cdn.barbora.lt/products/0433e8ca-04e1-4d1a-a0ce-1b821ce22ce7_s.png
"Žirnių ir avižų traškučiai NASHCHI, barbekiu skonio, 60 g",1.49,https://cdn.barbora.lt/products/032d967c-3cfa-404d-a3ec-c3bbdf19d160_s.png
"Prezervatyvai PLEASUREMAX, 10 vnt.",8.19,https://cdn.barbora.lt/products/aaa52ebf-ed66-4c1a-a72e-9b79adda93b8_s.png
"L'Oreal Paris ELSEVE  šampūnas, 400ml",7.39,https://cdn.barbora.lt/products/add7a2c2-7f4b-4ef2-8654-17cba2548b7e_s.png
ELSEVE  plaukų kremas 200 ml,7.99,https://cdn.barbora.lt/products/3a2addb0-bc3e-474a-8e19-c22c658d8534_s.png
"Granuliuoti česnakai KOTANYI, 48 g",2.72,https://cdn.barbora.lt/products/123e22b5-9ca5-4f16-b83a-1efa99de4b3a_s.png
"Kepimo maišeliai sumuštiniams, BEATOS VIRTUVĖ, 20 vnt.",5.99,https://cdn.barbora.lt/products/f0f65dd0-37f8-463d-b158-6fe7258ce87d_s.png
Šampūnas ir dušo želė vaikams Bubchen Cola Monster 230ml,3.09,https://cdn.barbora.lt/products/eff9e25c-7a8b-43a8-befa-a58c6ce40afc_s.png
"Modelino rinkinys HEY CLAY, 15 indelių",12.99,https://cdn.barbora.lt/products/67ab8eb6-712f-4364-8cd3-d88632e750e5_s.png
"Pledas, 140x200 cm, 2 dizainai",12.99,https://cdn.barbora.lt/products/5ba4e9b9-5b31-4edd-ad7f-d2fc48c5f6f8_s.png
Žaislinis apyrankių vėrimo rinkinys T08368-A-A,7.59,https://cdn.barbora.lt/products/a56b1e93-9855-40c3-aa8d-8813e8c59faf_s.png
"Fiksuojamasis dantų protezų kremas BLEND A DENT Complete Strong Hold, No Flavor, 47 g",7.99,https://cdn.barbora.lt/products/3f9533d1-b20f-42e1-b576-aefba0a9c229_s.png
"Plaukų šampūnas AUSSIE Oh My Gloss, 300 ml",9.89,https://cdn.barbora.lt/products/966cad40-341c-485b-8c84-282012ee38ca_s.png
"Club 4 Paws Premium visavertis sausas pašaras mažų veislių suaugusiems šunims su antiena, 900 gr",5.29,https://cdn.barbora.lt/products/c4df2485-d723-4225-a049-937c7c9e6908_s.png
"Vidaus girlianda, 100 LED, 1 vnt.",2.99,https://cdn.barbora.lt/products/1be42f72-28cb-4e12-80bb-df3f445eaa00_s.png
"Plaukų lakas TAFT Ultra Strong, 250 ml",5.99,https://cdn.barbora.lt/products/01c75529-86dd-4040-83c3-62ad181141fd_s.png
NIVEA® Ultra Strong plaukų lakas,7.19,https://cdn.barbora.lt/products/9a10f7f5-f538-450f-804c-45fbcaaa964d_s.png
NIVEA MEN ACTIVE ENERGY drėkinantis veido kremas,10.99,https://cdn.barbora.lt/products/e86e0885-f91a-42e8-bf5e-f0b9c86617a0_s.png
"Vandens filtro kasetė AQUAPHOR, 1 vnt.",4.99,https://cdn.barbora.lt/products/e1db5030-6023-4bd7-a295-9e1f5c09d1da_s.png
"Plaukų dažai GARNIER COLOR NATURALS, Nr. 4, 1 vnt.",4.99,https://cdn.barbora.lt/products/e42a6258-3aad-4962-8bcd-0947c21a4c5a_s.png
"Plaukų dažai GARNIER COLOR NATURALS, 1 vnt.",4.99,https://cdn.barbora.lt/products/51d6b165-216b-4f8a-b3c4-147aa24fe396_s.png
"Aviečių džemas SKANOVĖ, 540 g",4.19,https://cdn.barbora.lt/products/0d7b8fed-d46c-40fd-83a6-c41b89c2f96a_s.png
"Kačių šampūnas AS, 250 ml",2.99,https://cdn.barbora.lt/products/239bc571-2766-4fb3-bad9-22c3f1a77dee_s.png
"Prezervatyvai DUREX PERFORMA, 3 vnt.",1.35,https://cdn.barbora.lt/products/4dd45a3c-50de-429c-9e25-1c4d386ade6e_s.png
"Kvapnusis vanduo CLASSIC MAN DARK po skutimosi, 100 ml",2.85,https://cdn.barbora.lt/products/36f04f4b-c738-40a6-86f6-7a408936e2d9_s.png
"Džiovintų slyvų ir bruknių padažas SKANOVĖ paukštienai gardi, 400 g",2.95,https://cdn.barbora.lt/products/96ff3593-1868-4bb8-91d0-e5e71c8a171c_s.png
NIVEA Valomosios servetelės sausai ir jautriai odai AQUA EFFECT,6.79,https://cdn.barbora.lt/products/40b27d63-184b-4d95-b786-1b0bbed7ec09_s.png
"Marinuotos aitriosios paprikos SPILVA, 330 g",2.99,https://cdn.barbora.lt/products/9ea4ffd0-e2d4-4762-b478-7068778f2306_s.png
"Dušo gelis FA CACAO&COCONUT, 250 ml",3.89,https://cdn.barbora.lt/products/64dedcff-8856-473a-99e3-11b266bca27f_s.png
THAI purškiamas dezodorantas 100 g,6.99,https://cdn.barbora.lt/products/fa9f6ccd-29e3-48f1-a62c-d82ec81b2a7b_s.png
NIVEA BLACK&WHITE CLEAR purškiamasis antiperspirantas moterims ,2.85,https://cdn.barbora.lt/products/6eec851e-45f3-448d-9f82-ad074fb18b63_s.png
"Silikoninsė kepimo formelės JULIETTE, 6 vnt., 6 vnt.",6.99,https://cdn.barbora.lt/products/4bb6f1b9-6b50-4f79-bcc9-2c3d0890c8bb_s.png
"Vyr.skutimosi peiliukai LASER STAINLESS, 5 vnt.",0.29,https://cdn.barbora.lt/products/7ed5c11c-c5ef-45de-9538-e98ba4ef9caa_s.png
"Dantų pasta COLGATE MWO LUMINOUS, 75 ml",6.29,https://cdn.barbora.lt/products/bf44e867-7c81-4b12-a027-8b9357a19499_s.png
"Šefo peilis UNIWELL, 20cm, 1 vnt.",2.39,https://cdn.barbora.lt/products/eb49e382-69ee-4539-8024-7373892c853e_s.png
"Burnos skalavimo skystis LISTERINE COOLMINT MILD, 500 ml",7.99,https://cdn.barbora.lt/products/58723eae-f28b-4bf7-91a5-57367512d1ba_s.png
"Puodelis LUMINARC NUEVO, 320 ml, 1 vnt.",1.99,https://cdn.barbora.lt/products/2b798662-b5d0-42cb-967e-5383b4bfc637_s.png
"Prezervatyvai DUREX PERFORMANCE INTENSE, 10 vnt.",8.29,https://cdn.barbora.lt/products/26173255-62d1-441f-95eb-fcd32c7e9ec0_s.png
NIVEA Dušo želė vyrams ACTIVE CLEAN,4.19,https://cdn.barbora.lt/products/f2f7bf05-7bef-44d1-a676-4a3d3d47b616_s.png
"Kūno depiliavimo juostelės BYLY DEPIL MINT & GREEN TEA, 20 vnt",4.55,https://cdn.barbora.lt/products/9cae5dc1-15f9-421d-b131-912d9f96e935_s.png
"Mentelė FISKARS, 1 vnt.",12.99,https://cdn.barbora.lt/products/b37d1224-708d-41e1-8b67-ff1039589a8c_s.png
"Kūdikių gabalinis muilas SEBAMED, 100 g",4.69,https://cdn.barbora.lt/products/92995789-5c9c-471b-b859-82f6529c3f0a_s.png
"Plaukų šampūnas HEAD&SHOULDERS  Apple, 250 ml",6.29,https://cdn.barbora.lt/products/f37605ad-809e-40d2-88d5-07a4fd15d850_s.png
"Burnos skalavimo skystis COLGATE PLAX HERBAL FRESH, 500 ml",7.39,https://cdn.barbora.lt/products/b1ffcfc8-7802-4b55-8155-789a4f61240c_s.png
MARGARITA paakių kremas su alavijų ekstraktu ir biokolagenu 15 ml,4.25,https://cdn.barbora.lt/products/2643a07b-0947-4ccb-92fc-e86bfe9adc61_s.png
"Dantų šepetėlis JORDAN ULTIMATE YOU MEDIUM, 1 vnt.",2.39,https://cdn.barbora.lt/products/11bb4d24-dd4c-4ac8-89d9-26a9bdcf25dd_s.png
" Keptuvė UNIWELL, 24 cm",10.99,https://cdn.barbora.lt/products/e59ab879-dc91-4e1c-8bbd-cfe50a4527d6_s.png
"Indaplovių skalavimo skystis FINISH RINSE AID MAX LEMON, 400 ml",3.49,https://cdn.barbora.lt/products/12ce99d0-1774-4872-b9d1-66e47b79ed43_s.png
"Vibruojantis žiedas DUREX PLAY VIBRATIONS, 1 vnt.",4.05,https://cdn.barbora.lt/products/86d11465-de41-4fef-9615-e4b769e8a4b5_s.png
"Lūpų kontūro pieštukas MAYBELLINE, 1 vnt.",8.29,https://cdn.barbora.lt/products/63881d2f-b423-4787-97d8-099f02aa91c1_s.png
"Dažytų plaukų šampūnas NIDA su gintaro ekstraktu, 250 ml",1.29,https://cdn.barbora.lt/products/c7e3facc-0bba-4500-9629-1f0cff96eae0_s.png
"Dušo želė NIDA su bruknių lapų ekstraktu, 250 ml",1.35,https://cdn.barbora.lt/products/7515347a-48b3-4f10-b20e-e285037878d7_s.png
"Vaikiškas veido kremas WELEDA su medetkomis, 50 ml",8.99,https://cdn.barbora.lt/products/27623e30-ab46-443c-9479-1225e90b003f_s.png
"Rankų kremas WELEDA su šaltalankiais, 50 ml",9.19,https://cdn.barbora.lt/products/76f3cc4e-788a-46ec-952e-5c08130ae6c1_s.png
"Šakutė UNIWELL SALI, 1 vnt.",0.99,https://cdn.barbora.lt/products/2e0a8771-c929-42c0-85f8-4294592f6064_s.png
"Rankų kremas NIDA su gintaro ekstraktu, 75 ml",0.89,https://cdn.barbora.lt/products/aabcb082-7a55-4f47-8c44-4493b296acb9_s.png
"Moteriškas rutulinis apsauginis dezodorantas BIONSEN, 50 ml",3.49,https://cdn.barbora.lt/products/a2973c6f-8e92-4d88-9627-c4bc29c7b47e_s.png
"Vaikų šampūnas ir dušo želė BUBCHEN, 400 ml",5.65,https://cdn.barbora.lt/products/86cb5208-414c-41c5-b475-f313754f3141_s.png
"Drėkinamasis veido kremas NEUTROGENA CLEAR&DEFEND, 50 ml",7.39,https://cdn.barbora.lt/products/2152bafe-2718-4bf5-af47-7a1009409b71_s.png
"Veido odos serumas BIODERMA, 40 ml",22.19,https://cdn.barbora.lt/products/e3d4a8d2-b21f-4de8-a881-b0c7be65c043_s.png
"Veido kremas BIODERMA, 40 ml",19.99,https://cdn.barbora.lt/products/31793081-7fcb-487b-8040-2a848984c223_s.png
"Šunų užkandis YORK FRIEND (minkštos antienos juostelės), 50 g",1.99,https://cdn.barbora.lt/products/5973c76f-4aec-4d7f-8334-6aa00e1775b4_s.png
NIVEA®  DIENINIS KREMAS 65+,11.19,https://cdn.barbora.lt/products/535d33d3-b845-4325-8794-ea4d2f23181a_s.png
"Naktinis veido kremas GREEN FEEL'S, 50 ml",4.19,https://cdn.barbora.lt/products/7617d7c9-42f5-4314-ba34-9a30795ad137_s.png
NIVEA Dušo želė HAWAI FLOWER & OIL,6.89,https://cdn.barbora.lt/products/7f25af05-f3cd-4d4b-a2bb-19ea980bde7a_s.png
"Lūpų balzamas GREEN FEEL'S, 5 g",1.19,https://cdn.barbora.lt/products/82abf62b-f722-4161-a1b9-34c5dcc6399a_s.png
"Dubenėlis LUMINARC DIWALI juodas 14,5 cm",3.69,https://cdn.barbora.lt/products/d69a8221-df6b-49c4-847e-323189958bbd_s.png
"Gr.par.makaronai su grietinėlės ir rūkyt. kiaulienos pad., 50 g",0.84,https://cdn.barbora.lt/products/7f8f518c-34ba-4615-bd15-ee8e0858e4c1_s.png
"Keptuvė UNIWELL INCSHEF, 24 cm, 1 vnt.",16.99,https://cdn.barbora.lt/products/ccaf820f-e7c0-4aa9-bfcf-f724445a0277_s.png
"Kūno kremas GREEN FEEL'S, 200 ml",2.99,https://cdn.barbora.lt/products/fb7b13a7-bd3c-4a8d-94c8-2a6387c834d5_s.png
"Dantų pasta ECODENTA, 75 ml",3.19,https://cdn.barbora.lt/products/2e689048-7c15-477a-89ad-a90f2e0f48e8_s.png
"Lakštinė veido kaukė GARNIER , 1 vnt.",3.49,https://cdn.barbora.lt/products/f73d2935-c2e6-4c6b-9162-9602ba64e5c7_s.png
NIVEA BLACK&WHITE FRESH rutulinis antiperspirantas vyrams ,2.85,https://cdn.barbora.lt/products/47492af3-b3a7-4df0-be28-afa16fbf6c08_s.png
"Veido kaukė GARNIER SKIN, 1 vnt.",3.49,https://cdn.barbora.lt/products/5be1a649-db37-46fc-87fb-e6cc3354634f_s.png
"Greitai paruošiami makaronai MAGGI (jautienos skonio), 59.2 g",0.39,https://cdn.barbora.lt/products/137dac84-f8d8-425b-b4a3-beeca131519a_s.png
"Lūpų balzamas NEUTROGENA INTENSE REPAIR, 4,8 g",4.49,https://cdn.barbora.lt/products/c7fae126-a00b-489e-bdbe-01074567ebde_s.png
"Kavinukas UNIWELL EDAY, 850 ml, 1 vnt.",6.99,https://cdn.barbora.lt/products/ddd04cd5-6505-4173-a5d7-5f652c25f82a_s.png
"Plaukų balzamas SYOSS Repair, 440 ml",7.49,https://cdn.barbora.lt/products/34cb1188-517e-4b79-9627-4f496bc5954d_s.png
"Plaukų balzamas GLISS Split ends, 200 ml",4.79,https://cdn.barbora.lt/products/ed9c765e-0947-4797-b5da-671a04ddb2fe_s.png
"Veido kaukė FASCY NATURAL FORMULA NUTRITION, 23 g",1.99,https://cdn.barbora.lt/products/33b954c2-be91-4a09-a7b8-f05cd62165f0_s.png
"Kūd. plaukų,kūno prausiklis MARGARITA su agurkų ekstr.,0+, 250 ml",3.19,https://cdn.barbora.lt/products/33f200eb-87b4-4829-9f3a-4c7d2e230e21_s.png
MARGARITA Nenuplaunamas plaukų balzamas su mėlynių ir šalavijų ekstraktais 150ml,3.19,https://cdn.barbora.lt/products/a90e81d6-3edb-48ed-b7fd-b25a1841f626_s.png
"Birių produktų indas UNIWELL FAGO 1,15 l",6.99,https://cdn.barbora.lt/products/db116463-59d0-4564-85f8-0263b6e57ce3_s.png
"Plaukų dažai GARNIER COLOR NATURALS, Nr. 1.10, 1 vnt.",4.99,https://cdn.barbora.lt/products/abc392ff-589e-48da-99eb-8f0883573495_s.png
PrimaDog Įdarytas apdorotas odos suktinis su vištiena 13 cm 5vnt 180 g,6.99,https://cdn.barbora.lt/products/f8d6285a-a48c-4dd7-bb7a-47415b3eac02_s.png
"Dantų pasta LACALUT MULTI-EFFECT PLUS, 75 ml",3.19,https://cdn.barbora.lt/products/82b1daf0-fac9-4e98-bba1-ab94ee487236_s.png
" Prikaistuvis su dangčiu UNIWELL, 16 cm",21.99,https://cdn.barbora.lt/products/17be8b61-a699-4d26-ac86-c31df59ef4ae_s.png
"Sausas šunų ėdalas FRISKIES BALANCE su vištiena ir daržov., 10 kg",26.99,https://cdn.barbora.lt/products/826ff6a3-6a8b-4a2a-b352-005a9b4976da_s.png
KILIG VITAMIN BOMB plaukus stiprinanti kaukė su vitaminų kompleksu 200 ml,5.29,https://cdn.barbora.lt/products/c4648e98-ab51-419e-afde-938a0280f538_s.png
"Papildas katėms SANAL su vištiena ir spanguolėmis, 75 g",3.49,https://cdn.barbora.lt/products/66334464-bcf7-4b36-ac3f-4853af89a839_s.png
KILIG VITAMIN C drėkinantis kūno kremas su vitaminu C 200 ml,4.59,https://cdn.barbora.lt/products/746bf524-9f18-4ef9-8191-c43ea17f3d2f_s.png
"Lakštinė lūpų kaukė GARNIER , 1 vnt.",2.59,https://cdn.barbora.lt/products/80303bb7-01ce-43a0-9a35-9c48a5ed74e6_s.png
"Vyriška dušo želė GREEN FEEL'S ŽALGIRIS, 250 ml",2.55,https://cdn.barbora.lt/products/0413e503-ab86-4580-8aaf-6491f375b538_s.png
"Vyriškas plaukų šampūnas GREEN FEEL'S ŽALGIRIS, 250 ml",2.55,https://cdn.barbora.lt/products/abc606b2-d4da-4ec1-8722-bd079b7de8fb_s.png
"Vyriškas rutulinis antiperspirantas L'OREAL MEN, 50 ml",5.49,https://cdn.barbora.lt/products/c7155e86-a435-4a02-8d90-1ecdb21c10b4_s.png
"Pieštukinis dezodorantas OLD SPICE Tiger Claw, 50ml",5.29,https://cdn.barbora.lt/products/b8a900f3-2852-4ca4-a184-f55019df173b_s.png
"Vyriškas rutulinis dezodorantas GARNIER MEN SPORT, 50 ml",4.19,https://cdn.barbora.lt/products/68093fea-a399-4725-a704-52e559650fda_s.png
"Dantų pasta JORDAN FRESH MINT, 50 ml",3.49,https://cdn.barbora.lt/products/94abee9e-6c3b-422a-9f25-3001c6c52450_s.png
Keksiukų kepimo formelės 20vnt. UNIWELL,4.99,https://cdn.barbora.lt/products/2158267c-954c-4bb1-85c8-5152dcd44e61_s.png
"Vyriškos skutimosi putos GILLETTE SENSITIVE, 200 ml",3.69,https://cdn.barbora.lt/products/8ecf06d9-b117-4fe1-a37d-04878c185629_s.png
Kūdikių vonios žaislai YW248553,3.99,https://cdn.barbora.lt/products/718fc062-51b7-49bd-bb37-f8c955fce634_s.png
"Gyvūnų ekskrementų maišelių dozatorius su žibintuv. LOVETT, 1 vnt.",3.99,https://cdn.barbora.lt/products/e9cd5be8-bca2-461e-935f-79256a9beaa3_s.png
"Šiukšlių maišai VORTEX FLEXY DUO STRAWSTR, 70 l, 10 vnt., 1 vnt.",4.69,https://cdn.barbora.lt/products/67cd1a6e-5ddb-4614-90f3-f1c6a5904629_s.png
"Elektrinis galąstuvas HENSKE MDQ-3002, 1 vnt.",19.99,https://cdn.barbora.lt/products/4928db98-0382-4a45-bd09-04cd66fa3b4e_s.png
"Putojantis standiklis SYOSS Curl, 250ml",8.19,https://cdn.barbora.lt/products/6ca360bd-562b-4c7d-b0b2-d8a00fe66098_s.png
"Plaukų kondicionierius GARNIER FRUCTIS HAIR , 350 ml",7.99,https://cdn.barbora.lt/products/5c79abf6-815e-4c07-b77c-adcc555e7d82_s.png
"Moteriškas purškiamasis dezodorantas FA PARADISE MOMENTS, 150 ml",4.49,https://cdn.barbora.lt/products/48b5fbe4-88f3-437a-b7ae-209ebd16b000_s.png
NIVEA MEN FRESH SENSATION  rutulinis antiperspirantas vyrams.,4.79,https://cdn.barbora.lt/products/cce7a0a0-7735-4509-9b7c-927e5b1e5e5a_s.png
"Plaukų šampūnas L'OREAL ELSEVE , 200 ml",10.99,https://cdn.barbora.lt/products/3a568cf4-b7c0-4f12-9583-b614459ae073_s.png
"Greitai paruošiami makaronai MAGGI teriyaki padažo skonio, 130 g",1.29,https://cdn.barbora.lt/products/aaedc73c-3473-4c20-9b17-fa8581458fde_s.png
"Gyvūnų šepetys LOVETT, 12x17.5cm",5.99,https://cdn.barbora.lt/products/187b432d-bd8d-45e9-a2d4-7a677be1ba1b_s.png
"Šakutė TRAMONTINA Polywood, 1 vnt.",1.99,https://cdn.barbora.lt/products/4bdcf77e-d7c6-42f7-ab3b-f28bab081bd8_s.png
"Dantų pasta ORAL-B Pro Expert Advanced, Extra Whitening, 75 ml",6.29,https://cdn.barbora.lt/products/b60ed369-5d10-4065-8bcf-09908e227f8b_s.png
"Žaliosios alyvuogės ITLV su kumpio įdaru, 300 g",2.49,https://cdn.barbora.lt/products/88b32043-2eab-41a2-8cfa-3c27c73b4225_s.png
"Lakštinė veido kaukė MJCARE, 1 vnt.",1.69,https://cdn.barbora.lt/products/9572328e-54a9-4d83-8903-d1c43b480886_s.png
Elektrinis dantų šepetėlis ORAL-B Vitality Pro Kids 3+ metų Spiderman,45.99,https://cdn.barbora.lt/products/0895951c-571b-474c-84ac-533ad1d60750_s.png
"Plaukų šampūnas PANTENE Bond Repair, 250 ml",7.19,https://cdn.barbora.lt/products/f4e85af9-f7ed-4414-9e37-66ba0204c2c3_s.png
Elektrinio dantų šepetėlio galvutės ORAL-B Cross Action Black Pro 4vnt,25.99,https://cdn.barbora.lt/products/0dfabc29-9438-432b-9e47-9fe6a2d9e79a_s.png
"Dantų pasta BLEND A MED COMPLETE Protect 7 Original, 75ml",2.79,https://cdn.barbora.lt/products/ce1626fd-0ac5-47f4-ae14-aa979f43e2d7_s.png
"Plaukų želė TAFT Stand Up Look, 150 ml",5.49,https://cdn.barbora.lt/products/aee38f30-b401-4b04-aa4f-3a3c53f80f0c_s.png
"Traškus užkandis PRINGLES BBQ, 70 g",1.79,https://cdn.barbora.lt/products/e00005c1-1eea-4fff-a45f-be8f0fa7d62a_s.png
"Dušo gelis OLD SPICE Bearglove, 675ml",8.39,https://cdn.barbora.lt/products/35167091-49fa-4d1d-9d36-f0e0a6c5bca9_s.png
"Beauty of Joseon Relief Sun apsaug. kremas nuo saulės SPF50+, 50ml	",20.95,https://cdn.barbora.lt/products/b178b94e-f86c-4718-8c60-ac6996e99ac8_s.png
"Stiklinis birių produktų indas ILAJA, 1,25 l, 1 vnt.",3.39,https://cdn.barbora.lt/products/85efdacb-677a-4994-a500-f97853eb2956_s.png
"Žnyplės, UNIWELL",2.99,https://cdn.barbora.lt/products/99aca402-85c4-4496-8be5-f06dd9bcc725_s.png
"Šašlykų kečupas WELL DONE, 480 g, 480 g",1.99,https://cdn.barbora.lt/products/b62ff675-100d-40f9-b9d2-605429b1db78_s.png
ODA PRO Intensyviai drėkinantis niacinamido kremas su hialurono rūgštimi  ,30.95,https://cdn.barbora.lt/products/2e661dcf-602e-48a3-a045-43eca29bc7c3_s.png
Pasta katėms su antiena WANPY 90g,1.99,https://cdn.barbora.lt/products/c9fbeebf-02c5-4331-b0fc-d004040da113_s.png
Šunų skanėstai SANAL TRAINERS MINI BONES 300g,2.99,https://cdn.barbora.lt/products/ce598bce-10a6-493c-b846-689fa75bfa8c_s.png
Knyga STEBUKLINGAS SPALVINIMAS. Advento kalendorius. 1vnt.,19.19,https://cdn.barbora.lt/products/325e68c6-b927-488a-a1d8-bd7df52116c2_s.png
"HISKIN Crazy Hair Giliai valantis šampūnas su laimų ir kivių aromatu, 300 ml",6.99,https://cdn.barbora.lt/products/189e8f20-56a3-4fc6-b94f-6d11824dd087_s.png
KILIG HAIR BOOST šampūnas su ricinos aliejumi 400 ml,6.15,https://cdn.barbora.lt/products/70e7247e-e5aa-4368-90a2-5426f547eafd_s.png
ECODENTA dantų pasta su CBD ir probiotikais 100 ml,6.35,https://cdn.barbora.lt/products/e0007911-3b01-4ff5-91b1-e3daf250ee85_s.png
"Prezervatyvai DUREX SENSUAL, 10 vnt.",8.15,https://cdn.barbora.lt/products/862721a1-89ea-4846-9b30-e0a6ad354136_s.png
ELSEVE  šampūnas 400ml,7.39,https://cdn.barbora.lt/products/d1be7d16-d43f-446a-8bc6-c03b77263620_s.png
"Semtuvėlis su laikikliu, 4005608853",11.99,https://cdn.barbora.lt/products/0d5c0ad0-1b80-44bb-a4a2-6255df8b5183_s.png
ELSEVE  balzamas  200ml,5.39,https://cdn.barbora.lt/products/48c195c1-3d2d-496c-8672-714e8c3308b7_s.png
"ELSEVE  šampūnas, 250 ml",5.39,https://cdn.barbora.lt/products/b1f61995-8c9d-431c-97d0-9eafb1d8409a_s.png
ELSEVE  balzamas 200ml,5.39,https://cdn.barbora.lt/products/d8ab2fa7-5c72-444e-9f4d-0908d5a4a928_s.png
"ELSEVE  šampūnas, 200ml",10.09,https://cdn.barbora.lt/products/d51fb25b-e193-4ce5-b829-d4699f81f84d_s.png
"Tekstūrinis purškiklis plaukams TAFT Aloe Boost, 150ml",6.99,https://cdn.barbora.lt/products/c7c2c4b8-bd2f-40fe-bdf7-6556cd11c45a_s.png
"MARTINELIA plaukų purškalas lengvinantis iššukavimą Mermaids, 200 ml",4.99,https://cdn.barbora.lt/products/ec65f2ee-b3fa-47be-b135-ba48102d29e7_s.png
"Modelinas HEY CLAY, 6 vnt.",6.99,https://cdn.barbora.lt/products/4f777186-bd76-4489-aaed-0e497138c4a7_s.png
"VG Sensational dušo želė Sparkling Orange, 350 ml",8.49,https://cdn.barbora.lt/products/16e7c253-f5a3-4549-8ede-35b887800fe1_s.png
"VG Sensational skystas kreminis muilas Sensual Jasmine, 350 ml",8.49,https://cdn.barbora.lt/products/db4906f7-e9f8-475e-84fd-b5db645f24e1_s.png
NIVEA ANTI GREASE šampūnas plaukams vyrams 500 ml,7.99,https://cdn.barbora.lt/products/47150006-63b7-4114-a734-128c3ac1fd47_s.png
NIVEA dušo želė Restore 500 ml,6.89,https://cdn.barbora.lt/products/0bdc5a81-772d-4762-8846-4cf8fac83fa6_s.png
"Sausainių kepimo formelės, ILAJA 3vnt",3.99,https://cdn.barbora.lt/products/d08657e4-62df-4e4a-a5fc-822b56858c6a_s.png
"Silikoninė mentelė UNIWELL, 1 vnt.",4.99,https://cdn.barbora.lt/products/8aa898f6-0749-48b1-beb8-8a86ddce9fbc_s.png
"Kepimo indas GUARDINI, 36x24 cm",17.99,https://cdn.barbora.lt/products/edffd57b-4468-47e1-a37b-2d799a048bdb_s.png
"Majonezinis padažas VILNIUS ČESNAKINIS, 23 % rieb., 410 g",2.29,https://cdn.barbora.lt/products/ab420353-92ef-4080-8de4-147b3140907f_s.png
"Sluoksniuota bandelė su karameliniu įdaru, 70 g",0.79,https://cdn.barbora.lt/products/2f7f45b2-d3b3-4e8e-8bfa-c06ff162a3f9_s.png
"Plaukų vaškas TAFT Creative Look, 75 ml",6.99,https://cdn.barbora.lt/products/6ff9ee6e-cf3c-4a18-a43b-9724c84a8850_s.png
"Plaukų lakas WELLAFLEX FINISH & HOLD, 250 ml",5.39,https://cdn.barbora.lt/products/9cdff38c-432b-4350-b75e-2b8163d661a1_s.png
"Skutimosi želė NIVEA MEN, 200 ml",6.69,https://cdn.barbora.lt/products/d70ab654-b2d4-4998-b7c5-2027be617dd0_s.png
"Plaukų dažai GARNIER COLOR NATURALS, Nr. 8.1, 1 vnt.",4.99,https://cdn.barbora.lt/products/2fe95cc6-d7ea-4931-b7eb-da06b67f4de2_s.png
"Peilis TESCOMA PRESTO, 12 cm, 1 vnt.",3.99,https://cdn.barbora.lt/products/ea690d28-5621-46bb-b81d-0d5613a2b7cd_s.png
"Skustuvas GILLETTE FUSION, 1 vnt.",13.29,https://cdn.barbora.lt/products/9b309e3b-5c31-4ff8-98b1-1784d9e391f4_s.png
THAI dezodoruojantis mineralas-lazdelė 100 g,7.79,https://cdn.barbora.lt/products/f055e2c9-2fe2-4110-ad92-dac3d38c9d33_s.png
"Vienkartiniai skustuvai GILLETTE BLUE 3 Plus Comfort, 3 vnt.",4.69,https://cdn.barbora.lt/products/6d3c27a9-2634-4566-b809-d8ad91ae6816_s.png
"Prieskonių mišinys KOTANYI (ITALIŠKOS SALOTOS), 13 g",0.76,https://cdn.barbora.lt/products/0f3be210-a0a7-4cdb-8a09-49abd50387d6_s.png
"Plaukų lakas SYOSS Shine&Hold, 300 ml",8.19,https://cdn.barbora.lt/products/c7b230b5-76df-44ba-8e43-154536d02040_s.png
"Ekologiškas ypač tyras alyvuogių aliejus FILIPPO BERIO, 500 ml",6.29,https://cdn.barbora.lt/products/768c83ea-2954-4bfd-ba68-70786dec4068_s.png
"Šampūnas ir dušo želė BUBCHEN SPORTO DRAUGAS, 230 ml",2.79,https://cdn.barbora.lt/products/d90e8a4a-eb91-4c53-8cff-3a67b8f4e515_s.png
"Plaukų putos SYOSS Keratin, 250 ml",8.19,https://cdn.barbora.lt/products/c595a9bc-dac4-4653-ac7a-b093cec2006d_s.png
"Puodelis AURORA BASIC 370 ml, stiklinis",1.79,https://cdn.barbora.lt/products/1c58c96f-b11d-4d29-b740-ea800314f68c_s.png
"Vaik. prausimosi putos HIPP BABY SANFT, 250 ml",7.25,https://cdn.barbora.lt/products/45f870e3-6a0b-4cad-ac04-924e34512116_s.png
"Pažeistų plaukų šampūnas OPLEPIKHA SIBERICA, 400 ml",9.29,https://cdn.barbora.lt/products/4365a5d0-0b76-4ea0-b17e-e245570055a4_s.png
"BIC Pure Lady 3 Aloe moteriški vienkartiniai skustuvai, 4+2vnt.",2.79,https://cdn.barbora.lt/products/f0ca9343-e4ea-494a-8b64-2a8e07adbbf8_s.png
"Paakių kremas L'OREAL, 15 ml",11.59,https://cdn.barbora.lt/products/a9a00a86-4693-479a-9cff-55151da5ef9e_s.png
"4-ių grūdų ir 2-ių sėklų dribsniai SKANĖJA, 400 g",0.87,https://cdn.barbora.lt/products/6d2eeae1-3b5f-4cda-a25b-4d345396c84b_s.png
"Kūdikių prausiklis SEBAMED, 200 ml",8.29,https://cdn.barbora.lt/products/6406ebcc-76d4-4530-8b61-9a02391ef171_s.png
"Traškučiai PRINGLES, aštraus ir pikantiško skonio, 165 g",2.99,https://cdn.barbora.lt/products/755dc3a7-65a6-482c-9127-51efdc450acb_s.png
"Vyr. rutulinis dezodorantas L'OREAL MEN EXPERT, 50 ml",5.49,https://cdn.barbora.lt/products/807bd9fa-dea7-4bb8-bf0c-3e82e501c3d6_s.png
NIVEA MEN Balzamas po skutimosi jautriai odai SENSITIVE COOL ,11.99,https://cdn.barbora.lt/products/31dfe7e0-8b93-4d11-9264-0fba6225806c_s.png
"Naktinis veido kremas NIDA su kviečių gemalų aliejumi, 50 ml",2.09,https://cdn.barbora.lt/products/f9e648a1-1163-4364-b5da-fc179e1fd676_s.png
"Veido kremas MIXA, 50 ml",11.59,https://cdn.barbora.lt/products/8d9937c2-9020-4681-af9f-d2c6cd75d3b2_s.png
"Moteriškas rutulinis dezodorantas FA FIJI DREAM, 50 ml",4.49,https://cdn.barbora.lt/products/b1843d2c-8da9-4061-96c5-b61b4a9ef9ec_s.png
"Dantų pasta PARODONTAX COMPLETE PROTECTION WHITENING, 75 ml",5.75,https://cdn.barbora.lt/products/7c42ae87-ef90-45ce-a8b7-43f307ea6d5f_s.png
"Kūno kremas-gelis NEUTROGENA HYDRO BOOST, 400 ml",11.89,https://cdn.barbora.lt/products/9fcefd59-c9d2-406e-96b3-aeab01cc5275_s.png
"Balzamas VĖJAS po skutimosi su gintaro ekstr. ir pantenoliu, 150 ml",2.55,https://cdn.barbora.lt/products/961ab09b-1369-4d34-940d-cfb397dd906b_s.png
KILIG CLEAN & FRESH gaivinantis gelinis veido prausiklis 250 ml ,7.45,https://cdn.barbora.lt/products/f58eedcb-9019-46f0-9bc9-63d2ed2a2f03_s.png
"Kepimo forma GUARDINI, 24 x 32 cm",10.99,https://cdn.barbora.lt/products/44b88db9-fd85-4906-ae89-60c639d64238_s.png
"Dieninis veido odos kremas  GREEN FEEL'S, 50 ml",4.19,https://cdn.barbora.lt/products/7631d982-7ea1-45d4-b4c5-d764640ac890_s.png
„Hot Wheels“ teminiai automodeliukai,3.49,https://cdn.barbora.lt/products/2db9d769-4d5f-4f50-9fae-1fa3a93c0354_s.png
"Marliniai vystyklai KORLĖJA, 3 vnt., 3 vnt.",6.79,https://cdn.barbora.lt/products/d0786115-98c3-466e-bb41-abee1144f59d_s.png
"Skutimosi gelis NIVEA MEN SENSITIVE 3 dienų barzdai, 200 ml",6.69,https://cdn.barbora.lt/products/89549c80-32e7-4a4c-bd9c-37f16a067928_s.png
"Stiklinis arbatinukas UNIWELL, 1000 ml, 1 vnt.",11.99,https://cdn.barbora.lt/products/5cc17733-c002-4e76-ba73-cd243f111cd0_s.png
ECODENTA organic dantų pasta jautiriems dantims ir dantenoms su druska 75 ml,6.59,https://cdn.barbora.lt/products/ec5eb9cb-73f4-46f4-825f-12ebcff852e3_s.png
"Kortos UNO EXPRESS, 1 vnt.",5.99,https://cdn.barbora.lt/products/778a0906-f9f2-4662-a2ad-92508e0cc962_s.png
"Greitai paruošiami makaronai MAGGI, sūrio skonio, 59.2 g",0.39,https://cdn.barbora.lt/products/1476ac40-d059-4a32-8507-86af3268ed34_s.png
"Vyriškas plaukų šampūnas SYOSS MEN Clean&Cool, 440 ml",7.49,https://cdn.barbora.lt/products/966e5767-867d-425e-99b3-73cad5030634_s.png
"Veido kaukė FASCY NATURAL FORMULA ELASTICITY, 23 g",1.99,https://cdn.barbora.lt/products/2ee80a5c-4e0d-416d-b040-0f1da7c5d65b_s.png
"Drėkinamasis rankų kremas MARION, 50 ml",2.69,https://cdn.barbora.lt/products/ba168e61-a5d2-4374-8449-6061c2b90cdb_s.png
"Keptuvė TEFAL SIMPLY CLEAN, 30 cm, 1 vnt.",32.99,https://cdn.barbora.lt/products/59736e2f-d722-4bf2-8855-7377cb2ff739_s.png
"Skystasis muilas DERMOMED Migdolas, 1 l",3.79,https://cdn.barbora.lt/products/da0b4334-88bc-4e06-90b6-c1ff55488a07_s.png
"Plaukų purškiklis TAFT Heat Protection, 250 ml",7.49,https://cdn.barbora.lt/products/074af9d6-77f5-480b-bc64-45f09b9bc44e_s.png
"Vyriškas sisteminis skustuvas GILLETTE MACH3, 5 galvutės, 1 vnt.",16.49,https://cdn.barbora.lt/products/da8099ec-b744-4e52-9a5b-23e93b82dd69_s.png
MARGARITA Šampūnas su šaltalankių aliejumi kasdienei priežiūrai 400ml,4.25,https://cdn.barbora.lt/products/f1ff7cff-effb-494c-9794-2f6318e373c3_s.png
"Vytintos KLEBONIŠKOS mini dešrelės su pipirais, a.r., 150 g",2.49,https://cdn.barbora.lt/products/803f6afc-d605-4cb0-91d8-16784535f84a_s.png
"Ajolio majonezinis padažas POPPAMIES (dūmo skonio), 290 ml",3.99,https://cdn.barbora.lt/products/a5b3caed-401f-4019-a080-b41fdda03300_s.png
Lėkštė AURORA PEARL CLASSIC DARK 24 cm,6.99,https://cdn.barbora.lt/products/0775b2df-fbd8-46cf-9486-a384507242b2_s.png
"Purškiamoji priemonė šunų kvapo ir dėmių naikinimui, 750 ml",7.99,https://cdn.barbora.lt/products/7688fba7-8aec-44e0-8b61-9377767b3dd9_s.png
KILIG MOISTURIZING intensyviai plaukus drėkinanti kaukė su betainu 200 ml,5.29,https://cdn.barbora.lt/products/e3e311a5-0186-4fad-b741-1ed1004ba64c_s.png
 Peilių galąstuvas UNIWELL,4.99,https://cdn.barbora.lt/products/3a5f7651-c457-426f-8066-2d146871db9b_s.png
MARGARITA Stiprios fiksacijos plaukų lakas su alaus mielių ekstraktu ir keratinu 250ml,5.65,https://cdn.barbora.lt/products/f885c69b-6b2f-4683-8b8e-6d45c662aecb_s.png
"Vyriškos skutimosi putos NIVEA SENSITIVE PRO ULTRA CALMING, 200 ml",6.35,https://cdn.barbora.lt/products/8152183f-78c9-4250-b81c-06903d32073b_s.png
"Vaniliniai valgomieji ledai SUPER VIVA su kakaviniu įdaru, 96 g",1.53,https://cdn.barbora.lt/products/482296e1-713a-4ad8-a633-43203b688047_s.png
"Plaukų kondicionierius SCHAUMA COLOR SHINE, 250 ml",3.69,https://cdn.barbora.lt/products/352f0c2c-9613-4054-a19c-58d6bab02c2d_s.png
"Dušo gelis OLD SPICE Tiger Claw, 400ml",5.79,https://cdn.barbora.lt/products/5f8514db-b5cf-400b-9c8c-5a26ebe738f5_s.png
"Vyriškas rutulinis dezodorantas GARNIER MEN EXTREME, 50 ml",4.99,https://cdn.barbora.lt/products/d0c3e3c0-0a83-4f74-80e3-68b6aebb0d6e_s.png
"Vyriškas purškiamasis dezodorantas GARNIER MEN, 150 ml",5.49,https://cdn.barbora.lt/products/94cd1990-03c6-4515-8143-ae5398130aaa_s.png
"Vyriškas rutulinis dezodorantas GARNIER MEN ACTION, 50 ml",4.99,https://cdn.barbora.lt/products/78ebcf47-392f-46e3-810c-44393b611265_s.png
"Dantų pasta JORDAN MANGO MINT, 50 ml",3.49,https://cdn.barbora.lt/products/61a449af-4f84-4eb0-8c1f-f656b25f6dbf_s.png
"Kepsnių padažas su medumi ir sojomis SANTA MARIA, 350 g",4.79,https://cdn.barbora.lt/products/883e05a9-4620-4bfd-b47b-2c1959d06c85_s.png
Šaldymo maišeliai 12vnt UNIWELL,2.49,https://cdn.barbora.lt/products/935d52f5-4b6d-4dcf-bab4-b9f8032981c2_s.png
"Dantų šepetėliai ORAL-B ROUNDER BLACK, 3 vnt., 3 vnt.",4.49,https://cdn.barbora.lt/products/88372205-03c7-41e9-90a4-583b849b0353_s.png
"Vonios putos BEAUTY JAR HOT TUB CLUB, 400 ml",4.29,https://cdn.barbora.lt/products/345a9c19-f70d-491c-a171-496d74de6d4a_s.png
"Moteriški kvepalai BI-ES MISS VIVIANE, 15 ml",4.59,https://cdn.barbora.lt/products/1f2c17e3-74c3-408e-b327-c3a9a18982bb_s.png
"Plaukų kondicionierius OLAPLEX NR.5,250ml",29.99,https://cdn.barbora.lt/products/69d68e3c-34cd-40b1-a6a6-a3355802f931_s.png
"Burnos skalavimo skystis LISTERINE TOTAL CARE, 1 l",12.49,https://cdn.barbora.lt/products/80c41e8e-6a9d-4dee-a94c-25d0bb0e759f_s.png
"Rankų ir kūno kremas GREEN FEEL'S, 200 ml",3.59,https://cdn.barbora.lt/products/88924548-bf2c-4425-b4bd-77a8623c2bb6_s.png
"Moteriškas parfumuotas vanduo LA RIVE HER CHOICE, 100 ml",7.79,https://cdn.barbora.lt/products/7f630260-bc79-471d-917d-d1c420c6de61_s.png
"Stiklinis dangtis UNIWELL, 16x18x20 cm",7.99,https://cdn.barbora.lt/products/3086e29a-39c4-423f-8d12-d42811910750_s.png
"Kačių draskyklė LOVETT, 46 cm",14.99,https://cdn.barbora.lt/products/e6a87423-bef7-459d-8aed-41fec0bfd044_s.png
NIVEA MEN Black & White Invisible pieštukinis antiperspirantas Original vyrams,3.19,https://cdn.barbora.lt/products/ee880be4-a540-4e73-b568-7d1995f69e8b_s.png
"Blakstienų tušas MAYBELLINE LASH SENSATIONAL SKY HIGH, rudas, 7 ml",13.99,https://cdn.barbora.lt/products/9f8c6c61-d78a-412c-a89a-6122bece5730_s.png
"Veido kaukė GARNIER , 27 g",3.29,https://cdn.barbora.lt/products/f29a67c7-64a5-475d-9f8e-d7af0b09336c_s.png
"Purškiamas dezodorantas OLD SPICE Oasis, 150ml",5.29,https://cdn.barbora.lt/products/3bd713e0-7d78-4227-9f2c-a108f4eb9a1a_s.png
NIVEA Lip lūpų balzamas,5.09,https://cdn.barbora.lt/products/35ae0411-e85a-41d3-b411-7bd84a7b4623_s.png
"Moteriškas rutulinis dezodorantas ADIDAS COOL & CARE CONTROL, 50 ml",4.89,https://cdn.barbora.lt/products/b3628ccd-35a1-469b-b971-4cd30f4c46ae_s.png
Vyriškas dušo gelis OLD SPICE CAPTAIN;1l,12.29,https://cdn.barbora.lt/products/5b5cd699-3d40-49f7-85fd-a08e038d1b7a_s.png
Puodelis AURORA Meadow dark 470ml,2.99,https://cdn.barbora.lt/products/bc34392a-fe90-471b-824e-18745b846e97_s.png
"Dantų pasta PARODONTAX ACTIVE GUM REPAIR, 75 ml",5.99,https://cdn.barbora.lt/products/ef28c4d3-a5fa-4652-a6d7-4b70a965a533_s.png
"Rankų kremas NUNU, 75 ml",2.19,https://cdn.barbora.lt/products/7e78a372-2038-47bd-872a-133360d3e7c7_s.png
"Dantų pasta BLEND A MED 3D WHITE Arctic Fresh, 75ml",2.79,https://cdn.barbora.lt/products/c1f127ca-15f2-4cb1-8c11-4d16ac0ec400_s.png
" Vinilinė žaislinė mašinėlė, JZD-033",3.99,https://cdn.barbora.lt/products/b9289e4a-23e5-45d8-a342-84c24e8c1d39_s.png
"Kukurūzų traškučiai HERR'S CAROLINA REAPER, 113 g",3.29,https://cdn.barbora.lt/products/84127b25-3c17-47cd-91bf-849e67bdcb60_s.png
Vyno taurės AURORA NOLA 320 ml 6 vnt.,14.99,https://cdn.barbora.lt/products/a0ab874e-212b-4594-8cc7-84f13a9efe6a_s.png
"Vyriški vienkartiniai skustuvai DIVUS2, 5 vnt.",0.95,https://cdn.barbora.lt/products/e3c0675b-bf6e-4380-b9ff-d7cc3ec1493c_s.png
"Minkštas žaislas CANPOL BABIES SENSORY TOYS su garsu, 0+, 1 vnt.",7.99,https://cdn.barbora.lt/products/927cc08b-f989-400b-a47c-e29c938aad86_s.png
"COSRX Advanced Snail 92 All in One Cream veido kremas, 100 g.",23.99,https://cdn.barbora.lt/products/5544d507-792f-450c-94a3-7d9c8f317eb0_s.png
"Plaukų šampūnas PANTENE Hydra Glow Miracles, 250 ml",7.19,https://cdn.barbora.lt/products/d1fc5354-7283-41da-9fea-5d5fc53fedf7_s.png
"Kūno prausiklis FAITH IN NATURE GRAPEFRUIT & ORANGE, 400 ml",7.99,https://cdn.barbora.lt/products/cbfa1902-7e25-4f16-aa19-44cd0d9e2328_s.png
"Valgomieji ledai SUPER VIVA su šokoladiniais sausainiais, 59 g",1.6,https://cdn.barbora.lt/products/567aac68-b5b0-46c7-8a77-57ea563b3bf5_s.png
"Lakštinė veido kaukė NIVEA SKIN MOISTURE, 1 vnt.",3.69,https://cdn.barbora.lt/products/76721cf5-f78a-4200-a9f9-be957a1cfddc_s.png
"Breceliai FLIPZ, sausainių ir kremo skonio, 90 g",2.49,https://cdn.barbora.lt/products/0e767fdf-db56-4eae-bb39-ac1f8e4ca91f_s.png
"Breceliai FLIPZ, pieninio šokolado skonio, 90 g",2.49,https://cdn.barbora.lt/products/1222893b-895d-4bd5-9970-a883f14e3eed_s.png
"Dėlionė CLEMENTONI, keturi viename ",5.99,https://cdn.barbora.lt/products/8c612203-a5f1-4224-b379-2c1ed6ef019e_s.png
"Plaukų kondicionierius AUSSIE SOS Repair&Revive, 200 ml",10.99,https://cdn.barbora.lt/products/96bbbfd5-c861-4f8c-b586-ad28663c5f39_s.png
"Plaukų kondicionierius AUSSIE SOS Strength&Length, 200 ml",10.99,https://cdn.barbora.lt/products/2dbc21dd-f1db-49f7-9101-5aaa8bcfae5d_s.png
"Plaukų šampūnas AUSSIE SOS Strength&Length, 300 ml",10.99,https://cdn.barbora.lt/products/5b121bb7-891f-4ddf-af80-7c151121d9e3_s.png
"Plaukų šampūnas PANTENE Intensive Repair Active Nutri-Plex, 90 ml",2.29,https://cdn.barbora.lt/products/4fc5a984-5c12-4a8c-9d36-8db2981ddd41_s.png
"Liežuvio valiklis JORDAN CLINIC, 1 vnt.",5.59,https://cdn.barbora.lt/products/b4cf60c2-d5fa-48ea-bd86-1b02720434a3_s.png
"Pėdų kremas NEUTROGENA INTENCE REPAIR, 50 ml",5.99,https://cdn.barbora.lt/products/40968392-1379-49ee-a913-7517bc1209f2_s.png
"Peilis ir pjaustymo lentelė, ILAJA",5.99,https://cdn.barbora.lt/products/5a0af523-a51b-4ae6-bee9-c19d9a360b39_s.png
Šakutės UNIWELL Brasio 3 vnt.,3.99,https://cdn.barbora.lt/products/1ba0b2f5-3b30-4a15-89f1-bb7578700e62_s.png
"Konservuotas Viduržemio jūros regiono alyvuogių mišinys WELL DONE PREMIUM, (su kauliukais), 1.6 kg",11.99,https://cdn.barbora.lt/products/4ccafdd1-a31c-40c7-959f-b5cfa5f3d148_s.png
"ECODENTA KAKĖ MAKĖ Minkštas dantų šepetėlis vaikams, 3-7 m.",3.99,https://cdn.barbora.lt/products/6c3dceea-08f0-42ef-ac06-e744662af4b8_s.png
"Dantų pasta PARODONTAX GUM STRENGHTEN & PROTECT, 75 ml",5.99,https://cdn.barbora.lt/products/356f057c-b77a-4847-9797-cb9306b58591_s.png
AQUAFRESH dantų pasta Big Teeth ( 6-8m)  50ml,2.39,https://cdn.barbora.lt/products/14411206-bf7c-447e-b644-8ec2d58fe137_s.png
"HISKIN Crazy Hair Atkuriamoji plaukų kaukė su mėlynių aromatu, 300 ml",7.99,https://cdn.barbora.lt/products/02040dbd-db47-4a81-ba41-69e064aa8522_s.png
"Keptuvė TEFAL So'light, 28cm",37.99,https://cdn.barbora.lt/products/21242f0c-4730-4b80-b951-25146750639e_s.png
"Keptuvė TEFAL So'light, 24cm",33.99,https://cdn.barbora.lt/products/1d135829-56a5-4729-94c4-a32a9430bcb7_s.png
ELSEVE  balzamas 200ml,5.39,https://cdn.barbora.lt/products/6a1dc3e2-3df4-40d4-b12e-ade38995a765_s.png
"ELSEVE  kondicionierius, 150ml",10.99,https://cdn.barbora.lt/products/ac279567-f5f0-4163-a777-8e0889ecc25d_s.png
ELSEVE  balzamas  200ml,5.39,https://cdn.barbora.lt/products/c91f64f5-218f-48b3-a4a3-f06889851dd0_s.png
ELSEVE  šampūnas 400 ml,7.39,https://cdn.barbora.lt/products/56cedb08-557a-49c5-9b4c-01b483f4faa9_s.png
"Šampūnas SYOSS Intense Anti-Dandruff, 750ml",11.69,https://cdn.barbora.lt/products/ddd5ee83-8c21-4ac3-b73e-43183f695b37_s.png
"Aitriųjų paprikų ir žaliosios citrinos skonio bulvių traškučiai WELL DONE, 180 g",2.69,https://cdn.barbora.lt/products/1e118bde-e925-4bd5-b27d-3695e052510f_s.png
"Kačių žaislas HAPPY TAILS, 10X20cm",3.49,https://cdn.barbora.lt/products/2ce521fa-c4f1-4d23-b667-89e5ce1c9fdd_s.png
"Palmių šerdys FATTORIA dei SAPORI, 280 ml",3.49,https://cdn.barbora.lt/products/2d10d7e5-8a10-488b-acdb-6e300c2ec6f9_s.png
"Šunų kramtalai LOVETT, 270g",3.99,https://cdn.barbora.lt/products/bb3ed92a-377b-4c37-a3ac-97f2cd8f127c_s.png
"Dantų šepetėlis ORAL-B Pro-3DWhite, Whitening Clean, Medium, balti šereliai, 2 vnt.",4.49,https://cdn.barbora.lt/products/fe9c989f-101d-4116-9924-5d8fab63ab86_s.png
"Higieniniai paketai NATURELLA Ultra Night Plus, S5, 12 vnt",2.45,https://cdn.barbora.lt/products/5b422730-7113-4ea3-8fdd-67c98e20e557_s.png
"Satino paklodė su guma, 160 x 200 + 30 cm, 1 vnt., 2 spalvos",17.99,https://cdn.barbora.lt/products/00325a98-5016-4f76-9bf3-42b798d7c711_s.png
"Tofu paplotėlis su burokėliais, 150 g",1.99,https://cdn.barbora.lt/products/79118162-fc85-4230-9e69-eb151e7295f3_s.png
"Modelino rinkinys HEY CLAY, 3 ind., Žiedai",3.99,https://cdn.barbora.lt/products/bd5ef83e-a5f6-459f-bb59-be18650dba11_s.png
"Lėkštė AURORA GOLDEN LEAF, 24 cm",8.99,https://cdn.barbora.lt/products/563f79e2-733f-46ba-a1e5-bb685e29cd58_s.png
Universalus peilis ILAJA,2.99,https://cdn.barbora.lt/products/3387695b-1390-4736-be19-4555e29bef45_s.png
"Silikoninė mentelė UNIWELL, gili",4.99,https://cdn.barbora.lt/products/b532fde5-e6c4-498c-8500-80b1bedf5524_s.png
"Plaukų kondicionierius AUSSIE Oh My Gloss, 200 ml",9.99,https://cdn.barbora.lt/products/51081467-6059-4c8e-a9aa-660c45e6cfec_s.png
"Lėtai virti šonkauliai su klevų sirupu GRYNUOLIAI, 600 g",5.99,https://cdn.barbora.lt/products/9c76eb18-e377-479d-86da-d259b34431bb_s.png
"Virtuvinis rinkinys, 1 vnt.",6.99,https://cdn.barbora.lt/products/2b13454e-eab2-4588-aef2-b0ea33a2ba21_s.png
"Apvali kepimo forma GUARDINI, 29 cm",12.99,https://cdn.barbora.lt/products/d15486bf-d12d-4f2a-a23b-2716fa31e33f_s.png
"Dubenėliai su akacijų medienos padėklu, 4 vnt., 1 vnt.",12.99,https://cdn.barbora.lt/products/31e9914a-bed4-4e1e-89c5-0dcdba91c985_s.png
"NIVEA Soft drėkinamasis kremas veidui, kūnui, rankoms",5.39,https://cdn.barbora.lt/products/1cf70a19-6aed-4b88-97e6-d213ccaa837f_s.png
"Skutimosi gelis GILLETTE Series Moisturising, 200ml",5.99,https://cdn.barbora.lt/products/8e901ccc-7eae-4cc3-b581-a860eae129d6_s.png
"Dantų pasta BLANX CLASSIC ADVANCE WHITENING, 75 ml",7.69,https://cdn.barbora.lt/products/8d6df707-689f-4714-a80d-34ed9598a286_s.png
"Plaukų balzamas GLISS Ultimate Color, 200 ml",4.79,https://cdn.barbora.lt/products/1576c0f3-0bda-4c7c-b947-abe30c3aaa83_s.png
"Vyriškas purškiamasis dezodorantas INSETTE TABU, 150 ml",1.49,https://cdn.barbora.lt/products/d9a7e1e8-913f-456b-bb6a-0397bf701a49_s.png
"Dezodoruojamasis kojų kremas MARGARITA, 75 ml",2.85,https://cdn.barbora.lt/products/78bd888e-dccd-406c-b2e9-d5266e9a9baf_s.png
"Veido depiliavimo vaško juostelės „ Veet Easy Gel“, 20 vnt.",7.99,https://cdn.barbora.lt/products/0d5d2202-b862-406e-8907-1d8787a4a31f_s.png
"Žaidimo kortos UNO, 1 vnt.",10.49,https://cdn.barbora.lt/products/2a8ffdd5-e3ac-4adb-9ea9-75702ea8cea9_s.png
"Vaikiškas šampūnas HIPP BABY SANFT, 200 ml",3.65,https://cdn.barbora.lt/products/a8b555c6-1c3f-4c54-9e3b-86e6ccba299d_s.png
"Vaikiškas veido ir kūno kremas HIPP BABY SANFT, 75 ml",3.29,https://cdn.barbora.lt/products/1fc59531-2b63-4db1-a9d6-cc56908e88b2_s.png
"Plaukų dažai L'OREAL CASTING CREME GLOSS, Nr. 400, 1 vnt.",10.59,https://cdn.barbora.lt/products/696317f1-4496-4965-a195-26e2292577eb_s.png
"Plaukų modeliavimo klijai GOT2B, 150 ml",10.69,https://cdn.barbora.lt/products/e1de3f36-1263-4564-99e8-75c5e98cbad3_s.png
"Plaukų standiklis TAFT Power Cashmere, 200 ml",5.99,https://cdn.barbora.lt/products/537f3c6c-0ea6-41c5-821b-c5425c061706_s.png
"Plaukų šampūnas GLISS Ultimate Color, 400 ml",6.79,https://cdn.barbora.lt/products/0de75ac5-08a1-421f-95b3-2f0a407e832c_s.png
"Stiklinė kepimo forma PYREX, 22 x 13 cm, 1 vnt.",7.99,https://cdn.barbora.lt/products/7c63b252-075b-4572-bce9-36cbdfa5511f_s.png
"Vyriškas tualetinis vanduo HOMME COLLECTION BOSCO, 100 ml",4.99,https://cdn.barbora.lt/products/3b7851c1-b480-4bef-aa03-31bec5853fd8_s.png
NIVEA FOR MEN Losjonas po skutimosi SENSITIVE ,11.99,https://cdn.barbora.lt/products/29523fff-c221-474d-8977-174004e89d60_s.png
"Žaliųjų krienų pasta MIYATA, 43 g",2.45,https://cdn.barbora.lt/products/a6b2d9e0-9a89-4a23-b408-2e87443d2ef9_s.png
"Dantų pasta SENSODYNE REPAIR & PROTECT EXTRA FRESH, 75 ml",7.39,https://cdn.barbora.lt/products/1fe7c236-e153-401d-a1bc-1ce2cc300fb0_s.png
"Vyriškas tualetinis vanduo HOMME COLLECTION HEAT, 100 ml",3.99,https://cdn.barbora.lt/products/8b6886ea-f773-472c-a3ec-6cdafcb381ba_s.png
"Kūno jūros druskos šveitiklis AQUA AMBER, alavijų kvapo, 300 g",3.59,https://cdn.barbora.lt/products/66eb256e-d7a9-4dde-8ee7-50cca18787ad_s.png
"Dantų šepetėlis SENSODYNE COMPLETE PROTECTION SOFT, 1 vnt.",4.79,https://cdn.barbora.lt/products/cfc6451f-0541-4c2a-b9d1-49aca67d0719_s.png
"Hermetiškas indelis BORGONOVO IGLOO, 22 cm, 1 vnt.",12.49,https://cdn.barbora.lt/products/de060cbd-4d3c-40f6-90f1-d7d11cbd28ae_s.png
"Sriubos lėkštė LUMINARC DIWALI, 20 cm, 1 vnt.",2.99,https://cdn.barbora.lt/products/93753055-34a1-4f93-98b0-a8cbc46a73d3_s.png
"Rutulinis antiperspirantas DRICLOR, 20 ml",14.99,https://cdn.barbora.lt/products/c76a51b3-1939-4dd6-9ef0-14d49b85f7ed_s.png
"Rut.dezodorantas FA, 50 ml",4.49,https://cdn.barbora.lt/products/9f62b9c6-a731-462b-afd9-3ce1e28287ca_s.png
"Vienkartiniai skustuvai BIC 3 ACTION, 4 vnt., 4 vnt.",2.39,https://cdn.barbora.lt/products/ab106585-48e6-4d74-b36f-27188812023e_s.png
"Plaukų šampūnas JOHN FRIEDA VOLUME, 250 ml",9.99,https://cdn.barbora.lt/products/32f1e349-d08c-4f75-a570-6788dbc5b1b4_s.png
"Virta plėšoma kiauliena, a. r., 1 kg",8.99,https://cdn.barbora.lt/products/5ebc0883-24a5-4feb-99d4-106314fcace4_s.png
Skustuvas GILLETTE FUSION PROGLIDE + sk. galvutės 2vnt.,17.99,https://cdn.barbora.lt/products/c7e6e709-c891-4d49-ae37-8fddb9864f5a_s.png
"Dieninis veido kremas L'OREAL, 50 ml",11.59,https://cdn.barbora.lt/products/6881cf81-039f-4b96-8c31-de5533512cfb_s.png
"Makiažo valiklis MIXA, 125 ml",6.79,https://cdn.barbora.lt/products/6c116664-f035-446d-892b-f91dfd500e1a_s.png
"Plaukų šampūnas HEAD&SHOULDERS  Citrus, 250 ml",6.29,https://cdn.barbora.lt/products/c5f71366-bdc5-4ca6-b86d-e914b29538cb_s.png
"Plaukų šampūnas HEAD&SHOULDERS  Menthol, 250 ml",6.29,https://cdn.barbora.lt/products/004defea-1796-4089-8e19-96ab8d88ff9c_s.png
"Gelinio lako valiklis SINCERO SALON, 150 ml",3.49,https://cdn.barbora.lt/products/304edbbb-3a3f-41c0-8014-9b97a572ebfa_s.png
"Plombyras AURUM su šilauogių įdaru, 445 g",4.99,https://cdn.barbora.lt/products/2953f195-c209-4e24-8e77-4d10c7417066_s.png
"Burnos skalavimo skystis COLGATE MAX WHITE, 500 ml",7.39,https://cdn.barbora.lt/products/42db98fa-559e-46aa-a232-9e02c05bb060_s.png
"Plaukų lakas SYOSS Ceramide, 300 ml",8.19,https://cdn.barbora.lt/products/0d5ebd57-9ef2-4734-a490-f017157006e1_s.png
"KORIO medus, 25 g",0.19,https://cdn.barbora.lt/products/3c95e059-e257-41a7-8fe4-239289daa1b4_s.png
"Veido kaukė GARNIER SKIN NATURALS , 1 vnt.",3.49,https://cdn.barbora.lt/products/b964660d-a776-46a7-816e-9082a651ae41_s.png
"Vyriškas purškiamasis dezodorantas L'OREAL MEN EXPERT SHIRT, 150 ml",5.49,https://cdn.barbora.lt/products/c47573d8-4172-4a27-8973-5845b701d0ba_s.png
"Higieniniai įklotai ALWAYS Normal, Fresh Scent, 58 vnt.",3.95,https://cdn.barbora.lt/products/3614e831-79a0-4398-a58f-32eb970d831f_s.png
"Šefo peilis FISKARS ESSENTIAL, 21 cm",14.99,https://cdn.barbora.lt/products/6f524a2a-11ed-4749-9897-cea8082bef3b_s.png
"Skustukas FISKARS ESSENTIAL, 6 cm, 1 vnt.",6.99,https://cdn.barbora.lt/products/202155e9-bb24-4879-8f8b-c591b95640ee_s.png
MARGARITA Rankų kremas su spanguolių ekstraktu 75ml,2.75,https://cdn.barbora.lt/products/763745ee-3864-43a9-864d-e1c58a4e1233_s.png
"Dieninis veido kremas L'OREAL , 50 ml",21.79,https://cdn.barbora.lt/products/b66decdb-66b4-43c8-8105-d966e6afa614_s.png
"Vaikiškas šampūnas-prausiklis HIPP (BABY SANFT), 200 ml",5.19,https://cdn.barbora.lt/products/5f2d7c13-0364-41fa-a30d-b97941f41ca0_s.png
"Plaukų balzamas NATURA SIBERICA (WHITE CEDAR), 400 ml",7.99,https://cdn.barbora.lt/products/fa449e93-dd74-4c78-add6-368a6115a87b_s.png
"Veido kremas NIDA (ANTI-AGE) su gintaro rūgštimi, 50 ml",4.19,https://cdn.barbora.lt/products/b8fc78e7-da2a-4fe9-99c3-6799e54c7c9e_s.png
"Paakių kremas NIDA su hialurono rūgštimi, 50 ml",4.35,https://cdn.barbora.lt/products/548999f8-1908-4ce0-be67-78b97749c1f2_s.png
"Kūno prausiklis-šampūnas WELEDA KIDS 2 IN 1 (apelsinų kv.), 150 ml",9.99,https://cdn.barbora.lt/products/30774318-6487-4d29-acf7-25069568a7b7_s.png
"Higieniniai įklotai NATURELLA Light Camomile Multiform, 100 vnt.",3.65,https://cdn.barbora.lt/products/7c1da540-dd37-4c83-89be-9921e90ed2bf_s.png
"Moteriškas purškiamasis dezodorantas FA FIJI DREAM, 150 ml",4.49,https://cdn.barbora.lt/products/06f1bc93-edca-4f9b-965c-6649f1dcb25a_s.png
"Dantų šepetėlis SENSODYNE REPAIR&PROTECT SOFT, 1 vnt.",4.95,https://cdn.barbora.lt/products/d166ebcf-3835-4962-8502-36142d618e22_s.png
"Micelinis vanduo BIODERMA, 500 ml",16.79,https://cdn.barbora.lt/products/ba93ccc2-8016-4902-a036-5dc2ccea5a5d_s.png
"Vyriškas rutulinis dezodorantas GENERA BLUE WATER, 50 ml",1.38,https://cdn.barbora.lt/products/b441a30a-6120-409c-b788-36f87b209007_s.png
KILIG VITAMIN C regeneruojantis veido kremas 50 ml ,12.75,https://cdn.barbora.lt/products/e81842fa-0c29-4d06-a3ef-45a5fb435a0b_s.png
Elektrinė sumuštinių skrudintuvė TEFAL SM1572,39.99,https://cdn.barbora.lt/products/11b4daf6-3c5c-4c06-adee-1b17dec2ae72_s.png
"Skutimosi gelis GILLETTE FUSION Ultra Sensitive, 75ml",4.29,https://cdn.barbora.lt/products/111cdd89-377f-4250-bf10-c7cd9748de9a_s.png
"Veido kremas BIODERMA, 40 ml",21.99,https://cdn.barbora.lt/products/ea677668-a1fd-44d7-bb4d-009d555c1bb4_s.png
"El. Girlianda veikianti su baterijomis, 80LED; 7,9m",3.99,https://cdn.barbora.lt/products/118fae23-6cf9-4950-9121-6aa71100a226_s.png
"Veido tonikas BIODERMA, 250 ml",14.99,https://cdn.barbora.lt/products/c8096efd-15b9-41a7-923a-99d3afb2e41f_s.png
NIVEA Dušo želė CR?ME SOFT,6.89,https://cdn.barbora.lt/products/bc60b692-6c96-4b86-94b6-4c85e2c53708_s.png
"Kūno aliejus JOHNSON'S BEDTIME, 200 ml",4.29,https://cdn.barbora.lt/products/dfbf5123-1aec-4248-a754-769fcfb42435_s.png
"Moteriškas purškiamasis dezodorantas REXONA WHITE FLOWERS AND LYCHEE, 150 ml",4.29,https://cdn.barbora.lt/products/67af622b-173b-4bff-84e5-7092c9fce256_s.png
"Lakštinė veido kaukė SKIN PLANET, 1 vnt.",2.29,https://cdn.barbora.lt/products/64b3a3c2-abdf-4fb2-8b3e-658a2499ae55_s.png
LACALUT sensitive- jautrūs dantys ir švelnus dantų balinimas ,3.89,https://cdn.barbora.lt/products/db7c5a5a-6d47-413c-9afd-03606dd9901d_s.png
"Skustuvo galvutės GILLETTE FUSION Proglide, 8vnt",44.99,https://cdn.barbora.lt/products/998bf530-d23a-4c36-ac7b-8e3607d3ab78_s.png
"Kūdikių kūno raminamasis kremas BAMBO NATURE EKO, 100 ml",9.59,https://cdn.barbora.lt/products/4da30443-df4c-4f92-b3fc-f7dda975bd95_s.png
NIVEA® RANKŲ KREMAS 3 IN 1 ANTI-AGE su Q10 kompleksu ir UV filtru,7.25,https://cdn.barbora.lt/products/39750414-998c-47de-ba5a-e2ba98c641f2_s.png
NIVEA BLACK&WHITE ULTIMATE IPMACT rutulinis antiperspirantas moterims ,2.85,https://cdn.barbora.lt/products/800fecbd-5ae6-428a-be65-cba22a846230_s.png
"Vyriškas rutulinis dezodorantas L'OREAL MEN, 50 ml",5.49,https://cdn.barbora.lt/products/d88116e1-329d-4782-b3c0-73a6996d6178_s.png
NIVEA MEN dušo želė vyrams POWER,6.89,https://cdn.barbora.lt/products/1f549f7e-a1c6-458a-9b5b-360d350010ef_s.png
"Bambukiniai tarpdančių šepetėliai HUMBLE, D1, 6 vnt., 1 vnt.",4.99,https://cdn.barbora.lt/products/90fa9ea9-5597-4922-beba-e15f6a17e714_s.png
"Moteriškas vienkartin.skustuvas WILKINSON SWORD XTREME3,4vnt, 4 vnt.",5.29,https://cdn.barbora.lt/products/1cc86590-ff87-4b9f-88ce-e60e188c099b_s.png
"Plaukų šampūnas GLISS Split Ends, 250 ml",4.79,https://cdn.barbora.lt/products/bf8a85c0-f993-45ad-8686-3ed1a72ff614_s.png
Dirbtinis sniegas 150 ml,3.99,https://cdn.barbora.lt/products/987f5b36-76b6-4765-a4ca-05d934cbdf85_s.png
MARGARITA Drėkinamasis kūno kremas-šerbetas su agurkų ir ramunėlių ekstraktais 250ml,5.49,https://cdn.barbora.lt/products/d0aa759a-9313-43e0-a922-034d6dcc8c39_s.png
Filtravimo ąsotis AQUAPHOR TIME MAXFOR,12.99,https://cdn.barbora.lt/products/b73d0cb2-e2dc-4c7a-a57c-dfed1a1d48a8_s.png
"Dantų pasta BLANX O3X, 75 ml",10.19,https://cdn.barbora.lt/products/ec9f9c94-f786-4ed0-a6ab-5184472a1951_s.png
"Dantų pasta GREEN FEEL'S, 75 ml",2.99,https://cdn.barbora.lt/products/1837d478-12fe-401c-ba1d-cc340cf79456_s.png
"Dantų šepetėlis COLGATE MAX WHITE CHARCOAL, 2 vnt., 2 vnt.",5.49,https://cdn.barbora.lt/products/682688f6-38f0-45e1-a03a-e8873ae0b27f_s.png
"Dubenėlis UNIWELL 20 cm, nerūd. plienas",4.99,https://cdn.barbora.lt/products/a9f179e0-2233-4269-81a9-4d6f9bc94173_s.png
"Depiliacinės vaško juostelės VEET MINIMA EASY GEL, 12 vnt., 12 vnt.",8.29,https://cdn.barbora.lt/products/ed6842be-d8cf-41f7-b214-4edbc5880f9e_s.png
"Marlinių servetėlių rinkinys KORLĖJA, 5 vnt.",7.59,https://cdn.barbora.lt/products/3caf99f0-f667-4a32-975c-cbfada63e8b8_s.png
"Ant piršto užmaunamas šepetėlis pirm. dantims valyti BABYONO, 1 vnt.",1.99,https://cdn.barbora.lt/products/b5d7261a-2774-44fd-b248-4501726dd77e_s.png
"Nuotolinio valdymo pultas BO INTERACTIVE, 1 vnt.",11.99,https://cdn.barbora.lt/products/e11d8bcf-0ef1-4dcf-9d32-429f02a8d893_s.png
Planšetė BO INTERACTIVE 82031LT,17.49,https://cdn.barbora.lt/products/082fe07a-1296-41e4-a3ae-78fe94d63f83_s.png
Dirbtinės eglės šakų girlianda 5m,9.99,https://cdn.barbora.lt/products/b0ebaff4-0e8c-4957-823a-3e6479dafc5d_s.png
Makaronų šaukštas UNIWELL,2.99,https://cdn.barbora.lt/products/5c630700-301f-44b4-b671-34c36d3efb01_s.png
"Filtruojanti gertuvė AQUAPHOR City, 0,5 l, 1 vnt., mėlyna",11.99,https://cdn.barbora.lt/products/7721fc37-5727-4cae-9d03-e81820503a70_s.png
"Dantų pasta BLEND A MED 3D WHITE Charcoal, 75ml",2.79,https://cdn.barbora.lt/products/437b0032-c72b-4524-925c-be92cd01fe42_s.png
"Dušo želė VIVIAN GRAY JASMINE&PATCHOULI, 300 ml",6.99,https://cdn.barbora.lt/products/1cbf1045-2469-4bd5-a7ec-e5da002e4c07_s.png
"Dušo želė VIVIAN GRAY YLANG&VANILLA, 300 ml",6.99,https://cdn.barbora.lt/products/b325d023-d1d2-4035-bcbd-948f5717b08a_s.png
"Ekol.kriaušių, persikų ir kivių tyrelė PONN, nuo 6 mėn., 110 g",1.15,https://cdn.barbora.lt/products/4a2c38ae-c2e1-49fd-9e77-3133099bfab0_s.png
"Plaukų kondicionierius SYOSS Intense Repair, 250 ml",7.49,https://cdn.barbora.lt/products/9b22bba7-8d04-4680-8665-0d2319d662e5_s.png
"Vyriškas purškiamasis antiperspirantas FA MEN RED CEDARWOOD, 150 ml",4.49,https://cdn.barbora.lt/products/489f8ba3-bde3-4358-aa77-ae36d8331acc_s.png
"Moteriški kvepalai BI-ES FLORIAL, 15 ml",4.59,https://cdn.barbora.lt/products/4eb0b31e-4e98-4a08-a37b-461b4884f18d_s.png
NIVEA Dušo želė vyrams  SENSITIVE,6.89,https://cdn.barbora.lt/products/218103bb-f067-4de6-9be7-21159b9dc979_s.png
" Keptuvė UNIWELL, 24 cm",19.99,https://cdn.barbora.lt/products/2d15e8ca-e6a3-4281-aec3-40bcd0927c4f_s.png
"Plaukų šampūnas GARNIER BOTANIC THERAPY, 400 ml",5.99,https://cdn.barbora.lt/products/2cb492e6-9717-402e-9d52-58060a403190_s.png
"Radijo bangomis valdomas automobilis LEXUS LFA, 1 vnt.",26.99,https://cdn.barbora.lt/products/9f998519-387e-47f7-8e05-37c6e086a61f_s.png
"Teniso kamuoliukai šunims LOVETT, 3 vnt., 1 vnt.",4.99,https://cdn.barbora.lt/products/f6022eb6-ff92-4266-953a-bf49f7ecdbb0_s.png
"Šunų žaislas LOVETT, 10 x 40 cm, 1 vnt.",7.99,https://cdn.barbora.lt/products/59e1eb02-b7c4-4638-9b39-987fec478d4d_s.png
NIVEA BLACK&WHITE SILKY SMOOTH pieštukinis antiperspirantas moterims,3.19,https://cdn.barbora.lt/products/958a9590-baf3-4b1c-8b34-480787396ba8_s.png
NIVEA® DERMA SKIN CLEAR tonikas į bėrimus linkusiai odai,7.99,https://cdn.barbora.lt/products/f0447241-88db-4521-a81c-1e44839fb113_s.png
NIVEA MEN Fresh Kick pieštukinis antiperspirantas vyrams,5.39,https://cdn.barbora.lt/products/57fe93c4-51d0-4a2e-aef4-2831b0100eff_s.png
"Dušo gelis NIVEA, 500 ml",6.89,https://cdn.barbora.lt/products/c6587f99-db80-4c9c-aef4-2637867608a9_s.png
"Plaukų purškiklis SYOSS Keratin, 200 ml",8.29,https://cdn.barbora.lt/products/58298f68-8079-4f60-baa1-af374e8c8bc9_s.png
"Vyriškas rutulinis antiperspirantas REXONA SPORT DEFENCE, 50 ml",4.29,https://cdn.barbora.lt/products/feacd65e-6f7a-4dcf-ace6-f62cdcf27aaf_s.png
Puodelis AURORA Royal 430ml,4.99,https://cdn.barbora.lt/products/1449aff5-ab83-4073-b447-0fad9c174106_s.png
"Magnetinė dėlionė, 1 vnt.",7.99,https://cdn.barbora.lt/products/946533fa-0aa4-444f-9d90-9d8ffc14c76e_s.png
RASA CLEAN EFFECT Veido prausiklis 200 ml,6.89,https://cdn.barbora.lt/products/305e829b-b255-4347-9cb1-9af5b0050f28_s.png
"Vyr. vienkartiniai skustuvai WILKINSON EXTRA3SENSIT, 6 vnt.",4.49,https://cdn.barbora.lt/products/3f7171b2-3d2c-4ce9-a25e-caca9654a6e4_s.png
"Greitai paruošiami makaronai MAGGI Tailand. kario pad.skonio, 128 g",1.29,https://cdn.barbora.lt/products/2a31b32f-083f-4db7-950e-59cb545426bc_s.png
"Greitai paruošiami makaronai MAGGI, vištienos skonio, 121 g",1.29,https://cdn.barbora.lt/products/cb48a50f-08a5-4847-ae80-97eac32c098e_s.png
Sulankstomas gyvūno dubenėlis LOVETT,3.99,https://cdn.barbora.lt/products/be8d1525-c1ea-43ca-9e1b-2fa48fec6ff9_s.png
"Banguotųjų papūgų skanėstas su obuoliais ir medumi FANTASIA, 90 g",2.49,https://cdn.barbora.lt/products/9ef8bc2b-b8b0-40fe-a89b-633dd8557504_s.png
"Žuvų pašaras TATRAPET, 65 g",1.69,https://cdn.barbora.lt/products/eb3d8e95-be89-47e5-81cf-465dd21bc9e5_s.png
"Stalo žaidimas SNAKES AND LADDERS, 1 vnt.",8.99,https://cdn.barbora.lt/products/68dcce03-32f5-4609-a089-021f9f7354b2_s.png
"Dantų šepetėlis LACALUT KIDS, 1 vnt.",2.49,https://cdn.barbora.lt/products/f0e7e293-4564-4ecc-95eb-51f6484f38d0_s.png
"Lėlė balerina LITTLE BEBOPS, 25,4 cm",9.99,https://cdn.barbora.lt/products/d9798777-e8cd-4acd-9c8e-44411be9c8c2_s.png
" Keptuvė UNIWELL, 20 cm",10.99,https://cdn.barbora.lt/products/ff4fb209-fa73-46cf-a38a-469df72c740d_s.png
"Kepintos ir sūdytos pistacijos WELL DONE, 250 g",3.75,https://cdn.barbora.lt/products/2724982b-3fd8-4da4-9fad-aa730c8c29cc_s.png
"Rūkytas vytintas itališkas kiaulienos kumpis SPECK, nerūš., 80 g",2.99,https://cdn.barbora.lt/products/e436bded-e9fe-453e-b595-307ed66a855c_s.png
"Indaplovių kapsulės FINISH POWERBALL QUANTUM ALL IN 1, 80 vnt.",19.99,https://cdn.barbora.lt/products/1af1ef5f-8eea-4cac-aa51-3364938ec0f6_s.png
RASA HAIR HYDRO INTENSE SYSTEM Drėkinamasis plaukų šampūnas 500 ml,8.99,https://cdn.barbora.lt/products/b0113c59-5d62-4ff5-bd5d-0c477d001b1e_s.png
RASA HYDRO INTENSE Drėkinamoji lakštinė veido kaukė 23 g,4.89,https://cdn.barbora.lt/products/8173edaf-a965-4f7d-925b-21fe0277f755_s.png
"Knyga-žaislas CANPOL BABIES SENSORY TOY SOFT, 0+, 1 vnt.",15.99,https://cdn.barbora.lt/products/8e1bd520-8222-4a52-af3b-cb3c2ce2c0ae_s.png
"Veido prausiklis GREEN FEEL'S, 150 ml",2.39,https://cdn.barbora.lt/products/182b49c5-fcd9-4723-9b30-d75d0fbee210_s.png
"Veido kremas GREEN FEEL'S, 50 ml",2.99,https://cdn.barbora.lt/products/35291b85-a706-441f-bf44-2864dce6f48c_s.png
"Plaukų želė TAFT Power Activity, 150 ml",5.49,https://cdn.barbora.lt/products/03904534-bf1f-407f-b171-56b0d43e86bd_s.png
"Plaukų modeliavimo pasta TAFT Texture, 100 ml",6.99,https://cdn.barbora.lt/products/88b06454-07e8-4246-9afd-b67393f5279b_s.png
"Moteriškas purškiamasis dezodorantas FA FEEL REFRESHED, 150 ml",4.49,https://cdn.barbora.lt/products/0251c774-791e-4679-a003-bef740b9c01d_s.png
"Intymiosios higienos prausiklis BELLA TEENS, 300 ml",4.59,https://cdn.barbora.lt/products/06884d6d-de02-4d2f-9e22-fcf1d2636c89_s.png
"Kepimo forma ovali 30x21,5x7",10.99,https://cdn.barbora.lt/products/fd7a7af6-50cf-4761-b227-fc0976f46bb6_s.png
"Blakstienų tušas MAYBELLINE BURGUNDY HAZE, 1 vnt.",13.99,https://cdn.barbora.lt/products/de332b65-7093-4f7f-9d06-475296df0ab9_s.png
"Plaukų šampūnas HEAD&SHOULDERS Smooth&Silky 2in1, 330 ml",8.49,https://cdn.barbora.lt/products/bf367444-786f-4588-abeb-26fe89384e71_s.png
"Sezamų padažas KIKKOMAN, 300 g, 300 g",6.99,https://cdn.barbora.lt/products/fd16ce00-9a39-4a73-8106-e29503a672db_s.png
"Beauty of Joseon Dynasty Cream veido kremas, 50 ml",25.99,https://cdn.barbora.lt/products/4d78c71b-58f9-42cf-9303-6339d5870f02_s.png
COREGA  protezų kremas MAX Fixation+Comfort 40g,5.99,https://cdn.barbora.lt/products/bd7c3c7d-dabd-40a2-975f-e59b1bf691e3_s.png
"Dantų pasta ORAL-B Pro Kids, nuo 6 mėn. iki 6 metų, 50 ml",3.99,https://cdn.barbora.lt/products/abe1f5a2-fb01-4c2a-a077-e1ca40982ae7_s.png
"TaftxGliss plaukų lakas ""Holding Me Strongly"" 250ml Naujiena",6.49,https://cdn.barbora.lt/products/605322d9-3dee-4219-bf93-cf4fc2a63297_s.png
"Taurės AURORA GIN TONIC, 650 ml, 4 vnt., 4 vnt.",19.99,https://cdn.barbora.lt/products/1aad02d7-f2c3-40f0-b98d-56aa298645a9_s.png
"Namukas-automobiliukas FISHER PRICE, 1 vnt.",14.99,https://cdn.barbora.lt/products/d0e8d359-57da-409f-83af-d24cf3efb9b5_s.png
"Beauty of Joseon Glow Deep Serum: Rice + Alpha Arbutin serumas, 30 ml",19.49,https://cdn.barbora.lt/products/849299e3-c474-4087-8657-733495582324_s.png
"Lauko ir vidaus girlianda, 80 LED, 1 vnt., warm white",4.99,https://cdn.barbora.lt/products/37113978-5b9f-45a8-8a16-ccce06c91684_s.png
"Stikliukai ILAJA 100 ml, 6 vnt.",5.99,https://cdn.barbora.lt/products/80bb315b-3993-4e56-b8a8-20314ddea88d_s.png
"Indų ploviklis FAIRY Apple, 1350ml",4.39,https://cdn.barbora.lt/products/b9fad4fc-4fb7-4934-a390-e8bb3cbfea1f_s.png
"Indų ploviklis FAIRY SC Lilac, 900ml",3.79,https://cdn.barbora.lt/products/7edba46f-ad38-47b3-8c20-c2498bb3871c_s.png
"Šiukšlių maišai su virvele VORTEX, 35 l, 15 vnt., 1 vnt.",1.79,https://cdn.barbora.lt/products/65595ae9-07ff-4d4e-b7a5-2c8d0e4ebb61_s.png
"HISKIN Crazy Hair Losjonas galvos odai su levandų aromatu, 100 ml",6.59,https://cdn.barbora.lt/products/014dc853-a0db-4b51-8988-d1e17344f526_s.png
"Rankų kremas NEUTROGENA NORWEGIAN FORMULA INTENSE REPAIR CIC, 50 ml",6.69,https://cdn.barbora.lt/products/ed1f6f41-52d7-4861-97fb-af655dfd5bfb_s.png
"Burnos skalavimo skystis PARODONTAX ICY MINT, 500 ml",5.89,https://cdn.barbora.lt/products/1daf7769-4979-49d4-a3bb-3b35f0ca4ccb_s.png
"Ledai HAAGEN-DAZS, mėlynių skonio, 364 g",5.79,https://cdn.barbora.lt/products/ec4ac51e-aa76-41d4-b6ab-102110f18bea_s.png
ELSEVE  šampūnas 250ml,5.39,https://cdn.barbora.lt/products/2e3aaf34-583a-4024-9580-e66d8c113582_s.png
"ELSEVE  purškiklis ,150ml",11.99,https://cdn.barbora.lt/products/e0bdd3cc-d5a3-473c-accb-06269dd7c4a3_s.png
"ELSEVE serumas galvos odai, 102ml",15.89,https://cdn.barbora.lt/products/821ad1c4-122c-4e05-af45-f56913fc1066_s.png
"Plaukų kaukė SYOSS Intense Repair, 400ml",9.99,https://cdn.barbora.lt/products/ff03d655-1c11-4dfc-a334-c69c7236fe25_s.png
"Plaukų lakas TAFT Aloe Boost, 200ml",6.49,https://cdn.barbora.lt/products/e6d4f2d5-b880-4bb9-95a7-aa609e8276ed_s.png
GREEN FEEL'S Maitinamasis rankų kremas su šilko ekstraktu 75ml,1.19,https://cdn.barbora.lt/products/49fb1db5-480d-4ea4-9918-1c800a7a9b11_s.png
"Plaukų šampūnas HEAD&SHOULDERS Clarify & Shine, 400 ml",8.49,https://cdn.barbora.lt/products/add7bd46-f6c6-4972-a58f-fdefd3b462bc_s.png
Vyriškas purškiamasis dezodorantas OLD SPICE EPIC LEGEND;150,5.29,https://cdn.barbora.lt/products/cc0c99b3-1843-40c5-a9e0-3181e2990706_s.png
„Minecraft“ mini siurprizų rinkinys kiaušinis,8.99,https://cdn.barbora.lt/products/63c7a402-803f-496e-8f4d-89bd1267bbed_s.png
"Obuolių sidro actas su žolelėmis, 1 vnt.",2.69,https://cdn.barbora.lt/products/bbdb022e-cd7d-4070-ab9c-838c7f61cbb5_s.png
"Žaliosios alyvuogės WELL DONE, įdarytos lašišų pasta, 280 g",2.19,https://cdn.barbora.lt/products/fe83a603-c512-40c5-ad9c-2ee9ef4a1889_s.png
"Kačių žaislas HAPPY TAILS, 2 vnt.",4.49,https://cdn.barbora.lt/products/82360270-e56b-4eac-99a8-916d20d98c88_s.png
GREEN FEEL'S šampūnas slinkti linkusiems plaukams 400ml,3.29,https://cdn.barbora.lt/products/71d105a9-fe05-43b1-a604-b4079867bc68_s.png
NIVEA MEN dušo gelis vyrams Total Relax 500 ml,6.89,https://cdn.barbora.lt/products/a97e4024-a9ed-489f-83b8-dd9c69869329_s.png
"Plaukų šampūnas HEAD&SHOULDERS Men Ultra Old Spice, 800 ml",13.99,https://cdn.barbora.lt/products/485d5591-4423-47d6-a55b-32fb9666d8e8_s.png
"VG Sensational skystas kreminis muilas Sparkling Orange, 350 ml",8.49,https://cdn.barbora.lt/products/b6bd5718-d2f4-4f6b-9b21-579fefa28444_s.png
"Skystas muilas IEVA acai uogų ir migdolų 0,5 L",4.79,https://cdn.barbora.lt/products/1997ce80-5ae2-4b22-88bb-4e95a97f777e_s.png
"Dekoratyvinė pagalvėlė, 45 x 45 cm, 1 vnt., du dizainai",9.99,https://cdn.barbora.lt/products/83352381-2f0f-4b8e-aadf-50110b15f905_s.png
"Satino patalynės komplektas 140 x 200, 50 x 70 cm, 1 vnt., 2 dizainai",25.99,https://cdn.barbora.lt/products/a1f1e65a-3cc8-46a6-b95e-1a83fd71c812_s.png
"Satino paklodė su guma, 180 x 200 + 30 cm, 1 vnt., 3 spalvos",18.99,https://cdn.barbora.lt/products/10dccdb1-77b9-4ea0-b7dc-5622f3890a4e_s.png
Dubenėlis AURORA Vintage Christmas 12 cm,8.99,https://cdn.barbora.lt/products/40c88e7e-1d40-4f5f-8955-93a8b2ada869_s.png
"Barbekiu padažas-marinatas POPPAMIES su vyšniomis ir kola, 360 g",4.99,https://cdn.barbora.lt/products/ad1b086e-e6c3-4cd9-b0d4-8c7351a38daf_s.png
"Modelinas HEY CLAY, 1 indelis",1.99,https://cdn.barbora.lt/products/5b995da7-2b0a-47cf-a6f9-f8c18c1cb91c_s.png
"Modelino rinkinys HEY CLAY, 15 ind., Minions",15.99,https://cdn.barbora.lt/products/a89b2c71-5fb1-44d1-a6ee-4c287ef7de93_s.png
"Silikoninė mentelė, ILAJA",2.99,https://cdn.barbora.lt/products/8ceb9b6d-4bbe-4aa0-a448-d347a836facc_s.png
"Prikaistuvis su dangčiu ir rankena UNIWELL, 16 cm",22.99,https://cdn.barbora.lt/products/56e6f631-06ac-4bd6-8a62-7cf4846d6ab3_s.png
"Dantų pasta ORAL-B Pro Expert Advanced, Deep Clean, 75 ml",6.29,https://cdn.barbora.lt/products/cef7d08a-2a7e-4544-a0fb-302b0e147ef1_s.png
Žaislinis robotas Pocket Titans,2.99,https://cdn.barbora.lt/products/238d4232-c0f9-4682-89f7-fc2f67efcd91_s.png
"Plaukų aliejus AUSSIE Reconstructor, 100 ml",8.49,https://cdn.barbora.lt/products/c34588a4-ec43-4200-a714-a02f55609fa1_s.png
"Keptuvė TEFAL, 28 cm",42.99,https://cdn.barbora.lt/products/4595466b-aac6-4bd2-b5f8-43b1b1ac106b_s.png
"Keptuvė TEFAL, 24 cm",59.99,https://cdn.barbora.lt/products/91de6917-20fd-4daf-b7cf-830d08a0dd06_s.png
"Kepimo indas GUARDINI, 36x24 cm, 1 vnt.",17.99,https://cdn.barbora.lt/products/c2082613-2294-46b4-8fa2-1215d5f747a1_s.png
"Kepimo forma TVS, 27x10 cm",10.99,https://cdn.barbora.lt/products/d69debcf-b992-4c26-bd10-0a7f5ca6d143_s.png
"Breceliai MIO & RIO, 250 g",0.65,https://cdn.barbora.lt/products/395dc8df-45e8-4635-825c-d936d892ed02_s.png
NIVEA® Volume Care putos,7.19,https://cdn.barbora.lt/products/a7a64b70-8b69-481b-a904-d15e934571b7_s.png
"Plaukų šampūnas GLISS Ultimate Color, 250 ml",4.79,https://cdn.barbora.lt/products/1bf0a4e5-e40b-4eeb-a0ac-174b8dfa8fcc_s.png
"Vaikų vonios putos BUBCHEN (tinka jautriai odai), 400 ml",5.29,https://cdn.barbora.lt/products/bedc847a-bfaf-496a-aae7-69f61d4c75b4_s.png
"Losjonas po skutimosi OLD SPICE Whitewater, 100ml",9.39,https://cdn.barbora.lt/products/ffe659f1-15ef-45a3-b470-92e381ecf5bb_s.png
"Lėkštė LUMINARC FESTON, 25 cm, 1 vnt.",2.29,https://cdn.barbora.lt/products/328bec48-eb0d-48c8-8e9b-ff3bba3b0127_s.png
"Šonkauliukų prieskoniai KOTANYI su medumi, 40 g",0.83,https://cdn.barbora.lt/products/c488bc54-f802-4690-b2e3-b93b11604c83_s.png
NIVEA MEN SENSITIVE DRĖKINANMASIS KREMAS,10.29,https://cdn.barbora.lt/products/903a0d5a-9395-423c-b319-6584a4b635a5_s.png
"Dušo želė FA YOGHURT FRESH&ALOE VERA, 250 ml",3.89,https://cdn.barbora.lt/products/a8fe19ec-1345-4816-85ed-ae7040836bbd_s.png
"Vyriškas skutimosi gelis GILLETTE SENSITIVE, 75 ml",4.29,https://cdn.barbora.lt/products/b4a4becd-90f5-432b-bba1-e7bf6708e82a_s.png
"Peilis TESCOMA PRESTO, 14 cm",4.49,https://cdn.barbora.lt/products/cf23d571-0dd3-4501-812b-e9fa9defa7b0_s.png
NIVEA® Color Brilliance kondicionierius,4.79,https://cdn.barbora.lt/products/615e2d85-3c97-4a8a-afc1-c7567b1342cf_s.png
"Plaukų šampūnas SCHAUMA REPAIR, 400 ml",4.59,https://cdn.barbora.lt/products/569aaa78-7d5c-4791-90d3-ebdc2ddadfcf_s.png
"Kondicionierius GLISS Oil Nutritive, 200 ml",7.29,https://cdn.barbora.lt/products/78234073-87f1-4edf-a86f-f91dd3076376_s.png
"Dušo želė FA YOGHURT ALOE VERA, 400 ml",4.99,https://cdn.barbora.lt/products/c58f73ec-c699-4075-a50d-f950de83908d_s.png
"Universaliosios virtuvės žirklės TESCOMA PRESTO, 22 cm, 1 vnt.",5.99,https://cdn.barbora.lt/products/27db5a90-152e-40ea-a1f8-965034c7492b_s.png
"Plaukų dažai L'OREAL EXCELLENCE CREME, Nr. 9, 1 vnt.",10.99,https://cdn.barbora.lt/products/82f2fe92-2fb4-484c-b4e0-d656b7e815c6_s.png
"Peilių galąstuvas TESCOMA PRESTO, 1 vnt.",10.99,https://cdn.barbora.lt/products/b7f1c4c8-6e8c-452b-ba62-f74d42c00d30_s.png
"Vyriškas rutulinis dezodorantas REXONA COBALT, 50 ml",4.29,https://cdn.barbora.lt/products/cc2a4053-8c2e-4af7-9968-9ad8073eadfd_s.png
"Keturių pusių trintuvė TESCOMA HANDY, 1 vnt.",13.49,https://cdn.barbora.lt/products/94ae8bca-027b-46d7-864b-ce231fd6be66_s.png
"Sausas mažų veislių šunų ėdalas FRISKIES su vištiena, 1500 g",6.69,https://cdn.barbora.lt/products/eed035eb-717e-42da-9c24-848b882d25ab_s.png
"Plaukų šampūnas GLISS Oil Nutritive, 400 ml",6.79,https://cdn.barbora.lt/products/57361a0c-8bf2-49d4-aa1d-6c72348fcb57_s.png
"Blakstienų tušas MAYBELLINE COLOSSAL BLACK, 10,7 ml",12.99,https://cdn.barbora.lt/products/bc9b5d77-9161-460a-81d0-327ccfc003f3_s.png
"Vyriškas dezodorantas FA COOL EXTREME, 150 ml",4.49,https://cdn.barbora.lt/products/f139da48-15a2-425b-8e71-f91c006fd92a_s.png
"Aerozolinis dezodorantas FA MYSTIC MOMENTS, 150 ml",4.49,https://cdn.barbora.lt/products/af86a31f-d1ea-4b8e-bf3a-5fc0a2c990e3_s.png
"Bikinio zonos depiliac. juostelės BYLY DEPIL MINT&GREEN TEA, 12 vnt",3.99,https://cdn.barbora.lt/products/63377c86-3538-4fee-b398-e7e11c3eb1c7_s.png
"Dušo gelis vaikams ""FA KIDS Surfing Pirate"", 250ml ",3.89,https://cdn.barbora.lt/products/eb4ceab3-5658-4134-be69-dfc8728fd7b8_s.png
"Plaukų dažai L'OREAL EXCELLENCE CREME, Nr. 8.1, 1 vnt.",10.99,https://cdn.barbora.lt/products/f897d973-c4a4-4316-94e1-381eee2cf532_s.png
"MARGARITA apsauginis lūpų balzamas su šaltalankių ekstraktu 3,7 g",2.49,https://cdn.barbora.lt/products/3db1c3ad-d235-47ec-a267-a593085398dc_s.png
"Skustuvo galvutės GILLETTE FUSION Proglide Power, 4vnt.",29.99,https://cdn.barbora.lt/products/1e372470-78f8-4fa1-916d-798052b30985_s.png
"Balzamas po skutimosi Gillette Cooling, 100 ml",7.24,https://cdn.barbora.lt/products/9549c635-163c-4f52-830d-e476119c6b63_s.png
"Vaikiškas skystasis muilas FROSCH KINDER (su dozatoriumi), 300 ml",3.55,https://cdn.barbora.lt/products/0d2bfcec-8ea6-4de8-acef-686878233632_s.png
"Džiūvėsėliai FLINT GRENKI, veršienos ir adžikos padažo sk., 80 g",0.63,https://cdn.barbora.lt/products/2e87a92d-b6b4-42af-a2f4-40c5084b9420_s.png
"Vyriškas purškiamasis dezodorantas FA MEN INVISIBLE, 150 ml",4.49,https://cdn.barbora.lt/products/b4e810c7-1469-4704-bdcd-6364a98c83ac_s.png
"Aitriųjų paprikų padažas HABANERO FELIX, 130 g",3.09,https://cdn.barbora.lt/products/315d9093-2522-4d33-ac34-3ce8c86577c6_s.png
"Kūno šveitiklis GEOMAR EMOLLIENT, 600 g",10.99,https://cdn.barbora.lt/products/6d9a0a8e-29be-4c66-92c5-5cc1101a8824_s.png
"Vyriškas plaukų šampūnas SCHAUMA Men Power, 400 ml",4.59,https://cdn.barbora.lt/products/894a2f20-74ea-41ae-be4b-a2b2c5d91054_s.png
NIVEA raminantis micelinis vanduo su aminorūgštimi ir dekspantenoliu jautriai odai,6.79,https://cdn.barbora.lt/products/1aee051c-f2bd-49c5-b49a-e01481d1740b_s.png
"Vienkartiniai skustuvai moterims LASER PETALS 3, 4 vnt.",2.79,https://cdn.barbora.lt/products/66767996-487b-42d1-897c-d56ed39ce11a_s.png
"Dantų šepetėlis COLGATE SLIM SOFT WHITE, 1 vnt.",4.69,https://cdn.barbora.lt/products/5feaa2fe-8c46-461f-9216-0855a9e064a9_s.png
"Puodas RAVA BOLLIRE, 20 cm, 1 vnt.",21.99,https://cdn.barbora.lt/products/9c306dcc-7d8b-4d3d-93f0-3063be22c233_s.png
Šefo peilis UNIWELL,8.99,https://cdn.barbora.lt/products/dafd6b82-e859-492c-915b-da936c669a7c_s.png
"Veido kremas GREEN FEEL'S, 50 ml",3.49,https://cdn.barbora.lt/products/917a2863-3e47-4603-9142-bc54cc2685d3_s.png
"Skystasis makiažo pagrindas MAYBELLINE FIT ME, Nr. 115-ivory, 30 ml",12.49,https://cdn.barbora.lt/products/619999ee-3228-4c11-9d2a-b8c242461fe1_s.png
"Vyriškas rutulinis dezodorantas L'OREAL MEN EXPERT SHIRT PR., 50 ml",5.49,https://cdn.barbora.lt/products/86891428-4ff6-4466-b97b-c0423ed5709e_s.png
"Veido kaukė GARNIER SKIN NATURALS, 1 vnt.",3.49,https://cdn.barbora.lt/products/e466f012-a746-4650-8b60-42f4d9c484ce_s.png
"Vyriškas purškiamasis dezodorantas REXONA ACTIVE PROTECT.F, 150 ml",4.29,https://cdn.barbora.lt/products/f88a8d88-d699-4dfd-9934-ce339dc9f9fe_s.png
"Plaukų šampūnas NATURA SIBERICA (FROZEN BERRIES) su vitam., 400 ml",7.99,https://cdn.barbora.lt/products/51d2f9ab-47cd-48f6-a5be-1ffc575bffaf_s.png
"Kosmetinis pienelis NIDA su kviečių gemalų aliejumi, 150 ml",1.65,https://cdn.barbora.lt/products/b717e424-7537-409f-854d-7b618203ef77_s.png
"Blakstienų tušas MAYBELLINE LASH SENSATIONAL INTENSE BLACK, 1 vnt.",13.89,https://cdn.barbora.lt/products/15f698ef-eb0e-457f-9366-6c2fb08d724b_s.png
"Prausiklis kūno odai su granatų ekstraktu Weleda Pomegranate 200ml
",10.99,https://cdn.barbora.lt/products/79aadd9e-21be-45c5-b028-fae77bb232fe_s.png
"Plaukų kaukė PANTENE Intensive Repair Active Nutri-Plex, 300 ml",9.69,https://cdn.barbora.lt/products/b4a80305-b175-426f-8006-8a3c44dabe81_s.png
ECODENTA juodas balinamasis burnos skalavimo skystis su juodąją anglimi 500 ml,6.35,https://cdn.barbora.lt/products/2b522863-1c20-4240-9bfa-bd3029ab00e6_s.png
"Plaukų modeliavimo molis TAFT LOOKS Molding Clay, 75 ml",6.99,https://cdn.barbora.lt/products/5a2a71e1-e868-4d22-a2dd-fc93ebe0353c_s.png
"Mot.parfumuotas vanduo JEANNE ARTHES CASSANDRA ROSE BLANCHES, 100 ml",7.79,https://cdn.barbora.lt/products/6ce3b6aa-b46a-4da7-bb18-de1da762b075_s.png
"Plaukų kondicionierius GENERA su ramunėlėmis, 500 ml",1.89,https://cdn.barbora.lt/products/1f3b477a-e535-433f-a3d9-132aac80a84c_s.png
"Skutimosi gelis GILLETTE FUSION Ultra Moisturizing, 200ml",6.69,https://cdn.barbora.lt/products/44a37951-b543-4bcc-98d1-eaae4cf1b7b2_s.png
"El. Girlianda veikianti su baterijomis, 20LED; 1,9m",2.59,https://cdn.barbora.lt/products/0a525fb5-648e-488a-a6c9-4241664fa149_s.png
"Plaukų kaukė ORGANIC SHOP ARGAN&AMLA, 250 ml",3.89,https://cdn.barbora.lt/products/c62e5442-680e-4e8b-93c8-0e34358e41ac_s.png
"Kremas BIODERMA, 30 ml",17.29,https://cdn.barbora.lt/products/2e5e7e6a-d2db-4bd0-9c91-83ea45ba0e80_s.png
"Akių kontūro plunksnelė MAYBELLINE TATTOO LINER 911, 1 vnt.",8.99,https://cdn.barbora.lt/products/641ce1b3-6e8b-48ca-8900-e39cb8af7d35_s.png
"Kūdikių plaukų ir kūno prausiklis JOHNSON'S TTT, 500 ml",5.99,https://cdn.barbora.lt/products/b25a8a0b-2525-4674-a9ac-589799f9e32e_s.png
"Kontūravimo pudra MAYBELLINE CITY BRONZER, Nr. 250, 1 vnt.",12.49,https://cdn.barbora.lt/products/abcc893d-47da-47dc-98c4-10e58be55685_s.png
"Ekologiška abrikosų ir obuolių tyrelė PONN, nuo 4 mėn., 100 g",1.09,https://cdn.barbora.lt/products/f582874a-27d0-440a-ac46-c7c163ea9081_s.png
"Lūpų balzamas SEBAMED SENSITIVE SKIN SPF 30, 4,8 g",4.39,https://cdn.barbora.lt/products/c94baaa1-3e4f-4915-8f40-4b836044669f_s.png
"Kompaktinė pudra MAYBELLINE FIT ME, Nr. 115-IVORY, 9 g",11.59,https://cdn.barbora.lt/products/97de9d4c-64f7-4de4-99cf-4f2b8bb210d3_s.png
"Plaukų aliejus GREEN FEEL'S, 100 ml",4.19,https://cdn.barbora.lt/products/e2ca4a10-3d42-4ef6-ae49-623a2baea1af_s.png
Moteriškas purškiamas dezodorantas REXONA BLUE POPPY&APPL.150,4.29,https://cdn.barbora.lt/products/200d7e6f-fc26-4643-89b2-acbaa033235f_s.png
Naktinis veido kremas L'OREAL  50 ml,10.99,https://cdn.barbora.lt/products/a69e7b85-4b37-4981-bfe3-cf8c014012b8_s.png
"Dantų pasta GREEN FEEL'S, 100 ml",2.99,https://cdn.barbora.lt/products/745f921f-1b30-4174-ab75-df5b88f6f262_s.png
MARGARITA Kreminis šampūnas su ramunėlių ekstraktu ir proteinais  250ml,3.89,https://cdn.barbora.lt/products/d4e7e4c2-e26a-4857-8495-87d584bf9501_s.png
"Filtravimo ąsotis AQUAPHOR ONYX, 2,4 l, 1 vnt.",24.99,https://cdn.barbora.lt/products/787680ba-796c-4324-abd5-a10741bf2b56_s.png
NIVEA MEN SENSITIVE drėkinamasis veido kremas,9.89,https://cdn.barbora.lt/products/fb38dfa7-f370-40f2-ae32-04d97ed86698_s.png
KILIG HYDRATING intensyviai drėkinantis gelinis kremas sausai veido odai 50 ml,10.59,https://cdn.barbora.lt/products/e25e0adc-ae04-450f-9c3e-1e055c1464d2_s.png
"Kūdikių kūno prausiklis BAMBO NATURE EKO, 150 ml",7.99,https://cdn.barbora.lt/products/c513a091-45db-40f3-8341-71ccfadda2f1_s.png
"Elektrinis virdulys HENSKE KE01301Z-GS, 1 vnt.",24.99,https://cdn.barbora.lt/products/758de7f2-405a-4bb9-8698-3e314c379ae5_s.png
"Vyriškas plaukų šampūnas SCHAUMA 3IN1, 400 ml",4.59,https://cdn.barbora.lt/products/e921572d-0502-463f-85a8-2691c83bc44f_s.png
"Vyriškas purškiamasis dezodorantas L'OREAL MEN , 150 ml",5.49,https://cdn.barbora.lt/products/0ad2e316-7c4a-476d-b5aa-62c616bd7184_s.png
"Plaukų lakas GOT2BE Glued, 300 ml",9.49,https://cdn.barbora.lt/products/9f21034f-247e-4409-ad4b-0a9760ed84d1_s.png
"Dubenėlis su dangteliu LUMINARC, 14 cm, 1 vnt.",4.49,https://cdn.barbora.lt/products/0926c2de-37e7-405c-80f6-3a7de54ddae8_s.png
"Serviravimo lėkštė FRIENDS TIME, 21 cm",4.29,https://cdn.barbora.lt/products/e12f2593-0600-45e4-80b9-8807416410b6_s.png
MARGARITA SENSITIVE SKIN micelinis vanduo su  beržų sula ir vaistažolių ekstraktais 200 ml,5.55,https://cdn.barbora.lt/products/2d79aac1-3b20-4ecb-a422-ceca19247e65_s.png
"Kompaktinė pudra MAYBELLINE FIT ME , Nr. 090, 1 vnt.",11.59,https://cdn.barbora.lt/products/cbf28a73-f80c-47ab-bf96-c5f3b1a7ed4a_s.png
"Plaukų šampūnas GLISS Blonde Hair Perfector, 250 ml",6.49,https://cdn.barbora.lt/products/5689f10a-c005-419b-ab4f-4b0f2601ea31_s.png
"Vyriškas purškiamas dezodorantas REXONA INVISIBL.FR.POW, 150ml",4.29,https://cdn.barbora.lt/products/4ac27e57-8c5a-45cb-ab48-5bc6f58661c0_s.png
"Higieniniai paketai NATURELLA Ultra Normal Plus, S2, 18vnt.",2.45,https://cdn.barbora.lt/products/0a8d0dd2-a85a-4b6f-bd69-d0faaa518946_s.png
Skrudintuvas HENSKE TA1703-GS,34.99,https://cdn.barbora.lt/products/da04e335-cbb9-4a8e-9846-ec36d5d62fda_s.png
"Purškiamoji priemonė kačių kvapui ir dėmėms naikinti, 1 vnt.",8.59,https://cdn.barbora.lt/products/c8e97988-69e6-4670-bc88-fa937571dbd2_s.png
"Šveičiamoji pėdų kaukė PARASOFTIN, 1 vnt.",7.99,https://cdn.barbora.lt/products/9a78b412-d927-4165-8855-476da4b6511e_s.png
"Kūno losjonas NEUTROGENA INTENSE REPAIR CICA, 400 ml",10.99,https://cdn.barbora.lt/products/01dfde09-996f-4cc4-a8fb-5ea4a692fb2d_s.png
"Veido kremas L'OREAL SPF20, 50 ml",11.59,https://cdn.barbora.lt/products/cedd4705-e1eb-44dd-a76a-4d212801ffb9_s.png
"Filtruojanti gertuvė AQUAPHOR City, 0,5 l, 1 vnt",11.99,https://cdn.barbora.lt/products/a956c857-d26a-47a7-b352-8d6d9aaa1236_s.png
"Valgomieji ledai SUPER VIVA su kivių, citrinų ir mėtų įdaru, 97 g",1.53,https://cdn.barbora.lt/products/0e3ff484-26be-4d1c-bda7-92fde29ac93b_s.png
"Skutimosi gelis GILLETTE Skinguard Ultra Sensitive, 200ml",6.69,https://cdn.barbora.lt/products/a0fcdc75-eefa-43f5-ba19-88e908c49853_s.png
"Vyriškas dušo gelis FA MEN RED CEDARWOOD, 400 ml",4.99,https://cdn.barbora.lt/products/ed8c6c5e-102e-415d-872d-6a968096671e_s.png
"Moteriškas purškiamasis dezodorantas GARNIER ACTION, 150 ml",5.49,https://cdn.barbora.lt/products/be639c41-b311-4fc2-8d85-1cc799181395_s.png
"Moteriškas purškiamasis dezodorantas GARNIER, 150 ml",5.49,https://cdn.barbora.lt/products/838736c0-7be5-4e9a-b23a-b5e39c523ec0_s.png
"Moteriškas purškiamasis dezodorantas GARNIER, 150 ml",5.49,https://cdn.barbora.lt/products/32b48182-d62b-4f89-a34a-a08110a756a5_s.png
"Vyriškas rutulinis dezodorantas GARNIER MEN, 50 ml",4.99,https://cdn.barbora.lt/products/12665b9f-74f0-4853-b240-814531c5f79a_s.png
"Moteriškas purškiamasis dezodorantas GARNIER INVIS, 150 ml",5.49,https://cdn.barbora.lt/products/a3da4a3d-bf57-4db9-a157-abb27c5d7ad8_s.png
"Moteriškas rutulinis dezodorantas GARNIER , 50 ml",4.99,https://cdn.barbora.lt/products/01e902d5-be2e-4203-a95e-4f4793f82a2d_s.png
"Vyriškas rutulinis dezodorantas FA MEN RED CEDARWOOD, 50 ml",4.49,https://cdn.barbora.lt/products/8e121fba-6846-42f2-962f-99aaa83f2415_s.png
"Vonios burbulas BUBBLES JUICY MELON, 115 g",2.39,https://cdn.barbora.lt/products/c9528090-e874-4bd3-a063-97b97e54377b_s.png
"Drėkinamasis kūno kremas NIVEA FAMILY CARE ALL PURPOSE, 450 ml",9.99,https://cdn.barbora.lt/products/5554a5f1-ef01-47a7-b0a7-f2dff4ec7e4d_s.png
"Dubuo ILAJA SIMPLE, 20 cm",3.49,https://cdn.barbora.lt/products/42371624-3afa-4a05-b01f-531f2e0cff96_s.png
"Minkštas kačių žaislas LOVETT, 1 vnt.",2.99,https://cdn.barbora.lt/products/6d1f26d8-251d-4294-81be-7d3aa2b7dcd6_s.png
"Keraminis gyvūnų dubenėlis LOVETT, 800 ml, 1 vnt.",5.99,https://cdn.barbora.lt/products/20dea290-473f-4bc0-ba4b-95955bafdfe9_s.png
NIVEA MEN Black & White Invisible pieštukinis antiperspirantas Fresh vyrams,3.19,https://cdn.barbora.lt/products/a96c95d2-1ff3-425e-9cac-893cda9203e0_s.png
KILIG RETINOL veido kremas su proretinoliu 50 ml,14.99,https://cdn.barbora.lt/products/80a3c243-805b-4f9f-b373-965ebf8bb79f_s.png
"Elektrinis dantų šepetėlis ORAL-B Vitality Pro, Black, 1 vnt.",45.99,https://cdn.barbora.lt/products/9972ab47-98ae-4913-86de-a0aa211b8e68_s.png
"Aštrus sparnelių padažas POPPAMIES, 340 g",6.49,https://cdn.barbora.lt/products/e27dce69-f70e-48f4-a5ec-eab63e43df50_s.png
"Peilis duonai PRESTO, 20 cm",6.99,https://cdn.barbora.lt/products/89bd3ae9-420e-4428-8f5f-800c1b3849e6_s.png
"Vyriškos skutimosi putos GILLETTE SERIES REVITALISING, 200 ml",4.89,https://cdn.barbora.lt/products/f614dd93-bab2-4f48-9bd3-27e17e541c49_s.png
"Vyriškas rutulinis dezodorantas ADIDAS PRO INVISIBLE, 50 ml",4.89,https://cdn.barbora.lt/products/4550e243-f939-470d-97e9-153d5d5f6094_s.png
"Vyriškas purškiamasis dezodorantas ADIDAS FRESH INDURANCE, 150 ml",4.89,https://cdn.barbora.lt/products/3c4e32d3-d820-4ec1-9cbc-8c5217b5778f_s.png
"Vyriška dušo želė ADIDAS POWER BOOSTER, 250 ml",4.69,https://cdn.barbora.lt/products/e5a47f31-2c2e-4b7f-9bb3-8ef66c42ff25_s.png
"Rankų ir nagų kremas NEUTROGENA NORWEGIAN FORMULA, 75 ml",6.49,https://cdn.barbora.lt/products/60e29516-d2e0-4c21-80b6-4fad9bb3ad64_s.png
Puodelis ILAJA Nordic 370ml,3.49,https://cdn.barbora.lt/products/3daa8681-b64a-4ba0-8fdd-b81e92ba87d0_s.png
Puodelis ILAJA Nordic white 370ml,3.49,https://cdn.barbora.lt/products/d6899a8a-ccf1-4dd7-81a2-dec3bb59dbab_s.png
"Mot. vienkartiniai skustuvai WILKINSON EXTRA3BEAUT, 6 vnt.",4.49,https://cdn.barbora.lt/products/3df5cd66-f2b9-4d1c-a36f-061a1d0c39aa_s.png
Gyvūnų nukailinimo šukos LOVETT,11.99,https://cdn.barbora.lt/products/bf0ebea0-a37d-4e4f-ac0f-14949a835e8b_s.png
"Šaukštas TRAMONTINA Polywood, 1 vnt.",1.99,https://cdn.barbora.lt/products/fc843b6e-708e-4fa2-9e59-8db16ca9261e_s.png
"Plaukų šampūnas PANTENE Infinitely Long Active Nutri-Plex, 400 ml",6.99,https://cdn.barbora.lt/products/550cc5e3-b5c2-4ca6-99f8-f4abed53cdb3_s.png
Gyvūnų šukos LOVETT,3.99,https://cdn.barbora.lt/products/25efa7a2-3879-46c8-8802-ef2160722d27_s.png
"COSRX Advanced Snail 96 Mucin Power Essence esencija, 100 ml",19.99,https://cdn.barbora.lt/products/c0dc584b-747c-43e9-ae21-e5612ed71961_s.png
AQUAFRESH dantų šepetėlis My Big Teeth Soft,3.49,https://cdn.barbora.lt/products/4748eff7-de76-4e9f-9250-1ac4affe4685_s.png
Dubenėlis AURORA Crest Brown 15 cm,5.99,https://cdn.barbora.lt/products/658d856a-7f48-4148-b896-2e36d1b4dea0_s.png
"Plaukų šampūnas MAUI su taukmedžio sviestu, 385ml",13.99,https://cdn.barbora.lt/products/f59a9c41-8b51-4677-a253-bcf594888aa7_s.png
"Lakštinė veido kaukė I'M SORRY FOR MY SKIN SOOTHING, 33 ml",2.49,https://cdn.barbora.lt/products/531de586-7bd9-4ea3-92e3-6cc0fafcb354_s.png
"Plaukų šampūnas HEAD&SHOULDERS Pro Expert 7 Anti-hairfall defence, 250 ml",9.29,https://cdn.barbora.lt/products/446b98c8-a89d-4810-a7f3-a65d539929cc_s.png
"Kūno prausiklis FAITH IN NATURE LEVANDER&GERANIUM, 400 ml",7.99,https://cdn.barbora.lt/products/86228172-9b5f-49bd-99fc-92a81e813291_s.png
"Plaukų šampūnas HEAD&SHOULDERS Classic Clean, 95 ml",3.49,https://cdn.barbora.lt/products/ef1133c1-dff5-407f-9852-dda706df52d6_s.png
"Šunų žaislas, 491012840",6.99,https://cdn.barbora.lt/products/5f2831e1-cef1-4916-8b31-7c18e7614690_s.png
"Ledai AURUM su braškių įdaru, braškių kokteilio skonio, 455 g",4.99,https://cdn.barbora.lt/products/748a1c88-9457-4476-b183-1fcda531f829_s.png
"Moteriškas purškiamasis antiperspirantas REXONA INVISIBLE AQ, 150 ml",4.99,https://cdn.barbora.lt/products/bb01545a-7eca-478f-80b8-477485d6d437_s.png
"JORDAN „Clinic Gum Protector“ burnos skalavimo skystis , 500 ml",7.29,https://cdn.barbora.lt/products/f7f6ea0c-713d-4153-a791-e8030c11d7fb_s.png
"NIVEA SKIN DETOX lakštinė veido kaukė, prisotinta detoksikuojančio serumo, sudirgusiai odai",3.49,https://cdn.barbora.lt/products/3a53acb5-0340-4ae4-b450-d4bcb8bb249b_s.png
Torto serviravimo rinkinys UNIWELL 2vnt.,12.99,https://cdn.barbora.lt/products/11250cd9-31c0-40a7-96a0-2db5cd97a717_s.png
"Stiklinis birių produktų indas ILAJA, 1,7 l, 1 vnt.",3.99,https://cdn.barbora.lt/products/e89c3948-a326-488f-be37-23ab8f2dd7bb_s.png
"Šampūnas GLISS Liquid Silk, 400ml",6.79,https://cdn.barbora.lt/products/ae0379a4-0dcf-4e5e-acfc-b9608eef4127_s.png
"SCHAUMA Men Hair Booster plaukų šampūnas, 400ml",4.59,https://cdn.barbora.lt/products/ebcd53ed-3a4d-4ca6-b935-3081d9d3663e_s.png
"Pjaustymo lentelė, UNIWELL",9.99,https://cdn.barbora.lt/products/304dc047-1cdc-456e-8c3b-471ebd72f925_s.png
Desertinės šakutės UNIWELL Rotondo 4vnt.,5.99,https://cdn.barbora.lt/products/6d952082-a748-480d-8b71-aa046927b890_s.png
Desertinės šakutės UNIWELL Brasio 3 vnt.,3.99,https://cdn.barbora.lt/products/4d077b7e-54e0-4d93-b342-f6a14f423722_s.png
"Kačių šampūnas COMFY NATURAL, 1 vnt.",6.49,https://cdn.barbora.lt/products/14dc4650-e51e-43c0-b363-4352a658a2bf_s.png
ODA PRO Drėkinamasis hialurono rūgšties ir vitamino c serumas ,33.89,https://cdn.barbora.lt/products/3e5f015d-02c5-4d1f-aa40-6ca533a97363_s.png
Birių produktų indas UNIWELL ACACIA 970 ml,6.99,https://cdn.barbora.lt/products/ca2a1c22-2152-49e4-a811-9acb85d3573e_s.png
"Perfecto Cat vitamininė pasta katėms, 100 g",3.99,https://cdn.barbora.lt/products/6bf64515-4ff1-4b35-9c79-0653e60eba7e_s.png
"Vytinta kiaulienos nugarinė MARČIOS VAIŠĖS (pjaustyta), a.r., 200 g",6.49,https://cdn.barbora.lt/products/a7f7778a-8aad-4ea4-8f0f-0c23361e722c_s.png
"Stalo žaidimas DUETO!, 1 vnt.",7.39,https://cdn.barbora.lt/products/6d9dc8a5-0080-4fd5-8d7d-45f4e3558fd8_s.png
"Dantų pasta JORDAN „Kids“ su dozatoriumi (0-5 m.), 150 ml",9.99,https://cdn.barbora.lt/products/5cf654b1-7de9-4493-acb0-ed7742bdda2b_s.png
"HISKIN Crazy Hair Aliejų mišinys mažo ir vidutinio poringumo plaukams su apelsinų kvapu, 100 ml",6.59,https://cdn.barbora.lt/products/c9a13c23-76d5-4b70-8907-755d018581f1_s.png
"Prezervatyvai DUREX SENSUAL NO LATEX, 10 vnt.",8.99,https://cdn.barbora.lt/products/98f5505c-35c4-4add-a9ef-499bb98b79ad_s.png
"Prezervatyvai DUREX SENSUALl XL, 3 vnt.",2.79,https://cdn.barbora.lt/products/933afe28-62d5-4c17-8b84-e11f1992729a_s.png
"Prezervatyvai DUREX SENSUAL EXTRA LUBE, 3 vnt.",2.79,https://cdn.barbora.lt/products/8c2a1b26-1cf0-455f-bb93-7bd8dfe879a6_s.png
"Lėtai virta kiaulienos karka be kaulo GRYNUOLIAI, 1 kg",4.79,https://cdn.barbora.lt/products/4080afe7-5cf8-4628-bbbc-1d1aad3a20ef_s.png
"Keptuvė TEFAL So'light, 22cm",34.99,https://cdn.barbora.lt/products/fcbe6751-839c-40b3-ab06-3f48c5ca55fb_s.png
"Indaplovių indų ploviklio tabletės „Finish Power"", 85 vnt.",19.99,https://cdn.barbora.lt/products/be5a58f7-2f25-45c5-95e8-4ba4de00c1d1_s.png
"Plaukų dažai SYOSS COLOR 10-53 Šaltas labai šviesus,1 vnt.",8.99,https://cdn.barbora.lt/products/46f75bca-055e-4c6f-b42f-1740d15fd5bd_s.png
"Plaukų formavimo kremas TAFT Aloe Boost, 100ml",6.99,https://cdn.barbora.lt/products/cf1ee1ec-7abc-47be-bce0-86e0dc44a071_s.png
Vyriškas dušo gelis OLD SPICE EPIC LEGEND;400ml,5.79,https://cdn.barbora.lt/products/a736cbde-f265-4f06-9259-35c9fa0883cb_s.png
"Kramtukas, mokomasis dantų šepetėlis kūdikiams JORDAN, 0-12 mėn, 1 vnt",5.99,https://cdn.barbora.lt/products/c390244a-f87c-4158-bd69-e282880effc8_s.png
"Dieninis veido kremas moterims, DIVUS, 50ml",2.99,https://cdn.barbora.lt/products/6323dd8e-f230-42da-8c56-ed8a0a1f04bf_s.png
"Sūrio skonio bulvių traškučiai WELL DONE, 180 g",2.69,https://cdn.barbora.lt/products/80d87f61-c765-470a-90ce-38ef6817377d_s.png
Dubenėlis AURORA CONRAN WHITE 11 cm,1.99,https://cdn.barbora.lt/products/907c2c82-a9e4-4745-955b-2ff545393519_s.png
"Bulvių traškučiai CHAZZ THAI, aitriųjų paprikų skonio, 90 g",2.09,https://cdn.barbora.lt/products/fc5da442-77ab-4a28-9e67-4f54a59fd172_s.png
"Pranc garstyčios SUSLAVIČIAUS 200g, 200 g",1.89,https://cdn.barbora.lt/products/52af3257-ea38-4b66-aee5-684274c25414_s.png
"Plaukų šampūnas ""SCHAUMA STRONGER FOR LONGER"" , 400ml",4.59,https://cdn.barbora.lt/products/9027dc27-e93c-4374-ae83-0f2752866e73_s.png
"Greitai paruošiamas raudonojo vyno padažas HEAT & EAT, 230 ml",4.99,https://cdn.barbora.lt/products/64a5687a-c78c-4c11-9b05-592ecf09da3b_s.png
GREEN FEEL'S stiprinantis kondicionierius su 7 žolelių ekstraktu 250ml,3.29,https://cdn.barbora.lt/products/93f59b52-f828-4d2c-838b-4141d6c580c7_s.png
"Dantų šepetėlis ORAL-B Pro-Sensitive Advanced, Gentle Clean, Extra Soft, 2 vnt.",6.29,https://cdn.barbora.lt/products/dca3ab66-f07d-4718-8a53-ba1f031a9bff_s.png
"Dušo gelis OLD SPICE Night Panther, 675ml",8.39,https://cdn.barbora.lt/products/424b330e-808d-4cc7-8618-8ded64c144cd_s.png
"WS HYDRO5 peiliukai, 4+1vnt.",21.19,https://cdn.barbora.lt/products/4286de55-094d-43d9-bac7-a862f57f5a38_s.png
"Kačių žaislas HAPPY TAILS, 6x26cm",3.49,https://cdn.barbora.lt/products/7ac46586-9b55-4629-b40e-705bdf1e1a5b_s.png
"Lėkšt AURORA Vintage Christmas 21cm,star",9.99,https://cdn.barbora.lt/products/4d61dadd-c73c-4d7f-8250-776abea850cb_s.png
Lėkštė AURORA Vintage Christmas 16 cm,7.99,https://cdn.barbora.lt/products/d1eb426e-ea91-4c9e-b107-46009a267f81_s.png
Lėkštė AURORA Vintage Christmas 21 cm,9.99,https://cdn.barbora.lt/products/11774799-4a3b-4f6c-8b9e-54a853fd7b41_s.png
Lėkštė AURORA Vintage Christmas 26 cm,14.99,https://cdn.barbora.lt/products/a31e6e8e-ab03-41f5-9f4d-85a34b342da4_s.png
Pliušinis žaislas-siurprizas Koolkats,4.99,https://cdn.barbora.lt/products/1cb81324-d113-4433-b445-25c618303561_s.png
"Pietų dėžutė 750ml, UNIWELL",12.99,https://cdn.barbora.lt/products/9901bfe7-0812-446d-8782-43309097b9b8_s.png
"Stiklinis Kalėdų eglutės žaisliukas, 5 dizainai",2.99,https://cdn.barbora.lt/products/59ae542f-c0bf-4c6c-a3ac-9775f65b6450_s.png
"Lėkštė AURORA STELLA, 31 cm",9.99,https://cdn.barbora.lt/products/74214c22-50b7-4d15-9b90-432eacb2b150_s.png
"Cukrinė AURORA ADORA WHITE, 220 ml",7.99,https://cdn.barbora.lt/products/b2af47b4-e10c-4fc2-ad1e-9b0e99260712_s.png
"Verkianti lėlė CRY BABIES, Stitch",6.99,https://cdn.barbora.lt/products/0ce39f6d-1366-4f02-8056-19e30374a369_s.png
"Dubenėlis AURORA OPAL, 9 cm",3.99,https://cdn.barbora.lt/products/1096fe76-30f6-4402-8d3c-920cc0dad6e5_s.png
"SENSODYNE dantų pasta Cavity Sensitivity White, 75ml",6.49,https://cdn.barbora.lt/products/9d308b25-e6cf-4214-b67b-00c148b5e64e_s.png
"Pjaustymo lenta ir virtuvinis rankšluostis, 2 x 40 x 70 cm, 1 vnt., 2 dizainai",8.99,https://cdn.barbora.lt/products/db8540a5-f990-48c0-9c16-9bd6103ff584_s.png
"Kepimo forma GUARDINI, 9x5,2 cm",2.99,https://cdn.barbora.lt/products/35fb3187-ee28-436b-be07-7712d2183e49_s.png
"Lėkštė AURORA AYANA DARK, 26 cm",9.99,https://cdn.barbora.lt/products/8a369541-9bb1-41b8-93a9-1411d0b2528e_s.png
"My Love visavertis sausas suaugusių kačių pašaras su vištiena, 900 gr",4.49,https://cdn.barbora.lt/products/e4b6da9d-5deb-4cee-9bba-fd81b067ff85_s.png
"Pakabinama dekoracija, 2 spalvos",3.29,https://cdn.barbora.lt/products/1b320e1f-81f2-46f9-a527-2170470d7c50_s.png
NIVEA MEN Veido kremas vyrams PROTECT&CARE ,9.89,https://cdn.barbora.lt/products/65e76c78-1451-4006-a5ad-fafc30624689_s.png
"Skustuvas GILLETTE MACH3, +2 galvutės",10.69,https://cdn.barbora.lt/products/cb5ce557-0f1a-4d71-938b-d9873cdf64a0_s.png
"Plaukų lakas WELLAFLEX INVISIBLE HOLD, 250 ml",5.39,https://cdn.barbora.lt/products/f65c04bd-d5b6-4aa8-bbbd-6abeb84286b4_s.png
"Plaukų dažai GARNIER COLOR NATURALS, Nr. 1, 1 vnt.",4.99,https://cdn.barbora.lt/products/a79e3949-a73d-42b2-bc82-2813d240d081_s.png
"Purškiamasis plaukų kondicionierius GLISS Color Perfector, 200 ml",7.29,https://cdn.barbora.lt/products/2d4adbb9-cc50-48f8-8a49-347a367c5e4c_s.png
"Kvietiniai dribsniai SKANĖJA, 400 g",0.53,https://cdn.barbora.lt/products/44486a5c-7dfb-4692-803d-7ee30b45e496_s.png
"Vystyklas, 1 vnt.",2.89,https://cdn.barbora.lt/products/9209d931-fad4-4633-9900-a054afebc622_s.png
"Maišytas alyvuogių aliejus FILIPPO BERIO OLIVE OIL, 750 ml",7.79,https://cdn.barbora.lt/products/fea9a315-33df-4af0-ae70-dc3abc69fc39_s.png
NIVEA® Volume Strength šampūnas,4.49,https://cdn.barbora.lt/products/cd336b59-463c-4acf-ad6c-95880380655d_s.png
"Vyriškas veido kremas L'OREAL MEN EXPERT, 50 ml",11.99,https://cdn.barbora.lt/products/2971d203-2678-45f8-9593-6393de4a54a3_s.png
"Veido prausiklis GARNIER PURE, 150 ml",7.49,https://cdn.barbora.lt/products/d56dd7d4-fbee-4df8-83b6-fb987af4cf6d_s.png
"Balzamas GLISS Oil Nutritive, 200 ml",4.79,https://cdn.barbora.lt/products/1c293f7c-ad38-4a88-8325-4ac2491b424f_s.png
"Kepimo indas su dangčiu SIMAX, 3,2 l, 1 vnt.",17.99,https://cdn.barbora.lt/products/4083012e-e07b-4c76-ba7c-e27749d439f0_s.png
"Plaukų dažai L'OREAL EXCELLENCE CREME, Nr. 01, 1 vnt.",10.99,https://cdn.barbora.lt/products/48f2a3ae-f23d-4684-8ba6-e6c9c65dc97f_s.png
"Plaukų kondicionierius NIVEA, 200 ml",4.79,https://cdn.barbora.lt/products/0ed19c52-723f-409e-8c74-ad3011d81f7b_s.png
"Fiksuojamasis dantų protezų kremas BLEND A DENT Complete Strong Hold, Fresh Flavor, 47 g",7.99,https://cdn.barbora.lt/products/9d705175-8219-44bf-98aa-6029564e12ca_s.png
"Sausas šunų ėdalas FRISKIES BALANCE su vištiena ir, 3 kg",9.79,https://cdn.barbora.lt/products/26a2230a-47a1-4cd0-9d27-fdf3cf6a9582_s.png
"Plaukų dažai L'OREAL CASTING CREME GLOSS, Nr. 515, 1 vnt.",10.59,https://cdn.barbora.lt/products/24bc8470-6fdf-42ee-90ff-164292fd9d78_s.png
"Vaik.dantų šepetėlis COLGATE Barbie, 1 vnt.",8.49,https://cdn.barbora.lt/products/f8c43e0b-97ae-49ed-badf-34705afb5f22_s.png
"Dažomasis plaukų kremas SYOSS, Nr. 3-1, 1 vnt.",8.99,https://cdn.barbora.lt/products/83d711ca-595c-47b2-858b-4a88aaf37490_s.png
"Plaukų lakas 4 SEASONS EXTRA, 400 ml",2.65,https://cdn.barbora.lt/products/6f8b25dd-39c3-4e65-8d6b-9bcb33983ee2_s.png
"Depiliacinės veido juostelės BYLY CHOCOLATE, 12 vnt",3.19,https://cdn.barbora.lt/products/186b89c2-fe5d-4f1f-963d-216b138fa8e6_s.png
"Žaliosios alyvuogės FEUDO VERDE su citrinų įdaru, 300 g",1.89,https://cdn.barbora.lt/products/d9b8f155-70fd-4313-9219-51d5b86be947_s.png
"Vyriškas purškiamasis dezodorantas FA MEN SPORT ENERGY BOOST, 150 ml",4.49,https://cdn.barbora.lt/products/18629333-ffda-492e-8642-9b2e50bc6a6f_s.png
"Antklodė ELDORADO HOME, 200 x 220 cm, 1 vnt.",37.99,https://cdn.barbora.lt/products/50eee858-0ff9-40e0-b2b0-9f797f3a336a_s.png
"Vaikiškas šampūnas, balzamas ir dušo želė BUBCHEN (3in1), 230 ml",2.79,https://cdn.barbora.lt/products/f0c13e6f-28dd-4b97-9549-eedc7fdcf162_s.png
NIVEA Rich Nourishing maitinamasis kūno losjonas,10.49,https://cdn.barbora.lt/products/46dc25ac-65fd-47ab-8a16-da56b18981fb_s.png
NIVEA MEN Losjonas po skutimosi PROTECT&CARE ,11.99,https://cdn.barbora.lt/products/13dd0f80-fc35-456a-9c49-e72f8da8b61e_s.png
"Dažomasis plaukų kremas SYOSS OLEO INTENSE, Nr. 9-10, 1 vnt.",9.49,https://cdn.barbora.lt/products/42fe1f81-32d8-4f97-9c73-fa7fed2c3cf2_s.png
"Hermetiškas indelis BORGONOVO IGLOO, 18 cm, 1 vnt.",8.99,https://cdn.barbora.lt/products/0cc97574-4add-4612-88f3-721318b97622_s.png
"Vaikiškas kremas HIPP BABY nuo iššutimų, 100 ml",4.39,https://cdn.barbora.lt/products/ee91a3d1-ea20-4eae-af27-60abb02a753f_s.png
"Lėkštė LUMINARC DIWALI, 25 cm, 1 vnt.",2.99,https://cdn.barbora.lt/products/d9f45671-e68e-4f5d-b521-fa2c572756f7_s.png
"Prezervatyvai DUREX PERFORMANCE INTENSE, 3 vnt.",3.09,https://cdn.barbora.lt/products/18533db7-8a36-402f-bda8-27637220d7b9_s.png
"Priešuždegiminis kremas BUBCHEN, 75 ml",2.95,https://cdn.barbora.lt/products/7b0d9133-dc18-48d0-9ac6-7681d41c52eb_s.png
"Plaukų modeliavimo pasta GOT2B Phenomenal, 100 ml",10.69,https://cdn.barbora.lt/products/328ab431-83f1-4e36-8adb-3a7bea006b70_s.png
"Stalo žaidimas - kaladėlių bokštas, 1 vnt.",11.99,https://cdn.barbora.lt/products/0015abe5-6c0d-4fa4-b197-d7e3b4c8cd3f_s.png
"Plaukų dažai L'OREAL EXCELLENCE CREME, Nr. 10.21, 1 vnt.",10.99,https://cdn.barbora.lt/products/aa7ad0a4-6867-4992-bd41-0142b6441159_s.png
"Vyriškas šampūnas NATURA SIBERICA, 250 ml",6.59,https://cdn.barbora.lt/products/7570461f-1864-4f9f-90d8-a226d605e5fa_s.png
"Veido ir kūno prausiklis SEBAMED SENSITIVE SKIN, 1 l",22.19,https://cdn.barbora.lt/products/5d59cc40-8c6c-4f3d-8ee5-5600cdb9f45e_s.png
"Veido kremas MIXA, 50 ml",11.59,https://cdn.barbora.lt/products/a549ae43-c018-4731-af50-949bc33bb2e0_s.png
"Micelinis vanduo MIXA, 400 ml",9.99,https://cdn.barbora.lt/products/57b69c4e-a31d-469e-84c0-24051acbb84d_s.png
"Vaikiškas dantų šepetėlis HUMBLE BRUSH (rausvas), 1 vnt.",4.09,https://cdn.barbora.lt/products/8ac353e4-e69e-4a7b-ae38-c5447565aee5_s.png
"Plaukų želė VENITA SALON SUPERSTRONG, 150 g",1.09,https://cdn.barbora.lt/products/f974f5ab-1442-4463-a3c8-46ad31965869_s.png
"Puodas BOLLIRE RAVA, 18 cm, 1 vnt.",18.99,https://cdn.barbora.lt/products/3ddc1ac4-d272-48d7-8fbb-ed7eaae06339_s.png
"Naktinis veido kremas L'OREAL REVITALIFT FILLER, 50 ml",21.49,https://cdn.barbora.lt/products/6016813c-0884-40fd-9391-2ac2286e4780_s.png
"Ekologiška vaisių ir uogų PONN (nuo 6 mėn.), 110 g",1.29,https://cdn.barbora.lt/products/81c10e48-92ce-440a-8b14-1bf8f46dc7a8_s.png
"Kalėdinė Dekoracija, lipdukai 31cm",1.99,https://cdn.barbora.lt/products/f0cfc118-8822-4b08-a3c2-1ea0a536bdda_s.png
"Skystasis makiažo pagrindas MAYBELLINE FIT ME, Nr. 105, 30 ml",12.49,https://cdn.barbora.lt/products/a318e55c-fbef-4606-a078-db26143a2b2a_s.png
" Keptuvė UNIWELL, 28 cm",12.99,https://cdn.barbora.lt/products/fe412461-175d-46a5-9824-cfdf019f6697_s.png
"Garnier MICELINIS VANDUO SU ALIEJAIS, 400ML",9.99,https://cdn.barbora.lt/products/05b79c7a-fdb8-4987-aeb8-c9382147c0a6_s.png
"Kūdikių prausiklis SEBAMED, 400 ml",13.29,https://cdn.barbora.lt/products/379ba3e3-e00b-437a-b6e0-3d38c966eb01_s.png
"Lupimo peilis FISKARS ESSENTIAL, 11 cm, 1 vnt.",8.99,https://cdn.barbora.lt/products/35777e30-beab-4f50-bdcb-04cf6fbb1be4_s.png
"Prezervatyvai DUREX INTENSE, 3 vnt.",2.79,https://cdn.barbora.lt/products/aaa59ab9-f9c1-496c-8d60-a61865882a3e_s.png
"Lubrikantas DUREX INTENSE ORGASMIC, 10 ml",7.89,https://cdn.barbora.lt/products/d2451332-525b-45cb-a7e2-6c8f1af6fce7_s.png
"Atstatomasis plaukų balzamas NATURA SIBERICA (ARCTIC ROSE), 400 ml",7.99,https://cdn.barbora.lt/products/b8c1d10d-8392-414c-881a-8eca39c8348e_s.png
"Masažo aliejus WELEDA su arnikomis, 100 ml",14.49,https://cdn.barbora.lt/products/ef77cfeb-073f-40ba-a103-efe119c1eb78_s.png
"Veido šveitiklis GARNIER SKINACTIVEN, 150 ml",7.99,https://cdn.barbora.lt/products/6c44237e-b810-43df-a295-c50d6f9d3eae_s.png
"Plaukų formavimo molis GOT2B Phenomenal, 100 ml",10.69,https://cdn.barbora.lt/products/1de22fc3-f898-4c3e-a25f-1e20a475ec4b_s.png
"Moteriškas rutulinis antiperspirantas NIVEA, 50 ml",4.79,https://cdn.barbora.lt/products/3330a4bb-c9cd-4a94-835c-9262c1ecc2ac_s.png
"Skutimosi želė NIVEA MEN DEEP, 200 ml",5.49,https://cdn.barbora.lt/products/7754beb2-737b-449c-88e4-60ab1474b5d9_s.png
"Keksiukų kepimo forma PYREX MAGIC, 1 vnt.",21.99,https://cdn.barbora.lt/products/f77ddf6f-99e2-46d5-8788-517e466fe011_s.png
"Žaislinis automobilis CARS, 1 vnt.",5.69,https://cdn.barbora.lt/products/a5c843c3-53de-46da-8d40-326ae2de9323_s.png
"Drėkinamasis veido gelis NEUTROGENA HYDRO BOOST, 50 ml",19.99,https://cdn.barbora.lt/products/423961be-1469-42c0-a4d4-c8b85fc34d0e_s.png
"Rankų kremas-gelis NEUTROGENA HYDRO BOOST, 75 ml",7.49,https://cdn.barbora.lt/products/d848587d-fd2e-4af8-9e9b-2dd54d5ea8d2_s.png
"Vyriškas probleminės veido odos kremas VĖJAS, 50 ml",2.79,https://cdn.barbora.lt/products/4f3e5c3b-1e08-491b-886b-d39f8edf2281_s.png
"Vyriškas kūno prausiklis VĖJAS sportuojantiems, 250 ml",1.99,https://cdn.barbora.lt/products/638c13fb-9497-437b-92e8-2b14b36e0003_s.png
"Vyriškas kūno prausiklis VĖJAS su alavijų ekstraktu, 250 ml",1.99,https://cdn.barbora.lt/products/0214b19b-8e9e-4fbe-8ebd-e73ea40628de_s.png
12 keksiukų forma GUARDINI,15.49,https://cdn.barbora.lt/products/106f6416-6578-431f-ab19-94c5dc78fdfa_s.png
"Dažytų plaukų kaukė NIDA su gintaro ektraktais, 200 ml",1.95,https://cdn.barbora.lt/products/ed216885-b18d-4804-804a-56c38abdb2df_s.png
"Drėkinamoji veido kaukė NIDA su hialurono rūgštimi, 75 ml",1.95,https://cdn.barbora.lt/products/54bdd2e3-9fa0-4550-a17e-00a411d3f247_s.png
"Drėk.veido serumas NIDA su gintaro ir alavijų ekstr., 30 ml",2.29,https://cdn.barbora.lt/products/6ca8746a-053b-4e02-a6fd-cea37e92bb26_s.png
"Universalusis veido ir kūno kremas GREEN FEEL'S, 200 ml",3.59,https://cdn.barbora.lt/products/0da8b191-2a0e-462a-8207-d5ac412992a4_s.png
NIVEA Olive drėkinamasis rankų kremas,3.79,https://cdn.barbora.lt/products/df7e8453-d31b-4359-bcbe-a9cae740eb70_s.png
"Veido kremas BIODERMA, 40 ml",16.69,https://cdn.barbora.lt/products/886568f7-a439-4def-b0e0-69aa829e496f_s.png
"Ekol. vaisių ir jogurto tyrelė PONN su sausain., nuo 6 mėn., 110 g",1.25,https://cdn.barbora.lt/products/27328ec9-6947-46ae-94bf-3baa140d8eb6_s.png
"Plaukų modeliavimo pasta SYOSS Texture Clay, 100ml",8.99,https://cdn.barbora.lt/products/4cec6547-3834-4ff8-9893-c202ab4cc581_s.png
"Lėkštė LUMINARC DIWALI, 19 cm, 1 vnt.",2.49,https://cdn.barbora.lt/products/42c984c7-a8b3-4b36-9e88-a8498db9e0ab_s.png
"Purškiamas dezodorantas OLD SPICE Captain, 150ml",5.29,https://cdn.barbora.lt/products/17f8f706-c693-444d-ad64-d130812d2e24_s.png
"Dušo gelis OLD SPICE Captain, 400ml",5.79,https://cdn.barbora.lt/products/28de2c95-ed0e-4482-9ff0-e4704fa272ac_s.png
"Vaikiškas plaukų šampūnas JOHNSON'S su ramunėlėmis, 500 ml",5.29,https://cdn.barbora.lt/products/f56834d5-2ed8-4cf2-9bf9-6db1feb6c65c_s.png
"Elektrinis dantų šepetukas COLGATE, 1 vnt.",8.49,https://cdn.barbora.lt/products/606cda50-e9a6-437f-99a8-d1ef0cae661f_s.png
"Dūmų skonio kepsnių padažas POPPAMIES, 410 g",4.99,https://cdn.barbora.lt/products/b5c96d2e-5964-432d-a77a-7913a6a6d5f7_s.png
"Sunkvežimis su automobiliais, lėktuvu ir kelio ženklais, 1 vnt.",10.99,https://cdn.barbora.lt/products/66530991-e6ab-481f-92df-bbe751c641a3_s.png
ECODENTA organic daugiafunkcė dantų pasta su kanapių aliejumi 75 ml ,6.79,https://cdn.barbora.lt/products/74b70d06-d307-423b-bc68-37b5d76520f9_s.png
"Mot. tualetinis vanduo LA RIVE QUEEN OF LIFE, 75 ml",7.69,https://cdn.barbora.lt/products/733e7212-c4cf-4c75-b58e-fdb7812375a8_s.png
"Lakštinė veido kaukė SKIN PLANET, 25g",2.29,https://cdn.barbora.lt/products/8e3f3cd2-d1e4-4933-b08d-1c4ef9c5f79f_s.png
"Vaikiškas kūno ir plaukų šampūnas FROSCH, 300 ml",3.59,https://cdn.barbora.lt/products/1b2a7581-5a60-4eec-9c22-9ee8d148575e_s.png
"Moteriškas rutulinis dezodorantas FA, 50 ml",4.49,https://cdn.barbora.lt/products/d4b50f70-c8cd-44f6-968e-ffd1cc98cc9c_s.png
"Plaukų šampūnas GARNIER FRUCTIS HAIR, 350 ml",7.99,https://cdn.barbora.lt/products/f28fa815-5dca-418c-8238-18cf26fa717b_s.png
"Dušo gelis OLD SPICE Deep Sea, 400ml",5.79,https://cdn.barbora.lt/products/8756fd0a-8604-4e53-b5be-5518ffd189e1_s.png
"Filtrav.ąsotis AQUAPHOR Smile A5 Mg+2,9L, 1 vnt.",12.99,https://cdn.barbora.lt/products/bbaa2eef-2499-4318-84f0-a7a938e66e30_s.png
"Bambukiniai tarpdančių šepetėliai HUMBLE, D3, 6 vnt., 1 vnt.",4.99,https://cdn.barbora.lt/products/5ef18aa3-99a2-4a73-b5bd-84dc73155425_s.png
"Dubenėlis su dangteliu LUMINARC, 20 cm, 1 vnt.",6.99,https://cdn.barbora.lt/products/f7a26a46-45d4-47b4-b69c-f9505d1d5275_s.png
"Lūpų blizgis MAYBELLINE, Nr. 002-ICE, 1 vnt.",11.99,https://cdn.barbora.lt/products/37d512af-87e8-4e73-b870-1a46930c803c_s.png
"Maitinamasis rankų kremas MARION, 50 ml",2.69,https://cdn.barbora.lt/products/3fe4f28d-b38b-41fd-9db8-c8f3690cc10e_s.png
"Keptuvė SIMPLY CLEAN, 28 cm, 1 vnt.",28.99,https://cdn.barbora.lt/products/aea15181-81f0-45ec-bffd-68d5b5af6f49_s.png
"MARGARITA Lūpų balzamas jautriai odai su bičiu vašku 4,4g",2.79,https://cdn.barbora.lt/products/f3975c53-1dcc-4878-82d9-3916b7716c84_s.png
"Ledai HD FRUIT COLLECTION, 326 g",5.79,https://cdn.barbora.lt/products/1e690fb2-b86d-4d66-8741-fc6fc247e730_s.png
"Plaukų aliejus PANTENE Keratin Protect, 100 ml",11.29,https://cdn.barbora.lt/products/c288b2a4-7133-48a9-bacc-25116f5e3211_s.png
NIVEA MEN HYALURON drėkinantis veido kremas su SPF 15,13.49,https://cdn.barbora.lt/products/61588ebe-a5c9-464d-ab96-959395ada242_s.png
"Lakštinė veido kaukė GARNIER, 28 g",3.49,https://cdn.barbora.lt/products/cbfbf45f-3b56-4a27-bca6-a5a3ce9e941a_s.png
"Puodas su dangčiu GRANDFEU BLUE, 4,7 l",73.99,https://cdn.barbora.lt/products/a809cbd2-ebc7-40da-9913-8de2bf85086e_s.png
"Bambukinis dantų šepetėlis ECODENTA, minkštas",3.99,https://cdn.barbora.lt/products/d6d7b18e-8118-400d-80af-723e3cd81164_s.png
"Kūno prausiklis WELEDA AROMA SHOWER RELAX, 200 ml",10.79,https://cdn.barbora.lt/products/c5648a54-5674-4c54-9421-68b48076df16_s.png
"Skystasis muilas-putos SHIK DELLUXE GEORGINA, 500 g",3.29,https://cdn.barbora.lt/products/7ba78bda-d503-4ef1-95bf-e3b056f071a1_s.png
"Išmanusis telefonas BO INTERACTIVE, 1 vnt.",13.99,https://cdn.barbora.lt/products/482d9149-53df-4188-8d87-fa5f695767e5_s.png
"Mokomasis žaidimas BO EDUCATIONAL SKAIČIAI, 1 vnt.",7.99,https://cdn.barbora.lt/products/a914a294-6b6b-4152-ba32-6fdd5580eae2_s.png
"Plaukų šampūnas HEAD&SHOULDERS Deep Cleansing, 300 ml",9.29,https://cdn.barbora.lt/products/3ab2e7c5-eded-4715-b10d-ac0996688d9d_s.png
"Priemonė šunų šlapimo kvapui ir dėmėms naikinti, 1 vnt.",8.59,https://cdn.barbora.lt/products/5b6692e6-c1e4-4a34-adb3-400400ef08f2_s.png
"El. girlianda, veikianti su baterijomis, 120 LED, 1 vnt.",5.99,https://cdn.barbora.lt/products/a7ce0599-8996-4751-9209-3359663f07c2_s.png
"Kūno šveitiklis GEOMAR DRENANTE, 600 g",10.99,https://cdn.barbora.lt/products/ae03f8c5-00e7-483e-a0d2-83f3ba851dca_s.png
"Barzdos prausiklis King C GILLETTE, 350ml",11.69,https://cdn.barbora.lt/products/67e7c0ac-b36a-4d57-9b4f-0e524af9b774_s.png
"Dantų šepetėliai COLGATE 360° FRESH'N PROTECT, 2 vnt., 2 vnt.",4.69,https://cdn.barbora.lt/products/d61afda5-6a21-48d2-a40f-c5940e90f915_s.png
"Arbūzų skonio plombyras AURUM su arbūzų įdaru, 455 g",4.99,https://cdn.barbora.lt/products/ed19f646-8949-4a94-be8a-85ba657e9c93_s.png
"Elektrinis virdulys HENSKE, 1,7 l, 1 vnt.",22.99,https://cdn.barbora.lt/products/1f212371-e6c8-43cd-a150-0b69324f4f24_s.png
"Kavamalė HENSKE SP7438, 1 vnt.",19.99,https://cdn.barbora.lt/products/a29a6c11-c4d1-4916-b845-b55ffcb3279d_s.png
Rankinis maišytuvas HENSKE HM701A,26.99,https://cdn.barbora.lt/products/97333f4d-06d6-4d46-a2da-94602029f27b_s.png
MARGARITA MOIST & MINERALS drėkinamasis veido kremas su mineraliniu vandeniu „Birutė“ 50 ml,10.59,https://cdn.barbora.lt/products/498565dc-cee8-427e-aa32-91e00f63d8fd_s.png
"Higieniniai vatos pagaliukai SEPTONA ECOLIFE, 100 vnt., 1 vnt.",0.95,https://cdn.barbora.lt/products/34dfcaac-8748-40aa-9177-f9c5e5796ecf_s.png
"Vaisių ir daržovių peilis FISKARS, 1 vnt.",15.99,https://cdn.barbora.lt/products/7a8d33c5-c402-4887-ae4f-e740c07c04a2_s.png
LED kosmetinis veidrodis GI-17035,12.99,https://cdn.barbora.lt/products/c0ac1fd8-553e-4fbb-a38c-cd4df8da7ba5_s.png
"Plaukų kondicionierius SCHAUMA REPAIR&CARE, 250 ml",3.69,https://cdn.barbora.lt/products/0c5e4212-9fcf-45f6-b443-54efd39c504c_s.png
Lėkštė AURORA PEARL CLASSIC GREEN 19 cm,3.99,https://cdn.barbora.lt/products/c81979a8-252b-4ff3-8d87-738df23ee06b_s.png
Lėkštė AURORA PEARL CLASSIC GREEN 24 cm,6.99,https://cdn.barbora.lt/products/e1bb511c-4f97-4378-af0b-3080c1364ba0_s.png
"Puodelis su lėkštute AURORA PEARL DARK, 220 ml, 1 vnt.",6.99,https://cdn.barbora.lt/products/d59588e1-63ef-45cb-90a1-22eef478dba5_s.png
"Nosies plaukų kirptuvas HENSKE NT-200, 1 vnt.",9.99,https://cdn.barbora.lt/products/dc8c6ef7-02fa-4d79-b1d7-6e48b77684d8_s.png
"Moteriškas purškiamasis dezodorantas GARNIER PROTECTION, 150 ml",5.49,https://cdn.barbora.lt/products/a301a5e7-da44-4c94-b0c7-ea241cc8855a_s.png
"Plaukų dažai SYOSS OLEO INTENSE, Nr. 7-77, 1 vnt.",9.49,https://cdn.barbora.lt/products/26e5a04c-bf0c-48c3-bdcf-4bd7d97f2497_s.png
ECODENTA gaivus ir dantenas apsaugantis skalavimo skystis su arbatmedžio aliejumi 500 ml,6.35,https://cdn.barbora.lt/products/79c32822-09d7-43e3-8827-32a3593da088_s.png
"Gertuvė UNIWELL, 800 ml, 1 vnt.",9.99,https://cdn.barbora.lt/products/d21b2275-6460-467c-bd0d-62133ccdcdf8_s.png
Termosas 1L UNIWELL,13.99,https://cdn.barbora.lt/products/a88b2f87-259f-4221-8cdc-8da681e209c1_s.png
"Vyriškas tualetinis vanduo ADIDAS ICE DIVE, 100 ml",19.39,https://cdn.barbora.lt/products/355279c3-ba5e-40e3-be83-fecea268fdc5_s.png
"Vyriška dušo želė ADIDAS AFTER SPORT, 250 ml",4.69,https://cdn.barbora.lt/products/2ec4e446-03c4-4d53-a930-f0ef4a0595b6_s.png
"Moteriškas rutulinis dezodorantas ADIDAS PRO INVISIBLE, 50 ml",4.89,https://cdn.barbora.lt/products/077246aa-d612-4a89-9c5c-5a0ab5cfc9f1_s.png
"Vyriškas purškiamasis dezodorantas ADIDAS PRO INVISIBLE, 150 ml",4.89,https://cdn.barbora.lt/products/a535067d-9359-4a16-a3bb-37f46269d1a6_s.png
"Vyriškas rutulinis dezodorantas ADIDAS FRESH ENDURANCE, 50 ml",4.89,https://cdn.barbora.lt/products/74899f20-9f70-47b4-932e-34f295207732_s.png
"Plaukų kaukė GREEN FEEL'S, 200 ml",4.79,https://cdn.barbora.lt/products/4e9eeeae-73b6-4057-b27b-b3a67cab578d_s.png
ARAS DRĖKINAMASIS BALZAMAS PO SKUTIMOSI JAUTRIAI ODAI 100 ML,9.99,https://cdn.barbora.lt/products/6f902584-c302-4ca6-bb1f-fb7733b5caf6_s.png
"Plaukų kondicionierius SYOSS Oleo Intense, 250 ml",7.49,https://cdn.barbora.lt/products/7d419fe7-59ce-45b5-8fab-d6dc13a70d43_s.png
"Dantų pasta COLGATE MAX WHITE ULTRA FRESHNESS PEARLS, 50 ml",9.99,https://cdn.barbora.lt/products/9da361d7-ab40-4f18-b7f9-cb7e27a25c1c_s.png
"Moteriškas purškiamasis dezodorantas FA ORIENTAL MOMENTS, 150 ml",4.49,https://cdn.barbora.lt/products/5f013b0a-fd0a-4681-8c01-b82caac46a29_s.png
"Moteriškas purškiamasis dezodorantas REXONA SEXY BOUQUET, 200 ml",5.99,https://cdn.barbora.lt/products/db8f4a54-35cc-48b4-85fb-2b9425a35578_s.png
"Ekologiška košė PONN su pienu ir vaisiais, nuo 6 mėn., 110 g",1.29,https://cdn.barbora.lt/products/04a5eff7-28a6-4a65-81eb-480cdaa78d8f_s.png
Kokteilių taurės Sante Gin Tonic 560 ml 4vnt,14.99,https://cdn.barbora.lt/products/07a2a864-acf1-47c0-87fc-2699711c63a6_s.png
RASA CLEAN EFFECT Dvifazis akių makiažo valiklis 150 ml,6.35,https://cdn.barbora.lt/products/d5716f8b-0b16-4351-beb2-64cc48e6ac17_s.png
"PONN ekologiška džiovintų slyvų tyrė (4 mėn.), 100 g",1.29,https://cdn.barbora.lt/products/26b1f3e2-282b-4bfd-b956-2c55931c3798_s.png
Stiklinės AURORA NOLA 440 ml 6 vnt.,14.99,https://cdn.barbora.lt/products/be7794db-b983-4084-a16b-ec77fd1a273b_s.png
NIVEA ALOE & HYDRATION kūno losjonas,10.69,https://cdn.barbora.lt/products/50dcfd74-bfe1-4db0-a85a-ef56000a5b81_s.png
"Kočėlas ILAJA, 15x23 cm",4.99,https://cdn.barbora.lt/products/9c5f3c79-a797-4ee3-8704-55fbdb7e37d5_s.png
Mentelė ir sausainių formelė,4.99,https://cdn.barbora.lt/products/161fcdcc-5d0e-4b72-9730-749941ee03aa_s.png
"Kepinti ir sūdyti žemės riešutai WELL DONE, 140 g",1.55,https://cdn.barbora.lt/products/95cc3b65-cb4b-406c-93a1-035ce7d95fd1_s.png
Lakštinė veido kaukė MJCARE PEARL 22 g,1.69,https://cdn.barbora.lt/products/2234fb04-7a40-48a6-a503-c4bf849cd8a6_s.png
"Valgomieji ledai HAAGEN DAZS, braškių ir aviečių skonio, 364 g",5.79,https://cdn.barbora.lt/products/98f7a826-1757-4bb0-9e93-b4d1fb6341d4_s.png
"Veido kaukė BEAUUGREEN, 30 g",3.49,https://cdn.barbora.lt/products/e51a8751-3932-4816-bfed-6a5163d34b13_s.png
RASA HAIR REPAIR SYSTEM Atkuriamasis plaukų kondicionierius 200 ml,6.99,https://cdn.barbora.lt/products/66c555b9-0ad3-4e63-833a-7abebfe59949_s.png
RASA AGE CONTROL Stangrinamoji lakštinė veido kaukė 23 g,4.89,https://cdn.barbora.lt/products/70d3e26f-fe67-4ad8-8c13-a59c4966cebc_s.png
"Plaukų kondicionierius MAUI su taukmedžio sviestu, 385ml",13.99,https://cdn.barbora.lt/products/876bf239-2f67-48cf-812d-ff77128b1a3e_s.png
"Lakštinė veido kaukė I'M SORRY FOR MY SKIN, 33 ml",2.49,https://cdn.barbora.lt/products/da0af717-4135-47ad-a119-4767ec83545a_s.png
"Drėkinamasis kremas NEUTROGENA CLEAR & DEFEND, 50 ml",10.99,https://cdn.barbora.lt/products/35b20f49-ba4c-458a-b623-0e0eb1c11335_s.png
"Pieštukinis dezodorantas OLD SPICE Rockstar, 50ml",5.29,https://cdn.barbora.lt/products/1b0e72af-1580-4807-8737-2975525612e6_s.png
"Barzdos ir veido drėkiklis King C GILLETTE, 100ml",11.99,https://cdn.barbora.lt/products/7174ea21-f045-4a0d-a16c-b1a468f6d825_s.png
"Plaukų šampūnas HEAD&SHOULDERS Pro Expert 7 Persistent Dandruff, 250 ml",9.29,https://cdn.barbora.lt/products/0ea11994-edfc-4ab7-bfa3-083040248bde_s.png
"Plaukų šampūnas FAITH IN NATURE DRAGON FRUIT, 400 ml",8.99,https://cdn.barbora.lt/products/56989837-9ed7-43e8-b852-1a85c2725a03_s.png
"Moteriškas rutulinis dezodorantas FA FEEL REFRESHED, 50 ml",4.49,https://cdn.barbora.lt/products/30206450-8115-4472-a671-5503771f2947_s.png
"Plaukų želė TAFT Maxx Power, 150 ml",5.49,https://cdn.barbora.lt/products/2973755c-48ac-4aa1-98a0-983b2841e66a_s.png
"Plaukų šampūnas SYOSS Intense Plex, 440 ml",7.49,https://cdn.barbora.lt/products/48bf8e23-ed76-455d-b962-42e5718991e3_s.png
"Plaukų kondicionierius SYOSS Intense Plex, 250 ml",7.49,https://cdn.barbora.lt/products/98234531-9100-49f1-a16a-0bba9c83520b_s.png
"Kūno kremas MIXA CERAMIDE PROTECT, 400 ml",14.99,https://cdn.barbora.lt/products/acd3a4e7-e688-46a2-9ae6-d27c93499f94_s.png
"Kūno kremas MIXA UREA CICA REPAIR, 400 ml",14.99,https://cdn.barbora.lt/products/10e721c1-65cc-4e95-bcf9-43920c7b4df8_s.png
"Pleistrai PUREDERM TROUBLE CLEAR SPO, 22 vnt., 1 vnt.",4.99,https://cdn.barbora.lt/products/a6bd7f9c-aa41-4f39-98d3-4cb6bff9ff02_s.png
"Blakstienų tušas MAYBELLINE  META BLACK, 1 vnt.",14.99,https://cdn.barbora.lt/products/65ffccb5-1324-48ae-9048-fe19034551bd_s.png
"Antakių klijai MAYBELLINE , Nr. 000 CLEAR, 1 vnt.",10.39,https://cdn.barbora.lt/products/aef0bed4-af04-4deb-86e8-a68c76f837f3_s.png
"Viršutinis nagų lako sluoksnis RIMMEL7IN1, 12 ml",5.49,https://cdn.barbora.lt/products/f1665032-a6a3-44c0-ba7a-bea12e02183f_s.png
"Vyriškas purškiamasis dezodorantas REXONA INVISIBLE, 150 ml",4.99,https://cdn.barbora.lt/products/231f7b5c-dcd5-4b85-94c0-f5685e5d6953_s.png
"Vyno taurės AURORA Moments 400 ml 4 vnt, 4 vnt.",19.99,https://cdn.barbora.lt/products/ddf4a3d2-49ea-414d-ac3e-9d8b1887208f_s.png
"COSRX The Hyaluronic Acid 3 Serum serumas, 20 ml",21.99,https://cdn.barbora.lt/products/9fc3d01c-55d2-43de-98b5-954cf294f8ea_s.png
"Plaukų šampūnas HEAD&SHOULDERS DEEP HYDRATION, 500 ml",9.59,https://cdn.barbora.lt/products/8749169b-c221-4a92-9f19-fe10c1c9a87b_s.png
"Dušo želė DERMOMED SENSUALITY ARGAN, 750 ml",2.99,https://cdn.barbora.lt/products/3e14b9c8-fcca-4c2c-842e-781db2c56b30_s.png
"Kūno balzamas NEUTROGENA DEEP MOISTURE, 400 ml",11.79,https://cdn.barbora.lt/products/59e3d638-b2fe-419e-ba3d-dd040b5a5e14_s.png
Plaukų šampūnas HEAD&SHOULDERS CITRUS;800ml,13.99,https://cdn.barbora.lt/products/e1678630-a39b-47ad-ae3d-656eca1bcfc1_s.png
"Dubenėlis AURORA WHITE 22cm,stačiakampis",5.99,https://cdn.barbora.lt/products/92e5b77b-b51d-4d0e-8529-6c4beec90844_s.png
Dubenėlis AURORA GOLDRIM 16 cm,5.99,https://cdn.barbora.lt/products/5fcd34d2-b636-49e4-b5f2-ee72a5c027d3_s.png
"Greitai paruošiami makaronai MAGGI, daržovių skonio, 59.2 g",0.39,https://cdn.barbora.lt/products/3d94a96c-4052-43e8-b115-065064f54fc6_s.png
"Birių produktų indas UNIWELL CLIP 1,8 L",5.99,https://cdn.barbora.lt/products/b0881970-f866-4d8d-aa02-e81c1cce55a7_s.png
"Veido kremas WELEDA WILD ROSE&WHITE TEA, 40 ml",23.99,https://cdn.barbora.lt/products/ecbe7d86-1663-436e-9ac7-41d581448fdf_s.png
"Plaukų kaukė GLISS Blonde Hair Perfector, 150 ml",7.99,https://cdn.barbora.lt/products/739a21fe-c6ac-469b-adb8-b64b55f8e034_s.png
"Plaukų kaukė AUSSIE SOS Hydrate, 500 ml",18.99,https://cdn.barbora.lt/products/0fd1c107-b1f0-4a3d-acca-f425b7a1c7fc_s.png
"Plaukų šampūnas AUSSIE SOS Blonde&Hydrate, 300 ml",10.99,https://cdn.barbora.lt/products/0879f794-d907-4520-b932-529c1904de75_s.png
"Plaukų šampūnas PANTENE Thick&Strong Active Nutri-Plex, 400 ml",6.99,https://cdn.barbora.lt/products/28c5ae8d-07be-4b9d-b9a6-46641e1f8712_s.png
Skustuvas GILLETTE FUSION + sk. galvutės 5vnt.,25.49,https://cdn.barbora.lt/products/282d4609-d95a-47c5-92d5-efae4923e32a_s.png
"NEUTROGENA Hydro Boost aqua valomasis gelis, 200ml",8.99,https://cdn.barbora.lt/products/c3b721bb-514e-4369-a12c-dcdfc2067a60_s.png
"Interakt. žaisl. Gecko HEX BOTS, 6070281",49.99,https://cdn.barbora.lt/products/8f1962f1-fcf0-4c62-a9a2-aa6924cd3776_s.png
"LISTERINE Total Care Extra Mild burnos skalavimo skystis, 500ml",8.49,https://cdn.barbora.lt/products/7bdbc57d-2cd4-4731-8e42-fc7b8455367a_s.png
"Beauty of Joseon Ginseng Cleansing Oil valomasis aliejus, 210 ml",22.49,https://cdn.barbora.lt/products/baaf6387-8fee-4273-87ae-976ec2e79d62_s.png
Šaukštai UNIWELL Baguette 4 vnt.,9.99,https://cdn.barbora.lt/products/4ac1971c-0833-458b-8769-a0cd4e67823c_s.png
"Pjaustymo lentelė, UNIWELL 30cm",9.99,https://cdn.barbora.lt/products/249770cc-2f35-466c-9021-fc1241d8e6fc_s.png
Torto mentelė UWINELL Baguette,5.99,https://cdn.barbora.lt/products/fc713fc1-8d19-4b3a-b971-d3071ff9afed_s.png
"HISKIN Crazy Hair Minkštinantis kondicionierius sausiems ir pažeistiems plaukams su bananų aromatu,",6.99,https://cdn.barbora.lt/products/12a3c779-6fa8-4699-9241-5c64431ef03c_s.png
KILIG HAIR BOOST kondicionierius su ricinos aliejumi 200 ml,5.15,https://cdn.barbora.lt/products/b156339a-c16c-4f1e-8250-0f26f6ae3a1f_s.png
"KILIG HAIR BOOST serumas su ricinos aliejumi, 100 ml",8.15,https://cdn.barbora.lt/products/82502445-e6e2-4c58-8909-7d2cc397ed98_s.png
Kūno prausiklis B.FRESH YOU'RE ONE IN A M.473,7.49,https://cdn.barbora.lt/products/d62d922d-13ac-4b25-bb42-05dbe24eff75_s.png
"Micelinis vanduo NIVEA, 100 ml",4.49,https://cdn.barbora.lt/products/3c50de8a-0c89-4fbc-8144-df9118849b58_s.png
"Lėkštė AURORA WAVES 22x11cm, stačiakampė",4.99,https://cdn.barbora.lt/products/e4d56257-6530-4bee-aa1a-360806b50902_s.png
ELSEVE  kaukė 300 ml,9.19,https://cdn.barbora.lt/products/5f4be14d-9c18-43ac-bada-587325ca6f38_s.png
"ELSEVE  kondicionierius, 150ml",10.09,https://cdn.barbora.lt/products/e916f6b6-db38-40e4-a5a7-250997a61548_s.png
"Traškus užkandis PRINGLES, kepsnio skonio, 165 g",2.99,https://cdn.barbora.lt/products/7b1738d5-5ffd-495b-8b10-937a6129f5e3_s.png
"NIVEA Soft drėkinamasis kremas veidui, kūnui, rankoms",10.99,https://cdn.barbora.lt/products/40f6c8c7-412d-47a7-b5af-b6c1762063cd_s.png
"Šunų žaislas LOVETT Strong,NEWU131AM",9.99,https://cdn.barbora.lt/products/f38e3c88-e7f6-4b80-b8c3-fcffb87695f8_s.png
"Plaukų kaukė PANTENE Bond Repair, 300 ml",15.59,https://cdn.barbora.lt/products/bb5d3b81-3721-43d1-b6ff-86d8977b3fad_s.png
"Modelinas HEY CLAY, 3 vnt.",4.99,https://cdn.barbora.lt/products/6eeea14c-7bf8-4ce1-a07b-5432e1bb1781_s.png
"Svogūnų laiškų skonio bulvių traškučiai WELL DONE, 180 g",2.69,https://cdn.barbora.lt/products/67ec08cd-c442-409e-86fa-a70446d19b03_s.png
"Šunų pavadėlis FLEXI BLACK DESIGN, M dydis, juostinis, 5 m, 1 vnt.",21.99,https://cdn.barbora.lt/products/4c29be4c-a8b2-48de-9503-5f02590d8c4b_s.png
"Greitai paruošiamas citrinų padažas HEAT & EAT, 230 ml",4.99,https://cdn.barbora.lt/products/23da80b9-a768-4c5c-8578-e982c0dbcbfc_s.png
"Maybelline New York Lifter Glaze, 007 Berry Haze",10.99,https://cdn.barbora.lt/products/0b4e04a2-dc61-4b64-90f5-650621811199_s.png
GREEN FEEL'S šampūnas nuo pleiskanų 400ml,3.29,https://cdn.barbora.lt/products/f3164ef1-88ef-4f36-b047-7b54e0e8ad44_s.png
"TIRTIR Collagen Lifting Eye Cream paakių kremas, 15 ml",23.99,https://cdn.barbora.lt/products/bf71a71d-3ab1-44f6-a8be-e0d45991d37d_s.png
"TIRTIR Milk Skin Toner Light tonikas, 150 ml",24.99,https://cdn.barbora.lt/products/40272c77-8d12-4102-b418-fcb0efaa6336_s.png
"Dantų šepetėlis ORAL-B Pro-Sensitive Advanced, Gentle Clean, Extra Soft, 1 vnt.",4.49,https://cdn.barbora.lt/products/ba9107f1-7334-497d-ad58-20c6154f22e3_s.png
"Dantų šepetėlis ORAL-B Pro-Expert Advanced, Deep Clean, Medium, 2 vnt.",6.29,https://cdn.barbora.lt/products/226a0351-6e15-466a-8fa0-42f3479f9f2c_s.png
"L'OREAL PARIS, MEN EXPERT HYDRA ENERGETIC, dušo želė, 400 ml",6.99,https://cdn.barbora.lt/products/1db72708-d5ca-435a-a9a9-1aac7ac1068d_s.png
"L'Oréal Paris Men Expert Magnesium Defense dušo želės, 400 ml",6.99,https://cdn.barbora.lt/products/84766288-f406-4244-a686-6e493e88c0bc_s.png
"L'Oréal Paris Revitalift Laser tripeptidų serumas, 30 ml",22.39,https://cdn.barbora.lt/products/eb54c78e-dd44-4aba-8ec3-7e72f359b796_s.png
Vonios putos IEVA sandalmedžio ir gintaro 1 L,5.49,https://cdn.barbora.lt/products/6a6d4031-c145-4e13-bb0b-6fe01db87082_s.png
"Staltiesė 148x250cm, 2 dizainai",16.99,https://cdn.barbora.lt/products/5e57eb02-b9a7-4615-a913-2e1f724b0347_s.png
"Puodelis ILAJA CHRISTMAS DOGO, 400 ml",4.99,https://cdn.barbora.lt/products/5c6cc2ae-5e16-4faa-b0df-31918bbaf838_s.png
Puodelis AURORA Vintage Christmas 350 ml,9.99,https://cdn.barbora.lt/products/56c58b1e-ad26-4a3b-ab59-635de1ce75f9_s.png
Puodelis su lėkštute AURORA Royal Gold220ml,11.99,https://cdn.barbora.lt/products/bb162f28-6586-4de8-872f-36332cf576b7_s.png
Puodelis su lėkšt AURORA Royal Blue220ml,11.99,https://cdn.barbora.lt/products/9865b600-536b-4bca-a94a-161075f0b642_s.png
Šaukšteliai UNIWELL Christmas 4 vnt.,11.99,https://cdn.barbora.lt/products/346ad9a8-ba2c-4476-9cf8-5bbec10d5d47_s.png
HAPPY Baby vonios putos 400ml,4.99,https://cdn.barbora.lt/products/ef6cfdf4-94a9-43a4-8be0-2c0e9755a1c0_s.png
"Tortinė AURORA ROYAL GOLD, 31 cm",15.99,https://cdn.barbora.lt/products/c1cab884-ee2b-4561-9a4b-4e0e23444f9b_s.png
"Lėkštė AURORA OPAL, 20 cm",6.99,https://cdn.barbora.lt/products/16a3423c-4fc5-4206-b9b8-48e469e7e299_s.png
"Aerozolinis dezodorantas ""FA CALMING Glowing Gardenia"", 150ml",4.49,https://cdn.barbora.lt/products/84b5f0d1-eb2a-4939-9f17-946753170c41_s.png
Kočėlas ILAJA,8.99,https://cdn.barbora.lt/products/7e81b0d3-b469-4b46-8a27-eac83dfbecb4_s.png
"Pjaustymo lentelė UNIWELL, 48x19.5 cm",13.39,https://cdn.barbora.lt/products/ddd5711e-0ab5-4f49-8c2b-3d5a3969cc7c_s.png
NIVEA ACTIVE CLEAN šampūnas plaukams vyrams 500 ml,7.99,https://cdn.barbora.lt/products/9224d8f6-ef1e-49cf-bad9-9993aaff7a56_s.png
"Silikoninis teptukas, UNIWELL",4.99,https://cdn.barbora.lt/products/7a3e6df9-2fba-4731-bc9f-f56f0d6e8145_s.png
"Dantų pasta ORAL-B 3D White Advanced, Luxe Perfection Advanced Whitening, 75 ml",7.49,https://cdn.barbora.lt/products/8697356c-31e0-4af5-a4b4-f22da111faf2_s.png
"Puodas su dangčiu UNIWELL, 20cm",22.99,https://cdn.barbora.lt/products/28325f95-d4ab-45d8-a6a7-6ac2605be741_s.png
"Plaukų serumas AUSSIE Oh My Gloss, 160 ml",10.99,https://cdn.barbora.lt/products/ffdb5841-3a08-4355-8b4f-c16d7cac947d_s.png
"Šunų žaislas, 348000610, 3 dizainai",4.29,https://cdn.barbora.lt/products/3c88a3db-babf-4300-b260-990cf9e5afd9_s.png
"Gili Lėkštė AURORA AYANA DARK, 21 cm",9.99,https://cdn.barbora.lt/products/31da1591-3624-404e-a33a-b1faf08344bb_s.png
"Dubuo AURORA AYANA DARK, 16 cm",7.99,https://cdn.barbora.lt/products/04a8aaae-ea12-4f01-b518-f26aed9c553d_s.png
"Dubuo AURORA AYANA DARK, 20 cm",9.99,https://cdn.barbora.lt/products/813c011e-3f2f-47a1-84d4-1e13bf0f9292_s.png
"Dekoratyvinė pagalvėlė, 45 x 45 cm, 1 vnt., 3  spalvos",12.99,https://cdn.barbora.lt/products/251a8501-cf14-417b-ba2e-c6a4757d57cd_s.png
"Stiklinė su šiaudeliu ILAJA CHRISTMAS, 500 ml, 1 vnt.",4.99,https://cdn.barbora.lt/products/5d1b5f40-6a4e-4153-b007-8b391de6050c_s.png
"Girlianda, 2m",1.49,https://cdn.barbora.lt/products/d3f2a598-54d6-4f3f-bd20-d3c595bb7340_s.png
"Girliandų tvirtinimo juostelės, 8vnt.",1.99,https://cdn.barbora.lt/products/8c48a4fb-d13f-43e0-801f-e38e78e21c6a_s.png
"Kepimo forma TVS, 25x18 cm",13.99,https://cdn.barbora.lt/products/07a70666-38d0-4de4-9dde-3f779daa64a7_s.png
"Vištienos prieskonių mišinys CRISPY CHICKEN MAGGI AIR FRYER, 70 g",0.69,https://cdn.barbora.lt/products/49c2704f-8505-42ce-b896-a9a616a046a5_s.png
"Brecelių gabaliukai ELEPHANT, SRIRACHA sūrio skonio, 125 g",2.99,https://cdn.barbora.lt/products/b21cf9f8-1a6a-48ea-8010-d06a35f09afa_s.png
"Brecelių gabaliukai ELEPHANT, medaus ir garstyčių skonio, 125 g",2.99,https://cdn.barbora.lt/products/9c46bf97-2446-482e-a827-19ed9c68502d_s.png
"Brecelių gabaliukai ELEPHANT, barbekiu skonio, 125 g",2.99,https://cdn.barbora.lt/products/a339f03d-cf09-448f-b690-0ec5047092d1_s.png
NIVEA Q10 ANTI-WRINKLE POWER STANGRINAMASIS DIENINIS KREMAS SU SPF15,19.99,https://cdn.barbora.lt/products/15325268-3e6b-4676-bd38-72df03ae6b38_s.png
NIVEA Q10 ANTI-WRINKLE POWER GILIAI REGENERUOJANTIS NAKTINIS KREMAS,19.99,https://cdn.barbora.lt/products/256b2748-3224-44c9-a87c-ff97d54d6393_s.png
"Losjonas po skutimosi GILLETTE Refreshing, 100ml",9.29,https://cdn.barbora.lt/products/7025587c-b82b-41da-9ef3-b20b6bd2ac45_s.png
"Kūdikių kosmetinis kremas BUBCHEN, 75 ml",2.85,https://cdn.barbora.lt/products/5115303c-abf9-48d6-b596-a4f8bf9294b0_s.png
"Silkinė LUMINARC FESTON, 22 cm",4.99,https://cdn.barbora.lt/products/96e941ba-168d-4fe5-bd36-f53beaf8d620_s.png
"Kiniškas tamsusis sojų padažas CHAIN KWO, 623 ml",2.99,https://cdn.barbora.lt/products/31fe36d0-3ea7-4f53-bd47-9b90f820c31e_s.png
"Vyriškas tualetinis vanduo BI-ES BRANDY GOLD, 100 ml",6.99,https://cdn.barbora.lt/products/466d161c-9c64-4808-9ece-8295b996135c_s.png
"Salotinė LUMINARC FESTON, 16 cm, 1 vnt.",2.09,https://cdn.barbora.lt/products/4c9b674e-cc04-4867-a4df-7b77b943068c_s.png
"KOTANYI kiaulienos prieskoniai, 47 g",0.97,https://cdn.barbora.lt/products/50f3c454-00e2-429e-a744-51517d2f96dd_s.png
"Stiklinis dangtis LET'S COOK, 26 cm, 1 vnt.",6.49,https://cdn.barbora.lt/products/6b9c8679-2728-449b-a7db-c18c74c1597b_s.png
"Kojų ir kūno depiliavimo vaško juostelės „Veet Easy Gel“, skirtos jautriai odai, 12 vnt.",7.99,https://cdn.barbora.lt/products/3746c2c5-699b-4dec-96f8-ca3c824d80a4_s.png
"Vaikiškas kūno aliejus HIPP BABY SANFT, 200 ml",4.75,https://cdn.barbora.lt/products/0110f758-46c3-47e1-bb1c-d36bbae50a9e_s.png
"Silikoninis dantų šepetėlis CANPOL BABIES (nuo gimimo), 1 vnt.",2.29,https://cdn.barbora.lt/products/3fbdb3ab-bf78-4f54-9e7d-e8e9ac2aad62_s.png
"Automodelių rinkinys HOT WHEELS, 3 vnt., 1 vnt.",10.99,https://cdn.barbora.lt/products/27e7dcad-cb8c-49d6-ae59-2d6517c0789a_s.png
"Šukuosenos modeliavimo pasta GOT2B, 100 ml",10.69,https://cdn.barbora.lt/products/25cfeab3-9d1d-4c10-bc4b-8647186f15e6_s.png
"Plaukų dažai L'OREAL EXCELLENCE CREME, Nr. 10, 1 vnt.",10.99,https://cdn.barbora.lt/products/c28b880a-4c93-46a8-8f9d-0dc7ff52800f_s.png
"Dantų šepetėlis JORDAN INDIVIDUAL CLEAN MEDIUM, 1 vnt.",3.79,https://cdn.barbora.lt/products/7e3e9922-5e51-4f4b-a49c-52a263f3166d_s.png
"Stiklinis dangtis TEFAL, 28 cm, 1 vnt.",29.99,https://cdn.barbora.lt/products/551586b0-0934-4206-8534-93621d2104f6_s.png
"Plaukų šampūnas SCHAUMA Q10, 400 ml",4.59,https://cdn.barbora.lt/products/987d5eaa-76ac-49fb-99a0-8573b04abe4b_s.png
"Vyriška dušo želė FA COOL EXTREME, 250 ml",3.89,https://cdn.barbora.lt/products/06e31ce2-f2cf-4a67-9a6a-ac1b369982b5_s.png
"Burnos skalavimo skystis LISTERINE FRESH, 500 ml",7.99,https://cdn.barbora.lt/products/2298f710-0bb1-4680-b271-32da1194e1a9_s.png
"Vyriškas tualetinis vanduo CASH, 100 ml",7.69,https://cdn.barbora.lt/products/f8487778-216b-47e7-b158-546628b1af38_s.png
"Blakstienų tušas L'OREAL VOLUME BLACK, 9 ml",15.99,https://cdn.barbora.lt/products/0141a832-b2f3-4432-a09e-2b92ba5006a5_s.png
"Dažomasis plaukų kremas SYOSS, Nr. 4-2, 1 vnt.",8.99,https://cdn.barbora.lt/products/a7de426c-4099-42d7-bf39-5a4f79aaa845_s.png
"Dažomasis plaukų kremas SYOSS COLOR, Nr. 1-4, 1 vnt.",8.99,https://cdn.barbora.lt/products/a83920d0-07e4-498a-a300-8bc9b6985cfa_s.png
"Dažomasis plaukų kremas SYOSS, Nr. 4-8, 1 vnt.",8.99,https://cdn.barbora.lt/products/ed29f62d-cc60-47cb-aa23-60c1b6170a5c_s.png
"Dantų pasta COLGATE MAX WHITE ONE, 75 ml",6.99,https://cdn.barbora.lt/products/539fe784-dc97-4eab-92f7-cff1f41b5b1d_s.png
"Plaukų formavimo želė SYOSS MEN Power Hold, 250 ml",8.59,https://cdn.barbora.lt/products/746098ad-291c-4fe3-b271-834788909b8a_s.png
"Plaukų dažai GARNIER COLOR NATURALS, 1 vnt.",4.99,https://cdn.barbora.lt/products/c4279837-c78b-4a24-8e37-fa9980492add_s.png
"Plaukų aliejus SYOSS Beauty Elixir, 100 ml",12.79,https://cdn.barbora.lt/products/9022a03e-6577-44a0-b32f-ef6d36d50fa7_s.png
"Plaukų lakas PROFESSIONAL STYLE, 265 ml",2.35,https://cdn.barbora.lt/products/efb04a3e-64f5-4aa6-a7af-531a6c96dd9a_s.png
"Puodelis LUMINARC NUEVO, 250 ml, 1 vnt.",2.29,https://cdn.barbora.lt/products/f8accb5d-1008-4390-928b-7e79d978c538_s.png
"Plaukų dažai L'OREAL EXCELLENCE CREME, Nr. 600, 1 vnt.",10.99,https://cdn.barbora.lt/products/3c5e58a7-07b9-44ac-a66f-5bbda82b966e_s.png
"NIVEA CELLULAR ""EXPERT FILLER“ INTENSYVAUS POVEIKIO NAKTINIS KREMAS",19.99,https://cdn.barbora.lt/products/bb99c6ae-2b0c-4f15-9899-a2940b532134_s.png
"Dažomasis plaukų kremas SYOSS OLEO INTENSE, Nr. 5-92, 1 vnt.",9.49,https://cdn.barbora.lt/products/e15c309f-3aac-45ff-95cd-acddf5d05ade_s.png
"Plaukų putos WELLAFLEX INSTANT VOLUME BOOST, 200 ml",5.39,https://cdn.barbora.lt/products/c9a71655-59cc-4665-8a79-de60d860fe58_s.png
"Naktinis veido kremas L'OREAL, 50 ml",20.99,https://cdn.barbora.lt/products/de27129f-055b-4170-9087-3d0a231f7928_s.png
"Automodelis HOT WHEELS PAKEISK SPALVĄ, 1 vnt.",9.99,https://cdn.barbora.lt/products/553b8be0-4824-4734-91e8-382ee0fab578_s.png
"Medinės šaškės, 1 vnt.",9.99,https://cdn.barbora.lt/products/9a282d61-f8a0-402c-8367-ac507753cab8_s.png
"Hermetiškas indelis BORGONOVO IGLOO, 15 cm, 960 ml, 1 vnt.",7.69,https://cdn.barbora.lt/products/75e1fc4f-24a0-486b-a165-54e94133c503_s.png
"Plaukų putos SYOSS Full Hair, 250 ml",8.19,https://cdn.barbora.lt/products/3a19dd2d-ed55-47c2-8212-caf55053d9a9_s.png
"Folinė girlianda, 2m SilverWhiteAlmond, 3x4",1.19,https://cdn.barbora.lt/products/c7469a0c-e05c-49c2-97d2-7e4997effcb4_s.png
"Plaukų dažai SYOSS OLEO INTENSE 4-86, 1 vnt.",9.49,https://cdn.barbora.lt/products/fae7a3bb-0351-4c0a-a03b-3056cfee7ef0_s.png
"Plaukų balzamas JOHN FRIEDA FRIZZ EASE, 250 ml",9.99,https://cdn.barbora.lt/products/050768ac-6c97-4e66-b110-273842df21ca_s.png
"Dantų pasta COLGATE MAX WHITE EXPERT WHITE, 75 ml",7.49,https://cdn.barbora.lt/products/c6d7f230-213f-4b28-a118-450e28daab10_s.png
"Dieninis veido kremas L'OREAL, 50 ml",11.59,https://cdn.barbora.lt/products/33d040e2-f16f-4695-b876-c3d2322f0aca_s.png
"Kūdikių vonios putos SEBAMED, 500 ml",14.65,https://cdn.barbora.lt/products/47dde609-9847-4d65-a830-d92f05ec7acd_s.png
"Džiūvėsėliai FLINT GRENKI aštrių pomidorų skonio, 80 g",0.63,https://cdn.barbora.lt/products/04f33d24-ef37-4591-8bff-b4c22fe3212d_s.png
"Plaukų purškiklis SYOSS Quick Volume, 150 ml",7.29,https://cdn.barbora.lt/products/5c063cc3-d4fc-45de-be7a-d5a25a2623a6_s.png
"Vaikiškas dantų šepetėlis HUMBLE BRUSH, 1 vnt.",4.09,https://cdn.barbora.lt/products/5d626433-dbdb-42a0-9e7a-5f7ab8fa2c74_s.png
"Stalo žaidimas TACTIC ALIAS JUNIOR, kelioninis, 1 vnt.",11.99,https://cdn.barbora.lt/products/2c760d99-bec7-47f0-a5b9-b69394730e19_s.png
"Moteriškas parfumuotas vanduo IMPERIUM FABIO VERSO, 100 ml",6.59,https://cdn.barbora.lt/products/a95fcf33-2f81-4872-a18c-2baa4c4a802c_s.png
"Želė probleminei veido odai SEBAMED CLEAR FACE, 50 ml",9.49,https://cdn.barbora.lt/products/f9d92179-f8c0-428a-abf8-8100636ea2ba_s.png
"Vyriškas veido, kūno ir rankų kremas NIVEA MEN CREME, 150 ml",6.69,https://cdn.barbora.lt/products/334b0444-32d8-4c37-bfcb-0825ee6c0852_s.png
"Plaukų dažai GARNIER OLIA, Nr. B+++, 1 vnt.",8.99,https://cdn.barbora.lt/products/957ef7a8-05f1-4273-8234-9dada4cf2dbf_s.png
"Moteriškas tualetinis vanduo ANTONIO BANDERAS QUEEN, 50 ml",25.99,https://cdn.barbora.lt/products/fa7a17e1-0a5d-413b-ae23-c9b12644be63_s.png
"Dušo želė SEBAMED SPA SHOWER, 200 ml",6.99,https://cdn.barbora.lt/products/72046ef2-0bd0-43a5-b362-3f480bce64ce_s.png
"Keptuvė su dangčiu 24cm, 1 vnt.",26.99,https://cdn.barbora.lt/products/6813571f-1618-4e79-bcfc-a3c3aed050a8_s.png
"Stalo žaidimas TACTIC ALIAS. VYRAI IR MOTERYS, 1 vnt.",25.99,https://cdn.barbora.lt/products/3546aa12-8adf-4159-8e6d-4b3d99fff807_s.png
"Lupimo peilis FISKARS ESSENTIAL, 7 cm, 1 vnt.",7.99,https://cdn.barbora.lt/products/76148014-f0f8-49d4-a3b4-174ec6519ef7_s.png
"Vienkartiniai skustuvai GILLETTE BLUE 3 Plus Sport, 6+2vnt",8.99,https://cdn.barbora.lt/products/2e4b542a-0860-4882-81a7-c9d7f6338416_s.png
"Fiksuojamasis dantų protezų kremas COREGA, mėtų skonio, 40 g",7.45,https://cdn.barbora.lt/products/a0661eb8-5061-48b1-a325-5734bef30325_s.png
"Šunų žaislas AKINU, 1 vnt.",9.99,https://cdn.barbora.lt/products/e7a3d504-66ff-4cae-a446-1637ffa681ce_s.png
NIVEA BLACK&WHITE FRESH purškiamasis antiperspirantas vyrams ,2.85,https://cdn.barbora.lt/products/dc4e8cb5-718a-4c1b-9453-90ee26fb058b_s.png
"Mokomasis išmanusis šuniukas FISHER PRICE, 1 vnt.",59.99,https://cdn.barbora.lt/products/0457abfa-daf5-49ee-912d-59cfedce71de_s.png
"L'OREAL MAGIC RETOUCH ataugusių plaukų šaknų purškiklis, BROWN, 75 ml",8.99,https://cdn.barbora.lt/products/528e3a69-a439-41e4-a403-8c881909e372_s.png
"Rankų kremas NEUTROGENA NORWEGIAN FORMULA, 75 ml",5.99,https://cdn.barbora.lt/products/651ffe6e-4799-4d54-b3d5-3dce15dc289c_s.png
"Plaukų balzamas NATURA SIBERICA (FROZEN BERRIES), 400 ml",7.99,https://cdn.barbora.lt/products/ac3894b6-6516-4142-9101-8ba23656ee60_s.png
"Avinžirniai BONDUELLE INSPIRATION, 160 g",2.39,https://cdn.barbora.lt/products/62f3894c-d1be-4214-bf07-71cdeb1f009a_s.png
"Veido odos prausiklis-šveitiklis GREEN FEEL'S, 150 ml",2.95,https://cdn.barbora.lt/products/1417d7bc-a224-4b27-913b-5e3368057099_s.png
"Veido odos kremas-gelis GREEN FEEL'S , 50 ml",3.59,https://cdn.barbora.lt/products/3aefa55e-b943-4e2e-a58d-07646adcb1e4_s.png
"Skystieji lūpų dažai MAYBELLINE SUPER STAY MATTE INK, Nr. 10, 1 vnt.",13.49,https://cdn.barbora.lt/products/7f9d2c12-1896-4f61-a119-bf3f6d862059_s.png
"Vaikiškas kūno aliejus WELEDA su medetkomis, 200 ml",16.99,https://cdn.barbora.lt/products/29b2305a-a53d-4f14-b811-2a276f912fd4_s.png
"Dantų pasta WELEDA su medetkų ekstraktu, 75 ml",6.29,https://cdn.barbora.lt/products/21a42486-3c85-4128-8b76-1412e4a03bf7_s.png
"Šaukštelis UNIWELL SALI, 1 vnt.",0.99,https://cdn.barbora.lt/products/bb2171be-a43f-486e-987b-e38a36e1fbd1_s.png
"Mediniai šachmatai, 1 vnt.",9.99,https://cdn.barbora.lt/products/9215754a-e424-4b67-a366-aa4585f6138c_s.png
"Blakstienų tušas L'OREAL VOLUMISSIME ROYALE, juodas, 7.5 ml",11.29,https://cdn.barbora.lt/products/d24c3eb4-07e4-45f7-a18a-9a6434f0c96c_s.png
NIVEA MEN Losjonas po skutimosi DEEP,11.99,https://cdn.barbora.lt/products/551231d6-b9ef-4dbe-8ebe-17913968f162_s.png
"Veido kremas-gelis NEUTROGENA HYDRO BOOST, 50 ml",19.99,https://cdn.barbora.lt/products/677b079c-6016-4c35-b713-b2e437d56348_s.png
"Akių kontūro pieštukas MAYBELLINE MASTER PRECISE, 1 vnt.",11.59,https://cdn.barbora.lt/products/62aad94f-a24f-422d-a46f-a40efcdccb6a_s.png
"Vyr.naktinis veido kremas VĖJAS su gintaro ekstraktu, 50 ml",2.79,https://cdn.barbora.lt/products/864cbcf4-44fe-4250-a955-d03338650f54_s.png
NIVEA BLACK&WHITE SILKY SMOOTH purškiamasis antiperspirantas moterims ,3.79,https://cdn.barbora.lt/products/b95e93b2-87fc-4c81-bdf5-a3635623bf64_s.png
"El. lauko ir vidaus girlianda, veikianti su baterijomis, 1 vnt., 96LED,šv.balt",5.99,https://cdn.barbora.lt/products/fd12ebd4-2a16-4e1f-8ce8-338a3f58f848_s.png
"Veido šveitiklis NIDA su gintaro ekstraktu, 75 ml",1.95,https://cdn.barbora.lt/products/c97e87bb-41dd-4b74-86ec-a69e4277c82f_s.png
"Lėkštė LUMINARC DIWALI, 27 cm, 1 vnt.",3.49,https://cdn.barbora.lt/products/037e40a4-0f3e-47e5-a16f-5b8306f57ea5_s.png
"Vaikiškas kūno prausiklis JOHNSON'S BABY BEDTIME, 500 ml",5.99,https://cdn.barbora.lt/products/f616796c-f858-4cb8-9ce3-8ec1d10b98de_s.png
"Vaikiškas kūno pienelis BUBCHEN, 50 ml",1.25,https://cdn.barbora.lt/products/19880ccb-afd3-4464-ace8-dbb0b59d2178_s.png
"Paakių kremas L'OREAL, 15 ml",11.49,https://cdn.barbora.lt/products/85246126-de2c-443f-a9f2-38e3c51942da_s.png
"Vaikiškas šampūnas JOHNSON'S BABY BEDTIME, 500 ml",5.29,https://cdn.barbora.lt/products/c3a39949-3e12-4148-aa88-d74ffab63878_s.png
"Makiažo fiksatorius MAYBELLINE FACESTUDIO SETTING SPRAY, 100 ml",13.99,https://cdn.barbora.lt/products/6b69b4f5-b552-4efe-b2fe-053fbd12b33e_s.png
"Silpnų plaukų kaukė SUPER SIBERICA, 300 ml",12.99,https://cdn.barbora.lt/products/f96584ae-6f2d-42aa-a16d-aa3334130bda_s.png
KILIG HYDRATING intensyviai drėkinantis gelinis paakių kremas 15 ml,10.59,https://cdn.barbora.lt/products/c26686c3-f943-452b-b018-1d9baedada15_s.png
"KILIG HYDRATING intensyviai drėkinantis gelinis kremas normaliai, mišriai veido odai 50 ml",10.59,https://cdn.barbora.lt/products/e225e034-b620-4ac4-9445-16916a106570_s.png
"Bambukinis dantų šepetėlis HUMBLE B.su aktyvintomis anglimis, 1 vnt.",4.19,https://cdn.barbora.lt/products/373ff6c3-f7cc-42aa-a062-a527428a4efe_s.png
NIVEA BLACK&WHITE ULTIMATE IMPACT purškiamasis antiperspirantas moterims ,2.85,https://cdn.barbora.lt/products/ec7c1838-ed80-4a24-bb7e-0d06ca9cbfd4_s.png
"TONYMOLY Master Lab Collagen Mask Sheet Lakštinė veido kaukė, 19 g",5.99,https://cdn.barbora.lt/products/c49de10a-4b9b-4f32-8a68-c84794bcde4c_s.png
"Dubenėlis su dangteliu LUMINARC, 23 cm, 1 vnt.",8.49,https://cdn.barbora.lt/products/e6434426-6dde-4125-8f5d-62f825491d9e_s.png
"Purškiamas plaukų kondicionierius GLISS Split Ends, 200 ml",7.29,https://cdn.barbora.lt/products/abb92bde-6ab9-4078-ab62-a4d88472e001_s.png
"Moteriškas kreminis antiperspirantas SECRET Natural, 40ml",4.29,https://cdn.barbora.lt/products/bd7290ea-b640-4a2b-8cc0-ce053e0a24af_s.png
"Dantų šepetėlis JORDAN EXPERT WHITE MEDIUM, 1 vnt.",3.69,https://cdn.barbora.lt/products/4aeaae05-3d2f-4554-bd69-a14296b8892a_s.png
"Veido kaukė FASCY NATURAL FORMULA ILLUMINATING, 23 g",1.99,https://cdn.barbora.lt/products/6567fd5d-8285-4bd4-bbb4-bf2458d36367_s.png
"Veido kaukė FASCY NATURAL FORMULA SOOTHING, 23 g",1.99,https://cdn.barbora.lt/products/1b77a999-655f-4c47-bd02-2db2a534a7d0_s.png
MARGARITA SENSITIVE SKIN drėkinamasis veido kremas su beržų sula ir vaistažolių ekstraktais 50 ml,7.99,https://cdn.barbora.lt/products/77775aa4-31ab-4fce-bb5e-b02973d3d634_s.png
"Veido tonikas L'OREAL HYALURON SPECIALIST, 200 ml",7.69,https://cdn.barbora.lt/products/018b6246-2193-4bab-8781-9404e0642df7_s.png
"Micelinis vanduo L'OREAL, 200 ml",7.99,https://cdn.barbora.lt/products/6270eac6-19fb-4852-bc57-700d9dc50f53_s.png
"Žaidimų rinkinys PLAY-DOH PAŠĖLUSIOS ŠUKUOSENOS, 1 vnt.",30.99,https://cdn.barbora.lt/products/4911a2dc-987d-4710-bde5-a37159709739_s.png
"Micelinis valomasis vanduo GARNIER, 400 ml",9.99,https://cdn.barbora.lt/products/25d744b7-89cf-413c-be21-0340663831ac_s.png
"Antakių pieštukas MAYBELLINE ULTRA SLIM, Nr. 03, 1 vnt.",9.59,https://cdn.barbora.lt/products/27247310-4d0d-45f6-8277-f69aa53783d9_s.png
"Vyriška skutimosi želė NIVEA MEN FRESH KICK, 200 ml",6.69,https://cdn.barbora.lt/products/ba3d932d-fe53-4501-83e9-0e39b4340913_s.png
"Dažomasis plaukų kremas SYOSS COLOR, Nr. 7-5, 1 vnt.",8.99,https://cdn.barbora.lt/products/634bdc9e-c64f-445a-8bd9-211019826bfe_s.png
"Bokštelis FISHER PRICE SUPK IR STATYK, 1 vnt.",14.29,https://cdn.barbora.lt/products/647efdc8-9b8b-4f05-badf-0456f796320c_s.png
"Vaikiškas šampūnas-prausiklis BUBCHEN KIDS, 230 ml",2.95,https://cdn.barbora.lt/products/a762f5e6-ee76-4ac9-a27a-5c9624d8a6d7_s.png
Lėkštė AURORA PEARL CLASSIC DARK 19 cm,3.99,https://cdn.barbora.lt/products/444f4668-9d8b-4a14-a5bd-1ce99f939f78_s.png
"Skrudintuvas HENSKE TA01310-GS, 1 vnt.",22.99,https://cdn.barbora.lt/products/37790f54-ff07-4473-9891-7f1e6b75a155_s.png
"Moteriškas tualetinis vanduo C-THRU LUMINOUS EMERALD, 50 ml",13.99,https://cdn.barbora.lt/products/91e06f62-e263-4774-b018-1e5dedfd002d_s.png
"Elektrinė girlianda, veikianti su baterijomis, 20 LED, 1 vnt., balta",3.99,https://cdn.barbora.lt/products/b9912ffa-bd0a-437a-889c-c1a620b91bdc_s.png
"Veido kremas GREEN FEEL'S, 50 ml",5.99,https://cdn.barbora.lt/products/6bf80800-6e28-4ee2-b2dd-8280de1f7807_s.png
"Veido kremas GREEN FEEL'S, 50 ml",2.99,https://cdn.barbora.lt/products/6d5dcd4e-50b6-4429-8d55-965a26237e44_s.png
"Barzdos balzamas King C GILLETTE, 100ml",11.69,https://cdn.barbora.lt/products/296e8dfa-49fc-4b01-946e-124c4730e516_s.png
"Vyriško skustuvo galvutės BIC FLEX3HYBRID SENSITIVE, 4 vnt., 4 vnt.",5.19,https://cdn.barbora.lt/products/1ced1377-23f5-41c2-a1a0-f5b8973c0ebe_s.png
"Plaukų džiovintuvas 1600W PHILIPS BHD308/10, 1 vnt.",29.99,https://cdn.barbora.lt/products/ee63eaa3-c5e2-4f96-852a-312a98e09b5f_s.png
MARGARITA MOIST & MINERALS gelinė drėkinamoji veido kaukė su mineraliniu vandeniu „Birutė“ 3x7 g,3.99,https://cdn.barbora.lt/products/a20b5b1e-2172-4221-a194-6fcc64566601_s.png
"Dubenėlis ILAJA CLEAR, 23 cm",6.99,https://cdn.barbora.lt/products/d4110cca-2ba1-4e0e-b7c5-b9bcc823637d_s.png
Kiaurasamtis FISKARS,15.99,https://cdn.barbora.lt/products/111b4b7a-752b-4bb1-8961-45fcd976c55a_s.png
"Žnyplės FISKARS, 1 vnt.",17.99,https://cdn.barbora.lt/products/25bfc201-5552-4d31-9bee-5b1e9ba06125_s.png
"Vandeniui atsparus blakstienų tušas MAYBELLINE SKY HIGH, 1 vnt.",13.99,https://cdn.barbora.lt/products/b1bbfda0-e60f-4006-b672-7f83a02e3e4c_s.png
"Šokoladiniai valgomieji ledai SUPER VIVA su kakaviniu įdaru, 93 g",1.74,https://cdn.barbora.lt/products/d026f312-537a-40a0-9b52-2793309624f8_s.png
"Purškiamas dezodorantas OLD SPICE Night Panther, 150ml",5.29,https://cdn.barbora.lt/products/fddf6766-a560-4740-bcef-e92e60673bcf_s.png
"Skutimosi gelis GILLETTE FUSION PROGLIDE Sensitive, 200ml",9.69,https://cdn.barbora.lt/products/3ff755b3-8433-4a59-b70d-8360894e3d1a_s.png
"Žaidimų rinkinys PLAY-DOH VETERINARAS, 1 vnt.",34.99,https://cdn.barbora.lt/products/c5044cbb-4ab9-4deb-8a19-e16fe77126f7_s.png
"Plaukų kondicionierius SCHAUMA 7HERBS FRESHNESS, 250 ml",3.69,https://cdn.barbora.lt/products/90465483-1eb9-4493-8900-8c951dada95c_s.png
NIVEA Rose Touch valomosios veido putos su organiniu rožių vandeniu,7.89,https://cdn.barbora.lt/products/86ad3071-8fa3-484f-8b52-421fd61e4e9b_s.png
"GARNIER, MINERAL BWC FRESH ALOE, purškiamas dezodorantas 150 ml",5.49,https://cdn.barbora.lt/products/e6103f31-46c3-494c-9a79-14993b1d78fc_s.png
"JORDAN Green Clean Change dantų šepetėlis, 4 vnt. galvučių, minkštas",6.99,https://cdn.barbora.lt/products/286da318-3b6c-470a-8944-1b5dece7e7dc_s.png
"Dantų pasta COLGATE MAX WHITE ULTRA ACTIVE FOAM, 50 ml",9.49,https://cdn.barbora.lt/products/9adab410-77d2-4a79-99b5-b2b9241f7f65_s.png
"Vonios burbulas BUBBLES BUBBLE YUM, 115 g",2.39,https://cdn.barbora.lt/products/1da10481-782c-4c50-aa3c-f79d293bfc63_s.png
"Vyriškas tualetinis vanduo HOMME COLLECTION MAGICAL MAN, 100 ml",4.99,https://cdn.barbora.lt/products/8a7a4a66-0d10-49ca-9e10-44ecd7ff0919_s.png
"Dantų šepetėliai HUMBLE BRUSH PROUD, 2 vnt., 2 vnt.",4.99,https://cdn.barbora.lt/products/73e1b6b2-59c3-4f09-a13f-0e3f6d9f504a_s.png
"Kiniška (WOK) keptuvė, 28 cm",26.99,https://cdn.barbora.lt/products/c2319b87-e81d-415a-862a-7a35bdf0d208_s.png
"Vyriškas skutimosi gelis GILLETTE ORIGINAL, 200 ml",4.99,https://cdn.barbora.lt/products/fba18a96-6834-4e80-bfba-9bde000f355f_s.png
Plaukų garbanojimo žnyplės HENSKE,15.99,https://cdn.barbora.lt/products/6c72ab0d-5229-44ce-ba72-9afb3a50d39f_s.png
"Mixa Cica-Repair kūno balzamas, 5% šlapalo + pantenolio, 400 ml",11.19,https://cdn.barbora.lt/products/48655fe5-e6f7-4501-b3e1-f2ba8429910e_s.png
"Vaikiškas dantų šepetėlis HUMBLE BRUSH MIX ULTRA SOFT, 1 vnt.",2.39,https://cdn.barbora.lt/products/ab753397-bf06-402e-b83f-f9bfd081d387_s.png
"Žaislinis TV pultelis FISHER PRICE, įgarsintas lietuviškai, 1 vnt.",22.99,https://cdn.barbora.lt/products/d7538bf3-6471-49a6-889b-68cbdc9548f1_s.png
"Automatinis pavadėlis LOVETT, 5 m, 20 kg, 1 vnt.",14.99,https://cdn.barbora.lt/products/eaa6c4d8-838c-4638-a588-17e1134f0615_s.png
"Šunų žaislas kramtymui LOVETT, 1 vnt.",6.99,https://cdn.barbora.lt/products/d801d801-8a47-4784-9d72-4e84ba8abdfa_s.png
"Pliušinis šunų žaislas su virve LOVETT, 1 vnt.",9.99,https://cdn.barbora.lt/products/470948a2-31cf-4dbd-926c-ec263f9226bf_s.png
KILIG RETINOL naktinis veido serumas su retinoliu 30 ml,14.99,https://cdn.barbora.lt/products/aa1624f8-1dd0-4401-88cf-34c97e968a86_s.png
"Plaukų šampūnas GARNIER FRUCTIS HAIR, 350 ml",7.99,https://cdn.barbora.lt/products/81f30efe-b3b4-48f0-a022-47238fa1cb5c_s.png
"Plaukų šampūnas GARNIER BOTANIC , 400 ml",5.69,https://cdn.barbora.lt/products/0933966c-cb5d-4b4d-8f95-6e1fa7267e4e_s.png
"Plaukų kaukė GARNIER FRUCTIS HAIR, 400 ml",10.79,https://cdn.barbora.lt/products/3e23bcc8-f385-4d15-954e-435364e8e4c1_s.png
"Birių produktų indas UNIWELL HANDIG 1,35 L",6.99,https://cdn.barbora.lt/products/07e4655d-9276-455c-8cb5-f61f0f22e693_s.png
"Vyriška dušo želė ADIDAS ICE DIVE, 250 ml",4.69,https://cdn.barbora.lt/products/fa2847e5-8991-4f15-8674-13ee7f539753_s.png
"Veido kaukė DIZAO COLLAGEN PEPTIDE V-LIFTING, 30 g",2.99,https://cdn.barbora.lt/products/97910ecf-cff0-4132-8f76-250deb20d5ee_s.png
"Moteriškas tualetinis vanduo NIKE URBANITE ORIENTAL, 75 ml",17.99,https://cdn.barbora.lt/products/69bb1809-47df-44fa-9514-ad0c79471732_s.png
"Vonios putos HIPP BABY SANFT, 300 ml",4.99,https://cdn.barbora.lt/products/98bbba6a-5a50-46d9-b343-c73f557f6f11_s.png
"Kūno pienelis HIPP BABY SANFT, 300 ml",6.59,https://cdn.barbora.lt/products/9710d239-6886-4219-adca-aeafeb39fc73_s.png
"Vyriškas purškiamasis dezodorantas REXONA COBALT DRY, 200 ml	",5.99,https://cdn.barbora.lt/products/fe147ab4-9268-4801-b1dc-4794248137d2_s.png
Puodelis AURORA PEARL CLASSIC CREAM350ml,4.49,https://cdn.barbora.lt/products/22211990-f24d-47cd-ab59-9c40e8838130_s.png
Puodelis su lėkštute AURORA PEARL GREEN 220 ml,6.99,https://cdn.barbora.lt/products/7fd25937-9246-4d35-bc76-200bafe998c2_s.png
Puodelis AURORA Meadow white 470ml,2.99,https://cdn.barbora.lt/products/9ed18a94-1866-4fab-adef-8cfac6a60bc2_s.png
Puodelis AURORA Vintage 410ml,4.99,https://cdn.barbora.lt/products/8a1a0070-843d-4cd6-b2d3-d4c0af037972_s.png
Puodelis ILAJA CHUNKY 260 ml,3.99,https://cdn.barbora.lt/products/1dc80d5b-bc13-4eae-bb87-046e444b96eb_s.png
Dubenėlis ILAJA Hazel Grey 19 cm,5.49,https://cdn.barbora.lt/products/bdf7649f-6d3c-4be3-908c-81785fb25b5c_s.png
"Barbekiu padažas su Kajeno paprikomis WELL DONE, 280 g",1.99,https://cdn.barbora.lt/products/81ce41fa-f8cc-44b0-83e7-b9d62bfa7912_s.png
"Kūno losjonas CERAVE MOISTURIZING, 473ml",25.99,https://cdn.barbora.lt/products/0aaf8326-16a4-4836-91c8-b82672060694_s.png
"Radijo bangomis valdomas automobilis BMW X6, 1 vnt.",17.99,https://cdn.barbora.lt/products/48ec9b2f-bb23-4d83-9b5d-5c2f205e4426_s.png
"Šunų žaislas LOVETT, 1 vnt.",3.99,https://cdn.barbora.lt/products/d6fd7efd-bc4a-43c0-99ea-1a318d462aaa_s.png
"Dantų šepetėlis SENSODYNE NOURISH HEALTHY WHITE SOFT, 1 vnt.",5.79,https://cdn.barbora.lt/products/5fe0fe0d-987d-4e35-bcd1-605366e9ec5e_s.png
KILIG HYDRATING intensyviai drėkinantis veido serumas 30ml,12.69,https://cdn.barbora.lt/products/29839463-655f-4fee-b894-5c8e9ceaddb1_s.png
RASA CLEAN EFFECT Micelinis vanduo 250 ml,7.45,https://cdn.barbora.lt/products/19503767-c4f0-4c38-8740-ad0ed1bbf782_s.png
"Stalo žaidimas AUKSINIS PROTAS. GRANDINĖLĖS, 1 vnt.",31.49,https://cdn.barbora.lt/products/7b135742-e40b-4d0b-a603-a34583a3c502_s.png
"Interaktyvusis policijos automobilis BO, 1 vnt.",23.99,https://cdn.barbora.lt/products/c6b94640-c2fe-4313-b547-efabcccc4c9f_s.png
Mok. žaid. BO MOK.SKAIČIUOTI 2257LT,10.99,https://cdn.barbora.lt/products/835021f9-6118-4b80-8580-15c239f6de05_s.png
"Dantų šepetėlis LACALUT BABY, 1 vnt.",2.49,https://cdn.barbora.lt/products/5b3eba8c-aabd-4647-89b7-9c49035e0180_s.png
"Skirtingų rūšių rankų kremas DIVUS 100ml, 100 ml",1.49,https://cdn.barbora.lt/products/2e3f57ca-638a-49bd-88c7-2821f12354cc_s.png
"Lėlė princesė LITTLE BEBOPS, 25,4 cm, 1 vnt.",9.99,https://cdn.barbora.lt/products/31f68c13-9167-405c-883f-d0a4a0a10943_s.png
"Skustuvas GILLETTE MACH3 Charcoal, +2 galvutės",10.99,https://cdn.barbora.lt/products/b9da9455-aab8-465d-840e-9b80fd47cf98_s.png
"Dantų pasta PEARL DROPS LASTING FLAWLESS, 75 ml",4.99,https://cdn.barbora.lt/products/788861c6-9af2-46f1-b60d-d2a0310aaefa_s.png
"Šampano taurės AURORA Fleya, 300 ml, 4 vnt.",18.99,https://cdn.barbora.lt/products/11c2a184-5d3c-4617-b907-e646ff68d02f_s.png
"Maža figūrėlė PAW PATROL PUP SQUAD, 1 vnt.",6.99,https://cdn.barbora.lt/products/fadcd0db-8abe-4ace-aa43-92920586dca1_s.png
"Patalynės komplektas, 140 x 200 cm, 1 vnt. 50 x 70 cm, 1 vnt.",15.99,https://cdn.barbora.lt/products/205bf828-6f44-4cfa-9729-35c455116bb1_s.png
"Patalynės komplektas, 140 x 200 cm, 1 vnt. 50 x 70 cm, 1 vnt.",15.99,https://cdn.barbora.lt/products/e2d94a62-1608-4480-a118-8f128892fd9e_s.png
"Drėkinamasis veido kremas MIXSOON BEAN CREAM, 50 ml",38.99,https://cdn.barbora.lt/products/d7dc4d03-8d70-41e2-9a02-b99b314c17b7_s.png
"Plaukų kaukė GLISS 4IN1 Shine, 400 ml",9.49,https://cdn.barbora.lt/products/a03f2b27-0a75-43ca-b047-cacf58028d3c_s.png
RASA INTENSE BODY CARE Apsauginis rankų kremas 75 ml,4.49,https://cdn.barbora.lt/products/596d4111-08c1-40f5-a031-adcfdbb87456_s.png
RASA HAIR REPAIR SYSTEM Atkuriamasis plaukų šampūnas 500 ml,8.99,https://cdn.barbora.lt/products/35d4e84b-d152-494f-b211-f9a9054f94bb_s.png
RASA HAIR HYDRO INTENSE SYSTEM Drėkinamasis plaukų kondicionierius 200 ml,6.99,https://cdn.barbora.lt/products/5a5b100c-f088-4f4b-ae3f-3afee827c1dd_s.png
"Minkšti sensor. blokai-kaladės CANPOL BABIES, nuo 6 mėn., 12 vnt.",20.99,https://cdn.barbora.lt/products/56236f4a-d014-4f95-a03b-bf31d869b502_s.png
"Dantų gelis DENTINALE NATURAL, 0-4 m., 20 ml",11.39,https://cdn.barbora.lt/products/e08ef0cc-c9b6-488c-a637-7ec82cbb8e46_s.png
"Lavinamieji kamuoliukai TULLO, 0+ mėn., 5 vnt.",10.99,https://cdn.barbora.lt/products/c1122f21-dabc-41e3-ab82-b8a489dcb3ac_s.png
4M Kristalų auginimas: raudoni kristalai,14.99,https://cdn.barbora.lt/products/94d259c4-7c7a-4dab-8d69-b65712c7d622_s.png
4M Dinozaurų kristalų terariumas,27.99,https://cdn.barbora.lt/products/77b02b90-4e90-4977-bb2d-efa448a55f17_s.png
"Rankų kremas GARNIER BODY, 75 ml",6.29,https://cdn.barbora.lt/products/f7a863ac-ae43-4c8b-b87e-36a90fa7d602_s.png
"Plaukų kaukė GLISS 4IN1 Nourish, 400 ml",9.49,https://cdn.barbora.lt/products/0f388956-86a4-4f02-a179-a522dfcb2034_s.png
Rankinis garinis lygintuvas TEFAL,69.99,https://cdn.barbora.lt/products/80144af3-84cc-443c-92ed-ff07b9fe822a_s.png
"Plaukų kaukė MAUI su taukmedžio sviestu, 400ml",13.99,https://cdn.barbora.lt/products/877a03d1-c67b-4a90-ab88-e1cab177e977_s.png
KILIG PROBIOTICS veido prausimosi putos mišriai ir riebiai odai 150 ml,7.99,https://cdn.barbora.lt/products/4edc7f3a-e399-4545-a596-99d4673f7cc5_s.png
"Lakštinė veido kaukė I'M SORRY FOR MY SKIN RELAXING, 33 ml",2.49,https://cdn.barbora.lt/products/3ecd842b-39d5-4f0a-b09b-0672208a26e5_s.png
"Lakštinė veido kaukė I'M SORRY FOR MY SKIN BRIGHTENING, 33 ml",2.49,https://cdn.barbora.lt/products/8c10d4f0-afce-41eb-8dea-c89367024172_s.png
"Dantų šepetėlis COLGATE LITTLE KIDS SMILES, 3-5 metai, 1 vnt.",2.99,https://cdn.barbora.lt/products/46e6a595-b889-4c36-a647-71e6a9bc251e_s.png
"Kortos UNO NO MERCY, 1 vnt.",14.99,https://cdn.barbora.lt/products/7ae96505-699d-4718-9e85-90dda1445ccb_s.png
"Lūpų blizgis MAYBELLINE LIFTER PLUMP, Nr. 002-MAUVE BITE, 1 vnt.",11.99,https://cdn.barbora.lt/products/5c8bcedf-365c-428e-b3b6-3a61dd9e4197_s.png
Vienmečių augalų pluošto kraikas naminiams gyvūnėliams,3.49,https://cdn.barbora.lt/products/02807143-d1ec-41f3-bbd3-12aee07b0ae0_s.png
Vyno taurės AURORA Moments 360 ml 4 vnt,19.99,https://cdn.barbora.lt/products/5ea693bb-0131-4886-8d97-321958703e4b_s.png
"Filtravimo ąsotis BRITA ALUNA, mėlynas, 2,4 l, 1 vnt.",23.99,https://cdn.barbora.lt/products/d486f1a2-f118-47ec-a033-fa9117f4c81f_s.png
"Filtravimo ąsotis BRITA MARELLA, mėlynas, 2,4 l, 1 vnt.",26.99,https://cdn.barbora.lt/products/88ce9376-b68f-493d-abef-40d19d2fbf8d_s.png
Kepimo forma ovali 35x24x7,12.99,https://cdn.barbora.lt/products/cc4fa783-9b1e-4bb4-9fcb-9211c904a8a9_s.png
"Akių pieštukas MAYBELLINE , Nr. 60, 1 vnt.",4.99,https://cdn.barbora.lt/products/8947251b-2635-4b94-94f9-82843a0be21d_s.png
"Lakštinė veido kaukė NIVEA SKIN RADIANCE, 1 vnt.",3.69,https://cdn.barbora.lt/products/cd27b330-0060-43ef-9bdc-dff50f4c556a_s.png
"Micelinis vanduo NIVEA , 400 ml",9.89,https://cdn.barbora.lt/products/37a75b15-4bb2-4e74-bb22-275f6935c23e_s.png
"Dušo želė DERMOMED ENERGY MANGO, 750 ml",2.99,https://cdn.barbora.lt/products/7dc3e3c5-6876-4bd8-8847-029f8169ef05_s.png
NIVEA Dry Comfort pieštukinis antiperspirantas moterims,5.39,https://cdn.barbora.lt/products/9971af1b-067e-4953-ba98-1d7a0ba0990c_s.png
"Pieštukinis dezodorantas OLD SPICE Deep Sea, 85ml",7.79,https://cdn.barbora.lt/products/fe4ffa2f-9a8a-497a-b20f-fb1173985151_s.png
Vyriškas dušo gelis OLD SPICE WOLFTHORN;1l,12.29,https://cdn.barbora.lt/products/a0e067f4-fe3c-417f-bef8-2c9ddfadda81_s.png
"Beauty of Joseon Glow Serum: Propolis + Niacinamide serumas, 30 ml",19.49,https://cdn.barbora.lt/products/1ff7f495-cc5b-4395-9827-d72de631a5ab_s.png
Dubenėlis AURORA ROYAL GREEN 20 cm,8.99,https://cdn.barbora.lt/products/eefd4c5a-9f08-45ee-8476-eb55939141b9_s.png
"Dvigubo stiklo stiklinės AURORA, 450 ml, 2 vnt., 2 vnt.",15.99,https://cdn.barbora.lt/products/b736b0ea-a55c-4b22-ba7a-de458a6f3205_s.png
"Dvigubo stiklo puodeliai AURORA SNOW, 400 ml, 2 vnt., 2 vnt.",16.99,https://cdn.barbora.lt/products/a486f120-ef86-42f0-85c5-1e294a06d6c7_s.png
"Stalo įrankių rink. UNIWELL GOLD,18 vnt.",39.99,https://cdn.barbora.lt/products/f454b7f4-ab33-4e9f-9a8f-0ae9a10dea60_s.png
Desertinės šakutės UNIWELL GOLD 6 vnt.,10.99,https://cdn.barbora.lt/products/c3de4d47-4806-4c16-8108-dc31285603a3_s.png
Lėkštė AURORA GOLDRIM 21 cm,5.99,https://cdn.barbora.lt/products/fa03d9d1-0710-4e0e-8764-0cfb5825f0c1_s.png
"Lėkštė AURORA GOLDRIM 25cm, ovali",9.39,https://cdn.barbora.lt/products/83db598f-1f41-4675-aaa2-e4612cd1cd28_s.png
"Birių produktų indas UNIWELL KONSO 1,7 L",3.99,https://cdn.barbora.lt/products/fa0b9712-1070-4eff-92f0-20c745634aa7_s.png
Birių produktų indas UNIWELL KONSO 850 ml,2.99,https://cdn.barbora.lt/products/5f5df1b4-7cec-4fbb-8730-f60011f974f2_s.png
"Plaukų dažai GARNIER OLIA, Nr. 4.0, 1 vnt.",9.49,https://cdn.barbora.lt/products/1a5bd201-a156-47aa-a03f-d15eddb235b3_s.png
"Plaukų dažai GARNIER OLIA, Nr. 9.0, 1 vnt.",9.49,https://cdn.barbora.lt/products/24480b00-fd30-4532-96f4-877756c19d71_s.png
"Plaukų dažai GARNIER OLIA, Nr. 6.0, 1 vnt.",9.49,https://cdn.barbora.lt/products/f308d68f-5b6b-4f2c-816a-f41cbc0b8894_s.png
"Dušo gelis ir šampūnas PAW PATROL SKYE 2IN1, 400 ml",7.99,https://cdn.barbora.lt/products/11031094-8768-436c-a419-fdcc8e822b32_s.png
Dekoracijų krep. raudonu kaspinu,4.99,https://cdn.barbora.lt/products/84201d0d-d738-46a1-81c5-3fba1523232b_s.png
"Stiklinis birių produktų indas ILAJA, 850 ml, 1 vnt.",2.99,https://cdn.barbora.lt/products/235efa21-7e30-412b-b02e-2411c97eff2f_s.png
"Kūno kremas NIVEA, 400 ml",14.99,https://cdn.barbora.lt/products/5906a312-698b-434e-b164-081dae960be7_s.png
"Plaukų kondicionierius AUSSIE SOS Blonde&Hydrate, 200 ml",10.99,https://cdn.barbora.lt/products/5515a785-edc6-4c1c-9e1a-b16d71ec2d85_s.png
"TaftxGliss glotninamasis kremas ""Sleeky Smooth"" 150ml Naujiena",7.49,https://cdn.barbora.lt/products/2d1f4484-a2a4-4dbf-a25c-86850f1087e6_s.png
"Plaukų purškiklis TAFTxGLISS LOVELY LONG, 150 ml",7.49,https://cdn.barbora.lt/products/e8f232e8-1586-4622-827d-ef3c64859f6d_s.png
"Šviečianti dekoracija, 15cm",9.99,https://cdn.barbora.lt/products/47840d53-2601-4805-9d94-1136bc322e05_s.png
"Šviečianti dekoracija, 20cm",14.99,https://cdn.barbora.lt/products/3ec840cd-c2f3-402e-ad1b-95b950062d6e_s.png
"Žaislinis rinkinys BEYBLADE, 1 vnt.",19.99,https://cdn.barbora.lt/products/db9f212b-a12a-4313-941b-d4d9a49836f0_s.png
Ančiukas burbule,17.99,https://cdn.barbora.lt/products/c46858f3-726b-4975-9189-9bd44b6dd89e_s.png
Šaukšteliai UNIWELL Bordeaux 4 vnt.,5.99,https://cdn.barbora.lt/products/a4b73d57-6c77-49a7-8db3-0102c0a2e20b_s.png
Šakutės UNIWELL Baguette 4 vnt.,9.99,https://cdn.barbora.lt/products/e141a694-04f3-4b1d-bece-00cc51e410a1_s.png
"Veido kremas ODA PRO, spuoguotai odai, 30 ml",27.89,https://cdn.barbora.lt/products/d4fc90b4-1a33-48dc-b6c0-1e429e363041_s.png
ODA PRO Kasdienis putų prausiklis,19.89,https://cdn.barbora.lt/products/4a50a73b-624a-4669-80cd-c18fce24a770_s.png
ODA PRO Giliai valantis prausiklis su 7% glikolio rūgštimi ,23.95,https://cdn.barbora.lt/products/6701a86a-77da-438e-a05c-370fa0fc6a0d_s.png
"Konservuotos žaliosios alyvuogės WELL DONE PREMIUM su migdolais, 1.6 kg",14.99,https://cdn.barbora.lt/products/526413bb-cea3-450b-ba25-a72a862808fa_s.png
"Kačių kraiko dezodorantas , vanilės kvapo",4.99,https://cdn.barbora.lt/products/8ecac097-e2e7-4a7f-9c47-81a202f056df_s.png
"Vaikiškos dušo putos O'LYSEE, persikų ir abrikosų kvapo, 250 ml",9.89,https://cdn.barbora.lt/products/36a1901e-4bb1-4153-a5ec-9a6a6a358dbc_s.png
"Vaikiškos dušo putos O'LYSEE, braškių ir aviečių kvapo, 250 ml",9.89,https://cdn.barbora.lt/products/888ce2a6-6b8e-413a-83bf-a805c0ec1aa0_s.png
"Sojų pasta SEMPIO SSAMJANG, 500 g",5.99,https://cdn.barbora.lt/products/d43f816d-0018-4447-83a4-a8165c274ccd_s.png
"Vytinta kiaulienos nugarinė (pjaustyta), a. r., 200 g",5.99,https://cdn.barbora.lt/products/52ee0efa-fcc4-4d9d-9ee8-2e8058917d98_s.png
"HISKIN Crazy Hair Žele didelio poringumo plaukų laminavimui su aviečių aromatu, 300 ml",7.99,https://cdn.barbora.lt/products/d198a7a5-8296-481a-8fc7-b2abd42e2fb9_s.png
ECODENTA dantenas sauganti dantų pasta su arbatmedžio aliejumi 100 ml ,6.35,https://cdn.barbora.lt/products/35ab1ae5-32a9-40ef-9d95-621268ef7c61_s.png
Vyriškas prausiklis ARAS4IN1;250ml,3.49,https://cdn.barbora.lt/products/eb7d0b4d-cce1-4619-a1e5-29f78b96347f_s.png
KILIG HAIR BOOST galvos odos šveitiklis su ricinos aliejumi ir alyvuogių kauliukais 100 ml,6.15,https://cdn.barbora.lt/products/f6cabdef-2101-4753-b2ec-3d8a02da6155_s.png
BIC Soleil 3 Escape moteriški vienkartiniai skustuvai 3vnt.,4.99,https://cdn.barbora.lt/products/333a6268-6710-490f-835c-006e511c8d19_s.png
"Vaikiškas medvilninis rankšluostis BOCIOLAND, 20 x 23 cm, 50 vnt.",3.69,https://cdn.barbora.lt/products/969ccd46-ba6f-4716-aed0-597f56510ff7_s.png
"Prezervatyvai DUREX CLASSIC, 24 vnt.",8.99,https://cdn.barbora.lt/products/ad27b574-28b3-4466-982e-a89adaf0e2e3_s.png
ELSEVE  šampūnas 250ml,5.39,https://cdn.barbora.lt/products/e4be618e-b210-4c69-a93e-b5037039444d_s.png
ELSEVE Dream Long šampūnas 1L,17.99,https://cdn.barbora.lt/products/25a5a79c-ea62-47e7-bcf4-f9479ada5625_s.png
"ELSEVE  nenuskalaujamas serumas, 150ml",15.19,https://cdn.barbora.lt/products/8ebddc0e-e27c-4bd1-8c04-92db6b98ecb5_s.png
ELSEVE Color-Vive šampūnas 1L,17.99,https://cdn.barbora.lt/products/bcb58b79-5c5d-407e-9118-ca0dbedc91f4_s.png
"ELSEVE Hyaluron Plump naktinis kremas plaukams, 200ml",5.39,https://cdn.barbora.lt/products/35a129ae-4aae-4930-8883-0733b1e22761_s.png
"Šampūnas GLISS Full Hair Wonder, 400ml",6.79,https://cdn.barbora.lt/products/1383dab0-ede4-4914-aa71-70110d3615a5_s.png
"Šunų žaislas LOVETT Strong, SG203007",9.99,https://cdn.barbora.lt/products/ddf4555b-71d3-48cf-893b-de8af5c26384_s.png
"Kondicionierius GLISS Full Hair Wonder, 200ml",4.79,https://cdn.barbora.lt/products/621f5469-dc26-44f3-be29-8faeaedae06c_s.png
"Plaukų dažai SYOSS COLOR 13-5 Platininė šviesinimo priemonė, 1vnt.",8.99,https://cdn.barbora.lt/products/861209f9-d63f-4628-ab3f-0cb241c7f9f4_s.png
"Veido prausimosi putos GREEN FEEL'S, 200 ml",4.19,https://cdn.barbora.lt/products/5ec6942c-0861-49dc-a7b1-1b558038c2f4_s.png
"ELNETT plaukų lakas, 200 ml",7.49,https://cdn.barbora.lt/products/61887b3a-8ecc-4d1d-9497-19a98ec79b70_s.png
"Vaikiškas tarpdančių siūlas HUMBLE braškių, 30vnt",5.49,https://cdn.barbora.lt/products/26a5c8ce-efda-4c4e-9b80-f390c0edb936_s.png
"Šunų pavadėlis FLEXI NEW CLASSIC, S dydis, juostinis, 5 m, 1 vnt.",18.99,https://cdn.barbora.lt/products/9b5c1eff-0047-453e-b70e-b8fb490e7b0e_s.png
Dubenėlis AURORA CONRAN WHITE 13 cm,2.49,https://cdn.barbora.lt/products/335faf58-68a8-418a-baf5-6ccae783cb3c_s.png
"Elektrinio dantų šepetėlio galvutės ORAL-B iO Gentle Care, White, 4 vnt.",46.99,https://cdn.barbora.lt/products/e8409385-7a88-4fd5-ba5f-b3236be3aec0_s.png
"MARGARITA ANTI AGE stangrinamasis veido kremas, 50 ml",7.99,https://cdn.barbora.lt/products/170e82d4-e5d5-4570-a409-0e8d8a0a447d_s.png
"JORDAN Kids, dantų pastos su dozatoriumi papildymas, 0-5 metai, 150 ml",8.59,https://cdn.barbora.lt/products/034de25f-aeb8-4208-aec1-0d0b7951966c_s.png
"Šunų žaislas LOVETT, 16x16cm YT130294",6.99,https://cdn.barbora.lt/products/b8a8b1f3-bb90-4109-9e5e-1cc1b2e42b55_s.png
"Peppa Pig vonios burbulai aviečių aromato, 5vnt x 50 g",6.99,https://cdn.barbora.lt/products/c9da5abb-115e-40ef-a618-e760844b6225_s.png
Patalynės komplektas 140 x 200 / 50 x 70 cm,33.39,https://cdn.barbora.lt/products/ff9ec852-09fa-46b2-bc5b-34dedeb60cf6_s.png
HAS PD Rinkinys „Gimtadienis“,16.99,https://cdn.barbora.lt/products/d40ebc8f-ba52-413f-88c8-41c1c4f2f50b_s.png
"BABY BORN Mažoji lėlytė mergaitė, 36 cm",39.99,https://cdn.barbora.lt/products/8eb1d307-aa2c-4959-bf87-7d745b58f0ed_s.png
"VG Sensational skystas kreminis muilas Wild Orchid, 350 ml",8.49,https://cdn.barbora.lt/products/0ce86d3c-2135-4d41-a99d-c00ff5e41fa8_s.png
"Skystas muilas IEVA pačiulio ir vitamino E 0,5 L",4.79,https://cdn.barbora.lt/products/b0729f79-8925-44af-ab11-16fa067fc151_s.png
"Takų prieskonių mišinys su sūriu SANTA MARIA, 28 g",1.29,https://cdn.barbora.lt/products/406d51fc-7c16-4cb4-812a-e615284dc525_s.png
"Higieniniai paketai NATURELLA Ultra Night Plus, S5, 24 vnt",4.35,https://cdn.barbora.lt/products/09c31f7a-2568-48f9-a665-732704d5c33e_s.png
"Pledas 200x220cm, 2 splv.",19.99,https://cdn.barbora.lt/products/7657aebd-4aa5-4495-82f7-77e69226bdb0_s.png
"Staltiesė 130x180cm, 2 spalvos",12.29,https://cdn.barbora.lt/products/f1874387-f042-445c-9a09-1b6a75405e4c_s.png
"Puodelis ILAJA Bear, 350ml, su žaisliuku",11.99,https://cdn.barbora.lt/products/ce4c35b5-b50f-42cd-8d8a-6b836c80a329_s.png
"Dekoratyvinė Kalėdų eglutė, 30cm",5.99,https://cdn.barbora.lt/products/a0a0c66f-f6bf-437b-aad8-4d336115270d_s.png
"Dirbtinis Kalėdų vainikas, 30cm",6.99,https://cdn.barbora.lt/products/70c9e639-85b8-486b-9a70-00cb85710427_s.png
"TESORI d'ORIENTE Ikigai  kreminis kūno prausiklis, 500 ml",8.29,https://cdn.barbora.lt/products/041209f9-f6e5-49bf-ab32-f96f1e2ce354_s.png
"Pledas, 140x200cm, 2 spalvos",19.99,https://cdn.barbora.lt/products/b9828527-1fd9-484c-8e68-8e5311253f7d_s.png
"Ąsotėlis AURORA ADORA WHITE, 220 ml",6.79,https://cdn.barbora.lt/products/7e1be754-7f4e-460c-9ced-c95f0bb57728_s.png
Sausainių formelių rinkinys 3 vnt. ILAJA,4.99,https://cdn.barbora.lt/products/937f7fac-31e0-4c06-9256-42edb1af7247_s.png
"Dubenėlis AURORA OPAL, 15 cm",5.99,https://cdn.barbora.lt/products/8ebc5f82-a870-47b1-8168-43ffcd5c0622_s.png
Keksiukų forma 12 vnt. UNIWELL,12.29,https://cdn.barbora.lt/products/7f30afad-4605-4b1f-86ec-e78e424063d8_s.png
Sausainių formelių rinkinys ILAJA 3 vnt.,4.99,https://cdn.barbora.lt/products/c0611252-c5ae-46aa-a652-50ddad95e9bc_s.png
"Intensyvus plaukų kondicionierius PANTENE Hydration Recharge Active Nutri-Plex, 3 minutes miracles,",7.19,https://cdn.barbora.lt/products/51265778-a7f9-4a79-8810-d31be16036e5_s.png
"Nenuplaunamas plaukų kremas PANTENE Hydration Recharge, Heat&Glow, 135 ml",11.29,https://cdn.barbora.lt/products/1dbc3030-1470-4bc3-b27b-258f0f9cea76_s.png
"Šunų žaislas, 491012860",6.99,https://cdn.barbora.lt/products/f021df36-f1ef-418a-b2ac-a5056857da7f_s.png
"Maisto laikymo dėžutė STOR, 1190ml",8.39,https://cdn.barbora.lt/products/aa46c5e3-6a55-41c4-97fd-587eacf0f183_s.png
"Kalėdų eglutės dekoracija, 10x0,1x10cm",0.99,https://cdn.barbora.lt/products/7d14e420-5fb0-4bfe-a977-9e37fc68e80c_s.png
"Lėkštė AURORA AYANA DARK, 21 cm",7.99,https://cdn.barbora.lt/products/22b0a026-fd2c-4212-8b95-8b6962aa8fe3_s.png
Gili Lėkštė AURORA Ayana Dark 17 cm,5.99,https://cdn.barbora.lt/products/c0b8525e-a0bc-433c-abc5-7d4c05b8dab3_s.png
"Ovali lėkštė AURORA AYANA DARK, 23 cm",9.99,https://cdn.barbora.lt/products/14bade7c-eeaf-400a-8a1e-e0d1cf411ea0_s.png
"Dubenėlis ILAJA BEAR, 13 cm",4.99,https://cdn.barbora.lt/products/a15ba6d9-69ef-4089-80f6-2bbf394d46d4_s.png
"Puodelis ILAJA BEAR, 400 ml",4.99,https://cdn.barbora.lt/products/36601b09-3260-4d4f-ada6-a6de73e7572b_s.png
KILIG BB CREAM drėkinamasis veido kremas su atspalviu SPF25 LIGHT 50 ml,14.99,https://cdn.barbora.lt/products/d9a06ce4-3911-46c4-9461-df5f8af42545_s.png
"Kaspinėliai, 3vnt, raudoni",2.99,https://cdn.barbora.lt/products/1f34ba4c-7b6f-4b75-9205-4e0a8559810b_s.png
"Dubenėliai su akacijos padėklu, 4 vnt.",14.99,https://cdn.barbora.lt/products/9ccc2d9a-1280-464e-af49-3b2407b22154_s.png
"Karoliukų girlianda, 2m",1.29,https://cdn.barbora.lt/products/3495aa9f-3202-4a70-90d8-9f47bba9fde5_s.png
"Elektrinė vidaus girlianda, 40LED",4.99,https://cdn.barbora.lt/products/71208f95-ebd8-46f0-9166-8f936f26284e_s.png
"Prieskonių mišinys TEX MEX MAGGI AIR FRYER, 66 g",0.69,https://cdn.barbora.lt/products/2cafe214-69a9-41cd-8101-b6ef96b6c1e1_s.png
NIVEA® Color Care putos,7.19,https://cdn.barbora.lt/products/847f3f52-5533-45f1-b32b-4c25ed5fa375_s.png
GARNIER SKIN NATURALS PURE ACTIVE poras sutraukiantis tonikas,5.69,https://cdn.barbora.lt/products/0b97a991-9efb-40d9-9c33-15fddc2cb65f_s.png
"Skutimosi putos GILLETTE Series Conditioning, 200 ml",4.89,https://cdn.barbora.lt/products/1c757a63-81cc-41fa-a9cf-a166eb2f888d_s.png
"Kūdikių kremas BUBCHEN, 150 ml",3.95,https://cdn.barbora.lt/products/02c9652e-d61c-4bce-a03b-b885c0926b0d_s.png
"Plaukų lakas WELLAFLEX BRILLIANT COLOR, 250 ml",5.39,https://cdn.barbora.lt/products/d7097005-904a-43fd-83a6-412ad1d33a1c_s.png
"Automodelių rinkinys HOTWHEELS, 5 vnt., 1 vnt.",15.99,https://cdn.barbora.lt/products/2d0b5ff7-e7e6-460d-9b8a-2be20f55d509_s.png
"Vyriškas rutulinis dezodorantas FA SPORT, 50 ml",4.49,https://cdn.barbora.lt/products/47cc2540-f87e-4aed-9d7b-001d065f406b_s.png
"Plaukų dažai GARNIER COLOR NATURALS, 1 vnt.",4.99,https://cdn.barbora.lt/products/b8d0be73-b54e-4d7e-9cd7-9d82a36408ec_s.png
"Garnier Color Naturals 6.34, šokoladas. ",4.99,https://cdn.barbora.lt/products/4bb3d293-e5a4-455b-bd38-fe7a184546fe_s.png
"Tualetinis vanduo vyrams UVD, 60 ml",8.79,https://cdn.barbora.lt/products/f3850b7f-00fb-4ab6-93bf-9e37dc8daf38_s.png
"Peilis TESCOMA PRESTO, 20 cm, 1 vnt.",6.99,https://cdn.barbora.lt/products/23798485-032a-4490-b230-1a6a97f51c88_s.png
"Kiniškas tamsusis sojų padažas CHAIN KWO, 150 ml",1.19,https://cdn.barbora.lt/products/d5b23d9e-7d85-4c26-9d0d-5f17bf9cff0b_s.png
"Prezervartyvai DUREX, 3 vnt.",2.45,https://cdn.barbora.lt/products/a187a4f3-ca9d-41b7-aee9-2b6935aee17a_s.png
"Plaukų dažai L'OREAL CASTING CREME GLOSS, Nr. 200, 1 vnt.",10.59,https://cdn.barbora.lt/products/d6933ada-f79b-4023-942d-d85cef8f08ca_s.png
"Plaukų dažai L'OREAL CASTING CREME GLOSS, Nr. 415, 1 vnt.",10.59,https://cdn.barbora.lt/products/ab8bc4e4-103a-440f-b5e0-cedca979efc3_s.png
"Plaukų dažai L'OREAL CASTING CREME GLOSS, Nr. 600, 1 vnt.",10.59,https://cdn.barbora.lt/products/b47b974e-7c69-46f9-823c-4f039f13d360_s.png
"Plaukų dažai L'OREAL EXCELLENCE CREME, Nr. 300, 1 vnt.",10.99,https://cdn.barbora.lt/products/7da45cfe-d990-453d-bda0-a291ca5ede63_s.png
"Plaukų dažai L'OREAL EXCELLENCE CREME, Nr. 400, 1 vnt.",10.99,https://cdn.barbora.lt/products/6d64c9b4-c597-416a-abcb-3a76d83ab45a_s.png
"Plaukų dažai L'OREAL EXCELLENCE CREME, Nr. 500, 1 vnt.",10.99,https://cdn.barbora.lt/products/3c97e472-c0af-4124-8058-cce9effcee37_s.png
"Vaikiškas pledas (100x140 cm), 1 vnt.",15.99,https://cdn.barbora.lt/products/fec8ab88-ea94-486c-9cef-10d01c71dc36_s.png
"Vyr. tualetinis vanduo ANTONIO BANDERAS BLUE SEDUCTION, 100 ml",36.99,https://cdn.barbora.lt/products/47d7aa6d-78a7-44eb-a455-f5401447bb6a_s.png
"Ypač grynas alyvuogių aliejus FILIPPO BERIO, 500 ml",5.87,https://cdn.barbora.lt/products/cbc0674b-59d7-497d-a27d-ee064e957901_s.png
"Plaukų dažai GARNIER COLOR NATURALS, Nr. E0, 1 vnt.",4.99,https://cdn.barbora.lt/products/d1a27d0f-cb97-4061-bd8e-8dfc5695cdea_s.png
"Dantų šepetėlis JORDAN INDIVIDUAL CLEAN SOFT, 1 vnt.",3.79,https://cdn.barbora.lt/products/9458acf2-9a0c-4028-9cdf-551e45cb0b1d_s.png
"Losjonas po skutimosi OLD SPICE Original, 100ml",9.39,https://cdn.barbora.lt/products/2096a651-decf-4149-ae12-d95b61b0f53a_s.png
"Plaukų dažai L'OREAL EXCELLENCE CREME, Nr. 9.1, 1 vnt.",10.99,https://cdn.barbora.lt/products/a212d39c-f607-46e9-adf6-c040eca37770_s.png
"Plaukų dažai L'OREAL EXCELLENCE CREME, Nr. 6.41, 1 vnt.",10.99,https://cdn.barbora.lt/products/c7d646e4-148b-41a1-a181-aa650fae9ded_s.png
"Plaukų želė SYOSS Max Hold, 250 ml",8.59,https://cdn.barbora.lt/products/98f6449c-b8bf-431d-a0c0-233c045495c3_s.png
"Lėlė BARBIE-ELEGANTIŠKOJI, 1 vnt.",11.99,https://cdn.barbora.lt/products/26207273-772b-4bc2-b0e7-4c6b57086f81_s.png
"Mentelė silikoniniu antgaliu PRESTO, 1 vnt.",4.99,https://cdn.barbora.lt/products/5ffe8f9b-b2c3-4c9e-88a9-69941c0be964_s.png
"Dažomasis plaukų kremas SYOSS, Nr. 1-1, 1 vnt.",8.99,https://cdn.barbora.lt/products/a623ec0e-e999-4ce5-b59d-74411f59eb8a_s.png
"Plaukų lakas 4 SEASONS SUPER, 400 ml",2.65,https://cdn.barbora.lt/products/44a3d5d9-6f6a-4f7a-b5e0-0ee37b90a72f_s.png
"Blakstienų tušas L'OREAL VOLUME EXTRA BLACK, 9 ml",15.99,https://cdn.barbora.lt/products/cbc3dab1-af4b-4e11-90a3-1f705f3683e8_s.png
"Šamp.""BUBCHEN"", 200 ml",2.49,https://cdn.barbora.lt/products/377a8a05-d436-48a4-9cfe-cff466556385_s.png
"Figų džemas ""ST.DALFOUR"", 284 g",4.99,https://cdn.barbora.lt/products/ffbe0cde-b1f8-43f3-a972-c9faa4f46df1_s.png
NIVEA FOR MEN Balzamas po skutimosi SILVER PROTECT ,11.99,https://cdn.barbora.lt/products/83f87887-2cdc-4818-84f6-2c57ec72d1c3_s.png
"Savaiminio įdegio kūno dulksna GARNIER , 150 ml",12.29,https://cdn.barbora.lt/products/95ec54c6-4d93-4c04-915d-43697ec71439_s.png
"Žaliosios alyvuogės FEUDO VERDE su ančiuvių įdaru, 300 g",1.89,https://cdn.barbora.lt/products/590bf26c-b383-4a89-baa0-126ab8bbc0f6_s.png
"Blakstienų tušas MAX FACTOR MASTERPIECE MAX BLACK, juodas, 1 vnt.",17.19,https://cdn.barbora.lt/products/313bc23e-6a16-4c9f-9444-77d697c106df_s.png
"Blakstienų tušas MAX FACTOR FALSE LASH EFFECT, juodas, 1 vnt.",19.19,https://cdn.barbora.lt/products/7c82a5e0-faa1-430b-999a-4758d3edc34e_s.png
"Vyriškas rutulinis dezodorantas FA DOUBLE POWER BOOST, 50 ml",4.49,https://cdn.barbora.lt/products/10edc2e6-69c1-45ed-a4e7-19682564404b_s.png
"Birių produktų indas HAMBURG, 1600 ml, 1 vnt.",6.99,https://cdn.barbora.lt/products/5a5c20a3-fc05-4f6b-85bc-77324ef165c6_s.png
"Birių produktų indas PLAST TEAM STOCKHOLM, 1000 ml, 1 vnt.",5.99,https://cdn.barbora.lt/products/7afcc4e7-6868-49f9-94e9-7d2af2db210c_s.png
Dant.šep.COLGATE360MAX WHITE ONE MEDIUM,5.29,https://cdn.barbora.lt/products/61321f00-0f9b-46e6-aa8b-6a71e4b496b7_s.png
"Vyriškas rutulinis dezodorantas FA MEN INVISIBLE, 50 ml",4.49,https://cdn.barbora.lt/products/d471e4e9-7374-4025-bfe3-b133832d04fe_s.png
"Dažomasis plaukų kremas SYOSS OLEO INTENSE, 1 vnt.",9.49,https://cdn.barbora.lt/products/2da95f4d-bb82-4c9d-8643-3ef2a6940486_s.png
"L’Oréal Paris Revitalift Laser paakių kremas brandžiai odai su proretinoliu, 15 ml",19.99,https://cdn.barbora.lt/products/91cce5a5-b961-41f5-bb68-d63ec7b9e2af_s.png
"Dažomasis plaukų kremas SYOSS OLEO INTENSE, Nr. 3-10, 1 vnt.",9.49,https://cdn.barbora.lt/products/83a200b4-89c8-4159-be19-f49fa9aaa631_s.png
Plaukų kremas SYOSS OLEO INTENSE 8-05,9.49,https://cdn.barbora.lt/products/e7a75dfa-c477-4ffa-8f4a-0b0cd79e02f6_s.png
"Aitriosios paprikos malūnėlyje KOTANYI, 34 g",2.72,https://cdn.barbora.lt/products/a912e1f6-e1ec-429b-bf39-7ba260f0ffc6_s.png
"Kūno šveitiklis GEOMAR ILLUMINANTING, 600 g",10.99,https://cdn.barbora.lt/products/0b6aa932-b26f-49fb-a945-c6146245be18_s.png
"Salotinė LUMINARC DIWALI, 21 cm, 1 vnt.",7.99,https://cdn.barbora.lt/products/3235c84b-a1ac-4adf-a744-b2f44e03e05d_s.png
"Stalo žaidimas TREFL MISTAKOS, 1 vnt.",17.99,https://cdn.barbora.lt/products/90dc166c-ae41-40f9-a91f-414339fbdb04_s.png
"Rankų kremas NATURA SIBERICA OBLEPIKHA, 75 ml",6.49,https://cdn.barbora.lt/products/43994a97-4ce0-4a63-9421-55344cbbc548_s.png
"Pažeistų plaukų balzamas OPLEPIKHA SIBERICA, 400 ml",9.29,https://cdn.barbora.lt/products/888a9a15-6f0c-47d3-bfe8-93e4cb5bcd64_s.png
"Normalių ir riebių plaukų šampūnas OPLEPIKHA SIBERICA, 400 ml",9.29,https://cdn.barbora.lt/products/c062f249-4a5d-4002-93ce-fc95b6c3ebde_s.png
"Konfeti patranka, 20cm Fol.Juostelės",1.99,https://cdn.barbora.lt/products/1b665c4f-e1d4-49f6-a8b5-3f064a35e940_s.png
Kalėdų dekoracija(Karoliukai) 9m 3spalv,1.89,https://cdn.barbora.lt/products/32245d78-9e32-4dc2-932c-00c9c50e1f0c_s.png
"Lėkštė LUMINARC CARINE, 19,5 cm, 1 vnt.",2.69,https://cdn.barbora.lt/products/3b69c716-d3cc-4950-bdee-e6ca402db4e4_s.png
"Parfumuotas vanduo J.ARTHES CASS.moterims, 100 ml",7.79,https://cdn.barbora.lt/products/66aee5d2-7783-42b9-849b-6fe3fc21c5be_s.png
"Rutulinis dezodorantas NATURA AMICA NEUTRAL, 75 ml",7.79,https://cdn.barbora.lt/products/da61f6b6-5c15-494b-b5f0-fd2bae8be506_s.png
"Plaukų balzamas JOHN FRIEDA VOLUME, 250 ml",9.99,https://cdn.barbora.lt/products/fe22e618-3a3d-4eb0-a997-ca23f5420b07_s.png
"Plaukų šampūnas JOHN FRIEDA FRIZZ EASE, 250 ml",9.99,https://cdn.barbora.lt/products/d616a08f-0ee1-4401-b963-1b6df765ddfc_s.png
"Vandeniui atsparus blakstienų tušas MAYBELLINE LASH SENSAT., 9.5 ml",13.89,https://cdn.barbora.lt/products/f5b27dff-9367-444f-ad99-bef52159f197_s.png
"Dieninis veido kremas L'OREA, 50 ml",11.59,https://cdn.barbora.lt/products/1d33ed7e-17b9-4030-a55f-a0aaf6c46733_s.png
"Naktinis veido kremas L'OREAL, 50 ml",11.59,https://cdn.barbora.lt/products/061983de-359d-4c9d-b6c4-d212303dfab9_s.png
"Vyr.šampūnas NATURA SIBERICA (ELNIO GALIA) nuo pleiskanų, 250 ml",6.59,https://cdn.barbora.lt/products/6987d467-6059-411a-ad63-f34fda3da7c8_s.png
"Veido ir kūno prausiklis SEBAMED SENSITIVE SKIN, 200 ml",9.79,https://cdn.barbora.lt/products/1e891adf-0899-40ae-95a9-11bb5070ab44_s.png
"Plaukų šampūnas JOHN FRIEDA SHEERE BLONDE BRIGHTENING, 250 ml",11.19,https://cdn.barbora.lt/products/4076cb0a-0fb0-4e0c-b5a7-8f1787ae1cd4_s.png
"Elektrinė lauko ir vidaus girlianda, 40 LED, 1 vnt., warm white",9.99,https://cdn.barbora.lt/products/25ddcf24-a874-49c3-8dde-0c32f33c4dd9_s.png
"Stalo žaidimas TACTIC ALIAS, 1 vnt.",25.99,https://cdn.barbora.lt/products/8c8ffb81-4747-4a1c-80c0-58e1259c051a_s.png
"Stalo žaidimas TACTIC ALIAS JUNIOR, 1 vnt.",23.99,https://cdn.barbora.lt/products/ac80e7e6-c251-4971-9984-653ff8d1ed5f_s.png
"Plaukų želė VENITA SALON MEGASTRONG, 150 g",1.09,https://cdn.barbora.lt/products/5450bbf0-ebdf-40e0-bd1a-4e493d6e137c_s.png
"Vyriškas veido kremas LOREAL MEN EXPERT, 50 ml",9.39,https://cdn.barbora.lt/products/a1ef8e26-9fac-442e-b893-ba4933730867_s.png
"Vyriškas tualetinis vanduo STR8 RED CODE, 100 ml",14.99,https://cdn.barbora.lt/products/bfcc9e2e-2e05-434d-87b7-bc808ec81179_s.png
"Puodas RAVA BOLLIRE, 24 cm, 1 vnt.",26.99,https://cdn.barbora.lt/products/0b8283d1-a19a-4773-836f-5d195ac9e85e_s.png
"Muzikinė knygelė FISHER PRICE, 1 vnt.",41.99,https://cdn.barbora.lt/products/6464e932-7ec3-4764-a6e9-766747a9f38c_s.png
"Antakių šešėliai RIMMEL Nr. 2, 2 g",6.39,https://cdn.barbora.lt/products/d2fbbf27-34ba-4916-92ba-38fafc1c988e_s.png
"Kompaktinė pudra RIMMEL STAY MATTE, Nr. 003, PEACH GLOW, 14 g",5.69,https://cdn.barbora.lt/products/3b8a5519-f4ac-4c44-b0ee-74c3d6f6f933_s.png
 Lupimo peilis UNIWELL,4.99,https://cdn.barbora.lt/products/bec93b6f-6630-4799-9c53-4cb8aa489a22_s.png
"Kalėdiniai langų lipdukai, 1 vnt.",4.99,https://cdn.barbora.lt/products/43b5f0dc-ba48-4943-b645-dc8b1db4efa1_s.png
"Kūdikių apsauginis veido kremas SEBAMED, 50 ml",13.25,https://cdn.barbora.lt/products/86e9e645-44a3-45bd-af33-0908deae4ae7_s.png
" Kremas MIXA HYALUROGEL, 50 ml",11.59,https://cdn.barbora.lt/products/0f5d90e2-2e55-4d0f-a541-2412c47a73f8_s.png
"Dažomasis plaukų šaknų purškiklis L'OREAL MAGIC, 75 ml",8.99,https://cdn.barbora.lt/products/9c198b9f-8aaa-47c7-bfc0-ec4165dcfa1d_s.png
"Vyriškas tualetinis vanduo STR8 LIVE TRUE, 100 ml",14.99,https://cdn.barbora.lt/products/ab55eeaa-a6c1-4e82-8a48-7691b5db4ab0_s.png
MARGARITA Nenuplaunamas plaukų balzamas su dilgėlių ekstraktu normaliems ir riebiems plaukams 150ml,2.99,https://cdn.barbora.lt/products/cea16535-8d17-462d-bf07-684a5bac93fe_s.png
"Vyriškas purškiamasis dezodorantas L'OREAL MEN EXPERT THERM, 150 ml",5.49,https://cdn.barbora.lt/products/521cd725-d736-4d99-8f0e-a9fbdebc2b09_s.png
"Gili keptuvė su dangčiu VENEZIA, 28 cm, 1 vnt.",31.99,https://cdn.barbora.lt/products/5bd2eeb6-e7d0-443d-bef4-5fea1bfa80df_s.png
"Puodelis LUMINARC NUEVO, 500 ml",4.49,https://cdn.barbora.lt/products/130fe758-edcf-42c0-809e-5824ddcf7022_s.png
"Moteriškas purškiamasis dezodorantas REXONA ACTIVE PROTECT.F, 150 ml",4.29,https://cdn.barbora.lt/products/351ce335-bcdc-466d-be83-d712c5b54efe_s.png
"Dantų šepetėlis JORDAN EXPERT CLEAN MEDIUM, 1 vnt.",3.69,https://cdn.barbora.lt/products/f3009c7f-8deb-4392-b6f6-5e3df201391f_s.png
"Dažomasis plaukų šaknų purškiklis SYOSS ROOT RETOUCHER,rudas, 120 ml",9.29,https://cdn.barbora.lt/products/47d8475d-6c02-45c4-a97b-c7ac82662828_s.png
"Lūpų kontūro pieštukas MAYBELLINE, Nr. 10, 1 vnt.",8.29,https://cdn.barbora.lt/products/85110a94-8986-4eb7-8055-d5b73901a98f_s.png
"Dušo želė FA MEN SPORT ENERGY BOOST, 400 ml",4.99,https://cdn.barbora.lt/products/3b7cc8d2-4158-433b-9eb6-07097adb1d71_s.png
NIVEA Q10 ANTI-WRINKLE ENERGY SKAISTUMĄ ATKURIANTIS NAKTINIS KREMAS,16.99,https://cdn.barbora.lt/products/f63e3349-291d-4f1a-b01c-db6156fa240c_s.png
"Purškiamasis dezodorantas WELEDA su citrusiniais vaisiais, 100 ml",14.49,https://cdn.barbora.lt/products/3290a1c9-31d9-46d1-adf0-d81889072412_s.png
NIVEA naktinis atkuriantis kremas visų tipų odai +55,11.19,https://cdn.barbora.lt/products/38a4de63-9bed-4d7d-af71-d20e08eae2dd_s.png
Ilgas šaukštelis UNIWELL SALI,0.99,https://cdn.barbora.lt/products/3b407dc3-cc90-47c3-9057-bcd280488d0a_s.png
"Šakutė UNIWELL HELLEBORE, 1 vnt.",2.49,https://cdn.barbora.lt/products/3d85fe0e-2c53-46fd-aa98-9d75966966a1_s.png
"Šaukštas UNIWELL HELLEBORE, 1 vnt.",2.49,https://cdn.barbora.lt/products/c55896ca-3b81-40e6-89dd-c720fe7951e4_s.png
"Makiažo pagrindas MAYBELLINE FIT ME, 30 ml",11.19,https://cdn.barbora.lt/products/1defe4f7-22a0-4fc5-b8b7-2fbd9f71c214_s.png
"Kepimo forma PYREX MAGIC, 26 x 20 cm, 1 vnt.",17.99,https://cdn.barbora.lt/products/a577d5e4-8be4-44d4-afed-1a6f4f827662_s.png
L'Oréal Paris Preference Plaukų dažai  8.23 SANTORINI,13.49,https://cdn.barbora.lt/products/dcf9e1ea-9202-471f-9295-9b3f33bfd718_s.png
"Purškiamas dezodorantas OLD SPICE Bearglove, 150ml",5.29,https://cdn.barbora.lt/products/b965579e-8ee3-459f-9ee2-12a7b89dd3ce_s.png
"Akių kontūro pieštukas MAYBELLINEMASTER PRECISE, 1 vnt.",11.59,https://cdn.barbora.lt/products/014a5744-74d6-45b4-9f7c-d112a9895213_s.png
"Plaukų modeliavimo pasta SYOSS Matt Cream, 100ml",8.99,https://cdn.barbora.lt/products/e39a8bb1-a0c9-458f-af22-8979fd66ee6b_s.png
"Vyriškas kūno prausiklis VĖJAS su gintaro ekstraktu, 250 ml",1.99,https://cdn.barbora.lt/products/180773b0-312d-44ca-96be-8ed979eb4d7b_s.png
"Keptuvė FISKARS FUNCTIONAL FORM, 24 cm, 1 vnt.",45.99,https://cdn.barbora.lt/products/bf057cb4-f2c9-4759-a495-c95337d07a60_s.png
"Keptuvė FISKARS FUNCTIONAL FORM, 26 cm, 1 vnt.",49.99,https://cdn.barbora.lt/products/414f031f-5acc-4107-9403-7ef28c5a227d_s.png
"Puodas FISKARS FUNCTIONAL FORM, 3 l",82.99,https://cdn.barbora.lt/products/5f7f0065-9650-4d11-aaf9-ebea26137638_s.png
"Puodas FISKARS FUNCTIONAL FORM, 5 l",92.99,https://cdn.barbora.lt/products/0197701f-5a93-4e0d-8fd4-e91fa469d7bc_s.png
"Micelinis vanduo BIODERMA, 250 ml",14.09,https://cdn.barbora.lt/products/cd7f204f-4be3-420d-8345-39611fe91a5d_s.png
"Paakių gelis jautriai odai BIODERMS, 15ml",15.69,https://cdn.barbora.lt/products/b4bf64c9-fe0e-4636-800c-baa2944cf0f7_s.png
"Dušo gelis OLD SPICE Bearglove, 400ml",5.79,https://cdn.barbora.lt/products/87122370-dbc0-424e-81ab-1912d65e165f_s.png
"El. lauko ir vidaus girlianda, veikianti su baterijomis, 1 vnt., 96LED,spalv",5.99,https://cdn.barbora.lt/products/9dd28b23-7046-4d9f-b896-450602fe24ed_s.png
"Lėkštė AURORA WHITE HOME CLASSIC, 26,5cm",3.99,https://cdn.barbora.lt/products/c41532aa-030d-49c3-a798-4d7235ed7685_s.png
NIVEA odą tausojantis micelinis vanduo su aminorūgštimi ir migdolų aliejumi sausai odai,8.79,https://cdn.barbora.lt/products/943285a1-6ba4-4634-9088-faee30830dc2_s.png
"Plaktuvas HENSKE TB12P su 2 gertuvėmis, 1 vnt.",35.99,https://cdn.barbora.lt/products/0568780f-7d75-4536-bf55-2a4c60183701_s.png
"Veido prausiklis BIODERMA SENSIBIO, 200ml",17.15,https://cdn.barbora.lt/products/c75a5559-4660-4f6c-a8c9-55790352b4f2_s.png
"Veido šveitiklis BIODERMA, 100 ml",14.79,https://cdn.barbora.lt/products/cb4ba595-d58d-47cc-8ce9-8c0e72ff5a42_s.png
NIVEA CELLULAR  „EXPERT LIFT” dieninis kremas,20.45,https://cdn.barbora.lt/products/902048cd-980f-4915-8397-89449239535b_s.png
"Lėkštė LUMINARC DIWALI, 25 cm, 1 vnt.",2.99,https://cdn.barbora.lt/products/1fcebad7-26e4-4f9b-a3aa-08a3b3f09404_s.png
"Sriubos lėkštė LUMINARC DIWALI, 20 cm, 1 vnt.",2.99,https://cdn.barbora.lt/products/a93436b4-066e-498c-91b7-b9e308459ea5_s.png
"NIVEA MicellAIR Skin Breathe veido, akių ir lūpų srities micelinis vanduo su rožių vandeniu",9.59,https://cdn.barbora.lt/products/0f824ccc-e6d9-4dc3-b4f0-9bcab5ebbcef_s.png
"Veido kremas GARNIER, 50 ml",8.69,https://cdn.barbora.lt/products/7f701cf7-a87a-422b-a5ab-323b4f36532f_s.png
"Trig.poveikio mic.vanduo NEUTROGENA HYDRO BOOST, 400 ml",10.99,https://cdn.barbora.lt/products/054a0943-3ece-4221-9e01-03a738310857_s.png
"Lūpų balzamas SEBAMED BABY, 4.8 g",4.29,https://cdn.barbora.lt/products/eb5ef09b-f8f5-4230-8009-68ae96346003_s.png
"Moteriškas parfumuotas vanduo J'AIME 100ml, 100 ml",8.49,https://cdn.barbora.lt/products/01cdeb43-ed50-477f-a3d7-7c9b8daa0738_s.png
"Pudra L'OREAL CC WULT 01 , 30 ml, 1 vnt.",15.49,https://cdn.barbora.lt/products/4f82d8db-2817-48d0-86a0-965cb9c44082_s.png
"Lėlytė su aksesuarais, 1 vnt.",3.99,https://cdn.barbora.lt/products/5d7f5412-7574-4fc9-840a-36d9c89928c8_s.png
"Dažytų plaukų šampūnas SUPER SIBERICA, 400 ml",9.09,https://cdn.barbora.lt/products/2c00f308-7e4c-4595-8200-20d102709cd4_s.png
"Drėkinamoji veido kaukė FILORGA HYDRA-FILLER MASK, 20 ml",9.99,https://cdn.barbora.lt/products/2a342c60-ece2-451e-ba88-9801be9fb789_s.png
"Stangrinamoji veido kaukė FILORGA TIME-FILLER MASK, 20 ml",9.99,https://cdn.barbora.lt/products/684ab88b-1276-4a1f-aba8-56a201b477b1_s.png
"Citrinų kv. indaplovių kaps. Finish Powerball Quantum Ultimate, 40vnt",13.69,https://cdn.barbora.lt/products/d906cab3-dffd-4330-b0e3-9abcf38bd863_s.png
"Lakštinė veido kaukė GARNIER, 1 vnt.",3.49,https://cdn.barbora.lt/products/a405a54a-4ae2-4de2-b7e6-cad3a008926f_s.png
"Veido gelis GARNIER, 200 ml",6.49,https://cdn.barbora.lt/products/6d8b9195-62a8-4693-b34b-d38db5a8be83_s.png
"Gelinis veido kremas GARNIER, 50 ml",8.99,https://cdn.barbora.lt/products/397762be-b9ba-4bf5-82cc-98a1f9c1e290_s.png
"Kūdikių kūno losjonas BAMBO NATURE EKO, 100 ml",7.49,https://cdn.barbora.lt/products/8b643ea3-4498-4ffe-82e8-f566ee486c5f_s.png
ECODENTA organic dantų pasta nuo apnašų su kokosų aliejumi 75 ml ,6.59,https://cdn.barbora.lt/products/607f8ba9-d6b0-4f87-9bdf-79304654c70f_s.png
TONYMOLY MasterLab Hyaluronic Acid Mask Sheet Lakštinė veido kaukė 19g,5.99,https://cdn.barbora.lt/products/880c30c0-72b9-49a2-9b58-dfba947a62f3_s.png
"Kūno šveitiklis BEAUTY JAR SUGAR LADY, 180 g",4.59,https://cdn.barbora.lt/products/efb3cf44-df1b-42d0-88bd-960a4fb120dd_s.png
"Bambukiniai tarpdančių šepetėliai HUMBLE BRUSH,D2, 6 vnt., 1 vnt.",4.99,https://cdn.barbora.lt/products/7f561d94-586e-4f10-be75-5dd2708ddd78_s.png
"Dušo gelis FA YOGHURT VANILLA HONEY, 750 ml",7.99,https://cdn.barbora.lt/products/06a4884e-e683-4397-933a-c8579c303b83_s.png
"Veido serumas L'OREAL, 30 ml",22.49,https://cdn.barbora.lt/products/4a46bc63-d66c-4d09-a747-106db8c3cbca_s.png
"Serviravimo lėkštė FRIENDS TIME, 29 cm",7.99,https://cdn.barbora.lt/products/3ca81eb5-b4c0-46da-83c4-b86ebb9d4b1e_s.png
"Moteriškas kreminis antiperspirantas SECRET Delicate, 40ml",4.29,https://cdn.barbora.lt/products/798839e3-e6ea-480e-813c-ccdad8c511be_s.png
"Karoliukų girlianda, Red/Silver, 1 vnt.",1.99,https://cdn.barbora.lt/products/88ecde31-fb04-4bef-9b84-6a27f26675e1_s.png
"Karoliukų girlianda, Gold",1.99,https://cdn.barbora.lt/products/e9bb28da-86a9-4f63-8e42-aca7ef806002_s.png
"Kūno šveitiklis GEOMAR RIMODELLANTE, 600 g",10.99,https://cdn.barbora.lt/products/d369013b-ba02-429d-a1f9-541c2d6561ca_s.png
"Keptuvė SIMPLY CLEAN, 24 cm, 1 vnt.",23.99,https://cdn.barbora.lt/products/0c3b2b55-8ab8-4c2d-af28-ee5a1de0ee52_s.png
"Keptuvė SIMPLY CLEAN, 26 cm, 1 vnt.",26.99,https://cdn.barbora.lt/products/2b4742f4-014d-49e2-8326-783ea2f0d276_s.png
"Plaukų serumo ampulės PANTENE Intensive Repair Active Nutri-Plex,45 ml (3x15ml)",7.49,https://cdn.barbora.lt/products/bcbf3731-52b9-40d1-bebb-570124fa5f94_s.png
"Plaukų putos NIVEA, 150 ml",7.19,https://cdn.barbora.lt/products/e85f83fc-d971-42e0-b94a-4f529be8b8df_s.png
El. Virdulys HENSKE KEC4401BD-GS,26.99,https://cdn.barbora.lt/products/b505e335-b794-4b6a-843a-b85608cc037f_s.png
"Žaidimų rinkinys PLAY-DOH DANTISTAS, 1 vnt.",30.99,https://cdn.barbora.lt/products/55bc2657-5e84-4369-96f9-a9ab197b8ea9_s.png
"Antakių pieštukas MAYBELLINE ULTRA SLIM, Nr. 07, 1 vnt.",9.59,https://cdn.barbora.lt/products/cf0dcb26-ed36-4fe9-8eef-f5479dac7ad2_s.png
"Vyriškos skutimosi putos NIVEA MEN FRESH KICK, 200 ml",5.49,https://cdn.barbora.lt/products/d9f8b6a6-f183-47db-87c4-331f263ee404_s.png
"Lakštinė veido kaukė GARNIER, 23 g",3.49,https://cdn.barbora.lt/products/e5fc9eed-5c9b-426a-a8b6-3ca60a66b1aa_s.png
"Moteriškas purškiamasis dezodorantas REXONA FRESH POWER, 150 ml",4.29,https://cdn.barbora.lt/products/ae64ec88-2af1-4e20-9e9a-09405ce59eb2_s.png
"Rankų kremas NIVEA INTENSIVE MOISTURE, 100 ml",6.09,https://cdn.barbora.lt/products/ad67d3de-91c5-44a4-809c-ee59c5fed8ff_s.png
"Barberkiu skonio majonezinis padažas POPPAMIES, 290 ml",3.99,https://cdn.barbora.lt/products/3cf637f4-b745-4df2-9e46-bd3547a685be_s.png
Dubenėlis AURORA PEARL CLASSIC DARK 15cm,4.99,https://cdn.barbora.lt/products/e8a70556-32ec-48c7-ab8f-bacd979301b6_s.png
"Bekvapės veido depiliavimo vaško juostelės „Veet MINIMA Easy Gel“, 20 vnt.",7.99,https://cdn.barbora.lt/products/47a4f261-ac51-4106-a142-f13bd2db2bd2_s.png
"Veido kremas GARNIER BB, LIGHT, 50 ml",11.59,https://cdn.barbora.lt/products/6cb92476-69a5-4e42-947a-b76b34a3f0fd_s.png
"Moter. skustuvo galvutės WILKINSON INTUITION COMPLET, 3 vnt., 3 vnt.",18.79,https://cdn.barbora.lt/products/7eec80fb-714f-45b7-a61e-04cf49bb0aa2_s.png
Smulkintuvas HENSKE HB6010-GS  ,29.99,https://cdn.barbora.lt/products/bbffa9ec-a9d8-4bec-bd5a-4bd887e87221_s.png
"Mokomasis žaidimas BO EDUCATIONAL ABĖCĖLĖ, 1 vnt.",7.99,https://cdn.barbora.lt/products/5e69671d-7829-4b1d-b037-2443f0b417ad_s.png
"El. girlianda, veikianti su baterijomis, 20 LED, 1 vnt.",2.99,https://cdn.barbora.lt/products/3cba90fb-230f-4865-8ffc-35aa6efff837_s.png
"Elektrinė girlianda, veikianti su baterijomis, 10 LED, 1 vnt.",2.99,https://cdn.barbora.lt/products/fb440cec-8800-49e6-bf38-3a9f9aece598_s.png
ICE PROFESSIONAL Refill My Hair Kondicionierius sausiems plaukams 250ml,9.29,https://cdn.barbora.lt/products/bc0f8806-9aa5-40c2-becb-4cefcaabbac3_s.png
Maybelline NewYork Express Brow Satine Duo DarkBlond antak piešt,11.99,https://cdn.barbora.lt/products/d7366627-f4e6-4038-8339-f9b5a24a94cc_s.png
Maybelline NewYork Express Brow Satine Duo MediumBrown antak pieštukas,11.99,https://cdn.barbora.lt/products/58eaf987-8502-4667-b810-1301b52b58ba_s.png
"Puodelis LUMINARC GRAND CENTRAL, 320 ml, 1 vnt.",2.69,https://cdn.barbora.lt/products/825e3940-91a2-404f-92c1-389525fe2527_s.png
"Elektrinis virdulys HENSKE, 1 vnt.",29.99,https://cdn.barbora.lt/products/6c5cb124-6601-4742-8575-3272462da143_s.png
"Trintuvas HENSKE, 1 vnt.",27.99,https://cdn.barbora.lt/products/04021641-751c-429a-a1bd-cb50a9d7f1d7_s.png
MARGARITA MOIST & MINERALS drėkinamasis veido tonikas su mineraliniu vandeniu „Birutė“ 200 ml,6.99,https://cdn.barbora.lt/products/2359078f-df55-4e39-812e-9711c5498e1d_s.png
"Veido kaukė NATURA SIBERICA OBPLEPIKHA VITAMIN GLORY, 100 ml",7.59,https://cdn.barbora.lt/products/ff4e815a-98cd-4f9f-8e18-fcf92e3362ba_s.png
"TONYMOLY Master Lab Ceramide Mask Sheet Lakštinė veido kaukė, 19 g",5.99,https://cdn.barbora.lt/products/c2290d16-4315-41ed-ab1f-8349b7f67fcf_s.png
Silikoninis šaukštas FISKARS,12.99,https://cdn.barbora.lt/products/6a81486f-5941-4f79-b318-35c51fa124d0_s.png
"Moteriški vienkartiniai skustuvai WILKINSON QUATTRO, 3 vnt., 3 vnt.",6.95,https://cdn.barbora.lt/products/2c889c0b-eebf-4706-8290-786ae3c377f8_s.png
"Plaukų šampūnas GREEN FEEL'S, 250 ml",3.59,https://cdn.barbora.lt/products/ed50e38a-a64d-432a-a796-74193efafccd_s.png
"Vyriškas veido kremas GREEN FEEL'S ŽALGIRIS, 50 ml",5.99,https://cdn.barbora.lt/products/9dd041b9-ae60-45e7-9f5d-50b1252d9a67_s.png
"Plaukų kaukė GREEN FEEL'S, 200 ml",4.79,https://cdn.barbora.lt/products/b7f3751a-fd2a-4d8c-9a81-f311e7993bb0_s.png
"Veido serumas PHARMA OIL COMPLEX, 30 ml",15.99,https://cdn.barbora.lt/products/00cdeade-e9dc-444c-93b0-9a14f50a1974_s.png
"Plaukų šampūnas SCHAUMA ROSE OIL 2IN1, 400 ml",4.59,https://cdn.barbora.lt/products/e7be5df1-6881-479a-ae13-76bd60e05f14_s.png
"Pieštukinis dezodorantas OLD SPICE Night Panther, 50ml",5.29,https://cdn.barbora.lt/products/91a78328-949e-4061-8ece-ba5736760f21_s.png
"Purškiamas dezodorantas OLD SPICE Tiger Claw, 150ml",5.29,https://cdn.barbora.lt/products/08dd689a-f309-47d5-b768-e1b1d5fa206b_s.png
"Skutimosi gelis GILLETTE Series Revitalising, 200ml",5.99,https://cdn.barbora.lt/products/479688b4-1048-4067-ba82-e19c885a6e41_s.png
Dubenėlis AURORAPEARL SOHO GREEN 17cm,6.99,https://cdn.barbora.lt/products/a8943ebd-fc0a-4257-b926-201e44a9675a_s.png
"Plaukų šampūnas GLISS Aqua Revive, 400 ml",6.79,https://cdn.barbora.lt/products/28d47295-8f57-4b4f-b8a4-847b1dcba6f7_s.png
"Moteriškas rutulinis dezodorantas GARNIER, 50 ml",4.99,https://cdn.barbora.lt/products/a1885e18-11ee-4241-8bcd-b078103250c7_s.png
"Moteriškas purškiamasis dezodorantas GARNIER, 150 ml",5.49,https://cdn.barbora.lt/products/8d5d9e2c-330a-49c9-824f-c2b60f1bb0f9_s.png
"Plaukų kondicionierius GLISS Aqua Revive, 200 ml",4.79,https://cdn.barbora.lt/products/d3381cd2-bd31-4757-ad49-695f8b09fba3_s.png
"Purškiamasis plaukų kondicionierius GLISS Aqua Revive, 200 ml",7.29,https://cdn.barbora.lt/products/543f5c2e-d6b3-42bf-bbc9-b0360fec88c1_s.png
"Dantų pasta JORDAN LIQURICE MINT, 50 ml",3.49,https://cdn.barbora.lt/products/bc5d6552-4e82-4b07-b095-3bcb4499988c_s.png
"Plaukų kondicionierius GREEN FEEL'S, 100 ml",3.59,https://cdn.barbora.lt/products/26aa01d5-2ba4-4976-8bf1-f30caeaae2bc_s.png
"Dieninis veido kremas NEUTROGENA RETINOL BOOST SPF15, 50 ml",23.79,https://cdn.barbora.lt/products/401ac924-fed7-42be-acad-086897f25a35_s.png
"Paakių kremas NEUTROGENA RETINOL BOOST, 15 ml",23.99,https://cdn.barbora.lt/products/76e49c7b-72b4-4f69-9bea-5d3106a2ee42_s.png
" Termosas UNIWELL, 650 ml",13.99,https://cdn.barbora.lt/products/1c4c4954-8caf-4e5a-a8a1-5ecc06262234_s.png
Plaukų tiesinimo žnyplės HENSKE BY-615,19.99,https://cdn.barbora.lt/products/b86fa97b-115c-44be-a18c-1f5ba1a19b60_s.png
"Sausainiai SELGA be cukraus, su saldikliu, 180 g",0.79,https://cdn.barbora.lt/products/a9da158c-aedf-404e-a388-c00b9f0c7b4c_s.png
"Lakštinė veido kaukė GARNIER SKIN, 22 g",3.49,https://cdn.barbora.lt/products/470cbdd1-57c5-466d-86cb-78ad3e175700_s.png
Sumuštinių keptuvė ZM-221,24.99,https://cdn.barbora.lt/products/375cdea7-5bdb-4ffc-a68a-2324411589e3_s.png
"Plaukų šampūnas GARNIER BOTANIC THERAPY, 400 ml",5.99,https://cdn.barbora.lt/products/daa53b28-ba58-4629-be76-6d82f6f926e8_s.png
"Antakių tušas MAYBELLINE EXPRESS BROW SCULPT, Nr. 04, 1 vnt.",11.99,https://cdn.barbora.lt/products/d990b88e-aa98-408b-b5f2-2773d61ea11d_s.png
"Balzamas po skutimosi GILLETTE Hydrates, 50ml",7.59,https://cdn.barbora.lt/products/19b37718-8b8e-4976-bc54-239fe7ccae87_s.png
"Balzamas po skutimosi GILLETTE Sensitive, 100ml",8.99,https://cdn.barbora.lt/products/1723d9ae-a187-4d11-aad3-380c34daa8d2_s.png
"Plaukų džiovintuvas su jonizatoriumi HENSKE, 1 vnt.",24.99,https://cdn.barbora.lt/products/cb3c791f-28f0-4fd7-8ba0-bdbbf37b1f5e_s.png
"Ant pirštų maunamos marionetės YW248575, 1 vnt.",4.99,https://cdn.barbora.lt/products/f5aca65e-cdbd-493d-a790-4d05289d98b4_s.png
"Rubiko kubas SPINMASTER, 3 x 3",12.99,https://cdn.barbora.lt/products/4aaf4046-b384-4c05-9456-1bb0aa997cfd_s.png
"Gyvūnų antkaklis, 25MMx45-66CM, A-1057",3.99,https://cdn.barbora.lt/products/86d448cc-593c-45aa-8a90-1790db25f202_s.png
"Automatinis pavadėlis LOVETT, 3 m, 15 kg, 1 vnt.",12.99,https://cdn.barbora.lt/products/c1cf81ed-d4ed-4b42-8cc3-97b06051bab4_s.png
"Automatinis pavadėlis LOVETT, 5 m, 50 kg, 1 vnt.",19.99,https://cdn.barbora.lt/products/a1829e8e-370b-4a12-bfd3-8e10909f835d_s.png
KILIG RETINOL veido tonikas su retinoliu 250 ml,7.39,https://cdn.barbora.lt/products/8158fbb9-22d8-4688-b606-8d2739d6d80d_s.png
"Vyriškas pieštukinis antiperspirantas NIVEA SILVER PROTECT, 50 ml",5.39,https://cdn.barbora.lt/products/5868e5ab-da39-4a6f-95f1-da8417a3ad37_s.png
"Losjonas po skutimosi ADIDAS PURE GAME, 100 ml",10.99,https://cdn.barbora.lt/products/ee6b9424-d184-4619-ba9b-0ab92d5ef022_s.png
"Kortelės HEADU MONTESSORI EMOCIJOS IR VEIKSMAI, 1 vnt.",14.99,https://cdn.barbora.lt/products/985d4b7c-6ade-404c-87a5-e3c829a5bcd8_s.png
Užspaustukas maišeliui TESCOMA PRESTO,2.49,https://cdn.barbora.lt/products/33466c43-4111-4d40-ba31-0c4f115aae8b_s.png
"Plaukų šampūnas SYOSS Oleo Intense, 440 ml",7.49,https://cdn.barbora.lt/products/7854a409-8a9a-4bc8-99dd-2ab6574b92cf_s.png
"Vyriškas tualetinis vanduo ADIDAS ICE DIVE, 50 ml",14.99,https://cdn.barbora.lt/products/f928f0cd-ff93-475a-8ecd-37aba761854d_s.png
"Plaukų kaukė GARNIER BOTANIC , 340 ml",7.99,https://cdn.barbora.lt/products/c7075737-8516-46e9-b678-cf6b93c5fe44_s.png
"Micelinis vanduo GARNIER, 400 ml",8.69,https://cdn.barbora.lt/products/b366a924-c032-4092-8320-dfbe2f324c0d_s.png
"Paakių kaukė GARNIER, 5 g",2.99,https://cdn.barbora.lt/products/4b552892-e5f0-4db7-848c-1c76c8bd8fd2_s.png
"Veido kremas PHARMA OIL DEW-O-METER, 50 ml",16.59,https://cdn.barbora.lt/products/839dbe35-22bc-499e-b5fb-b6e30bab79d5_s.png
"Veido kaukė PHARMA OIL GLOW LOWDOWN, 75 ml",15.59,https://cdn.barbora.lt/products/2c797093-d02d-4900-92de-ddef01a93d9a_s.png
"Veido serumas PHARMA OIL HYDRA HUG, 30 ml",17.99,https://cdn.barbora.lt/products/80aece3d-b9cf-4620-91b5-d059f0d0593e_s.png
NIVEA gaivinamasis veido prausimo gelis normaliai ir mišriai odai,5.69,https://cdn.barbora.lt/products/b71a1f7d-22b0-4bb0-8fe4-9070f1c76b95_s.png
"Veido kaukė DIZAO HYALURONIC ACID, 25 g",2.99,https://cdn.barbora.lt/products/2586e850-f052-4862-b7aa-de8bada7204c_s.png
"Veido kremas NEUTROGENA RETINOL BOOST INTENSIVE, 50 ml",24.99,https://cdn.barbora.lt/products/f743b3af-9776-4887-9b8e-dfea7089ae20_s.png
"Veido kaukė DIZAO VITAMINS OF THE SEA COLLAGEN, 30 g",2.99,https://cdn.barbora.lt/products/37f98c5a-b666-4460-aeae-f5ad57fc69da_s.png
"Dantų pasta LACALUT BLACK & WHITE, 75 ml",3.59,https://cdn.barbora.lt/products/32df9ed2-1eb1-414e-bf63-f83aa97be33e_s.png
ARAS VEIDO KREMAS VISŲ TIPŲ ODAI SU HIALURONU 50 ML,8.99,https://cdn.barbora.lt/products/b1f5b932-38ed-4a96-81b1-6b40d7506f37_s.png
"Moteriškas rutulinis dezodorantas REXONA COTTON DRY, 50 ml",4.29,https://cdn.barbora.lt/products/bdf2ae7f-f27f-418e-91d1-8a093b14e3c0_s.png
"Lėlė DISNEY FROZEN LEDO KARALIENĖ, 1 vnt.",19.99,https://cdn.barbora.lt/products/3936d331-586d-4a81-8d84-143d4ae29806_s.png
"Lėlė DISNEY FROZEN ANA, 1 vnt.",19.99,https://cdn.barbora.lt/products/a1d25181-4417-4096-8df6-3dcced1b5d3c_s.png
"Moteriškas purškiamasis dezodorantas REXONA INVISIBLE ON B&W, 200 ml	",5.99,https://cdn.barbora.lt/products/0242b242-d206-4af4-a1f2-302eb3f43956_s.png
"Puodelis AURORA SMOKY WHITE, 530 ml",4.99,https://cdn.barbora.lt/products/0b31dd0d-1595-4d9f-8d66-8214309ad696_s.png
Puodelis ILAJA Wisp 440ml,2.99,https://cdn.barbora.lt/products/5e2d7638-e796-4007-bfd1-3a998dd27f29_s.png
Dubenėlis ILAJA Hazel Grey 15 cm,3.99,https://cdn.barbora.lt/products/98780ae1-f92f-4a69-97e7-42c00f2ee8ab_s.png
"Ekologiškos kukurūzų lazdelės PONN su soromis, nuo 7 mėn., 30 g",1.25,https://cdn.barbora.lt/products/4372fd1c-b3df-44e8-af9d-2e82ea0f5c87_s.png
"Pliušinis žaislas SQUISHMALLOWS, 12 cm, 1 vnt.",8.49,https://cdn.barbora.lt/products/591c1668-c4df-48b9-8950-8b0a1e5bd7a3_s.png
NIVEA Fresh Sensation purškiamasis antiperspirantas vyrams ,4.79,https://cdn.barbora.lt/products/b6383217-1330-4e4d-a6e9-4be10bcf2a6a_s.png
Stalo žaidimas BYLA BAIGTA 1,15.99,https://cdn.barbora.lt/products/6706d60b-170c-49c3-8ff3-ad845dd46d24_s.png
"Apsauginis veido kremas CERAVE SPF30, 52ml",22.99,https://cdn.barbora.lt/products/cc31967d-d064-4fe4-8c0d-cebdaf32e8a6_s.png
"Prieššampūnė plaukų priemonė L'OREAL ELSEVE , 200 ml",14.99,https://cdn.barbora.lt/products/0a4b03ba-52a3-435c-b3ae-cba6f72a6e06_s.png
RASA HYDRO INTENSE Drėkinamasis veido kremas sausai odai 50 ml,14.99,https://cdn.barbora.lt/products/b2de4138-b2c1-43eb-a4a4-2d0966dd9bc3_s.png
RASA AGE CONTROL Stangrinamasis paakių kremas 15 ml,12.99,https://cdn.barbora.lt/products/8865aa06-8f72-449f-9756-f40cf2b01525_s.png
RASA INTENSE CARE Maitinamasis veido kremas 50 ml,14.99,https://cdn.barbora.lt/products/35c50fff-0795-4000-a12d-8b1971538619_s.png
"Dubenėlis AURORA MODERN WHITE, 13 cm",4.99,https://cdn.barbora.lt/products/bbee4d84-2b9f-41ed-a056-b39066d41912_s.png
"Maža figūrėlė GABBY´S DOLLHOUSE, 1 vnt.",5.99,https://cdn.barbora.lt/products/c5932919-a6e6-4703-8362-b88785166f1e_s.png
"Šampano taurės AURORA FLEYA, 210 ml, 4 vnt., 4 vnt.",18.99,https://cdn.barbora.lt/products/8296e56e-1610-403f-bb55-d39c580a1ac0_s.png
Vyno taurės AURORA FLEYA 380 ml 4 vnt.,18.99,https://cdn.barbora.lt/products/42cf58cb-fe3d-49df-9363-60918dfd1736_s.png
Vyno taurės AURORA FLEYA 500 ml 4 vnt.,18.99,https://cdn.barbora.lt/products/26f4cb6e-a818-41c3-bb12-d907922ad3b9_s.png
Kūno šveitiklis ORGANIC SHOP WATERMELON&PEACH 250 ml,5.99,https://cdn.barbora.lt/products/a44760c8-8749-43f2-990d-9073c13b1ecc_s.png
"Žaidimų rinkinys PLAY-DOH MAŽASIS ŠEFAS, 1 vnt.",22.99,https://cdn.barbora.lt/products/aba5ac52-65db-4d60-9993-a01e67491aa6_s.png
Puodelis su lėkštute AURORA GOLD RIM 260ml,6.99,https://cdn.barbora.lt/products/0c4a6c35-5a66-44a3-bb58-6634e511772b_s.png
NIVEA valantis micelinis vanduo su aminorūgštimi ir vandenyno dumbliais mišriai odai,8.29,https://cdn.barbora.lt/products/6cad1d42-70df-4018-b555-79c8d42af1ee_s.png
"Vyriško sisteminio skustuvo galvutės GILLETTE Mach3 Charcoal, 8 vnt.",24.99,https://cdn.barbora.lt/products/ff956edd-d246-46be-ac8d-dfe538c458a9_s.png
" Keptuvė UNIWELL, 28 cm",17.99,https://cdn.barbora.lt/products/cc3b574f-ae1f-4568-8fda-f35cba40be04_s.png
"Guminis žaislas JIGGLY PETS su funkcijomis, 1 vnt.	",19.99,https://cdn.barbora.lt/products/c5a3b7d0-4fb9-4d68-820b-34c1cc65fd42_s.png
"Dantų pasta PEARL DROPS LUMINOUS BRIGHT, 75 ml",4.99,https://cdn.barbora.lt/products/81d8e1d4-fed9-4676-bdfa-196a112dcdaa_s.png
"Lakštinė veido kaukė L'OREAL, 1 vnt.",4.49,https://cdn.barbora.lt/products/5fdf7faa-7f44-4fb9-9e53-417f885667f7_s.png
HAPPY Baby dušo želė 2in1 400ml,6.49,https://cdn.barbora.lt/products/54a46161-10a3-4099-9cf8-71f9bf08fc85_s.png
"Veido kaukė BEAUUGREEN, 30 g",3.49,https://cdn.barbora.lt/products/3e21551b-474c-4b66-9f5c-d13312987008_s.png
"Veido kremas Q+A HYALURONIC ACID DAILY M,75",9.99,https://cdn.barbora.lt/products/c5b794e5-6fa0-4f65-988b-ba9814b426b1_s.png
"Veido prausiklis Q+A NIACINAMIDE GENTLE E,125",10.99,https://cdn.barbora.lt/products/2c08799b-60c8-4673-b93b-59417925c25b_s.png
"Veido tonikas Q+A NIACINAMIDE DAILY,100ml",10.99,https://cdn.barbora.lt/products/e40b5a74-aace-40e5-a239-a6a63102cd86_s.png
"Paakių serumas Q+A CAFFEINE,15ml",8.99,https://cdn.barbora.lt/products/b3bb9547-2aa6-44e5-9bda-329879a56fbb_s.png
RASA FIRMING BODY CARE Stangrinamasis kūno kremas 200 ml,6.99,https://cdn.barbora.lt/products/bbd493f4-4173-4cb6-8489-eb196b2e1235_s.png
"COSRX BHA Blackhead Power Liquid eksfolijuojanti esencija, 100 ml",23.99,https://cdn.barbora.lt/products/0a553fb0-31d2-4283-bc77-6a766ad86be1_s.png
"Prausiklis sausai ir jautriai odai  CeraVe Crėme Hydrating Cleanser, 473 ml ",29.99,https://cdn.barbora.lt/products/a80ee64c-466d-406e-a006-34344f74879a_s.png
"Plaukų kaukė GLISS 4IN1 MOISTURE, 400 ml",9.49,https://cdn.barbora.lt/products/2cb7762a-2db9-440b-99a4-7f96f2959bc3_s.png
"El. virdulys TEFAL, 1,5L,KI583E10",64.99,https://cdn.barbora.lt/products/b1632c50-f6c2-4547-b8b1-ce094c99cb08_s.png
Dubuo AURORA Crest Brown 20 cm,6.49,https://cdn.barbora.lt/products/36a06cf7-4ad4-42ba-bea4-6bb183783495_s.png
Lėkštė AURORA Crest Brown 24 cm,6.99,https://cdn.barbora.lt/products/bb27417c-8555-469b-bf0d-28f23aca7f85_s.png
Lėkštė AURORA Crest Creamy 28 cm,9.99,https://cdn.barbora.lt/products/13b2b3bc-0c7d-4825-9004-40e1f4fc3b55_s.png
"Plaukų šampūnas MAUI su kokosų pienu, garban.385ml",13.99,https://cdn.barbora.lt/products/5c38e365-8038-4999-9343-2d1a8db31156_s.png
"Plaukų kondicionierius MAUI su kokosų pienu, 385ml",13.99,https://cdn.barbora.lt/products/937f2357-0fad-4b5e-a9d7-ea39a877478e_s.png
"Dantų pasta COLGATE MAX WHITE BYE BYE STAINS, 75 ml",6.29,https://cdn.barbora.lt/products/f3c9c975-0e0b-472a-ac96-dd6377777ea6_s.png
"Vytintas ispaniškas saliamis su žolelėmis SOLA, nerūš., 1 kg",12.99,https://cdn.barbora.lt/products/a54ccd60-95da-49ce-82ed-78ea0fd190dc_s.png
"Prezervatyvai DUREX AROUSER, 3 vnt., 3 vnt.",2.25,https://cdn.barbora.lt/products/8f7843fb-bb0e-4534-b28c-78575ee3ecfa_s.png
KILIG CLEAN & FRESH veido tonikas 250 ml,6.99,https://cdn.barbora.lt/products/5ffc51e7-5478-4e09-be86-7a0b45e324ee_s.png
"Moteriškas tualetinis vanduo BUGATTI BELLA DONNA, 60 ml",29.99,https://cdn.barbora.lt/products/f286ab7e-e29d-43c7-aa85-602e80241af9_s.png
"Moteriškas tualetinis vanduo BUGATTI BELLA DONNA INTENSA, 60 ml",29.99,https://cdn.barbora.lt/products/9ad200be-5a14-421d-ab46-040713545113_s.png
"Intensyvus plaukų kondicionierius PANTENE Bond Repair, 150 ml",15.59,https://cdn.barbora.lt/products/88e8ea90-216b-4d5f-b619-1998a247aada_s.png
"Plaukų kaukė PANTENE Hydra Glow Miracles, 300 ml",15.59,https://cdn.barbora.lt/products/05d817e4-e50d-4123-b1b6-1563d9927f7d_s.png
"Plaukų kondicionierius FAITH IN NATURE GRAPEFRUIT&ORANGE, 400 ml",8.99,https://cdn.barbora.lt/products/bcc160ff-ffb1-4c3d-b541-11f21919f25c_s.png
"Dušo gelis OLD SPICE Rockstar, 400ml",5.79,https://cdn.barbora.lt/products/e31f4b61-52bf-4eb1-bf1b-b43e51bd308a_s.png
"Plaukų šampūnas HEAD&SHOULDERS Men Ultra Total Care, 330 ml",9.29,https://cdn.barbora.lt/products/4fc4ebf5-0bab-47b5-9637-e3869d133c9c_s.png
"Purškiamas dezodorantas OLD SPICE Rockstar, 150ml",5.29,https://cdn.barbora.lt/products/7f4ff970-e737-43f5-980c-da42b9e7d356_s.png
"Vyriškas dušo gelis FA MEN SPICY BERGAMOT, 400 ml",4.99,https://cdn.barbora.lt/products/2beac1e0-643d-41f0-8603-e29a7cde877c_s.png
"Plaukų dažai SYOSS, Nr. 12-53, 1 vnt.",8.99,https://cdn.barbora.lt/products/aee823ea-34b6-4baf-a1f7-529505031a14_s.png
"Lakštinė veido kaukė PHARMA OIL TAKE A SIP, 1 vnt.",6.49,https://cdn.barbora.lt/products/025e8167-79f1-4803-99f0-9b953c462d72_s.png
"Puodas su dangčiu, ILAJA, 16X9.5 cm",15.99,https://cdn.barbora.lt/products/ec608a07-5562-4db7-9426-372fae7eecf5_s.png
"Elektrinio dantų šepetėlio galvutės ORAL-B Kids Frozen Pro, 4 vnt.",25.99,https://cdn.barbora.lt/products/62cbf48a-fcf1-4c6e-978e-f8dc6ab6a1a2_s.png
"Vytinta ispaniška šoninė ESPANA, nerūš., 80 g",3.29,https://cdn.barbora.lt/products/82f29295-ae78-4653-93cc-c29fedbe7ef7_s.png
"Mot. vienkartiniai skustuvai WILKINSON XTREME3COC., 4 vnt.",5.99,https://cdn.barbora.lt/products/035c621f-0dc6-4fbf-a327-4d8af362088f_s.png
" Nosies kirptuvas PHILIPS, NT5650/16",29.99,https://cdn.barbora.lt/products/9f43a7d5-59f7-4b4b-9900-0da3609f59c4_s.png
"Moteriškas purškiamasis dezodorantas REXONA INVISIBLE PURE, 150 ml",4.99,https://cdn.barbora.lt/products/48ef6d91-ee03-42cb-b35a-679838641e9a_s.png
"Moteriškas purškiamasis antiperspirantas REXONA ADV.P.I.B&B, 150 ml",4.99,https://cdn.barbora.lt/products/00bb2598-94ff-4e54-8442-e4e29c4f9511_s.png
"Vyriškas purškiamasis dezodorantas REXONA COBALT DRY, 150 ml",4.99,https://cdn.barbora.lt/products/f5fe8630-bb1e-41ed-be9f-38b53dd9fa8e_s.png
Šampano Taurės AURORA MOMENTS 210 ml 4 vnt.,19.99,https://cdn.barbora.lt/products/b4ff8bbf-1c14-4a28-8385-78b0d25834db_s.png
ECODENTA balinamoji dantų pasta su gintaro ekstraktu 100 ml,5.85,https://cdn.barbora.lt/products/f62af229-1dd1-4fd1-9271-e5973299e671_s.png
ECODENTA dantų pasta su mėlynių ekstraktu 100 ml ,3.49,https://cdn.barbora.lt/products/eeaeb963-98c9-44b0-b866-20ae5ca18c08_s.png
"Kūno kremas NUNU, 250 ml",8.39,https://cdn.barbora.lt/products/a542876d-4ca7-4fb3-9e3d-2334d05c8287_s.png
"Plaukų kaukė NUNU, 200 ml",7.79,https://cdn.barbora.lt/products/b723fcbc-0a22-4684-90b7-10ae9e43c2fe_s.png
"Dušo želė NUNU, 250 ml",4.79,https://cdn.barbora.lt/products/3f01f29a-5a29-433b-b804-33fd1e765f31_s.png
"Filtravimo ąsotis BRITA MARELLA, baltas, 2,4 l, 1 vnt.",26.99,https://cdn.barbora.lt/products/61f217d9-f486-43d3-83d2-fa6683e05abd_s.png
"Dantų pasta COLGATE TOTAL ANTI-TARTAR, 75 ml",4.49,https://cdn.barbora.lt/products/1714c142-b7d1-4a8d-87ad-dc6f6c8b8b7b_s.png
"Daugiafunkcinė makiažo priemonė MAYBELLINE I.P.G4IN1, Nr. 01, 20 ml",15.09,https://cdn.barbora.lt/products/e8b02bf3-e621-4111-80f0-2820f2a908a6_s.png
"Daugiafunkcinė makiažo priemonė MAYBELLINE I.P.G4I1, Nr. 1.5, 20 ml",15.09,https://cdn.barbora.lt/products/0ddf9585-b3b1-473b-a236-3b4f91735f79_s.png
"SCHOLL, pėdų kaukė sausai odai su makadamijų aliejumi, 1 pora",8.99,https://cdn.barbora.lt/products/084386e4-9ed9-4edd-b10d-a3cec9403dda_s.png
"Plaukų šampūnas HEAD&SHOULDERS CITRUS, 500 ml",9.59,https://cdn.barbora.lt/products/c922097e-dc8f-479a-b249-37336522c56f_s.png
"Veido fluidas NIVEA LUMINOUS630CC LIGHT, 40 ml",24.99,https://cdn.barbora.lt/products/aa00b1b3-34cd-4562-9789-2fda7730f943_s.png
NIVEA MEN HYALURON balzamas po skutimosi,11.99,https://cdn.barbora.lt/products/f566ef40-0a4e-4231-a4c6-2b700210aeb2_s.png
"Micelinis vanduo NIVEA, 400 ml",9.89,https://cdn.barbora.lt/products/677bcfe3-0f67-4b1c-a812-b5d8475dff2b_s.png
"Kūno balzamas NEUTROGENA, 300 ml",8.79,https://cdn.barbora.lt/products/9914792f-ae48-443f-944a-104a52af6bc6_s.png
"Dušo želė DERMOMED BEAUTY WHITE FLOWER, 750 ml",2.99,https://cdn.barbora.lt/products/4eacf556-93be-49a0-987b-bf159b52c4a2_s.png
LACALT FIX NEUTRAL lipnus protezų kremas,4.49,https://cdn.barbora.lt/products/e96cdf1a-846d-4f8c-ba93-0d94f2156a80_s.png
"Puodelis AURORA GOLD DEER, 510 ml",14.99,https://cdn.barbora.lt/products/eb4288a0-6609-42f7-8fca-2997ff16c778_s.png
Lėkštė AURORA ROYAL GREEN 21 cm,6.99,https://cdn.barbora.lt/products/2cf51cea-3c8b-4993-972a-42cad47caf4e_s.png
Dubenėlis AURORA ROYAL GREEN 15 cm,7.99,https://cdn.barbora.lt/products/6a4136d4-edf6-4451-8920-00a2cabffbc3_s.png
Dubenėlis AURORA ROYAL GREEN 13 cm,5.99,https://cdn.barbora.lt/products/17b46934-95f5-4983-859c-5273e533922a_s.png
"Lėkštė AURORA WHITE 31 cm, stačiakampė",7.49,https://cdn.barbora.lt/products/91d46fac-6679-436f-a4c7-9ac6c478eda3_s.png
"Staltiesė 150x150 cm, 3 splv.",10.99,https://cdn.barbora.lt/products/139c8798-f343-479e-abcd-7bf4ceb8598a_s.png
Gili lėkštė AURORA Stone White 20 cm,6.99,https://cdn.barbora.lt/products/96b04ba0-cbaf-4bca-bac4-de4d19935468_s.png
Dubenėlis AURORA Stone White 15 cm,4.99,https://cdn.barbora.lt/products/aa6bf17c-8000-4855-8c0d-66fa1ec63043_s.png
Puodelis su lėkštute AURORA Golden 220ml,12.99,https://cdn.barbora.lt/products/c014db05-dd86-4bc1-97fb-756d160ed8d8_s.png
Desertiniai šaukšteliai UNIWELL GOLD 6 vnt.,10.99,https://cdn.barbora.lt/products/562d41b6-9247-40e4-87a9-822d87d919db_s.png
Lėkštė AURORA GOLDRIM 27 cm,7.99,https://cdn.barbora.lt/products/08c13f7c-8a4a-4b3d-952a-59fd97a74aa9_s.png
Lėkštė AURORA GOLDRIM 15 cm,4.99,https://cdn.barbora.lt/products/4abb1c70-40c1-478a-9e94-7ed567b239c5_s.png
"Plaukų dažai GARNIER OLIA, Nr. 5.0, 1 vnt.",9.49,https://cdn.barbora.lt/products/652b535b-f9ae-4d3a-95a2-7155ff0f624c_s.png
"Garnier Olia 10.1, labai šviesi pelenų blondinė. ",9.49,https://cdn.barbora.lt/products/d80411c4-8042-4f91-97c1-087845734b50_s.png
"Plaukų dažai GARNIER OLIA, Nr. 1.0, 1 vnt.",9.49,https://cdn.barbora.lt/products/e1424eb0-3f2b-4c22-ba79-25a7c791cb93_s.png
"Plaukų dažai GARNIER OLIA, Nr. 7.0, 1 vnt.",9.49,https://cdn.barbora.lt/products/23fcdb65-76d3-4c17-9c41-a607d0227183_s.png
"BABOO® lanolino spenelių kremas, 35 ml",10.49,https://cdn.barbora.lt/products/8fed91fc-1516-4403-b5ea-cbfe8ff06f46_s.png
"Plaukų serumas AUSSIE SOS Hydration, 160 ml",12.49,https://cdn.barbora.lt/products/c8858a82-3c19-4a3b-b226-b774ccb985df_s.png
"Keptuvė 24 cm, UNIWELL",23.29,https://cdn.barbora.lt/products/81607055-4aed-4944-a010-67180dc98d57_s.png
"Plaukų kondicionierius PANTENE Aqua Light Active Nutri-Plex, 275 ml",6.89,https://cdn.barbora.lt/products/da47e196-12a1-4d41-a559-7ccbdb594320_s.png
"Plaukų kaukė PANTENE Thick&Strong Active Nutri-Plex, 300 ml",8.99,https://cdn.barbora.lt/products/4204f587-4e88-42a8-aef4-c0d1e3aa2deb_s.png
"Plaukų šampūnas HEAD&SHOULDERS Deep Hydration, 250 ml",6.29,https://cdn.barbora.lt/products/55c87b1a-799a-407e-9724-dd32e00e196f_s.png
Skustuvas GILLETTE FUSION PROGLIDE + sk. galvutės 4vnt.,25.49,https://cdn.barbora.lt/products/1b9a5a66-c1c2-4b4f-9174-68068621824f_s.png
"Beauty of Joseon Green Plum Refreshing Toner tonikas, 150 ml",21.99,https://cdn.barbora.lt/products/07249fa4-a92b-454f-8fb2-3c049cf24b23_s.png
"Šviečianti dekoracija, 25cm",19.99,https://cdn.barbora.lt/products/fcb1eaef-6173-4d8c-990f-1496281f669a_s.png
"MGA MINIVERSE Žaidimų rinkinys „Cafe""",13.99,https://cdn.barbora.lt/products/ad7026ca-158a-4a02-8d0c-780792ba6a94_s.png
Vedžiojamas pliušinis žaislas Sprint,21.99,https://cdn.barbora.lt/products/be139d80-7b70-4a5b-aa62-8e73c17f94cb_s.png
"Garnier lakštinė veido kaukė, 22g",4.49,https://cdn.barbora.lt/products/05a162b4-2a7e-4e33-8845-2e69b99587c8_s.png
SCRABBLE žaidimas lietuvių kalba „2 in 1“,42.99,https://cdn.barbora.lt/products/51977f1b-a66c-499d-89f2-6cc193d4cdcc_s.png
Vazoninė gėlė kalankė,3.69,https://cdn.barbora.lt/products/72faf902-7d40-42c8-ae1f-7eef64d6d12b_s.png
"Šviečianti Kalėdinė dekoracija, 13cm",8.99,https://cdn.barbora.lt/products/2c465a3b-bced-4175-b91e-9b085be812c7_s.png
Peiliai UNIWELL Baguette 4 vnt.,9.99,https://cdn.barbora.lt/products/666f54cf-af7d-44f1-a30a-19b8f797cc48_s.png
Šaukšteliai UNIWELL Duke 3 vnt.,3.99,https://cdn.barbora.lt/products/f46d9209-6c45-4fa0-93c7-6b43f22dc427_s.png
"Kalėdinė girlianda, 50x20 cm, 2 dizainai",1.29,https://cdn.barbora.lt/products/d6ea8cc3-48ce-4846-9b6e-0b5fe89e6a15_s.png
"VETOCANIS Atbaidantis antkaklis mažiems šunims nuo erkių ir blusų, 1vnt.",7.99,https://cdn.barbora.lt/products/de739e2f-b666-499c-81bf-3dbe05e66621_s.png
"Šunų antkaklis VETOCANIS nuo parazitų, 10-20 kg, 1 vnt.",7.99,https://cdn.barbora.lt/products/5585c045-bea2-40da-9377-4acd0e193b1a_s.png
ODA PRO Maitinamasis apsauginis veido kremas su keramidais bičių vašku,30.95,https://cdn.barbora.lt/products/7447ea8e-6288-4b17-b849-abcede7e0331_s.png
Dubenėlis AURORA Zout Grey 17 cm,5.99,https://cdn.barbora.lt/products/c93db97a-c6fa-412f-8947-0a77a228eea9_s.png
MARGARITA MOIST&MINERALS veido putos su mineral. vandeniu Birutė 150ml,7.99,https://cdn.barbora.lt/products/15079f05-1461-4131-89f7-eae2ca1f6d8c_s.png
Puod. su lėkšt. AURORA Zout Grey 220 ml,6.99,https://cdn.barbora.lt/products/19cd5ce3-47b7-4660-8751-d0abe3a07819_s.png
"Perfecto Cat Malt pasta katėms nuo sąvėlų, 100 g",3.99,https://cdn.barbora.lt/products/d7c8a55f-56e8-4cfb-a1d8-11ef6d04a479_s.png
"Granuliuotas vienmečių augalų pluošto kraikas naminiams gyvūnėliams
",3.49,https://cdn.barbora.lt/products/9214720d-d637-4560-9daf-9192110af85d_s.png
"Kortų žaidimas COLECTO!, 1 vnt.",9.49,https://cdn.barbora.lt/products/c6baf0bf-389d-4ba2-8730-0bbca1514fef_s.png
"O'LYSEE dušo putos LE COCON, 200 ml",9.99,https://cdn.barbora.lt/products/ede6db82-62e6-45fa-907b-4b971f13aa7b_s.png
"„L'oréal Paris Revitalift“  gelis , 150 ml ",11.99,https://cdn.barbora.lt/products/3460df9a-ba39-4b01-b8e6-e990eecccc4d_s.png
Kūno prausiklis B.FRESH VITAMIN SEA;473ml,7.49,https://cdn.barbora.lt/products/3a30f81a-eb77-48cc-8acb-e03c430b409d_s.png
Kūno prausiklis B.FRESH IT TAKES TWO TO M.473,7.49,https://cdn.barbora.lt/products/f8bb425d-128d-45b3-bca2-a91728024d52_s.png
Stalo žaidimas KAKĖS MAKĖS 12 DĖLIONIŲ RINKINYS,15.99,https://cdn.barbora.lt/products/b28e69ab-52a3-4ff3-aca5-3dd0f52430da_s.png
"Prezervatyvai DUREX SENSUAL, 3 vnt.",3.19,https://cdn.barbora.lt/products/cd976f1f-68fd-42f5-b532-7ecf43415589_s.png
"Prezervatyvai DUREX SENSUAL NO LATEX, 3 vnt.",3.15,https://cdn.barbora.lt/products/533c772d-5735-4529-bfc8-efec55138263_s.png
ELSEVE  šampūnas 250ml,5.39,https://cdn.barbora.lt/products/9c47002a-b9c8-4213-931a-e7d3ae0c0614_s.png
ELSEVE  kaukė 300ml,9.19,https://cdn.barbora.lt/products/258ce1c0-10f1-4c93-bc5f-7574bb4397a5_s.png
"ELSEVE  serumas galvos odai, 102 ml",11.99,https://cdn.barbora.lt/products/085d646c-5bf6-4e0e-ab32-f4592908dc76_s.png
ELSEVE ALIEJUS  plaukams 100ml.,13.49,https://cdn.barbora.lt/products/393b376a-48be-48e3-9453-baf0c526ba8c_s.png
"Purškiamas kondicionierius GLISS Full Hair Wonder, 200ml",7.29,https://cdn.barbora.lt/products/e3534fac-d4ef-42da-9709-cf0cb1c887f9_s.png
Dantų šepetėlis COLGATE GENTLE CLEAN SENSITIVE,4.69,https://cdn.barbora.lt/products/7b3b6975-4315-4383-9cfd-a9c39ba6e733_s.png
Lakštinė veido kaukė SKIN PLANET GOLD LIFTING,1.99,https://cdn.barbora.lt/products/a20e7d09-27eb-4b27-876f-7be56e51ee2d_s.png
"Pieštukinis antiperspirantas OLD SPICE Night Power, 50ml",6.59,https://cdn.barbora.lt/products/61bb295b-9664-4e4c-abbd-034ed69cc22a_s.png
STICKI ROLLS Apyrankė su lipdukais,8.99,https://cdn.barbora.lt/products/d67b941f-5bce-4423-a703-8bf21de4a088_s.png
"Veido prausiklis NEUTROGENA CLEAR&RADIANT, 200 ml",8.99,https://cdn.barbora.lt/products/ddde32e0-e5dd-46fa-b64a-6906224afd01_s.png
"Plaukų kondicionierius PANTENE Smooth&Silky Active Nutri-Plex, 275 ml",6.89,https://cdn.barbora.lt/products/9e0ad9b9-53a0-4521-8c84-ea18e2e8cd5a_s.png
"Universalus kondicionierius DIVUS, visų plaukų tipams, 250ml",2.19,https://cdn.barbora.lt/products/97496e1d-f1ed-4c03-b09f-0efe8370000b_s.png
"Naktinis veido kremas moterims, DIVUS, 50ml",2.99,https://cdn.barbora.lt/products/0857947e-bd1b-46bd-8e36-2358c18a0528_s.png
"Universalus šampūnas DIVUS, visų plaukų tipams, 250ml",2.19,https://cdn.barbora.lt/products/e858a163-27f3-4dd5-b147-4e5db814be26_s.png
Apsauginė priemonė vaikams nuo saulės Bubchen 50ml,4.89,https://cdn.barbora.lt/products/7ea58f2f-d45b-4d88-8b18-fca355c9e739_s.png
„Barbie Deluxe Fashionistas“ lėlė ,27.99,https://cdn.barbora.lt/products/2309b829-34d0-4b63-8502-91f76b6ed7e3_s.png
UNO kortos TEAMS,9.99,https://cdn.barbora.lt/products/e3418326-faae-4fc3-ac1f-2d197013c50b_s.png
„Minecraft“ figūrėlė ,15.99,https://cdn.barbora.lt/products/0818f5f3-1129-4406-8272-0433caf1e841_s.png
"El. virdulys TEFAL, 1,7L, KI605B30",54.99,https://cdn.barbora.lt/products/240f5b9f-f547-4a22-9fa9-49906148704f_s.png
"MONSTER JAM transporto priemonių rinkinys 1:72 Plastic Truck, asort.",6.99,https://cdn.barbora.lt/products/a175542b-c573-433e-9363-72440cd0137d_s.png
"MONSTER JAM visureigis 1:64, vienguba pakuotė, skirtingi dizainai",10.99,https://cdn.barbora.lt/products/9ee3512a-43a0-473c-a41a-60a37ff339d1_s.png
Maybelline NewYork LashSensational SkyHigh blakst. tušas GreenAltitude,14.99,https://cdn.barbora.lt/products/3eed7611-d003-4926-bf2a-c5dcb6b3664b_s.png
"MARGARITA ANTI AGE stangrinamasis paakių kremas, 15 ml",7.99,https://cdn.barbora.lt/products/8053807d-6ebe-4116-9920-7b3e6f9ed9fa_s.png
"MARGARITA ANTI AGE naktinė veido kaukė-kremas, 50 ml",7.99,https://cdn.barbora.lt/products/dcb69674-5361-49ba-ad1c-cda3b488be39_s.png
"Plaukų kondicionierius ""SCHAUMA STRONGER FOR LONGER"", 250 ml",3.69,https://cdn.barbora.lt/products/259c78aa-1dac-4031-8f71-6063cc0a3796_s.png
"Kačių žaislas HAPPY TAILS, 21X9cm",4.49,https://cdn.barbora.lt/products/529d1b76-42f6-4305-a3d8-1cce4dcd6d02_s.png
"Guminis šunų žaislas HAPPY TAILS, 15*4.3*5.8CM",4.29,https://cdn.barbora.lt/products/cde51c0d-a2e8-4fd6-85e4-dfca2f881014_s.png
"Šunų pavadėlis HAPPY TAILS, 1,9x120cm",6.99,https://cdn.barbora.lt/products/00e03b09-839e-4903-93b4-7eba21e8a08d_s.png
"Kačių draskyklė, 10,8x7,1cm",4.19,https://cdn.barbora.lt/products/4e6f3b47-a3bd-48cf-acc2-c8a36a772b84_s.png
"Maybelline New York Lifter Glaze, 008 Acai Glaze",10.99,https://cdn.barbora.lt/products/36a5bd12-6aa0-477c-ad1a-82f973ef3d0b_s.png
"Vyno taurės RONA Arte 630 ml, 2 pcs",16.99,https://cdn.barbora.lt/products/3319c333-edff-455c-b89e-2dbf835a6f01_s.png
NIVEA MAITINAMASIS DIENINIS KREMAS SU SPF30 SAUSAI IR JAUTRIAI ODAI 50 ml,10.99,https://cdn.barbora.lt/products/e7151e83-c147-45f2-82b6-6509afb0df51_s.png
NIVEA LUMINOUS630® SKIN GLOW ŠVYTĖJIMĄ SKATINANTIS SERUMAS 15 ml,14.99,https://cdn.barbora.lt/products/4b1672a3-cdc6-4b4e-9b01-8319d8865f2c_s.png
NIVEA Q10 STANGRINAMASIS KŪNO SERUMAS-LOSJONAS 200 ml,13.99,https://cdn.barbora.lt/products/5dc414cc-9c3c-4d7b-98aa-f04e300c046e_s.png
"Patalynės komplektas, 140 x 200, 50 x 70 cm, 1 vnt.",33.39,https://cdn.barbora.lt/products/07b1d56e-ac20-4402-b256-e146f7af77ea_s.png
"Patalynės komplektas STITCH, 140 x 200, 50 x 70 cm, 1 vnt.",33.39,https://cdn.barbora.lt/products/56fc63d9-7edc-41f0-89bc-c6bdb67b854e_s.png
Veido tonikas - dulksna RASA CLEAN EFFECT  200 ml,9.99,https://cdn.barbora.lt/products/9304ec93-23de-4632-901e-ec76c0845c2a_s.png
Puodel su lėkšt AURORA Royal Green 200ml,9.99,https://cdn.barbora.lt/products/e179b35a-d5cc-4075-805c-9c84b3c43967_s.png
"HAS PD Rinkinys „Gėlės“, asort.",7.99,https://cdn.barbora.lt/products/c84c76c8-2248-4e6e-b33c-d30799ed9cee_s.png
HAS PD BARBIE Rinkinys „Širdelės ir šukuosenos“,39.99,https://cdn.barbora.lt/products/0a29eabf-7d9e-4f00-860e-b3ec497405c7_s.png
"D Mini slibino figūrėlė, 5 cm",9.99,https://cdn.barbora.lt/products/a9a0dd56-1713-4b19-b015-b3a2af74bd94_s.png
"VG Sensational dušo želė Sensual Jasmine, 350 ml",8.49,https://cdn.barbora.lt/products/f8f723e5-0140-4a50-a57f-b516f28d0512_s.png
"VG Sensational dušo želė Wild Orchid, 350 ml",8.49,https://cdn.barbora.lt/products/6b34a268-e5a3-4518-aae5-acb44b73804c_s.png
"Gyvūno guolis HAPPY TAILS, HD240996",19.99,https://cdn.barbora.lt/products/13315816-8b9b-4968-b062-617a92685177_s.png
"Dantų šepetėlis ORAL-B Pro-3DWhite Advanced, Whitening Clean, Medium, 1 vnt.",4.49,https://cdn.barbora.lt/products/5cdb44e6-d297-4c9b-a9a9-0cee8395784b_s.png
"TESORI d'ORIENTE Ikigai kreminė dušo želė, 250 ml",4.49,https://cdn.barbora.lt/products/70aa4fda-260b-423b-aec1-8795c1947aec_s.png
"5 SURPRISE miniatiūrų rinkinys My Mini Baby, 1 serija, skirtingi dizainai",15.99,https://cdn.barbora.lt/products/8c1571a9-bbd5-4285-8c56-d225c75e88e6_s.png
"5 SURPRISE miniatiūrų rinkinys Transformers, asort., 77687GQ2",16.99,https://cdn.barbora.lt/products/79441868-7448-4713-81f6-15b41e1e6cb8_s.png
NIVEA MEN rutulinis antiperspirantas Sensitive vyrams 50 ml,4.79,https://cdn.barbora.lt/products/4b970b8a-4795-4571-b894-6d638f0e0beb_s.png
NIVEA Restore purškiamas antiperspirantas moterims 50 ml,4.79,https://cdn.barbora.lt/products/c2666c9d-9cf4-452a-9a82-2ad8a7c80f7e_s.png
"NIVEA Repair&Care ""Sensitive"" kūno losjonas 400 ml",10.69,https://cdn.barbora.lt/products/712ce396-9a71-40d4-82bf-140d729d4a11_s.png
"Staltiesė 130x180cm, 3 spalvos",12.99,https://cdn.barbora.lt/products/d7817a2d-4f21-4522-a6a4-e662c4a13b66_s.png
"Satino patalynės komplektas, 200 x 220, 2 x 50 x 70 cm, 1 vnt, 2 dizainai",40.99,https://cdn.barbora.lt/products/a3b53430-6181-4d20-a813-a96c2c088bf3_s.png
Puodelis ILAJA WINTER WOOL 275 ml,4.99,https://cdn.barbora.lt/products/d189df1b-6962-4bcc-9868-41e5277242f9_s.png
"Maybelline New York Fit Me BB kremas, 30, 30 ml",8.99,https://cdn.barbora.lt/products/f76afe95-9465-4e69-a0a9-6ca1511ce258_s.png
"Maybelline New York Lifter Stix kreminė kontūravimo priemonė, 45",12.99,https://cdn.barbora.lt/products/3e901fa9-b42c-491d-b49e-2e90558e718b_s.png
"Lėkšt AURORA Vintage Christmas 26cm,tree",12.99,https://cdn.barbora.lt/products/fb88097b-54ef-4f0c-88c4-9c2576278e79_s.png
Puodelis AURORA Adora White 400 ml,5.99,https://cdn.barbora.lt/products/28eb27bb-e147-409c-907a-6a8d0b22c367_s.png
"Dekoratyvinė pagalvėlė, 45x45cm",11.99,https://cdn.barbora.lt/products/7c0a79fb-2962-4f90-81fc-5ace7d5c2e8a_s.png
"Arbatinukas AURORA ADORA WHITE, 1,3 l",19.99,https://cdn.barbora.lt/products/481f5f1b-7c47-48ff-b577-67976044cb7f_s.png
"Termosas 900ml, UNIWELL",14.99,https://cdn.barbora.lt/products/c3f5bfea-774e-45a4-9671-393e2fe76937_s.png
"Lėkštė AURORA ROYAL GOLD, 21 cm",6.99,https://cdn.barbora.lt/products/ec5a8a5e-7c10-4519-9c27-0bf2ba329e6f_s.png
Stikl. Kalėdų eglutės žaisl.,5.99,https://cdn.barbora.lt/products/3bb1fbdf-d85a-4bb1-8bdb-f60118d51db4_s.png
"Dubuo AURORA SUBTILE CHRISTMAS,20cm,star",7.99,https://cdn.barbora.lt/products/50bbc74d-aa8d-4fb3-b84b-40ff7f4f4ba0_s.png
"Tortinė AURORA ROYAL GOLD, 21 cm",12.99,https://cdn.barbora.lt/products/bd023dc2-2994-4c57-ba37-72b62877e45f_s.png
"Vaisių dubuo AURORA ROYAL PEARL, 25 cm",19.99,https://cdn.barbora.lt/products/f22d3e00-8830-492c-86de-575393e706af_s.png
"Skystas muilas DIVUS Aloe vera, 500 ml",1.99,https://cdn.barbora.lt/products/0f202eb1-e549-439c-ab24-ef81b763245d_s.png
"Lėkštė AURORA OPAL, 27 cm",9.99,https://cdn.barbora.lt/products/7018fa05-3227-41a6-a166-dca5b4ab2d26_s.png
"Puodas su dangčiu UNIWELL, 20 cm",26.99,https://cdn.barbora.lt/products/fa7194e5-013c-463e-93fc-b48aeb3a1e62_s.png
"Kepimo rinkinys ILAJA, 2 vnt.",7.79,https://cdn.barbora.lt/products/0e25670f-a600-4a35-b35a-ffb169418b59_s.png
Mentelė ir sausainių formelė ILAJA,4.99,https://cdn.barbora.lt/products/db480176-3d61-4f3f-a9b2-c4933f8306b9_s.png
Puodelis AURORA SUBTILE CHRISTMAS 240 ml,5.99,https://cdn.barbora.lt/products/594947c5-e505-4a28-ab3f-38ea6112ac11_s.png
Kepimo forma su formelėmis 12vnt. ILAJA,13.39,https://cdn.barbora.lt/products/8f373022-a9ee-426c-99dc-2848a79b8659_s.png
Kekso kepimo forma UNIWELL,7.99,https://cdn.barbora.lt/products/19ca8dac-a377-49eb-ad21-1af8d99a026d_s.png
SANTOKU peilis ILAJA,3.99,https://cdn.barbora.lt/products/804fcb71-d897-437a-8510-54d915e05d2d_s.png
"Elektrinė lauko ir vidaus girlianda, 120 LED, 1 vnt., warmwhite",12.99,https://cdn.barbora.lt/products/94d9dfc1-0521-4b6f-88af-e2c220339886_s.png
NIVEA GLOWY LIPS lūpų balzamas,5.99,https://cdn.barbora.lt/products/d56d2509-a2a7-4d55-9257-9bc456711ee5_s.png
"Prikaistuvis su dangčiu UNIWELL, 18cm",19.99,https://cdn.barbora.lt/products/94774585-d41b-4468-825e-2c6f2e493d67_s.png
Silikoninė šokolado forma ILAJA,3.99,https://cdn.barbora.lt/products/2eebdf02-96ca-4d13-8750-f65b9dceb866_s.png
"Dantų pasta ORAL-B 3D White Advanced, Luxe Perfection Fresh, 75 ml",7.49,https://cdn.barbora.lt/products/1fcd858d-e783-479f-8dc0-53394691f79b_s.png
"Puodas su dangčiu UNIWELL, 24cm",29.99,https://cdn.barbora.lt/products/0c2b9313-c250-4cd6-8dc9-2ab7cafafe82_s.png
"Keptuvė UNIWELL, 28*5.5 cm",21.99,https://cdn.barbora.lt/products/cec65a05-6947-41ae-af8b-d64801980a61_s.png
"Skustuvo galvutės GILLETTE MACH3, 12vnt",35.99,https://cdn.barbora.lt/products/862ce276-4865-446c-9528-5094238823b5_s.png
"Skustuvo galvutės GILLETTE FUSION, 12vnt.",56.99,https://cdn.barbora.lt/products/02393fac-5fc3-4be6-a65e-e641191bf2da_s.png
"Puodelis AURORA WONDERLAND, 400 ml",4.99,https://cdn.barbora.lt/products/07db6aab-f718-414d-b621-3aa23b7860fa_s.png
"Vytinta dešra su aitr. paprikomis SALSICCIA SPICCHIO, nerūš., 150 g	",3.79,https://cdn.barbora.lt/products/e700a508-a16a-41ea-9d84-f05e88f2004f_s.png
"Stiklinė AURORA INSIDE CHRISTMAS, 300 ml",4.99,https://cdn.barbora.lt/products/5682a05a-3b8d-4122-b7d7-1e37e72abbbf_s.png
"Apvali kepimo forma TVS, 26 cm",10.99,https://cdn.barbora.lt/products/8ba1acb6-62aa-4937-8177-64b18e7e1965_s.png
Dubenėlis AURORA DELICAT CHRISTMAS 14 cm,3.99,https://cdn.barbora.lt/products/a95153c5-16b6-45e6-b123-66cc4dfeb0f1_s.png
"Gertuvė STOR MINNIE MOUSE, 940ml",26.99,https://cdn.barbora.lt/products/ed7e98c4-55f1-4b4f-8cf9-5f0cdfd09c64_s.png
Vaikiška lavinamoji dėlionė,12.99,https://cdn.barbora.lt/products/039934e5-6111-4879-80d9-9123eefb0379_s.png
"Dubenėlis AURORA AYANA DARK, 11 cm",4.99,https://cdn.barbora.lt/products/bb6dae64-789e-4a50-83ba-2c41e198a3bd_s.png
"Kalėdų eglutės dekoracija, 7x3,5x20cm",1.99,https://cdn.barbora.lt/products/c306d966-8dd6-4345-8372-2abe11cebd35_s.png
"Pledas 130x160cm, 3 spalvos",20.99,https://cdn.barbora.lt/products/4a0a2c62-191c-4c1f-b741-e04ac94a1a7d_s.png
"Dviaukštė kvadratinė tortinė AURORA LACE, 1 vnt.",21.99,https://cdn.barbora.lt/products/b5304818-5f3c-4113-b810-9c62b01661fe_s.png
"Kvadratinė lėkštė AURORA LACE, 22 cm",7.99,https://cdn.barbora.lt/products/64ad0dcc-2370-46c1-8531-da8d46dedf94_s.png
Kalėdų eglės žaisliukas L9xW7xH7 cm	,4.99,https://cdn.barbora.lt/products/f174b98d-c544-4407-8799-0d8f7d2a6a5a_s.png
"Kalėdų dekoracija ELEMENTS SENSE, 70cm",2.99,https://cdn.barbora.lt/products/80af3518-105b-4f47-b32d-dd768eba7af2_s.png
"Serviravimo rinkinys, 5vnt.",12.99,https://cdn.barbora.lt/products/4f9d9959-68b0-44c2-bd4a-9581aac56436_s.png
Kalėdų eglės viršūnės žaislas,1.39,https://cdn.barbora.lt/products/5b4437c3-cf67-4306-8004-cfca0a9b347d_s.png
"Lauko ir vidaus girlianda, 80 LED, 1 vnt.",4.99,https://cdn.barbora.lt/products/d3267e07-c49d-43a6-8d89-14effe73c0c0_s.png
DuetO! Zoo,6.99,https://cdn.barbora.lt/products/1ad92228-2c44-4734-910a-97656e96c847_s.png
"Prieskonių mišinys FAJITA MAGGI AIR FRYER, 27 g",0.69,https://cdn.barbora.lt/products/797d0bf5-e476-4490-9892-0b23fd07d1fc_s.png
"Filtravimo kasetė BRITA MXPRO PURE 1vnt.
",10.99,https://cdn.barbora.lt/products/cdbbc680-9dc0-4948-9a53-a4927446d856_s.png
NIVEA tonikas su migdolų aliejumi sausai ir jautriai odai 200ml,5.99,https://cdn.barbora.lt/products/e10025bd-0fcd-4d93-aef7-e56d565c169e_s.png
NIVEA Q10 ANTI-WRINKLE POWER STANGRINANTIS AKIŲ SRITIES KREMAS,19.99,https://cdn.barbora.lt/products/67478d83-2fb1-4528-821c-983c50847b89_s.png
NIVEA FOR MEN Balzamas po skutimosi PROTECT&CARE ,11.99,https://cdn.barbora.lt/products/836380bf-32f4-4b9c-8596-462f6fabf91f_s.png
"Skutimosi putos NIVEA MEN, 200 ml",5.49,https://cdn.barbora.lt/products/c336c248-2c9e-4613-aff2-f37aa746d19e_s.png
"Pieštukinis antiperspirantas GILLETTE Cool Wave, 70ml",6.49,https://cdn.barbora.lt/products/3d4f40fd-f899-44e3-8276-3df1a78aa34f_s.png
"Vaikų pienelis BUBCHEN, 200 ml",3.89,https://cdn.barbora.lt/products/c59b9bf2-3c86-4fdf-a22c-bcc0b77aea67_s.png
"Kūdikių dušo gelis BUBCHEN, 400 ml",6.15,https://cdn.barbora.lt/products/deb0df19-4756-4bbb-9204-5fbd6a0dc1dd_s.png
NIVEA Valomosios servetelės normaliai ir mišriai odai AQUA EFFECT,6.79,https://cdn.barbora.lt/products/9cce8830-3d15-47be-8bb8-a4d8f327cbdb_s.png
"Blakstienų tušas MAX FACTOR CALORIE 2000 BLACK, juodas, 1 vnt.",13.99,https://cdn.barbora.lt/products/ef7faf86-8c78-466c-8ce0-f8638ccf7c1b_s.png
"Blakstienų tušas MAX FACTOR CALORIE 2000 BLACK/BROWN, rudas, 1 vnt.",13.99,https://cdn.barbora.lt/products/c63cd944-7af8-4133-b1d3-21832a0ac88f_s.png
"Kreminė pudra MAX FACTOR LASTING PERFORMANCE, Nr.101, 1 vnt.",18.69,https://cdn.barbora.lt/products/cdf7814a-ca48-486d-88cc-d0361c482187_s.png
"Akių pieštukas MAX FACTOR KOHL, 1 vnt.",7.79,https://cdn.barbora.lt/products/99d3ca05-9ade-4264-b109-4ac98dc44448_s.png
"Lūpų dažai MAX FACTOR LIPFINITY, Nr. 016-GLOWING, 1 vnt.",18.39,https://cdn.barbora.lt/products/f7a702d9-d1bc-4781-bf54-1de8cf7cfcb3_s.png
"Automodelių rinkinys MATCHBOX, 5 vnt., 5 vnt.",15.99,https://cdn.barbora.lt/products/01b277f8-9621-4ece-bf21-6702e782259a_s.png
"Salotinė LUMINARC FESTON, 24 cm, 1 vnt.",5.49,https://cdn.barbora.lt/products/eb1e04f7-e9ac-4435-9446-feae9bbc0800_s.png
"Purškiamasis dezodorantas FA SPORT, 150 ml",4.49,https://cdn.barbora.lt/products/3de0b547-e6c8-45c5-a344-46533a9e491b_s.png
"Vystyklas, 1 vnt.",2.09,https://cdn.barbora.lt/products/93ab9e81-f62e-4701-8927-861501af1b1d_s.png
"Blakstienų tušas RIMMEL EXTRA SUPER LASH BLACK, juodas, 8 ml",5.99,https://cdn.barbora.lt/products/ba9489af-e122-486d-bbce-f83a5a18a336_s.png
"Antakių kontūro pieštukas RIMMEL, 1.4 g",4.79,https://cdn.barbora.lt/products/d53a2799-066f-4878-8fbf-8d29e8c683c1_s.png
"Pieštukinis dezodorantas BIONSEN, 40 ml",5.29,https://cdn.barbora.lt/products/63493290-fcb4-412d-9a66-4c0361432433_s.png
"Skystoji pudra L'OREAL TRUE MATCH, 30 ml",18.99,https://cdn.barbora.lt/products/fea64a1b-c49d-4230-b9cd-59b7ac893088_s.png
"Skystoji pudra L'OREAL TRUE MATCH, Nr. 2N-vanilla, 30 ml",18.99,https://cdn.barbora.lt/products/31b9e3a6-c00a-4751-81c8-901dbc85daba_s.png
"Skystoji pudra L'OREAL TRUE MATCH, Nr. 4N-beige, 30 ml",18.99,https://cdn.barbora.lt/products/e65a7767-00af-441a-ae27-287f00571f9a_s.png
"Kompaktinė pudra L'OREAL TRUE MATCH, Nr. W3, GOLDEN BEIGE, 53 g",19.09,https://cdn.barbora.lt/products/fc9c0a9a-6c8e-4c34-bbbe-ef90eb856d4f_s.png
"Virėjo peilis TESCOMA PRESTO, 17 cm, 1 vnt.",6.99,https://cdn.barbora.lt/products/231be663-9aae-4162-8437-a428eec0ffeb_s.png
"Blakstienų tušas L'OREAL TELESCOPIC BLACK, juodas, 8 ml",16.99,https://cdn.barbora.lt/products/f17c79d6-4b79-428c-a765-2d18e013a18d_s.png
"Losjonas po skutimosi GILLETTE Energizing, 100ml",8.99,https://cdn.barbora.lt/products/c0549edd-237c-41a1-852c-d83dbbbde49e_s.png
"Kompaktinė pudra L'OREAL TRUE MATCH, Nr. R2-C2, ROSE VANILLA, 9 g",19.09,https://cdn.barbora.lt/products/f7607d0c-7aad-46e0-89e8-108ead865c80_s.png
"Plaukų dažai L'OREAL CASTING, 1 vnt.",10.59,https://cdn.barbora.lt/products/e19d7bc9-689f-4539-b7c5-532806c31aea_s.png
"Plaukų dažai L'OREAL CASTING, 1 vnt.",10.59,https://cdn.barbora.lt/products/95648161-4464-44b0-bcf8-8b72c1be46ed_s.png
"Parfumuotas vanduo vyrams UVD BLACK, 60 ml",8.79,https://cdn.barbora.lt/products/6d3aa85e-58a3-4e9f-b2ff-77524e70f2a3_s.png
"Plaukų dažai L'OREAL EXCELLENCE CREME, Nr. 7, 1 vnt.",10.99,https://cdn.barbora.lt/products/64adcca2-a503-49ec-9521-fb2ed53b5a9e_s.png
"Kamščiatraukis TESCOMA PRESTO, 1 vnt.",6.49,https://cdn.barbora.lt/products/8a6a52fd-25cf-4715-954c-82431fb1f391_s.png
"Parfumuotas vanduo moterims UVD VARENSIA, 50 ml",9.96,https://cdn.barbora.lt/products/c0ce2c5d-48c9-4330-9d4b-92d80a248903_s.png
"Stiklinis dangtis TEFAL, 24 cm, 1 vnt.",24.99,https://cdn.barbora.lt/products/23bf1a44-0118-4bfd-9184-913a7bb08275_s.png
"Plaukų dažai L'OREAL CASTING CREME GLOSS, Nr. 323, 1 vnt.",10.59,https://cdn.barbora.lt/products/a41a2cbc-3fd7-4247-935f-e748a584696b_s.png
NIVEA Klasikinis kremas visai šeimai 100ml,3.99,https://cdn.barbora.lt/products/dcb28468-31e0-4c8a-a44a-5c89ce2d182f_s.png
"Tualetinis vanduo AB SEDUCTION IN BLACK, 100 ml",32.99,https://cdn.barbora.lt/products/b4386253-7378-43f0-85e8-165f82d0c687_s.png
"Plaukų dažai L'OREAL CASTING CREME GLOSS, Nr. 1021, 1 vnt.",10.49,https://cdn.barbora.lt/products/bf89157f-f599-4477-bd52-0547f1b741cc_s.png
"Plaukų dažai L'OREAL CASTING CREME GLOSS, Nr. 1010, 1 vnt.",10.59,https://cdn.barbora.lt/products/45f01a51-df58-4719-a560-975f19085b93_s.png
"Vyriškas tualetinis vanduo ANTONIO BANDERAS THE SECRET, 100 ml",32.99,https://cdn.barbora.lt/products/b7a37f0f-90f5-4b19-a7c4-e435ba0cc0eb_s.png
"Dažomasis plaukų kremas SYOSS, Nr. 4-1, 1 vnt.",8.99,https://cdn.barbora.lt/products/ce41133d-a9ab-4dc0-9ddd-b4c7bd8702a6_s.png
Plaukų kremas SYOSS COLOR 3-3,8.99,https://cdn.barbora.lt/products/25671d5b-c453-42c2-aa7c-95282e041d72_s.png
"Dažomasis plaukų kremas SYOSS, Nr. 8-7, 1 vnt.",8.99,https://cdn.barbora.lt/products/42a1ba23-426e-4714-8b08-623af1d399a7_s.png
"Plaukų dažai GARNIER COLOR NATURALS, 1 vnt.",4.99,https://cdn.barbora.lt/products/158fa1ef-5e70-43fc-bda5-00ccf33946a7_s.png
"Žaliosios alyvuogės FEUDO VERDE su lašišų įdaru, 300 g",1.89,https://cdn.barbora.lt/products/bb25d94e-cfe0-4796-810c-d47c925e5d3a_s.png
"Plaukų dažai GARNIER COLOR NATURALS, Nr. 4.15, 1 vnt.",4.99,https://cdn.barbora.lt/products/fdbd21d9-a637-4b38-af82-63b206969f63_s.png
"Vyriškas tualetinis vanduo ANTONIO BANDERAS GOLDEN SECRET, 100 ml",33.49,https://cdn.barbora.lt/products/83cdd555-6b8a-4d48-b67a-98d17fbf829c_s.png
"Plaukų aliejus GLISS KUR Ultimate Repair, 75 ml",10.49,https://cdn.barbora.lt/products/3a57b82c-241e-455e-b78d-a5ad7a6f461b_s.png
"Blakstienų tušas MAYBELLINE COLOSSAL SMOKY EYES BLACK, 9.5 ml",12.99,https://cdn.barbora.lt/products/d7884add-136c-453f-9df1-a795b0ab66a4_s.png
"Losjonas po skutimosi OLD SPICE Wolfthorn, 100ml",9.39,https://cdn.barbora.lt/products/a80b2045-ebd5-4512-b30a-fe85f94720f1_s.png
Virdulys Tefal KO3308,44.99,https://cdn.barbora.lt/products/1f15f95d-61f9-4333-be29-d63a3025a585_s.png
"Plaukų dažai L'OREAL PREFERENCE PLATINUM EXTREME, 1 vnt.",13.49,https://cdn.barbora.lt/products/29f76d8b-e8a2-4d36-9dc2-f845b742b37e_s.png
"Dažomasis plaukų kremas SYOSS OLEO INTENSE, Nr. 2-10, 1 vnt.",9.49,https://cdn.barbora.lt/products/ae3684d2-8d6b-4fa2-b3c9-d40562d5adf3_s.png
"Dažomasis plaukų kremas SYOSS OLEO INTENSE, Nr. 6-76, 1 vnt.",9.49,https://cdn.barbora.lt/products/035b9616-e7e0-425e-aa14-61c9033a9293_s.png
"Plaukų dažai GARNIER COLOR NATURALS, 1 vnt.",4.99,https://cdn.barbora.lt/products/d53ec99b-804f-4659-86fa-2efbf44690f2_s.png
"Dieninis veido kremas L'OREAL REVITALIFT LASER, 50 ml",19.99,https://cdn.barbora.lt/products/81b7d978-3ecb-495b-aaec-2740552f4223_s.png
"Veido serumas L'OREAL REVITALIFT LASER, 30 ml",21.59,https://cdn.barbora.lt/products/daf97202-f333-4272-a247-c319d214fe31_s.png
"Dažomasis plaukų kremas SYOSS OLEO INTENSE, Nr. 4-23, 1 vnt.",9.49,https://cdn.barbora.lt/products/34436066-578d-495a-ab4d-4adb0a4e1d02_s.png
"Plaukų putos PROFESSIONAL STYLE EXTRA HOLD, 225 ml",2.15,https://cdn.barbora.lt/products/71ca3069-c8d2-4a9d-b724-42ee17757d93_s.png
"Dezodor. FA Men Attraction Force, 150 ml",4.49,https://cdn.barbora.lt/products/d93a7fbe-5163-4ef5-b581-acf4a8991890_s.png
"Elektrinė patalpų dekoracija, žvakės, 7 lempos",11.99,https://cdn.barbora.lt/products/7d22e80d-9707-4500-80bc-7cca68cec9b5_s.png
"Pūkų rinkiklis PHILIPS GC026/00, 1 vnt.",19.99,https://cdn.barbora.lt/products/d833acec-7d10-40c7-a4d2-9fbe6735d8e7_s.png
"Stalo žaidimas MONOPOLIS, 1 vnt.",44.99,https://cdn.barbora.lt/products/cf9e6055-7429-489b-bf07-ff96ea2261e5_s.png
"Lėkštė LUMINARC DIWALI, 27 cm, 1 vnt.",3.49,https://cdn.barbora.lt/products/f864614f-4b2c-4ecb-b437-d40f92e885ff_s.png
"Kūno šveitiklis NATURA SIBERICA OBLEPIKHA su medumi, 300 ml",8.59,https://cdn.barbora.lt/products/f5a49d84-e3f5-415d-ae9f-6229f0cf0aed_s.png
"Plaukų šampūnas-šveitiklis NATURA SIBERICA OBLEPIKHA, 200 ml",9.29,https://cdn.barbora.lt/products/124f7cdf-ab76-4b1c-b369-823158eff446_s.png
"Lėkštė LUMINARC CARINE, 26,5 cm, 1 vnt.",2.99,https://cdn.barbora.lt/products/b16b7f66-0005-4214-ad31-a387b412d031_s.png
"Sriubos lėkštė LUMINARC CARINE, 1 vnt.",3.49,https://cdn.barbora.lt/products/b3717fcd-4f86-4515-8e48-346e9d9ec08a_s.png
"Plaukų dažai L'OREAL PREFERENCE 11.11, 1 vnt.",13.49,https://cdn.barbora.lt/products/7931df30-a1fc-432f-a7a7-bb321053d353_s.png
"Dieninis veido kremas L'OREAL , 50 ml",23.69,https://cdn.barbora.lt/products/3c0613fa-cd9d-4888-88cc-3d433c39cc21_s.png
"Pieštukinis dezodorantas NATURA AMICA, 60 g",4.29,https://cdn.barbora.lt/products/3b331dfb-cdf4-43aa-8267-ea3002ed2ced_s.png
"Skustukas FISKARS FIXED BLADE, 1 vnt.",12.99,https://cdn.barbora.lt/products/d0572b6f-be0c-4d27-b587-0d54550c1516_s.png
Skustukas FISKARS SWIVEL BLADE,12.99,https://cdn.barbora.lt/products/dcc70395-f43d-4c06-8b09-faeb5eef12a5_s.png
"Puodas VELVET TVS, 20 cm",25.99,https://cdn.barbora.lt/products/ab3feacf-a69a-456b-9865-12abbedac395_s.png
"Puodas VELVET TVS, 24 cm",30.99,https://cdn.barbora.lt/products/09d7f1ea-acb9-477b-8f22-943c3d44f295_s.png
"Vyriškas skustuvas GILLETTE PROG FLEX, 1 galv., 1 vnt.",21.99,https://cdn.barbora.lt/products/6443b51c-975c-422e-bc26-db0ee2759a05_s.png
"Naktinis veido kremas L'OREAL, 50 ml",11.59,https://cdn.barbora.lt/products/3a1d08ac-a9a0-4a0b-a149-6413cf7ba434_s.png
"Plaukų dažai L'OREAL EXCELLENCE CREME, Nr. 100, 1 vnt.",10.99,https://cdn.barbora.lt/products/174ffeb1-6da0-4c64-bfdc-a750539bf396_s.png
"Vyriškas kremas NATURA SIBERICA LOKIO JĖGA drėkinantis , 50 ml",12.09,https://cdn.barbora.lt/products/37c27d36-b485-40b3-8e9d-6cda4237d2ee_s.png
"Vyriškas tualetinis vanduo BI-ES COOL PLAY, 100 ml",8.19,https://cdn.barbora.lt/products/fc8eb16c-a10f-46ab-bfa5-065b9e750c10_s.png
"Vaikiškos drėgnosios servetelės CLEANIC JUNIOR, 15 vnt., 15 vnt.",0.99,https://cdn.barbora.lt/products/c431c9bc-7546-414b-afdc-b6f1e5808d3f_s.png
"Kūdikių losjonas SEBAMED, 200 ml",10.65,https://cdn.barbora.lt/products/79522679-b6c2-4ebe-813d-1dc2afd90e01_s.png
"Odos priežiūros priemonė BIO-OIL, 60 ml",11.29,https://cdn.barbora.lt/products/d0fa75d7-8176-4fe1-a675-b63c56022026_s.png
"Micelinis vanduo MIXA, 400 ml",9.99,https://cdn.barbora.lt/products/6df5c930-1d77-4271-9d09-75b49e42ac05_s.png
SEBAMED HAIR CARE atkuriamasis kondicionierius,10.59,https://cdn.barbora.lt/products/53f8437c-8dc9-4c8c-853b-91900e3262e0_s.png
"Stalo žaidimas TACTIC ALIAS, kelioninis, 1 vnt.",11.99,https://cdn.barbora.lt/products/39007299-8cf3-46bc-bc7d-58691ea94814_s.png
"Stalo žaidimas TACTIC ALIAS PARTY, kelioninis, 1 vnt.",10.99,https://cdn.barbora.lt/products/d124f660-cb0e-46a7-98fa-05de0d186798_s.png
"Skystas akių apvadas MAYBELLINE MASTER INK, 1 vnt.",10.99,https://cdn.barbora.lt/products/c3126588-e93c-46f8-a29c-2956f4b714d3_s.png
"Kūno šveitiklis GEOMAR INTENSIVE EXFOLIATION, 600 g",10.99,https://cdn.barbora.lt/products/5ce2f72f-9fbb-4646-ad4e-f9a932bcea4a_s.png
"Lubrikantas DUREX PLAY PERFECT GLUIDE, 50 ml",6.59,https://cdn.barbora.lt/products/cd3a38e5-4091-4138-a1e4-f641e6894cfd_s.png
"Pipirų ir druskos malūnėlis KOTANYI, 65 g",2.72,https://cdn.barbora.lt/products/b5dba8b1-75bb-4bfa-9ace-1fc73dc8d37f_s.png
"Elektrinio dantų šepetėlio galvutės ORAL-B Kids Frozen Pro, 2 vnt.",16.99,https://cdn.barbora.lt/products/847ed4c6-decd-46c2-9df3-d5983a8da3ef_s.png
"Paakių kremas L'OREAL REVITALIFT FILLER, 15 ml",19.99,https://cdn.barbora.lt/products/d6ed7bbe-0b48-472d-a715-4b853c22993a_s.png
"Dažomasis plaukų kremas SYOSS OLEO INTENSE, Nr. 10-50, 1 vnt.",9.49,https://cdn.barbora.lt/products/6faf3501-4608-4342-9e0a-6d494e7d70f4_s.png
MIXA valomasis gelis problematiškai odai 200ml,6.99,https://cdn.barbora.lt/products/5ddcd3fa-c61e-4a1b-b254-a96066ec2398_s.png
"Plaukų putos INTESA, 200 ml",2.39,https://cdn.barbora.lt/products/af4bfc2a-ceee-4370-84bc-8588d08c9fe3_s.png
"Skystasis makiažo pagrindas MAYBELLINE FIT ME, Nr. 220, 30 ml",12.49,https://cdn.barbora.lt/products/2ddb37d4-c378-40ce-a8c7-139eb33ad450_s.png
"Dažomasis plaukų šaknų purškiklis L'OREAL MAGIC, tams. ruda, 75 ml",8.99,https://cdn.barbora.lt/products/a2707e05-89f3-4d35-8010-6d2512077ed8_s.png
"Keptuvė UNIWELL EDAY, 26 cm, 1 vnt.",11.49,https://cdn.barbora.lt/products/0e5a8dc0-d8a4-4d91-a7f3-ced93f048ffe_s.png
"Vyriškas purškiamasis dezodorantas L'OREAL MEN EXPERT CARBON, 150 ml",5.49,https://cdn.barbora.lt/products/29b135b8-8bf1-4a41-adeb-4195308f6302_s.png
L'Oréal Men Expert Invincible antiperspirantas 150 ml,5.49,https://cdn.barbora.lt/products/7a97dbce-a9da-46df-a4b0-142e395ded89_s.png
"Vyriškas tualetinis vanduo NIKE INDIGO, 100 ml",14.99,https://cdn.barbora.lt/products/de94a47d-897d-4115-b9cf-a76c7b1ce537_s.png
"Stalo žaidimas TREFL 5 SEKUNDĖS, 1 vnt.",25.99,https://cdn.barbora.lt/products/231d0d28-4020-4c27-8536-7eba3afa65ad_s.png
"Blakstienų tušas RIMMEL (EXTRA SUPER LASH), juodas, 12 ml",5.99,https://cdn.barbora.lt/products/6891b8fc-bc60-44eb-9e7e-819da2126742_s.png
"Veido kaukė GARNIER SKIN NATURALS, 1 vnt.",3.49,https://cdn.barbora.lt/products/4d7bc825-349a-4590-bfbd-cfbc0dd8e0d1_s.png
"Švelnus šveitiklis probleminei odai SEBAMED CLEAR FACE, 150 ml",13.79,https://cdn.barbora.lt/products/781fb9d8-461e-4710-b526-5d617b304186_s.png
"Prezervatyvai DUREX INTENSE, 10 vnt.",7.89,https://cdn.barbora.lt/products/8a148a21-cc80-422f-82fd-c48e9e315cf4_s.png
"Vyriški vienkartiniai skustuvai BIC FLEX3 COMFORT, 3 vnt.",3.19,https://cdn.barbora.lt/products/37532809-fab2-435d-a37f-232401e3a136_s.png
"Plaukų dažai L'OREAL CASTING 518, 1 vnt.",10.59,https://cdn.barbora.lt/products/96f6edf1-81c8-4c6d-a0b9-ecd3b8c5b2f0_s.png
Dėlionė–kilimėlis FOXTER,14.99,https://cdn.barbora.lt/products/c9f49f98-6108-49ac-b33f-332cebc8a1ec_s.png
"Veido kremas MIXA, 50 ml",10.99,https://cdn.barbora.lt/products/4335a98c-225d-4355-9891-17dedd6a9c3f_s.png
"Barzdaskutė HENSKE, 1 vnt.",24.99,https://cdn.barbora.lt/products/bb731df7-c2a7-4b1f-b043-e4ff8fd91a18_s.png
"Drėkinamasis dieninis veido kremas LUMENE (KLASSIKKO), 50 ml",8.99,https://cdn.barbora.lt/products/88bcbff7-e231-4749-8946-3c2033fbd31d_s.png
"Jautrios odos veido kremas LUMENE (KLASSIKKO), 50 ml",8.99,https://cdn.barbora.lt/products/44db3a5e-08d9-447f-b9c7-7410f26c6481_s.png
NIVEA Q10 ANTI-WRINKLE POWER REVITALIZUOJANTIS AKIŲ SRITIES KREMAS,17.99,https://cdn.barbora.lt/products/0c001f77-07b3-400e-9c14-28f51bec160a_s.png
"Veido odos tonikas GREEN FEEL'S , 150 ml",3.59,https://cdn.barbora.lt/products/2d05616f-2abb-40e1-97ef-f29b7b3d6126_s.png
"Veido kremas NIDA (ANTI-ACNE) su salicio rūgštimi, 50 ml",3.89,https://cdn.barbora.lt/products/28e7c3a0-26c6-41e5-b5de-a078a9e5ddc6_s.png
"Stangrinamasis dieninis veido kremas NIVEA 45+ nuo raukšlių, 50 ml",11.19,https://cdn.barbora.lt/products/33e7092b-dd61-499c-8a71-27317a5c5c78_s.png
"Maskuoklis MAYBELLINE INSTANT, Nr. 1-light, 1 vnt.",12.99,https://cdn.barbora.lt/products/ac1c6b59-c80d-4d65-addf-62f77efa247a_s.png
"Maskuoklis MAYBELLINE INSTANT #2 nude, 1 vnt.",12.99,https://cdn.barbora.lt/products/5906a8a0-c732-41e7-b40b-f8c69128c3ba_s.png
"Raminamasis veido kremas WELEDA su migdolais, 30 ml",17.39,https://cdn.barbora.lt/products/bd659a6e-5790-470d-a587-67913d585a19_s.png
"Vyriškas skustuvas LASER SUPER CLICK, 1 vnt.",1.55,https://cdn.barbora.lt/products/2be73f50-f4ef-4d89-8713-92a8620acf29_s.png
"Gertuvė SISTEMA ACTIVE, 800 ml",13.99,https://cdn.barbora.lt/products/50efcdd9-9c4a-4feb-a11e-8c7e35f2d845_s.png
"Žaislinis automobilis, 1 vnt.",5.49,https://cdn.barbora.lt/products/a35ced0b-2162-4c0c-8328-3bbc6569311a_s.png
"Peilis UNIWELL HELLEBORE, 1 vnt.",2.49,https://cdn.barbora.lt/products/337deb18-96b7-4968-bd3d-dc7ba2ff1466_s.png
"Šaukštelis UNIWELL HELLEBORE, 1 vnt.",2.49,https://cdn.barbora.lt/products/3981ebad-d323-44b5-ad75-5d0ae7748db0_s.png
Lygintuvas TEFAL FV1710E0,34.99,https://cdn.barbora.lt/products/46d5c53c-c259-4749-bb36-e82fcfa89d01_s.png
"Radijo bangomis valdomas automobilis CORVETTE C6R 1:18, 1 vnt.",26.99,https://cdn.barbora.lt/products/f961b4ec-30c5-47cc-8cc9-63fbca53a7bb_s.png
"Žaislinis automobilis FORD 1:28, 1 vnt.",6.99,https://cdn.barbora.lt/products/0bdc6abe-e505-4091-9798-7d70a34515a4_s.png
"Naktinis veido kremas-kaukė MIXA, 50 ml",12.29,https://cdn.barbora.lt/products/1121e763-53b5-4727-97ce-8772bc1cd7af_s.png
"Švelnus mėsainių padažas MISSISSIPPI, 300 ml",4.49,https://cdn.barbora.lt/products/f614a4b8-875d-4cf5-a374-784cc73ddef6_s.png
"Veido kaukė GARNIER, 1 vnt.",3.49,https://cdn.barbora.lt/products/8e715243-f647-483d-a4cc-7dfd297fb5ba_s.png
"Veido kremas NEUTROGENA HYDROBOOST SPF25, 50 ml",19.99,https://cdn.barbora.lt/products/bead25e5-fc42-4be4-9a62-30d14e41e42c_s.png
"Vyriškas veido prausiklis VĖJAS su gintaro ekstraktu, 150 ml",2.99,https://cdn.barbora.lt/products/a8a4359b-4a5b-4084-88d8-edeb760b79be_s.png
KILIG VITAMIN C paakių gelis 15 ml ,12.75,https://cdn.barbora.lt/products/ca4f90a6-4d7b-4916-9982-932fe61f91bf_s.png
"Vyr.tual.vanduo ANTONIO BANDERAS POWER OF SEDUCTION, 100 ml",37.99,https://cdn.barbora.lt/products/d5f57737-7359-4151-a045-39eb80ae606c_s.png
"Skystoji pudra L'OREAL INFALLIBLE, Nr. 140-beige dore, 30 ml",19.49,https://cdn.barbora.lt/products/7523fb06-44f8-4412-84e1-99926ab6f096_s.png
"Maskuoklis MAYBELLINE INSTANT, Nr. 6, 6,8 ml",12.99,https://cdn.barbora.lt/products/ab98ffd6-2847-4339-9399-4e01f6f03ef0_s.png
"Lakštinė paakių kaukė GARNIER, 1 vnt.",2.39,https://cdn.barbora.lt/products/29db56e2-efe2-4462-ad81-a62e7ec4d5e3_s.png
"Skutimosi gelis GILLETTE SENSITIVE COOL, 200 ml",5.99,https://cdn.barbora.lt/products/78f08b38-9e2a-48cf-b3f8-9ac3b70c25a9_s.png
"Raminamasis veido kremas BIODERMA SENSIBIO FORTE, 40 ml",18.39,https://cdn.barbora.lt/products/0e5efafc-6047-4759-b6f3-3850fdf1c0ef_s.png
NIVEA BLACK&WHITE SILKY SMOOTH rutulinis antiperspirantas moterims ,2.85,https://cdn.barbora.lt/products/9c9cf172-10a2-4b34-8e6c-24a365ad1b59_s.png
"Kūno sviestas NATURA SIBERICA su šaltalankių aliejumi, 300 ml",10.39,https://cdn.barbora.lt/products/f22d007f-7df4-43cd-8437-a5e9763864ac_s.png
"Dėlionė TREFL VYTIS, 1000 detalių, 1 vnt.",8.99,https://cdn.barbora.lt/products/9b66db84-f738-4a5a-955f-602a0e651c54_s.png
"Apsaug.kremas BIODERMA CICABIO SPF50+, 30 ml",15.99,https://cdn.barbora.lt/products/e154fe26-9f77-49e3-a10a-eb3512834bd4_s.png
"Vaikiškas kūno prausiklis JOHNSON'S BABY 2 in 1, 500 ml",5.99,https://cdn.barbora.lt/products/78196cc6-f6b5-493b-bc1f-7ad8e747346a_s.png
"Lėkštė LUMINARC DIWALI, 25 cm, 1 vnt.",3.29,https://cdn.barbora.lt/products/b2a06dfe-9ae5-44aa-add1-4b1fca6d2573_s.png
"Lėkštė LUMINARC DIWALI, 19 cm, 1 vnt.",2.69,https://cdn.barbora.lt/products/a25640d1-f3dd-4b9d-9a98-4c98a08aff44_s.png
"Dubenėlis LUMINARC DIWALI baltas, 14,5cm",3.69,https://cdn.barbora.lt/products/efd40ba8-ec99-4a40-aec2-a70b91b6e16d_s.png
"Lėlytė POLLY POCKET, 1 vnt.",5.99,https://cdn.barbora.lt/products/e93631b5-dd14-4faf-83ea-308eb9ed5f9f_s.png
"Lūpų pieštukas MAYBELLINE COLOR SENS., N56, 1 vnt.",8.29,https://cdn.barbora.lt/products/fea0b449-abb6-40a1-83da-882db1f9fa0c_s.png
"Odos drėkiklis L'OREAL, 70 ml",15.99,https://cdn.barbora.lt/products/69d614cc-9a59-4041-8b71-fa0f905379b8_s.png
"Micelinis odos vanduo GARNIER MICELLAIR, 400 ml",9.49,https://cdn.barbora.lt/products/de3826eb-36f0-4f62-bd66-9e3fbfa3a8b4_s.png
"Valomosios putos FILORGA MOUSSE, 150ml",24.99,https://cdn.barbora.lt/products/18869dc3-dd77-44f1-adf7-ef44856898e4_s.png
"Micelinis vanduo FILORGA MICELLAR, 400ml",24.99,https://cdn.barbora.lt/products/4c1955b0-1801-44c5-9920-530bc39ee1c6_s.png
"Paakių kremas FILORGA TIME-FILLER, 15ml",51.99,https://cdn.barbora.lt/products/924661c1-4f03-4dcf-8e54-26249050956d_s.png
"Kompaktinė pudra MAYBELLINE FIT ME, Nr. 120-CLASSIC IVORY, 9 g",11.59,https://cdn.barbora.lt/products/bdd43d19-2ccc-421c-8584-b92edbce0b64_s.png
"Veido kremas L'OREAL, 30 ml",15.49,https://cdn.barbora.lt/products/cb9461cc-c521-4848-a036-66fb93cc84a6_s.png
"Kavavirė PHILIPS HD7435/20, 1 vnt.",49.99,https://cdn.barbora.lt/products/4ec75a55-9699-492f-911d-643dfe3bc23b_s.png
"Puodas su dangčiu 20 cm, DAILY COOK",37.99,https://cdn.barbora.lt/products/5f3d03e1-4135-4a87-a5b8-14d4d330754c_s.png
"Moteriškas parfumuotas vanduo SO LOVELY 100ml, 100 ml",8.49,https://cdn.barbora.lt/products/9fa9ee70-640b-4e37-bb9a-08214a4ad78f_s.png
"Moteriškas parfumuotas vanduo CLAIRE 100ml, 100 ml",8.49,https://cdn.barbora.lt/products/e95529cb-ec5d-4cf4-a289-f1a25fdfe69e_s.png
"Kortos UNO DELUXE, 1 vnt.",17.99,https://cdn.barbora.lt/products/0c9e7b61-3d20-4abe-911c-8d69a1fc7786_s.png
"Makiažo pagrindas MAYBELLINE NEW YORK FIT ME, 30 ml",12.49,https://cdn.barbora.lt/products/6b4a1a9e-e0dc-407b-af04-1513efbf7294_s.png
"Makiažo pagrindas MAYBELLINE NEW YORK FIT ME, 30 ml",12.49,https://cdn.barbora.lt/products/e459ce54-7edb-4926-9b4e-1906dbd46ff2_s.png
"Lūpų dažai MAYBELIINE SUPER STAY MATTE INK, Nr. 15, 1 vnt.",12.79,https://cdn.barbora.lt/products/568a4111-0358-449f-89c5-94083c03c76f_s.png
L'Oréal Paris Excellence Creme plaukų daž.9.3 Very Light Golden Blonde,10.99,https://cdn.barbora.lt/products/bacf62f6-ae9e-4edc-a239-09c494bdb91d_s.png
NIVEA Q10 ANTI-WRINKLE EXTRA NOURISH GILIAI ODĄ ATKURIANTIS DIENINIS KREMAS SU SPF15,18.99,https://cdn.barbora.lt/products/4d067cb1-72fc-4cb3-87a9-bc186bd30d1a_s.png
"Plaukų balzamas silpniems plaukams SUPER SIBERICA, 400 ml",8.99,https://cdn.barbora.lt/products/4620901a-3dce-49a7-ad8e-dcf9737f799f_s.png
"Keptuvė UNIWELL INCSHEF, 28 cm, 1 vnt.",21.99,https://cdn.barbora.lt/products/df2caf61-420a-4175-b8de-0686376783e8_s.png
"	Mangų ir pasiflorų džemas ST. DALFOUR, 284 g",4.99,https://cdn.barbora.lt/products/a267d480-c070-4f55-9877-e29771f2ce9f_s.png
"Kavinukas UNIWELL EDAY, 1000 ml, 1 vnt.",7.99,https://cdn.barbora.lt/products/81b3afbd-785c-4f32-8246-7e8605102257_s.png
"L'Oreal Paris Preference ilgalaikiai plaukų dažai, 4.0",13.49,https://cdn.barbora.lt/products/af07c813-4b0f-4eca-a3a7-19501ebe46ea_s.png
"Moteriškas tualetinis vanduo WOMEN'SECRET ROSE SEDUCT, 100 ml",24.99,https://cdn.barbora.lt/products/69d91c5d-fbe9-4005-bf9b-d4ea10934ea9_s.png
"Moteriškas tualetinis vanduo NIKE A SPARKLING DAY, 75 ml",16.19,https://cdn.barbora.lt/products/022fe671-5573-4c84-8a0f-79a357d90c4c_s.png
"Dažomasis plaukų kremas SYOSS COLOR, 4-15",8.99,https://cdn.barbora.lt/products/c7dcbfee-66c3-44f6-a9d3-ac93256320b3_s.png
Plaukų dažai GLISS COLOR 10-2,8.99,https://cdn.barbora.lt/products/03c6c64d-132c-471d-bf19-50e9c4b025f4_s.png
"Plaukų dažai GLISS COLOR, Nr. 1-0, 1 vnt.",8.99,https://cdn.barbora.lt/products/6cd8ad69-6b14-4ab9-a1d0-f47b6a646baa_s.png
Plaukų dažai GLISS COLOR 5-1,8.99,https://cdn.barbora.lt/products/778dde6d-7d06-4add-a074-d651723a6611_s.png
"Vyriškas tualetinis vanduo ANTONIO BANDERAS DIAVOLO, 100 ml",20.79,https://cdn.barbora.lt/products/27ae7998-a0c4-40b3-ad28-7f9fa9ee18eb_s.png
"Plaukų šampūnas GARNIER FRUCTIS HAIR, 350 ml",7.99,https://cdn.barbora.lt/products/5f760460-a58f-4b26-aee7-da9115f05dd4_s.png
Plaukų dažai GLISS COLOR[8-1,8.99,https://cdn.barbora.lt/products/780ec6e2-ff38-4184-9acb-4d6989e81dfa_s.png
"Antakių pieštukas MAYBELLINE BROW ULTRA SLIM, 1 vnt.",9.59,https://cdn.barbora.lt/products/1d8077b1-8796-43b7-984a-68f02217c371_s.png
"Elektrinis virdulys HENSKE HHB1702, 1 vnt.",24.99,https://cdn.barbora.lt/products/0519b23a-0da8-426e-91fd-8ee5cf6516c7_s.png
"Vienkartinių indų rinkinys ILAJA WHITE, 6 asm.",1.99,https://cdn.barbora.lt/products/9bc7616e-f241-4f05-9830-82938e6a4c75_s.png
"Vyriškas vienkartinis skustuvas BIC FLEX3 SENSITIVE, 3 vnt., 3 vnt.",3.19,https://cdn.barbora.lt/products/339d15ac-a9fb-49b8-b2cc-092b83d88825_s.png
"TONYMOLY Master Lab Snail Mucin Mask Sheet Lakštinė veido kaukė, 19 g",5.99,https://cdn.barbora.lt/products/011fa25c-613e-4eec-bd99-c7215054cdad_s.png
"Aštrusis padažas-marinatas POPPAMIES su marin. paprikomis, 150 ml",3.99,https://cdn.barbora.lt/products/f2c37016-8195-4275-ac44-0f3383497664_s.png
"Micelinis vanduo GARNIER, 400 ml",9.49,https://cdn.barbora.lt/products/883b1f3b-60ee-4a60-b3f8-f0a5856ede3d_s.png
"L’Oréal Paris Brows 24H antakių pieštukas, Brunette",9.99,https://cdn.barbora.lt/products/fb79b1ed-6f9b-431a-a542-3fa7b6b94e6d_s.png
"Bambukinis dantų šepetėlis HUMBLE BRUSH PROUD, 1 vnt.",4.19,https://cdn.barbora.lt/products/3e4f4ec0-523c-4d77-aeb7-a7208a89882c_s.png
"Filtravimo ąsotis BRITA ALUNA, 2,4 l, 1 vnt.",22.99,https://cdn.barbora.lt/products/9f81c692-a046-48a9-9c8f-07f5d0bc4f98_s.png
"Serviravimo lėkštė FRIENDS TIME, 17 cm, 1 vnt.",3.99,https://cdn.barbora.lt/products/243cdd4b-3ce2-4aaf-b792-25d6755a3108_s.png
"Kalėdinė dekoracija, lipdukas ant lango, 38x56cm",5.99,https://cdn.barbora.lt/products/96e32b0f-9691-4ca2-9d83-a67e22d372a7_s.png
"Plaukų šampūnas GLISS Split Ends, 400 ml",6.79,https://cdn.barbora.lt/products/d02df087-1794-4248-892a-2ec4d43a668c_s.png
"Moteriškas pieštukinis antiperspirantas SECRET Delicate, 40ml",4.29,https://cdn.barbora.lt/products/e621cd93-ca2a-4a97-a4c1-49ab9c514a40_s.png
"Lūpų blizgis MAYBELLINE, Nr. 004-SILK, 1 vnt.",11.99,https://cdn.barbora.lt/products/be11c1c5-9b45-461c-83e4-834b5f895e8b_s.png
"Lūpų blizgis MAYBELLINE, Nr. 006, REEF, 1 vnt.",11.99,https://cdn.barbora.lt/products/7d0121fc-0711-4ccd-a98e-067f17d9b3b5_s.png
"Karoliukų girlianda ELEMENTS SENSE, 10m",3.99,https://cdn.barbora.lt/products/69a07ae3-9cf3-450b-9a0e-ebb8ace59bbe_s.png
"Karoliukų girlianda ELEMENTS SENSE, 10m, 2 dizainai",3.99,https://cdn.barbora.lt/products/7e08c7ba-8a4a-4831-bf9e-2a6b306f1ced_s.png
"Dirbtinė eglė, Carolina spruce, 140cm",79.99,https://cdn.barbora.lt/products/61ad2e45-293d-41f8-ae2c-2b7bc218539c_s.png
"Vyriškas tualetinis vanduo IRONSTONE, 100 ml",7.69,https://cdn.barbora.lt/products/478de2cc-843e-42ac-969e-47c2ea1171e6_s.png
"Kūno šveitiklis GEOMAR DERMO LEVIGANTE, 600 g",10.99,https://cdn.barbora.lt/products/b2574b90-9a7e-4504-bab5-38d3108ad6be_s.png
"Kūno šveitiklis GEOMAR ANTI-FATICA, 600 g",10.99,https://cdn.barbora.lt/products/30e2efe5-4af5-4d22-878d-68c3e0a277b9_s.png
MARGARITA SENSITIVE SKIN drėkinamasis paakių kremas su beržų sula ir vaistažolių ekstraktais 15 ml,7.99,https://cdn.barbora.lt/products/3f8be1a7-9fa1-47af-864b-8dfcd66d34f0_s.png
"Žaidimas TACTIC AŠ MYLIU LIETUVĄ, 1 vnt.",16.99,https://cdn.barbora.lt/products/df8459cc-80b5-476e-bd31-7728eabefddf_s.png
"Drėkinamoji veido kaukė NEUTROGENA HYDRO BOOST, 50 ml",22.99,https://cdn.barbora.lt/products/5bd35d85-85d8-4beb-909c-546a99be585e_s.png
"Stiklinės RCR MELODIA, 6 vnt., 360 ml",34.99,https://cdn.barbora.lt/products/1c6641de-004d-4e0c-b613-39e4590fb597_s.png
"Plaukų šampūnas SCHAUMA EVERY DAY, 400 ml",4.59,https://cdn.barbora.lt/products/adea3248-7d15-41d7-8910-a0fb94e2fe32_s.png
"Plaukų aliejus PANTENE Argan Infused, 100 ml",11.29,https://cdn.barbora.lt/products/b4c92695-4adb-4ebf-8f82-214dca354905_s.png
"Purškiamas plaukų kondicionierius PANTENE SOS Shine, 150 ml",4.49,https://cdn.barbora.lt/products/75e96aa3-c7d4-48bc-86e3-5e7fc78eb387_s.png
"Antakių pieštukas MAYBELLINE ULTRA SLIM, Nr. 02, 1 vnt.",9.59,https://cdn.barbora.lt/products/ac848b9d-2ff5-4d63-b341-54e4854037c0_s.png
"Atkuriamoji plaukų priemonė GLISS Ultimate Repair 7 seconds, 200 ml",11.99,https://cdn.barbora.lt/products/756a7c93-ee26-4d29-8d6a-432f127f66c9_s.png
"Puodas su dangčiu GRANDFEU RED, 4,7 l",73.99,https://cdn.barbora.lt/products/8618873f-c1ad-49d3-8f45-8298e70dc866_s.png
"Vyriškas sisteminis skustuvas BIC FLEX5 HYBRID, 2galv., 1 vnt.",7.05,https://cdn.barbora.lt/products/66bd37d3-ca56-47ec-a1d8-9024ef685f4f_s.png
"Vyriškas sisteminis skustuvas BIC FLEX3 HYBR.SENSIT., 2galv., 1 vnt.",5.59,https://cdn.barbora.lt/products/9bf91461-8861-4915-9f91-712bd830a407_s.png
"Atkuriamasis šampūnas SEBAMED HAIR CARE, 200 ml",10.99,https://cdn.barbora.lt/products/cedb64cd-74a6-4f7b-8b8b-629d53d48993_s.png
"Moteriško skustuvo galvutės BIC CLICK3SOLEIL SENSIT., 4 vnt., 4 vnt.",5.59,https://cdn.barbora.lt/products/0c495af7-260e-4a8d-9ccf-092609f7b7c7_s.png
"Bambukinis dantų šepetėlis ECODENTA, vidutinio minkštumo",3.99,https://cdn.barbora.lt/products/f5b8c2ac-f44e-44e8-b2fd-3e9389977d32_s.png
"Dažomasis plaukų kremas SYOSS COLOR, Nr. 10-13, 1 vnt.",8.99,https://cdn.barbora.lt/products/ff1b4e23-0e7d-4323-827f-6e660bd61491_s.png
"Lėlė BARBIE, 1 vnt.",17.99,https://cdn.barbora.lt/products/e9fb440f-52e7-4d4b-9c68-64f56ce62fad_s.png
"Sumuštinių kepyklė TEFAL, 1 vnt.",44.99,https://cdn.barbora.lt/products/55b54c34-4d27-4a17-9a96-534b02f67d2d_s.png
"Žaislinis transporteris-greitkelis HOT WHEELS, 1 vnt.",56.99,https://cdn.barbora.lt/products/df2bc167-3b42-415b-be75-ae1e28045aa9_s.png
"Automodeliukai su judančiomis detalėmis MATCHBOX, 1 vnt.",7.59,https://cdn.barbora.lt/products/1ffdc145-749c-462b-9055-d694c1c92806_s.png
"Kortų žaidimas MATTEL GAMES PHASE, 1 vnt.",9.99,https://cdn.barbora.lt/products/525137bd-210b-4047-ac99-a45f320b90c0_s.png
"Savaiminio įdegio kūno putos GARNIER AMBRE SOLAIRE, 200 ml",13.29,https://cdn.barbora.lt/products/7befe128-c35c-420e-a803-25a75fa09f5e_s.png
KILIG VITAMIN C 2in1 regeneruojantis veido prausiklis - kaukė su AHA rūgštimis 75 ml,7.99,https://cdn.barbora.lt/products/6c3402bd-e259-41c2-8a83-31a536e1825d_s.png
KILIG HYDRATING intensyviai drėkinanti veido dulksna 100 ml,9.55,https://cdn.barbora.lt/products/87fb1c05-02f2-47cb-8dfc-a81dcd756a71_s.png
"Birių produktų indas UNIWELL RETRO, 1,15 l, 1 vnt.",3.99,https://cdn.barbora.lt/products/5c8160c8-7b1b-4079-a649-1428c6ef7463_s.png
"Moteriškas tualetinis vanduo NIKE ULTRA PINK, 100 ml",14.99,https://cdn.barbora.lt/products/18d2eeb4-0f28-49f9-bb70-cdc6e64ea208_s.png
"Moteriškas tualetinis vanduo NIKE ULTRA PURPLE, 100 ml",14.99,https://cdn.barbora.lt/products/04bc6e8f-8925-437e-9e81-5ccb51278444_s.png
"Dieninis veido kremas L'OREAL SPF50, 50 ml",21.49,https://cdn.barbora.lt/products/1a91bd60-eccd-4b2a-8a47-084a526f5f72_s.png
" Puodas su dangčiu UNIWELL, 18 x 10,5 cm",25.99,https://cdn.barbora.lt/products/b9520a49-66d7-433d-86dd-164d9d739b0d_s.png
"Moteriškas tualetinis vanduo B.U.FAIRY SECRET, 50 ml",12.99,https://cdn.barbora.lt/products/005076a5-d534-45cc-9743-e093ded730db_s.png
"Blakstienų tušas MAYBELLINE , juodas, 1 vnt.",12.99,https://cdn.barbora.lt/products/680370c3-c719-42db-abd7-e84a191585e5_s.png
"Veido kremas GARNIER BB, MED, 50 ml",11.59,https://cdn.barbora.lt/products/3e394736-ceff-43ba-96d0-81a4a0986684_s.png
ICE PROFESSIONAL Repair My Hair Šampūnas pažeistiems plaukams  250ml,9.29,https://cdn.barbora.lt/products/35f2e6f8-64f7-43b6-a2d6-498dc32744cb_s.png
ICE PROFESSIONAL Repair My Hair Kondicionierius pažeistiems plaukams 250ml,9.29,https://cdn.barbora.lt/products/3a19a3e2-029f-4cb6-a54f-dcbbc6494f09_s.png
" Stiklinis arbatinukas UNIWELL, 1,5 l",15.99,https://cdn.barbora.lt/products/1d4336a8-cbe3-48a6-b5bc-58269edbb219_s.png
"Veido gelinis drėkiklis L'OREAL , 50 ml",12.99,https://cdn.barbora.lt/products/09d9130a-6bc9-4e91-81f5-05595a6e3201_s.png
"Dušo gelis OLD SPICE Captain, 675ml",8.39,https://cdn.barbora.lt/products/805b5947-7042-45b5-857c-d831d85a4d3d_s.png
"El. girlianda, veikianti su baterijomis, 240 LED, 1 vnt.",18.99,https://cdn.barbora.lt/products/668381c4-d589-4f17-889f-71df5c2a32eb_s.png
"Veido kremas NATURA SIBERICA OBPLEPIKHA FLUID TONING LIGHT, 50 ml",8.99,https://cdn.barbora.lt/products/f4435564-d9af-4813-9e0a-1f01a6f9488a_s.png
"Veido serumas NATURA SIBERICA OBPLEPIKHA ENERGY, 30 ml",6.59,https://cdn.barbora.lt/products/f82eb213-bddc-49f8-afc5-90d02cefcd45_s.png
NIVEA® ROSE & HYDRATION KŪNO LOSJONAS NORMALIAI IR SAUSAI ODAI,10.69,https://cdn.barbora.lt/products/77799f8a-b9af-4ef4-a8e1-04068768c85f_s.png
"Elektrinė girlianda, veikianti su baterijomis 480LED, 	Rosegold",19.99,https://cdn.barbora.lt/products/68a10a46-1585-4c2f-afa1-efe3868f6ff0_s.png
"El. girlianda, veikianti su baterijomis, 480 LED, 1 vnt., spalvota",18.99,https://cdn.barbora.lt/products/ddfde647-b1ba-4445-8ef3-573fdbcf471d_s.png
"Elektrinė vidaus girlianda, 120LED, 1 vnt., rožinė/auksinė",14.99,https://cdn.barbora.lt/products/8f9d8708-01a9-41ab-b8aa-634477a57952_s.png
"Lūpų balzamas FANTA STRAWBERRY, 7,4 g",4.49,https://cdn.barbora.lt/products/ecc20de2-1b19-4793-9bab-15d7988a3d20_s.png
"Paakių kremas GREEN FEEL'S, 30 ml",5.99,https://cdn.barbora.lt/products/b90876a0-4b60-4948-9bb0-8cd9fff85a47_s.png
"Skutimosi peiliukai King C GILLETTE, 5vnt + skustuvas",23.49,https://cdn.barbora.lt/products/bff74da3-bb8d-4efe-8f38-deb8ec5df841_s.png
"Skutimosi peiliukai King C GILLETTE, 10vnt",5.79,https://cdn.barbora.lt/products/02733d07-a2f4-43ac-a44d-81f3228e84b3_s.png
"Įdegio atspalvį suteikianti pudra RIMMEL NATUR.BRONZ,Nr.002, 14 g",12.59,https://cdn.barbora.lt/products/dc73de8d-381d-40cb-b846-8774216b67bd_s.png
"Lakštinė veido kaukė JAYEONMAPPING su sraigių mucinu, 25 g",1.99,https://cdn.barbora.lt/products/9987adc9-429a-4a77-9ebf-f73e8379a82d_s.png
"Veido serumas MIXA, 30 ml",17.49,https://cdn.barbora.lt/products/1d3d6662-0d82-422b-94c6-ba7372bb8b6d_s.png
"Plaukų dažai L'OREAL CASTING CREME GLOSS, Nr. 618, 1 vnt.",10.59,https://cdn.barbora.lt/products/8510b0f0-e2e0-4ce4-9ee1-f650467061e8_s.png
ICE PROFESSIONAL Refresh My Scalp Šampūnas galvos odai atstatantis 250ml,9.29,https://cdn.barbora.lt/products/ded52d50-6ed6-42df-bbd3-3289cba1bbc6_s.png
ICE PROFESSIONALRefresh My Scalp Kondicionierius galvos odai atstatantis  250ml,9.29,https://cdn.barbora.lt/products/b2822b2e-d8eb-434f-9c2f-fe95d1a1e2f6_s.png
ICE PROFESSIONAL Refill My Hair Šampūnas sausiems  plaukams 250ml,9.29,https://cdn.barbora.lt/products/6dc5eebd-36cc-4369-8318-001a38aeeee9_s.png
Dirbtinė eglė 150cm,59.99,https://cdn.barbora.lt/products/197e7453-2ff5-4ea0-9e8f-b5e96856cc46_s.png
"Mentelė FISKARS FUNCTIONAL FORM, 1 vnt.",13.99,https://cdn.barbora.lt/products/3e5fe6c9-91db-44e5-b7fc-4f381aaf99c0_s.png
"Picos pjaustyklė FISKARS FUNCTIONAL FORM, 1 vnt.",16.99,https://cdn.barbora.lt/products/b11c0d8c-07ca-43e3-b865-976487bc0367_s.png
Rankinis maišytuvas HENSKE HM703A,21.99,https://cdn.barbora.lt/products/9d08e484-79a8-4b2f-acd4-a8a3ef35a66f_s.png
 Plaukų džiovintuvas PHILIPS BHD350/10,29.99,https://cdn.barbora.lt/products/3ce89eb4-04ee-44e4-aa54-1b7a50d3c568_s.png
Plaukų džiovintuvas PHILIPS BHD360/20,34.99,https://cdn.barbora.lt/products/bc6cfc28-b4a3-4343-8603-e1350e6ed48b_s.png
Lygintuvas TEFAL FV2838E0,49.99,https://cdn.barbora.lt/products/e4f7b02a-6e6d-4de4-b668-b4277c905b47_s.png
"Lupimo peilis tiesiais ašmenimis FISKARS, 1 vnt.",15.99,https://cdn.barbora.lt/products/355f5619-8861-4f24-94c5-d529409a4076_s.png
"Vyriško skustuvo galvutės BIC FLEX5HYBRID, 4 vnt.",7.99,https://cdn.barbora.lt/products/ebea620d-273a-4e83-b875-e404609a2d8a_s.png
"Vyriškas tualetinis vanduo STR8, 100 ml",14.99,https://cdn.barbora.lt/products/f68c9b1e-2024-49fa-8de3-d7165d2fca32_s.png
"Moteriškas parfumuotas vanduo BI-ES FLORAL, 100 ml",13.99,https://cdn.barbora.lt/products/320ccacd-851e-4153-bd80-3fcfeb5c037b_s.png
"Veido tonikas PHARMA OIL COMPLEX, 100 ml",12.99,https://cdn.barbora.lt/products/2fc11db0-fabd-4380-b899-136b1cc8889d_s.png
Dviejų dalių kekso kepimo forma 26cm,13.99,https://cdn.barbora.lt/products/638b5191-79fa-4c76-a05d-33afc4b9243b_s.png
"Peilis TEFAL COMFORT SANTOKU, 12 cm, 1 vnt.",9.99,https://cdn.barbora.lt/products/cfc637ee-8ddf-464f-817b-f87735da2993_s.png
"Blakstienų tušas MAYBELLINE COLOSSAL , juodas, 1 vnt.",13.19,https://cdn.barbora.lt/products/6903c5dd-b627-4115-b8be-61f9aa191a69_s.png
"Plaukų dažai L'OREAL EXCELLENCE UNIVERSAL NUDES, Nr. 10U, 1 vnt.",10.99,https://cdn.barbora.lt/products/eebf9ee9-e9eb-4c09-969a-27e049b51aa0_s.png
"Plaukų dažai L'OREAL EXCELLENCE UNIVERSAL NUDES, Nr. 5U, 1 vnt.",10.99,https://cdn.barbora.lt/products/b38e4601-6401-47eb-9e8c-9fcfc07a6380_s.png
MARGARITA Stiprios fiksacijos plaukų putos su alaus mielių ekstraktu ir keratinu 250ml,5.65,https://cdn.barbora.lt/products/f38b4bef-a1ad-4aa4-966b-43260c037ce2_s.png
"Veido serumas PHARMA OIL SUNSHINE, 30 ml",15.99,https://cdn.barbora.lt/products/c4061c1f-b025-46ed-ada4-b921f7a8801c_s.png
"Kompaktinė pudra MAX FACTOR CREME PUFF, Nr. 41, 21 g",11.89,https://cdn.barbora.lt/products/9a5dcaee-5a08-4a5a-b92c-f4b536439d7a_s.png
"Kompaktinė pudra MAX FACTOR CREME PUFF, Nr. 42, 21 g",11.89,https://cdn.barbora.lt/products/06eb04d8-d186-4965-abb7-1e4c26d15ec8_s.png
"Apsauginis plaukų purškalas JOHN FRIEDA REPAIR&DETOX, 200 ml",12.99,https://cdn.barbora.lt/products/8d157670-5bad-4fae-923d-09eb5aaade14_s.png
"Dušo gelis OLD SPICE Night Panther, 400ml",5.79,https://cdn.barbora.lt/products/3d0abb3e-0319-4189-9fe0-a461f77b3763_s.png
"Žaislinė planšetė KELIŲ EISMAS, 1 vnt.",15.49,https://cdn.barbora.lt/products/9737ae20-f664-457e-bca6-5921839f4ebc_s.png
"Veido serumas GARNIER, 30 ml",16.99,https://cdn.barbora.lt/products/53642188-51d4-4da7-808f-1713df5d06ad_s.png
"Veido gelis GARNIER, 50 ml",7.99,https://cdn.barbora.lt/products/b15ed557-7641-440e-b9a6-4e59818925ec_s.png
Dubenėlis PEARL CLASSIC PALE GREEN 15 cm,4.99,https://cdn.barbora.lt/products/57216716-9124-4031-ae2f-0f6519741e73_s.png
"Žaislinis džipas HOT WHEELS, šviečiantis tamsoje, 1 vnt.",11.99,https://cdn.barbora.lt/products/c91f51d2-0e8f-4d2e-9d7d-1df470af885a_s.png
"Žaislinis robotas FISHER PRICE, 1 vnt.",89.99,https://cdn.barbora.lt/products/4bef95fd-663e-49b0-9921-8b6f4755aa7b_s.png
Lėkštė AURORA ATLANTIS 25 cm,9.99,https://cdn.barbora.lt/products/7655e726-72d7-4e89-8228-dd2d088df3ad_s.png
Lėkštė AURORA ATLANTIS 19 cm,6.99,https://cdn.barbora.lt/products/8780789f-b275-47cb-be96-8242913c1487_s.png
"Žaislinis nešiojamasis kompiuteris PAŽINK IR IŠMOK, 1 vnt.",45.99,https://cdn.barbora.lt/products/db943731-8a01-45dc-b49b-9c1d2f44ae2e_s.png
"Sriubos lėkštė PAMPILLE CLEAR, 20 cm",4.49,https://cdn.barbora.lt/products/e8b51f95-e7ae-4ee9-9246-1114cbb8ba5f_s.png
"Salotų dubuo PAMPILLE CLEAR, 24 cm",12.99,https://cdn.barbora.lt/products/ea2a665e-afe7-44e5-af91-c11b3d04c10a_s.png
"Moteriškas rutulinis dezodorantas GARNIER BLACK WHIT, 50 ml",4.99,https://cdn.barbora.lt/products/7c7a83a4-3ba6-4914-a0b3-3ce1cbd39714_s.png
"Moteriškas purškiamasis dezodorantas GARNIER , 150 ml",5.49,https://cdn.barbora.lt/products/36d25f84-ee3b-42f7-afa9-c537188a71cd_s.png
"Kondicionierius SYOSS Intense Color, 250ml",7.29,https://cdn.barbora.lt/products/85ae34fd-ed3b-4de7-9436-f0ef6412612b_s.png
"Plaukų vaškas SYOSS Max Hold, 150 ml",8.99,https://cdn.barbora.lt/products/26a775d7-068f-4eed-838a-a38cce6eb0d4_s.png
"Moteriškas purškiamasis dezodorantas GARNIER MINER.INVISIBLE, 150 ml",5.49,https://cdn.barbora.lt/products/f6ec5137-1c2c-4d1a-a27e-27624773ec92_s.png
"Maybelline New York Vinyl Ink 50 Wicked lūpų dažai 4,2 ml",13.49,https://cdn.barbora.lt/products/b375951a-3d61-4d03-a224-e590cbf8b60e_s.png
"Kūno balzamas NEUTROGENA DEEP MOIST sausai odai, 300 ml",8.79,https://cdn.barbora.lt/products/ff32b011-6d15-4798-9d30-166f7e3fa63b_s.png
"Moteriškas tualetinis vanduo ELODE WOMAN, 100 ml",9.99,https://cdn.barbora.lt/products/4c518a81-52d7-4539-bde0-cfa340d8103a_s.png
"Naktinis veido kremas NEUTROGENA RETINOL BOOST, 50 ml",23.79,https://cdn.barbora.lt/products/2b7dd9cd-ea5a-4498-b262-cb1e29c72d5c_s.png
" Kelioninis puodelis UNIWELL, 380 ml",9.99,https://cdn.barbora.lt/products/1620a1e2-33f1-4f46-818e-58e8a9a28b1f_s.png
"Termosas UNIWELL, 1,5 l",17.99,https://cdn.barbora.lt/products/abbcafb2-183b-45ad-beef-7bdc1c283984_s.png
"Atkuriamoji plaukų priemonė OLAPLEX NR. 3, 100 ml",29.99,https://cdn.barbora.lt/products/b8243581-0e36-4ed8-8324-42cc61be500d_s.png
"Plaukų formavimo kremas OLAPLEX NR.6,100ml",29.99,https://cdn.barbora.lt/products/d61cbce7-412c-4209-a67a-361e3b93b7d8_s.png
"Vyriškas veido kremas L'OREAL MEN SPF15, 50 ml",11.99,https://cdn.barbora.lt/products/d0c14bb6-9f8e-4456-9f1b-2049ccea242d_s.png
"Maisto termosas UNIWELL, 750 ml, 1 vnt.",18.99,https://cdn.barbora.lt/products/82eee04b-aeee-44f9-a13b-12916b97413c_s.png
NIVEA LUMINOUS 630® ANTISPOT dieninis fuildas,20.99,https://cdn.barbora.lt/products/c1468cf8-797c-4813-a112-1742a2e24693_s.png
Burbulinė vaflių keptuvė ZM-506,25.99,https://cdn.barbora.lt/products/1497fed3-cb13-4bf6-bf4e-142f486dce3b_s.png
"Vaflinė ZM-506, 1 vnt.",24.99,https://cdn.barbora.lt/products/42222d97-ee93-4ae9-9fd8-a2efb68afec2_s.png
"Veido prausimosi gelis NEUTROGENA CLEAR&DEFEND, 200 ml",10.99,https://cdn.barbora.lt/products/8a355c6b-755d-4979-a68d-a0200e7b0be7_s.png
"Veido prausimosi putos PHARMA OIL SUNSHINE, 150 ml",14.99,https://cdn.barbora.lt/products/908391c2-2048-416a-b7ff-f8367f0c3d45_s.png
"Drėgnosios servetėlės PUREDERM CICA makiažui valyti, 30vnt.",3.99,https://cdn.barbora.lt/products/ff0098c5-85fd-46b8-8a2a-39de79ded5fc_s.png
"Antakių tušas MAYBELLINE EXPRESS BROW SCULPT, Nr. 06, 1 vnt.",11.99,https://cdn.barbora.lt/products/0617c169-21b9-4a5e-9c4b-2800ca1256cd_s.png
"Antakių tušas MAYBELLINE EXPRESS BROW SCULPT, Nr. 02, 1 vnt.",11.99,https://cdn.barbora.lt/products/aa97dae8-0d0d-49df-a54f-c21cd6200282_s.png
"Žaidimas 1 IŠ 2. KĄ RENKIESI?, 1 vnt.",14.99,https://cdn.barbora.lt/products/06a069ab-384d-494c-b152-663e09ba414a_s.png
"Stalo žaidimas TACTIC ESCAPE RUN ALCATRAZ, 1 vnt.",35.99,https://cdn.barbora.lt/products/f0ffedb0-69ad-4c45-aa29-bd356475b0f1_s.png
"Šampano taurės RCR OPERA, 230 ml 6 vnt.",34.99,https://cdn.barbora.lt/products/c1713805-0961-4885-bc1f-ff01dc075bfc_s.png
"Šampano taurės RCR OPERA, 130 ml 6 vnt.",34.99,https://cdn.barbora.lt/products/b55b280d-36b9-4309-9323-696718b6065b_s.png
"Veido kremas FILORGA TIME-FILLER 5XP, 50 ml",66.49,https://cdn.barbora.lt/products/f13f6ed4-d120-4ccb-9654-0d1b87f84de4_s.png
"Intensyviai drėkinantis veido kremas FILORGA HYDRA - HYAL, 50 ml",52.99,https://cdn.barbora.lt/products/c6e73ae1-e70b-4b28-a3f2-10f850e80c6e_s.png
"Veido serumas FILORGA HYDRA - HYAL, 30 ml",54.99,https://cdn.barbora.lt/products/13e4e7fc-203b-45d7-9eb6-273ec0b87352_s.png
"Gyvūnų antkaklis LOVETT, 20 x 30-45 cm, 1 vnt.",5.99,https://cdn.barbora.lt/products/8fdb31f0-4cee-4f34-a963-8de14faecc34_s.png
"Kačių petnešų ir pavadėlių rinkinys LOVETT, 1 vnt.",5.49,https://cdn.barbora.lt/products/8fdeb19c-d17f-4320-94c8-09e4f8196e7d_s.png
"Šunų žaislas kramtymui LOVETT, 1 vnt.",6.99,https://cdn.barbora.lt/products/7a811ba2-c23c-482c-bdaa-b0dea4483d8f_s.png
"Šunų žaislas kaulas LOVETT, 1 vnt.",6.99,https://cdn.barbora.lt/products/ef58b24e-01e6-4a4b-8fd2-5894e0f52154_s.png
NIVEA Fresh Flower pieštukinis antiperspirantas moterims,5.39,https://cdn.barbora.lt/products/3a474bf6-b2a8-47ea-a061-9aecf66ae2d3_s.png
"Vyriškas tualetinis vanduo ADIDAS PURE GAME, 100 ml",19.39,https://cdn.barbora.lt/products/4291437d-70fa-43fa-899f-00e8be1b5d6f_s.png
"Losjonas po skutimosi ADIDAS ICE DIVE, 100 ml",11.89,https://cdn.barbora.lt/products/1a1e5dc7-2acd-47e4-a06e-d1be9e9cc703_s.png
"Plaukų džiovintuvas HENSKE, pilkas",24.99,https://cdn.barbora.lt/products/7b841c66-593b-416b-aaa9-2186c5ad7725_s.png
"Žaidimas HEADU MONTESSORI PALIESK ABĖCĖLĘ, 1 vnt.",14.99,https://cdn.barbora.lt/products/f077c974-14ea-474f-b517-35757f7f2b4c_s.png
"Mažylių kortelės HEADU MONTESSORI, 1 vnt.",14.99,https://cdn.barbora.lt/products/cb5d90db-f56f-4580-ba35-7d5431111dea_s.png
"Žaidimų rinkinys PLAY-DOH MAGIŠKAS PLAKTUVAS, 1 vnt.",29.99,https://cdn.barbora.lt/products/186ff47c-79c7-490e-b109-e9445f297ed2_s.png
"Žaislinis automobilis MSZ 1:32, 1 vnt.",16.99,https://cdn.barbora.lt/products/246bfd94-7cf1-4d41-b520-202fdc7794cb_s.png
"Dantų pasta COLGATE MAX WHITE PURPLE REVEAL, 75 ml",9.99,https://cdn.barbora.lt/products/7a11ccf5-86b1-47d7-a2eb-3780e18e0f12_s.png
"Plaukų kaukė GARNIER FRUCTIS HAIR , 400 ml",10.79,https://cdn.barbora.lt/products/9b3291d0-0a95-474c-8797-08d91ee3f097_s.png
"Plaukų kondicionierius GARNIER BOTANIC, 200 ml",4.99,https://cdn.barbora.lt/products/bf9dc8be-109e-4eea-831a-71d3e561ba6f_s.png
"Plaukų kaukė GARNIER FRUCTIS HAIR , 400 ml",10.79,https://cdn.barbora.lt/products/a0f3a83c-97b5-45c6-b48e-fbcab8450170_s.png
"Blakstienų tušas MAYBELLINE FALSIES SURREAL, juodas, 7 ml",14.99,https://cdn.barbora.lt/products/87fe427e-835e-4b90-b539-c85952339483_s.png
NIVEA® DERMA SKIN CLEAR Į BĖRIMUS LINKUSIOS ODOS  prausimosi gelis,7.99,https://cdn.barbora.lt/products/080f1ca5-6a4c-4416-948b-3f08190d1651_s.png
"Blakstienų tušo bazė MAYBELLINE  SKY HIGH, 8 ml",13.99,https://cdn.barbora.lt/products/a0982c25-cbff-4d9e-a7e3-88ed33b7a071_s.png
"Paakių kremas GARNIER, 15 ml",9.99,https://cdn.barbora.lt/products/8fc36158-c958-4c6c-b008-36fe225a6b8c_s.png
"Naktinis veido serumas GARNIER , 30 ml",17.99,https://cdn.barbora.lt/products/1fe28d71-9806-43d3-9857-3c4c75723dc2_s.png
"L'oreal Men  veido kremas,50ml",16.99,https://cdn.barbora.lt/products/f42869bb-2f94-49f6-8bb2-ee330b0e72b8_s.png
"Veido kremas L'OREAL REVITALIFT SPF50+, 50 ml",21.99,https://cdn.barbora.lt/products/3b063d19-efd8-4f55-baab-f68187c09736_s.png
"Veido kremas L'OREAL  WATER, 50 ml",25.99,https://cdn.barbora.lt/products/66b39111-b387-4bd3-bd4e-7f32bbf2df6d_s.png
"Maybelline New York  Vinyl Ink lūpų dažai, 10 Lippy",13.49,https://cdn.barbora.lt/products/0866802b-7f8f-4533-94ee-f3b4be2181d9_s.png
"Akių apvadas MAYBELLINE TATTO INK PERNK, juodas, 1 vnt.",11.59,https://cdn.barbora.lt/products/3253be4e-3010-4eb8-9f0a-37a82e9e8e04_s.png
"Vyriško skustuvo galvutės BIC HYBRID FLEX3, 4 galvutės, 4 vnt.",4.89,https://cdn.barbora.lt/products/e5aed7b3-740f-4bed-862c-e85594c82c70_s.png
JaYeonMapping Veritana Moisture Mask Drėk. lakštinė veido kaukė 23g,1.99,https://cdn.barbora.lt/products/a0420954-83aa-404e-bb72-a6e5938d0f82_s.png
Birių produktų indas UNIWELL HANDIG 1 L,5.99,https://cdn.barbora.lt/products/11ee4352-9ce8-4a25-8465-3b4e46cb2a5d_s.png
"Moteriškas parfumuotas vanduo LA RIVE L'EXCELLENTE, 100 ml",7.79,https://cdn.barbora.lt/products/ae9a98ba-88b4-4729-a30d-6fb1fc0601a5_s.png
"Veido serumas NEUTROGENA HYDRO BOOST, 15 ml",21.99,https://cdn.barbora.lt/products/e4fee34e-8c3b-4252-aa72-67ddd766d2e7_s.png
"Vyriška dušo želė ADIDAS PURE GAME, 250 ml",4.69,https://cdn.barbora.lt/products/4a8e2dcd-e0d8-493f-a63d-adeebf7b0c83_s.png
"Vyriškas tualetinis vanduo NIKE TURQUOISE VIBES, 100 ml",17.99,https://cdn.barbora.lt/products/6a7e4025-4d86-4e15-b9cc-169d324c9034_s.png
"Moteriškas parfumuotas vanduo BOULEVARD PALAIS ROYAL, 100 ml",19.99,https://cdn.barbora.lt/products/0987fd7d-16c4-4631-b8b0-51842d933fab_s.png
ARAS VEIDO KREMAS PO SKUTIMOSI SU PROPOLIU 50 ML,8.99,https://cdn.barbora.lt/products/3a965549-3b45-4cf2-8fc8-394cba42772b_s.png
"Plaukų modeliavimo molis GOT2B Istyler, 75 ml",10.49,https://cdn.barbora.lt/products/4b24e4bc-10cc-4ce7-921d-839f198e8b1e_s.png
"Žaislinis rinkinys HOT WHEELS MIESTAS, 1 vnt.",20.99,https://cdn.barbora.lt/products/9cc7e42d-a214-40df-96b0-bdec33240fb2_s.png
"Stalo žaidimas UNO FLEX, 1 vnt.",10.99,https://cdn.barbora.lt/products/367a6698-2969-4a73-8c7c-3c932e39b9f2_s.png
"NEBULOUS STARS figūrėlės spalvinimo rinkinys, assort.",14.99,https://cdn.barbora.lt/products/b797a340-6517-4445-93a9-55b6182d6091_s.png
Puodelis su lėkštute AURORA PEARL CREAM 100 ml,4.99,https://cdn.barbora.lt/products/22b51a73-5f00-4739-b8dd-2be7719d8749_s.png
Puod.su lėkšt. AURORA PEARL CREAM 220 ml,6.99,https://cdn.barbora.lt/products/e002bf56-fe18-483a-a35f-57eb17c57c53_s.png
"Skaistalai MAX FACTOR MIRACLE PURE, Nr. 03, 15 ml",18.99,https://cdn.barbora.lt/products/646743ce-5e52-4140-b8f4-c00968004d12_s.png
Puodelis su lėkštute AURORA CREAMY DASH,6.99,https://cdn.barbora.lt/products/05c00a43-f85f-442c-aa85-b34ff16b1450_s.png
"Plaukų šampūnas OLAPLEX Nr.4P,250ml",29.99,https://cdn.barbora.lt/products/18502b7c-81bc-4c72-8880-246991e8f3ee_s.png
"Plaukų kaukė OLAPLEX Nr.8, 100ml",29.99,https://cdn.barbora.lt/products/f4e5ac0d-6339-4af6-9f29-1fe444309cdb_s.png
"Plaukų aliejus OLAPLEX Nr.7,30ml",29.99,https://cdn.barbora.lt/products/7c685fa9-a488-4a02-9a26-54ebcc5233af_s.png
"Verkianti lėlytė CRY BABIES, 904996IME",19.99,https://cdn.barbora.lt/products/061bcf7e-a8b1-4d8d-88d0-384cd98655fe_s.png
"Karuselė CANPOL BABIES SENSORY TOYS, 1 vnt.",17.99,https://cdn.barbora.lt/products/eff8bcb5-483b-4ad2-a71e-0321647cb451_s.png
"Paakių kremas CERAVE REPAIR,14ml",22.99,https://cdn.barbora.lt/products/276678e9-059b-4dc4-9d70-0b26ff035837_s.png
"Žaislinis automobilis Corvette C7, 1:24, 1 vnt.",7.99,https://cdn.barbora.lt/products/4cf5906b-6561-48c8-8585-62fa8cdb7350_s.png
PUHDAS Deeply Purifying valomosios putos ,11.99,https://cdn.barbora.lt/products/a55d4506-121d-42b7-9f10-0e97dfb6aa7c_s.png
HELLÄ drėkinančios valomosios putos,11.99,https://cdn.barbora.lt/products/26a4cd1d-5c85-426e-b0e3-65fba9fe736e_s.png
"Vyriška dušo želė FA MEN XTRA COOL, 400 ml",4.99,https://cdn.barbora.lt/products/20a5e754-312b-40e3-83ce-9281cabdd4b1_s.png
"Dantų šepetėlis SENSODYNE NOURISH HEALTHY CLEAN SOFT, 1 vnt.",5.79,https://cdn.barbora.lt/products/1ba5adc8-2cf0-46fb-93bb-39f663d976b4_s.png
"RASA HYDRO INTENSE Drėkinamasis veido kremas normaliai, mišriai odai 50 ml",14.99,https://cdn.barbora.lt/products/94ea6fbd-8718-4c97-9b37-876d66129cde_s.png
RASA AGE CONTROL Stangrinamasis naktinis veido kremas 50 ml,15.99,https://cdn.barbora.lt/products/727f2a85-49d0-4094-a1b9-005354b2ac03_s.png
"Stalo žaidimas KADABRA DOBBLE CLASSIC, 1 vnt.",16.99,https://cdn.barbora.lt/products/ae0f4e0e-d4d0-4b94-8bca-f7fb6d500a04_s.png
"Pliušinis žaislas AURORA, 1 vnt.",15.99,https://cdn.barbora.lt/products/247f3f7c-7ab3-444a-af4c-6d149e5a0b30_s.png
"Plastikiniai Kalėdų eglutės žaisliukai, 6 vnt., 6 cm, 6 vnt., sidabriniai",2.99,https://cdn.barbora.lt/products/fd54a2d9-568f-4515-8023-cdee947d7130_s.png
"Vyno taurės AURORA NOLA, 430 ml, 6 vnt., 6 vnt.",14.99,https://cdn.barbora.lt/products/251e6c9a-3b8c-4704-b1bf-efbad68dab81_s.png
"Šampano taurės AURORA NOLA, 180 ml, 6 vnt., 6 vnt.",14.99,https://cdn.barbora.lt/products/d0c2cc64-f0c4-41ec-b53e-0e099de8741c_s.png
Žaislinis elektrinis pianinas,24.99,https://cdn.barbora.lt/products/8de2dd41-4229-45fa-b6c3-12e5f9ade6d8_s.png
NIVEA Repair & Care kūno losjonas,10.69,https://cdn.barbora.lt/products/bf71e47c-41df-48fa-a131-2ca45b9a0e8b_s.png
"Elektrinis dantų šepetėlis ORAL-B iO3, Ice Blue, 1 vnt.",129,https://cdn.barbora.lt/products/775f70bd-db3b-4672-aa8a-ca01c84d930d_s.png
" Keptuvė UNIWELL, 24 cm",13.99,https://cdn.barbora.lt/products/ec647f8d-5c4c-4eaa-b69c-10ea1892ce4c_s.png
"Plaukų kaukė PANTENE Infinitely Long Active Nutri-Plex, 300 ml",9.69,https://cdn.barbora.lt/products/a37ecd35-4dea-48f2-8554-c6260289a81e_s.png
"Kalėdų eglutės žaisliukų rinkinys, 6 vnt., 3 dizainai",2.99,https://cdn.barbora.lt/products/c920cc5d-3576-4f05-9d8c-75cd3185f451_s.png
"Kalėdų eglutės žaisliukų rinkinys, 20 vnt., 4 spalvų",3.29,https://cdn.barbora.lt/products/4e25a387-70ad-450f-8966-7d1652891e9b_s.png
Folinė girlianda(2m x 7cm) 2spalv.,1.59,https://cdn.barbora.lt/products/c7c7c26b-5fc7-4ff5-b045-c38b9ee3de2b_s.png
"Folinė girlianda (50x20cm), lietutis",0.99,https://cdn.barbora.lt/products/ed116f38-40d6-45c7-84ff-fb877a0e8087_s.png
"Veido prausiklis L'OREAL, 150 ml",12.99,https://cdn.barbora.lt/products/90525e06-6908-4283-8c57-511213b8070c_s.png
"Dantų pasta PEARL DROPS INSTANT BOOST, 50 ml",4.99,https://cdn.barbora.lt/products/8e4a78b4-a5eb-4372-8f4a-9aac7f459d0c_s.png
"Indaplovių kapsulės FINISH POWERBALL ULTIMATE PLUS LEMON, 62 vnt.",19.99,https://cdn.barbora.lt/products/b7f75800-47a8-42b6-9464-8ae60890d754_s.png
"Vyriški vienkartiniai skustuvai DIVUS3, 5 vnt., 4 vnt.",2.39,https://cdn.barbora.lt/products/9c6f53a0-cf88-4f13-9fe3-3018b5bd317f_s.png
"Veido prausiklis GARNIER , 250 ml",9.99,https://cdn.barbora.lt/products/f41b9a82-3393-4759-8486-d55c529b8321_s.png
Lėkštė ILAJA Simple 27 cm,3.49,https://cdn.barbora.lt/products/d3cdb9b6-b862-4cbf-a4eb-75487d7887d9_s.png
"Elektrinis dantų šepetėlis ORAL-B Vitality Pro, Lilac, 1 vnt.",45.99,https://cdn.barbora.lt/products/846b882f-e4cc-4f5f-9c0a-423b2758a770_s.png
"Elektrinis dantų šepetėlis ORAL-B Vitality Pro Kids 3+ metų, Frozen",45.99,https://cdn.barbora.lt/products/0d5ef3cb-d3c2-44b3-bdde-b57233630ed8_s.png
"Radijo bangomis valdomas automobilis LAMBORGHINI URUS, 1 vnt.",17.99,https://cdn.barbora.lt/products/26173c44-8bb8-4de9-8c32-327a8c97232b_s.png
"Dėlionė CLEMENTONI, 1000 detalių, 1 vnt.",9.99,https://cdn.barbora.lt/products/33f5e1fa-4eae-4bc6-9dcf-21b762eede9b_s.png
"Kalėdinis burbulas su Kalėdų eglučių paveikslėliu, 8 cm, 1 vnt.",4.99,https://cdn.barbora.lt/products/35e82c7e-731e-481f-a183-7c931cfc4608_s.png
Stiklinis Kalėdų eglutės žaisliukas,4.39,https://cdn.barbora.lt/products/1298f4d5-5204-4d14-a0e2-aae2357351ec_s.png
"Satino patalynės komplektas, 140 x 200 cm, 50 x 70 cm, 1 vnt.",27.99,https://cdn.barbora.lt/products/301455ad-b4e7-40f6-8588-2f48ca022969_s.png
"Lakštinė veido kaukė su sraigių sekretu  SKIN PLANET Snail Cell Restoring , 26g",3.19,https://cdn.barbora.lt/products/d2866a59-de98-4d92-be2c-15136effb55f_s.png
"Veido kremas Q+A COLLAGEN ANTI-AGE,50ml",15.99,https://cdn.barbora.lt/products/f155c423-fe0d-4208-9429-23cf5ffb18e4_s.png
"Veido serumas Q+A VITAMIN C BRIGHTENING,30ml",11.99,https://cdn.barbora.lt/products/a11a5013-5480-4fae-8459-9adcdcca654a_s.png
NIVEA MEN POWER serumas,19.99,https://cdn.barbora.lt/products/16a42c61-df69-4092-b9bb-e31c3819ca00_s.png
RASA HYDRATING BODY CARE Drėkinamasis kūno kremas 200 ml,6.99,https://cdn.barbora.lt/products/a4578bf9-d922-42e3-883d-a5dd8e4f1714_s.png
RASA INTENSE BODY CARE Maitinamasis kūno kremas 200 ml,6.99,https://cdn.barbora.lt/products/293232df-34ba-4a28-a9fe-32c2266f98b8_s.png
"NIVEA CELLULAR EXPERT LIFT 3-jų zonų odą stangrinantis serumas veidui, kaklui ir dekoltė",21.99,https://cdn.barbora.lt/products/b2180a1f-21d0-4055-adf9-8fe01b52b76d_s.png
NIVEA MEN HYALURON drėkinantis akių srities kremas,14.99,https://cdn.barbora.lt/products/99832fd3-315d-4682-84af-f822d831b010_s.png
COSRX AHABHA Clarifying Treatment Toner eksfolijuojantis tonikas 150ml,20.99,https://cdn.barbora.lt/products/90d45f0a-97a4-4dcb-af24-b3c85372733d_s.png
"Drėkinamasis veido ir kūno prausiklis CERAVE HYDRATING, 236 ml",19.99,https://cdn.barbora.lt/products/07899e8a-a077-4399-8795-1d3aec5f8dc6_s.png
"Drėkinamasis veido ir kūno kremas CeraVe Moisturising Cream, 177 ml",21.49,https://cdn.barbora.lt/products/1a8743a7-eafa-484d-917f-b7a326307176_s.png
"Kreminis kūno prausiklis CERAVE HYDRATING, 236ml",20.99,https://cdn.barbora.lt/products/77965329-1943-44fb-8c51-97a02d054fec_s.png
4M Magiškas vienaragių kristalų terariumas,27.99,https://cdn.barbora.lt/products/a676584b-35d4-4e22-b2c6-33123517561e_s.png
"Plaukų kaukė GLISS 4IN1 REGENERATION, 400 ml",9.49,https://cdn.barbora.lt/products/78bbb635-207e-48c2-8976-ffa74c25e2d7_s.png
"Elektrinis dantų šepetėlis ORAL-B Pro 1, Caribbean Blue, 1 vnt.",69.99,https://cdn.barbora.lt/products/080331c6-422a-4075-adca-eb69a366e76b_s.png
NIVEA® Moisture Hyaluron šampūnas,4.49,https://cdn.barbora.lt/products/73f32069-5eba-4dbd-9866-2f8fef611011_s.png
"Raudonojo vyno taurės RCR OPERA, 230 ml, 6 vnt.",32.99,https://cdn.barbora.lt/products/5b85a7c8-f093-4c91-9a27-7721fb9f727c_s.png
"Antakių gelis MAX FACTOR 2000 CALORIE, 005, 4.5 ml",14.69,https://cdn.barbora.lt/products/5be02a2d-fb16-497f-8d6a-a385d978576a_s.png
"Makiažo pagrindas RIMMEL LASTING FINISH, 200, 30 ml",12.99,https://cdn.barbora.lt/products/1ee5ca3b-cd90-4b22-8cdb-83cd62f98d43_s.png
"Verkianti lėlė CRY BABIES (auksinė serija), 1 vnt.",19.99,https://cdn.barbora.lt/products/bd686bbb-fdfd-42af-af75-11b60ac14d33_s.png
"El. virdulys TEFAL, 1,7L,KI513D10",64.99,https://cdn.barbora.lt/products/b2bb67b8-d71f-4736-a401-c190922f2158_s.png
"Kokteilinė TEFAL,BL435831",79.99,https://cdn.barbora.lt/products/0bc41f0c-72d3-42fc-b6e7-ee059f0f21f5_s.png
Dubuo AURORA Crest Creamy 20 cm,6.49,https://cdn.barbora.lt/products/7bb70450-e311-408f-999b-5416ab62b75b_s.png
Lėkštė AURORA Crest Brown 28 cm,9.99,https://cdn.barbora.lt/products/6ae1853b-3bfb-44d2-8958-2597e3054221_s.png
Dubenėlis AURORA CREST CREAMY 15 cm,5.99,https://cdn.barbora.lt/products/dd809150-b959-4580-af8c-f791a1190ad6_s.png
Lėkštė AURORA Crest Creamy 24 cm,6.99,https://cdn.barbora.lt/products/0e105421-bbd8-4397-93bd-96159067929f_s.png
"Plaukų kondicionierius MAUI su kokosų pienu garbanotiems, 385 ml",13.99,https://cdn.barbora.lt/products/71319b00-887b-4317-bf73-6de66097a544_s.png
"Plaukų kondicionierius MAUI su kinrožių vandeniu, 385ml",13.99,https://cdn.barbora.lt/products/32b450a2-8848-4603-addf-3005bc657dcb_s.png
"Plaukų šampūnas MAUI su kinrožių vandeniu, 385ml",13.99,https://cdn.barbora.lt/products/2f98bfe8-0f8f-4318-951c-82288f3f9b48_s.png
KILIG PROBIOTICS veido serumas su niacinamidu mišriai ir riebiai odai 30 ml,14.99,https://cdn.barbora.lt/products/0cbcf06d-c42e-4e31-9115-1f9065a604d0_s.png
"Lūpų balzamas SMACKER SPIDERMAN, 4 g",6.99,https://cdn.barbora.lt/products/9be48a09-d491-44ae-afa1-93e5622e8fc5_s.png
"Vyriškas tualetinis vanduo BUGATTI DYNAMIC MOVE BLUE, 100 ml",29.99,https://cdn.barbora.lt/products/7dc43082-fd7c-4513-aead-b3be79263c96_s.png
"Moteriškas tualetinis vanduo BUGATTI ELEGANZA, 60 ml",29.99,https://cdn.barbora.lt/products/026d2d88-3d4e-41c4-be37-05503f854161_s.png
"Lūpų balzamas SMACKER COCA COLA, 4 g",6.99,https://cdn.barbora.lt/products/ab40cee6-114f-4cd4-bf17-21c9cfdc4048_s.png
"Plaukų kondicionierius FAITH IN NATURE DRAGON FRUIT, 400 ml",8.99,https://cdn.barbora.lt/products/a219c652-b01c-4865-b6b9-ba93af9e98c6_s.png
"Plaukų šampūnas FAITH IN NATURE LEVANDER&GERANIUM, 400 ml",8.99,https://cdn.barbora.lt/products/a8c98057-9d1c-4dec-bc5e-083fa63f3bd5_s.png
"Plaukų šampūnas HEAD&SHOULDERS Menthol 2in1, 250 ml",6.99,https://cdn.barbora.lt/products/4d4a3ab3-2d15-4a42-be29-07137589765c_s.png
"Plaukų purškiklis TAFT VOLUME Blow-Dry, 150 ml",6.99,https://cdn.barbora.lt/products/9c3f57f5-c3bf-450d-bb65-6380a13b314a_s.png
"Lakštinė veido kaukė PHARMA OIL LIFT ME UP, 1 vnt.",6.49,https://cdn.barbora.lt/products/15b90e79-d16a-48ec-b740-801a0df3fae4_s.png
"Lakštinė veido kaukė PHARMA OIL CHILL MODE, 1 vnt.",6.49,https://cdn.barbora.lt/products/417f5023-89a7-46f4-b9f4-db69d28b984f_s.png
Ceramide Protect kūno kremas stiprinantis odos apsauginį barjerą 400ml,12.99,https://cdn.barbora.lt/products/6277b50c-14e7-4afe-b88b-4113085d36b3_s.png
"Panthenol Comfort odą raminantis kremas veidui, kūnui ir rankoms 400ml",14.99,https://cdn.barbora.lt/products/79dc5697-2ee1-4476-9dd6-b298fcce0cbe_s.png
"Plaukų priemonė GARNIER FRUCTIS, 200 ml",8.99,https://cdn.barbora.lt/products/02c8a133-efcc-4d8a-b0f0-eda1b0e328a4_s.png
Žaid. rink. PLAY-DOH. GLOTNUČIŲ PLAKTUVĖ,17.99,https://cdn.barbora.lt/products/4eda2b35-49d1-41cc-87ad-eab8fbec10a2_s.png
"Mot. vienkartiniai skustuvai WILKINSON QUATTRO V., 3 vnt.",6.99,https://cdn.barbora.lt/products/6483682e-a550-4752-bfdf-9c3db4f586c7_s.png
" Barzdaskutė PHILIPS, S1142/00",45.99,https://cdn.barbora.lt/products/8ce71005-c2b9-4dee-8464-77e23b0e5c73_s.png
"Blakstienų tušas L'OREAL PANORAMA VOLUME , 1 vnt.",17.99,https://cdn.barbora.lt/products/15a7d4f5-2a00-405d-a0fb-2c9b8e859017_s.png
"Dieninis veido fluidas GARNIER VITAMIN C INVISIBLE SPF50+, 40 ml",16.99,https://cdn.barbora.lt/products/096fc059-602b-4574-8da2-e777fd5e0fcf_s.png
"Blakstienų tušas MAYBELLINE  PINK AIR, 1 vnt.",13.99,https://cdn.barbora.lt/products/22d11a0a-b6e9-42d2-9bfc-bc5ca984e0b0_s.png
"Akių apvadas MAYBELLINE TATTOO GEL POT, juodas, 1 vnt.",11.99,https://cdn.barbora.lt/products/305a91c9-4b6c-406d-987f-249afb9da33a_s.png
"Moteriškas purškiamasis dezodorantas REXONA ALOE VERA, 150 ml",4.99,https://cdn.barbora.lt/products/070a519c-e8f7-4470-9ae0-74c38b60057a_s.png
"Vyriškas purškiamasis dezodorantas REXONA QUANTUM DRY, 150 ml",4.99,https://cdn.barbora.lt/products/73cca2d3-09af-4444-be01-6029f677c983_s.png
Stalo žaid. DOMAS IR TOMAS. MOKYKL. DET.,29.99,https://cdn.barbora.lt/products/0c729b22-6b3c-41b7-8bd7-15237b293a00_s.png
"Purškiamasis pėdų antiperspirantas SCHOLL FRESH STEP, 150 ml",7.39,https://cdn.barbora.lt/products/e6268541-7565-4da8-b429-3f23e6d42f05_s.png
"Priemonė L'OREAL LUMI, Nr. 903, 40 ml",14.99,https://cdn.barbora.lt/products/7192028b-68b2-4fdf-b59f-1082a1038165_s.png
"Akių pieštukas MAYBELLINE, Nr. 40, 1 vnt.",4.99,https://cdn.barbora.lt/products/7df7bbb2-d3c1-46fd-87df-8b0c9f25ca13_s.png
"Blakstienų tušas L'OREAL LASH, juodas, 1 vnt.",16.59,https://cdn.barbora.lt/products/ede337bd-0dd8-4a50-a52a-90b4a890c323_s.png
"Blakstienų tušas L'OREAL EYE, juodas, 1 vnt.",16.59,https://cdn.barbora.lt/products/fed9535b-1ef3-4fe6-a4dc-3150e3331557_s.png
"WOW GENERATION nagų lakai, spalvotas ir blizgus",7.99,https://cdn.barbora.lt/products/65a85369-4ea4-4a51-a7bd-6d8a9a16733c_s.png
"Veido serumas NIVEA, 30 ml",23.49,https://cdn.barbora.lt/products/d565148a-1351-4a8d-b523-d32741f7969d_s.png
"Garnier Color Naturals 5.34, auksinio atspalvio kaštoninė ruda. ",4.99,https://cdn.barbora.lt/products/5fd117d2-0fb8-4a31-8397-a4a8ec00378e_s.png
"Veido serumas NEUTROGENA HYDRO BOOST, 30 ml",21.99,https://cdn.barbora.lt/products/896594de-9087-460b-b751-de100dc3fe03_s.png
"Dieninis veido kremas NIVEA Q10 SPF30, 50 ml",19.99,https://cdn.barbora.lt/products/dd24d457-6b00-43e0-b041-90540f8b51fa_s.png
"Dvifazis micelinis vanduo GARNIER SKIN NATURALS su aliejais, 100 ml",4.39,https://cdn.barbora.lt/products/1dbf8245-e80b-4811-9e26-1a41d4f535a4_s.png
L'Oreal Paris  serumas-prausiklis 150 ml,11.79,https://cdn.barbora.lt/products/70ea9ae3-7609-485f-9638-cc6dc2cce140_s.png
"NIVEA REPAIR & CARE KREMAS VEIDUI, KŪNUI IR RANKOMS.12% GLICERINO IR VITAMINAS E.",14.99,https://cdn.barbora.lt/products/b4e6d604-b888-4c2a-bae3-7a4defe41b22_s.png
"Pliušinis žaislas Palm Pals AURORA, 1 vnt.	",7.99,https://cdn.barbora.lt/products/b4f28073-7e67-4654-9d98-1a30506b5abc_s.png
Gilus Dubenėlis AURORA Luz 20 cm,5.99,https://cdn.barbora.lt/products/39574b52-098d-41b8-9917-742c32c54af2_s.png
"Lėkštė AURORA WHITE 14 cm, stačiakampė",2.99,https://cdn.barbora.lt/products/b8c8f480-d907-42a7-8734-809f2def4320_s.png
"Lėkštė AURORA WHITE 29 cm, stačiakampė",9.99,https://cdn.barbora.lt/products/21013e84-3433-49ee-86bd-2ffd5893d049_s.png
Lėkštė AURORA Stone White 15 cm,3.99,https://cdn.barbora.lt/products/bde0e74a-b321-409d-b725-113bfa4c3c64_s.png
Dvigubo stiklo stiklinė AURORA STARS 350ml,11.59,https://cdn.barbora.lt/products/b01ac1d0-d55f-4a0b-ab25-230ed3435b15_s.png
Pliušinis žaislas FOXTER,29.99,https://cdn.barbora.lt/products/b4869102-3b12-48fa-8832-899e1d908ed2_s.png
"Garnier Olia 7.13, smėlio tamsi blondinė. ",9.49,https://cdn.barbora.lt/products/64f59619-0e30-4bbf-a958-f2cd7ebc7853_s.png
"Plaukų dažai GARNIER OLIA, Nr. 110, 1 vnt.",9.49,https://cdn.barbora.lt/products/6c36bc9b-882f-4b6c-a51f-ef442113ab80_s.png
"Plaukų dažai GARNIER OLIA, Nr. 4.15, 1 vnt.",9.49,https://cdn.barbora.lt/products/0181aec0-a4d3-407c-8797-70df9cdf3b3b_s.png
"Garnier Olia 5.15, šalta ruda. ",9.49,https://cdn.barbora.lt/products/f44fc817-85f9-4474-9a13-99f3160fbf06_s.png
"Plaukų dažai GARNIER OLIA, Nr. 8.0, 1 vnt.",9.49,https://cdn.barbora.lt/products/6b457d1b-5414-4dd9-8ac0-2d62f5ebb27f_s.png
"Plaukų dažai GARNIER OLIA, Nr. 10.0, 1 vnt.",9.49,https://cdn.barbora.lt/products/a62b563c-c5fd-4ff9-8e96-c6c9eb930c90_s.png
"Vaik.muilas UTI PUTI su gysločio ekstraktu, 75 g",0.65,https://cdn.barbora.lt/products/6a3ed12b-4bee-4a68-ae25-a75c2769b234_s.png
"Dušo gelis ir šampūnas su kondic. PAW PATROL CHASE 3IN1, 400 ml",7.99,https://cdn.barbora.lt/products/4951cd4c-116a-40cf-97e0-227d496d7f26_s.png
"Kūdikių vienkartiniai paklotai CANPOL BABIES, 60 x 60 cm, 1 vnt.",8.99,https://cdn.barbora.lt/products/d4724307-6ddf-4d62-98f9-9d8298630c6f_s.png
Dekoracijų krep. sidabriniu kaspinu,6.99,https://cdn.barbora.lt/products/34923966-9449-4966-8435-43dc05e04fc0_s.png
Dekoracijų krepšelis,5.99,https://cdn.barbora.lt/products/5b5de52c-0c73-409b-b8a4-b44b6a63808e_s.png
"Plaukų modeliavimo gelis GOT2B Ultra Glued, 150 ml",10.49,https://cdn.barbora.lt/products/76e692ba-ee2e-4386-a610-5f5501ebd773_s.png
"Purškiamas kondicionierius GLISS Blonde Hair Perfector, 200ml",10.49,https://cdn.barbora.lt/products/5dbf7497-ccba-41e2-9c16-7c726383c3fc_s.png
"LOREAL PARIS SERUMAS, 30ML",11.69,https://cdn.barbora.lt/products/e94f12dd-5434-45a4-8fa0-2fdd0a84f689_s.png
"Plaukų kondicionierius PANTENE Infinitely Long Active Nutri-Plex, 275 ml",6.89,https://cdn.barbora.lt/products/76388bfa-d302-4b27-a620-f3bdf55e95be_s.png
"Intensyvus plaukų kondicionierius PANTENE Infinitely Long, 3 minutes miracles, 220 ml",7.19,https://cdn.barbora.lt/products/6f2f8b8b-c81b-4be5-9f18-5f86fb91a6ea_s.png
"„Monster High“ lėlė, muzikos festivalio serija",57.99,https://cdn.barbora.lt/products/e3516531-c0b0-4ecc-bd08-142ba1e3712e_s.png
"Plaukų šampūnas MAUI su bambuko pluoštu, 385ml",13.99,https://cdn.barbora.lt/products/161fc86c-0817-4cc5-8949-a70a035feca2_s.png
Skustuvas GILLETTE MACH3 Charcoal +6 galvutės,19.59,https://cdn.barbora.lt/products/c317e199-4b1d-455f-935f-f4ba034f3e5a_s.png
"Kokteilių taurės RCR MELODIA 650ml,6vnt.",49.99,https://cdn.barbora.lt/products/a905964d-f08e-4f1f-a57c-89db406b4e37_s.png
HAS BEY Kovos rinkinys „Beyblade X Xtreme“,64.99,https://cdn.barbora.lt/products/f84b9226-21b8-4de6-ab72-32887b82388a_s.png
HAS PD Rinkinys „Vaivorykštės ledai“,32.99,https://cdn.barbora.lt/products/666251cd-eeb9-48c1-8473-b5707ecebf1e_s.png
"BABY BORN Lėlytė Emma, 43 cm",69.99,https://cdn.barbora.lt/products/8d88fac3-7792-479b-a591-0b2adc801ace_s.png
"Žaislinių kulkų papildymas NERF, 20 vnt., 20 vnt.",6.99,https://cdn.barbora.lt/products/49910892-419a-4050-8189-7995b2b2ce64_s.png
"Žais. šautuvas N SERIES FLEX NERF, F8623",6.99,https://cdn.barbora.lt/products/ffc3dd92-b331-44f6-9dd0-68524f03e988_s.png
"TAC Žaidimas „Lažinkimės? Aukso puodas“, LT",29.99,https://cdn.barbora.lt/products/254fac9d-4901-49ef-afc0-843e0b401cad_s.png
"TAC Žaidimas „Skaityk mano mintis“, LT",25.99,https://cdn.barbora.lt/products/63925358-135c-46af-888f-969ab162ef2b_s.png
"Žaidimas Lemon Squeaky TACTIC, 60439, 1 vnt.",27.99,https://cdn.barbora.lt/products/c234c419-afe9-4732-911d-b5370d3c2af5_s.png
"Žaislinis rinkinys HEXBOTS NANO LAND, 1 vnt.",34.99,https://cdn.barbora.lt/products/97e8e3cf-0897-4041-a020-a203f315c9f5_s.png
"Taurės AURORA ROSE, 4 vnt., 4 vnt.",19.99,https://cdn.barbora.lt/products/1211c152-ea10-408a-a058-d36d492ba939_s.png
Paakių kremas Q+A su vitaminu C;15ml,10.99,https://cdn.barbora.lt/products/19f68f1d-3f21-4e4b-a286-1f877be602b8_s.png
"Antakių formavimo peiliukai WILKINSON SWORD INTUITION, 3 vnt",6.09,https://cdn.barbora.lt/products/36dab130-d34e-4542-a3d0-d562c0f9e274_s.png
Šaukšteliai UNIWELL Baguette 4 vnt.,5.99,https://cdn.barbora.lt/products/09ac6348-a145-4d7a-8b23-a8d8f7679dc0_s.png
Espresso šaukšt. UNIWELL Rotondo 4 vnt.,5.99,https://cdn.barbora.lt/products/f3724ee5-b705-4fb0-8cc5-b35569ceb048_s.png
Stalo įrankiai UNIWELL Rotondo 16 vnt.,39.99,https://cdn.barbora.lt/products/121b86a5-077e-472b-997d-4c8c6b3295c6_s.png
Ilgi šaukšteliai UNIWELL Rotondo 4 vnt.,5.99,https://cdn.barbora.lt/products/a09d72e0-348c-4ebf-afec-cddb1af174b3_s.png
Šakutės UNIWELL Bordeaux 4 vnt.,9.99,https://cdn.barbora.lt/products/df95b50e-8cf7-4868-acca-5e688ad5745a_s.png
Stalo įrankiai UNIWELL Sala 16 vnt.,49.99,https://cdn.barbora.lt/products/785efc8d-03e6-4c26-9021-8b23b4a4fbe5_s.png
"Kalėdinė girlianda, 50x20 cm, skirtingi dizainai",1.29,https://cdn.barbora.lt/products/8e3a3d49-002e-4413-bd51-6fcb975eed01_s.png
"Nivea kremas veidui, kūnui, rankoms",14.99,https://cdn.barbora.lt/products/4fb4f2ab-1896-4f28-86c9-28341b906246_s.png
"Maybelline New York Lifter lūpų pieštukas, 007 Big Lift",8.99,https://cdn.barbora.lt/products/b66a8d19-563a-454b-8d12-4c49a20a1e84_s.png
"Maybelline New York Lifter lūpų pieštukas, 005 On it",8.99,https://cdn.barbora.lt/products/bcec9d8a-f9c9-43c9-bd35-2f35d4d176e0_s.png
Puodelis AURORA Tan 470 ml,7.99,https://cdn.barbora.lt/products/7374cdb8-c612-42cc-b816-7df210373bf7_s.png
ODA PRO Daugiafunkcinis prausiklis su azelaino rūgštimi ,23.95,https://cdn.barbora.lt/products/ee1ad19d-d33c-490b-a2d0-874d0f9dad57_s.png
DRĖKINAMASIS VEIDO KREMAS NUO SAULĖS SPF30 IR MĖLYNOSIOS ŠVIESOS,30.95,https://cdn.barbora.lt/products/7b0217cb-56d7-4709-afb5-1fb3fb9e9e7e_s.png
"Birių produktų indas UNIWELL ACACIA 1,3L",7.99,https://cdn.barbora.lt/products/c1a37919-33b6-4aa0-a113-1bb962b65150_s.png
Lėkštė AURORA Zout Grey 25 cm,7.99,https://cdn.barbora.lt/products/137e5d48-5565-4c0a-80a5-58aa248b74d2_s.png
Mėsos pasta šunims su antiena WANPY 90 g,1.99,https://cdn.barbora.lt/products/56821695-5d07-4e2d-b891-876e759f90c0_s.png
"Kačių kraiko dezodorantas, riešutų ir šokolado kvapo",4.99,https://cdn.barbora.lt/products/1fa6c36d-2743-4462-9bc5-d330eaf4f4a2_s.png
„Minecraft“ mini figūrėlės,2.99,https://cdn.barbora.lt/products/2f08d81f-c6af-42f5-a2bd-e0e144a4c9d8_s.png
"Vaikiškos dušo putos O'LYSEE, obuolių ir kriaušių kvapo, 250 ml",9.89,https://cdn.barbora.lt/products/7be6cdf0-c1a5-4559-a39b-952895763ae6_s.png
Rankinis smulkintuvas TEFAL,82.99,https://cdn.barbora.lt/products/78eed791-e5c6-44b9-b872-9dfa9ceb4d95_s.png
"MUNCHKIN vonios žaislų rinkinys, gyvūnai, 9 mėn+,  8 vnt, 012543",19.99,https://cdn.barbora.lt/products/467607c7-bf4b-4fd0-8cd3-a2dd6b175422_s.png
"O'LYSEE dušo putos LA DELICATESSE, 200 ml",9.99,https://cdn.barbora.lt/products/7b1246dc-c3fa-453f-9cf5-0065e31578f7_s.png
NIVEA Dušo želė vyrams TOTAL RELAX 250ml,4.19,https://cdn.barbora.lt/products/57a7793c-fb3c-49da-b785-c06202a2d118_s.png
ELSEVE  balzamas 200ml,5.39,https://cdn.barbora.lt/products/44b57070-c304-4e77-b6f1-d0e88322e558_s.png
Dubenėlis AURORA BELLA 12 cm,4.99,https://cdn.barbora.lt/products/9184af37-bdd2-4bf6-abb4-2912fcd4bab1_s.png
Dubenėlis AURORA WAVES 22 cm,10.99,https://cdn.barbora.lt/products/e97290d9-7c63-4273-ab63-b190e62f8126_s.png
ELSEVE  šampūnas 250ml,5.39,https://cdn.barbora.lt/products/36cb3251-bc7f-4a56-9da4-fb5810fc04b7_s.png
ELSEVE PURPLE kaukė 150ml,9.65,https://cdn.barbora.lt/products/9a31f38f-3efe-46b8-a0c2-4fbb3951b6a0_s.png
ELSEVE PURPLE šampūnas200ml,8.29,https://cdn.barbora.lt/products/6435adcd-47b8-488d-8348-d5173a74a14e_s.png
"ELSEVE Arganine Resist kaukė, 300ml",7.39,https://cdn.barbora.lt/products/ff0f56b2-aca7-4cfb-a12f-a7ad8017c4ff_s.png
"ELSEVE  plaukų purškiklis, 150ml",11.99,https://cdn.barbora.lt/products/52cfe0b6-cb08-4853-b92d-ade54a20abad_s.png
NIVEA CELLULAR EXPERT FILLER dieninis kremas,21.49,https://cdn.barbora.lt/products/cf3ea33e-bb4e-418c-8ed9-5ecd8da0dc3c_s.png
NIVEA CELLULAR EXPERT FILLER SPINDESĮ SKATINANTIS serumas su vitaminu C,21.49,https://cdn.barbora.lt/products/bfce2d6f-9fa3-4277-b0e8-d711b576df35_s.png
"Šunų žaislas LOVETT Strong, NEWU139S",9.99,https://cdn.barbora.lt/products/b56f0144-6651-4b10-86b8-ee74d7b909e9_s.png
"L'Oreal Paris Casting Creme Gloss pusiau ilgalaikiai plaukų dažai be amoniako, 780",10.59,https://cdn.barbora.lt/products/5ee7995f-7ef1-4fe7-93e2-4631b9a30159_s.png
"Galvos odos serumas GLISS Scalp&Root Activator, 100ml",11.99,https://cdn.barbora.lt/products/23b5ad47-c0ba-4f88-ba7e-9d3abcf3b4f9_s.png
"L'Oreal Paris Casting Creme Gloss pusiau ilgalaikiai plaukų dažai be amoniako, 360",10.59,https://cdn.barbora.lt/products/9b2ab735-9dab-47b3-8016-4006c8f4a895_s.png
Lakštinė veido kaukė SKIN PLANET GINSENG NOUR,1.99,https://cdn.barbora.lt/products/09b61f18-7fe8-4526-96d4-8db81e904f2d_s.png
"Pieštukinis antiperspirantas OLD SPICE Sport Power, 50ml",6.59,https://cdn.barbora.lt/products/320a4f0e-2eb6-4338-bf42-2b9bb3a7d49f_s.png
"Pieštukinis antiperspirantas OLD SPICE Power Start, 50ml",6.59,https://cdn.barbora.lt/products/f2361b16-6bae-4599-99fe-ab4f8135c0e4_s.png
HAS PD Rinkinys „Fotoaparatas“,19.99,https://cdn.barbora.lt/products/ebeb59fa-a540-4ab9-af07-ade44ca16052_s.png
APHMAU Paslaptingas pliušinis „MeeMeow“ kačiukas,22.99,https://cdn.barbora.lt/products/14614c60-f932-4171-9f69-a88fa5120358_s.png
"Plaukų dažai SYOSS COLOR 6-46 Šaltas tamsiai šviesus, 1vnt.",8.99,https://cdn.barbora.lt/products/26ec1e49-bbe4-43f8-aa91-df7ee735189c_s.png
"Vyr. sisteminio skustuvo galvutės GILLETTE SENSOR3+ COMFORT, 8 vnt.",7.99,https://cdn.barbora.lt/products/278d8733-59ca-4a38-b0d2-01a6bdefca06_s.png
"Maybelline New York Teddy Tint lūpų dažai, 40 Petalcore",15.99,https://cdn.barbora.lt/products/636db03d-501e-4680-9d83-cac9aae8624e_s.png
"Elektrinis dantų šepetėlis ORAL-B IO 2 NIGHT BLACK, 1 vnt.",104.99,https://cdn.barbora.lt/products/7cf28a17-e854-49c9-bea1-6569bc31b3ed_s.png
"Maybelline NewYork Lash Sensational blakstienų tušas, Electro Black",16.39,https://cdn.barbora.lt/products/855bc66a-9cda-4aed-b953-cff328b3f3aa_s.png
"Maybelline New York Teddy Tint lūpų dažai, 30 Coquettish",15.99,https://cdn.barbora.lt/products/be7c6d96-4a13-4572-aa3e-040a07fecc04_s.png
"Veido prausimosi putos NEUTROGENA CURCUMA CLEAR, 150 ml",8.99,https://cdn.barbora.lt/products/90015d34-a9aa-4556-b4fd-2a1c7eeb656e_s.png
"Vyriškas parfumuotas vanduo PARIS BLEU MYSTIC BLUE, 100 ml",17.99,https://cdn.barbora.lt/products/469aed80-be93-4bd0-bfbe-ff36ab720cff_s.png
"Plaukų šampūnas PANTENE Smooth&Silky Active Nutri-Plex, 400 ml",6.99,https://cdn.barbora.lt/products/54ffd1cd-bcb0-45cd-b440-ccc95a34ef7e_s.png
"Purškiamas antiperspirantas OLD SPICE Night Power, 150ml

",6.59,https://cdn.barbora.lt/products/2146bf6e-184a-49e0-88ce-1b97d36d4ecb_s.png
"MARTINELIA kūno dulksna Unicorn, 210 ml",6.49,https://cdn.barbora.lt/products/eab9a9a3-fbe7-45a4-a43e-7d878e676db4_s.png
"Kondicionierius DIVUS, dažytiems plaukams, 250ml",2.19,https://cdn.barbora.lt/products/94ec4be4-bd18-4515-a092-a4451eb1ca09_s.png
„Minecraft“ mini siurprizų rinkinys,16.99,https://cdn.barbora.lt/products/469fbb88-4615-48f7-94d1-609868eb4464_s.png
"Keptuvė FISKARS, 24cm",49.99,https://cdn.barbora.lt/products/e027c564-d6fb-469b-87e8-a6abd154d801_s.png
„Polly Pocket“ ežiuko žaidimų rinkinys,34.89,https://cdn.barbora.lt/products/5631d2e5-18b1-4b16-9300-c0c80d914b5e_s.png
MIRACULOUS lėlė Shadybug (TV Special ),29.99,https://cdn.barbora.lt/products/371bc3f0-a689-4382-8d8f-5816b2f06e31_s.png
Dubenėlis AURORA CONRAN WHITE 15 cm,2.99,https://cdn.barbora.lt/products/3a6173ab-7d89-4766-ac28-3bbe62f29eb9_s.png
"Maybelline New York Lifter Gloss, 026 Honey",11.49,https://cdn.barbora.lt/products/b56474e3-294a-461c-aad7-3780fbf3a2f9_s.png
"Keptuvė 24cm, UNIWELL",19.99,https://cdn.barbora.lt/products/62bbf755-7c91-41a3-904b-7ca26bc1172a_s.png
"Prikaistuvis su dangčiu 18cm, UNIWELL",22.99,https://cdn.barbora.lt/products/84f52eef-b9e3-4897-b72e-d5a4151e62f2_s.png
"L'Oreal Paris Big Deal blakstienų tušas, atsparus vandeniui",17.99,https://cdn.barbora.lt/products/a412df23-2a67-465b-8701-c08f15c35501_s.png
ECODENTA juoda dantų pasta su vulkano mineralais 100ml ,5.09,https://cdn.barbora.lt/products/c9461ef5-c1b2-459a-8370-4dfd0e4e97d1_s.png
L'Oreal Paris Infaillible Grip automatin. akių pieštuk BronzedEspresso,12.59,https://cdn.barbora.lt/products/c5202b5d-51c6-473f-88c3-96f814a3032a_s.png
"MARGARITA ANTI AGE stangrinamasis veido serumas, 30 ml",8.49,https://cdn.barbora.lt/products/e08ec9d8-6f72-4a1d-b8c9-13cbb855b70a_s.png
L'Oreal Paris Infaillible Grip automatinis akių pieštuk VelvetBordeaux,12.59,https://cdn.barbora.lt/products/1fcf5582-5049-4a60-b228-c726fcc64202_s.png
"Vyriškas purškiamas dezodorantas REXONA INVISIBLE ON BLACK+WHITE, 200 ml",5.99,https://cdn.barbora.lt/products/d70c767f-db4c-424a-9a3c-2d814156e2db_s.png
Pūkų rinkiklis XIAOMI BHR8637EU,21.99,https://cdn.barbora.lt/products/a5c62712-6dd3-4ea5-9ec4-2f4c4603a96a_s.png
"Traški duonelė su alyvuogių aliejumi ir rozmarinais CHERCHI, 100 g",4.99,https://cdn.barbora.lt/products/897a58d8-cfd7-495a-b0f8-f178d4a29f49_s.png
"Traški duonelė su alyvuogių aliejumi CHERCHI, 100 g",4.99,https://cdn.barbora.lt/products/833a85cf-7c38-458b-be2b-00624d9f8e4c_s.png
"Maybelline New York Lifter Glaze, 002 Pink Drip",10.99,https://cdn.barbora.lt/products/56fb5032-bcd8-4b84-ab25-4a3a1b8ee22d_s.png
"Vyno taurės RONA Arte 440 ml, 2 pcs",15.99,https://cdn.barbora.lt/products/34ec4048-6972-4dcf-ad26-b7ede2bb75d9_s.png
"Šampano taurės RONA Arte 290 ml, 2 pcs",16.99,https://cdn.barbora.lt/products/8c87ddbf-3b71-4269-b822-2bad7bc68666_s.png
"Stiklinės RONA Diamond 380 ml, 4 pcs",49.99,https://cdn.barbora.lt/products/38969849-a871-4268-8546-e169d8be68e1_s.png
GREEN FEEL'S sausų plaukų kondicionierius 250ml,3.29,https://cdn.barbora.lt/products/3929efe3-35bf-4dd8-ab58-7935a6e24c7b_s.png
"BAMBO vaikų prausimosi aliejus, bekvapis 150ml",14.99,https://cdn.barbora.lt/products/f463f0e7-989e-4fe5-a9b9-247e773e9217_s.png
"L'Oréal Paris Men Expert Pure Carbon Total Cleandušo želės, 400 ml",6.99,https://cdn.barbora.lt/products/487a0425-60de-4def-b14d-2cbea59a374f_s.png
"L'Oréal Paris Men Expert Hydra Hyaluronic dušo želės, 400 ml",6.99,https://cdn.barbora.lt/products/353afff8-4c26-4cc4-a653-d31eab5924a1_s.png
"GARNIER HYALURON BARRIER REPAIR LIQUID CARE drėkinamoji veido esencija, 120 ml",8.99,https://cdn.barbora.lt/products/fc001681-89dc-40cf-bd1c-d50aba8b646b_s.png
"MIXA, NIACINAMIDE BRIGHT skaistinantis kūno losjonas, 250ml.",8.59,https://cdn.barbora.lt/products/d15681cb-c60d-44a0-9ca9-96a0d3cec57f_s.png
"Odą skaistinanti dulksna nuo saulės SPF 50+ Vitaminas C, 75 ml",11.99,https://cdn.barbora.lt/products/984e2faf-c6fe-49d6-b8b1-24da2b457385_s.png
"MIXA, NIACINAMIDE BRIGHT aliejus su omega 6 ir 9, 100ml. ",14.99,https://cdn.barbora.lt/products/f9f255a4-8790-4dc0-ad2b-84155afa3074_s.png
"Odą skaistinanti esencija veidui su Vitaminu C, 120 ml",8.99,https://cdn.barbora.lt/products/7d97f341-dbe7-4358-bb1b-0d87c2cda7fb_s.png
"MIXA, NIACINAMIDE BRIGHT odą skaistinantis veido, kūno ir rankų kremas, 400ml.",14.99,https://cdn.barbora.lt/products/41db9afe-8c76-4fe7-b61c-7d70d4d5864b_s.png
"HAS PD Rinkinys „Maisto produktai“, asort.",17.99,https://cdn.barbora.lt/products/c40b1497-8abd-4078-a014-c8113334487a_s.png
"HAS MON Žaidimas „Monopolis: mobilioji bankininkystė“, LIT",59.99,https://cdn.barbora.lt/products/c132aad1-157d-48a9-aad5-b484b154be2c_s.png
"HAS TRA CYBERWORLD Šarvuota figūrėlė CYBER CHANGES, 10 cm, asort.",17.99,https://cdn.barbora.lt/products/8bba8068-a483-436c-9b89-120a42e5f123_s.png
"HAS FUR  Interaktyvus didžėjus Furblets, asort.",18.99,https://cdn.barbora.lt/products/77977bfa-b463-42cf-b8b2-c2941fade4f5_s.png
"SLIMY Gleivės SUPER BUTTERY, 150 g",9.99,https://cdn.barbora.lt/products/7612e24b-6011-4ef7-a495-4ff1b6113657_s.png
Dantų šepetėlis COLGATE TOTAL BLACK SOFT,6.29,https://cdn.barbora.lt/products/e69781ef-dcfd-4c38-b352-f376864ecf97_s.png
"Garnier Color Naturals plaukų dažai, 101+ ledinė platininė blondinė",4.99,https://cdn.barbora.lt/products/af29d9b8-33db-4717-a95e-bcbdd75b1b7c_s.png
"Dantų pasta BLANX WHITE SHOCK, 75 ml",9.79,https://cdn.barbora.lt/products/9e1353cc-a6d3-48ce-ba05-b31c990f7c3e_s.png
Šampūnas ir dušo želė vaikams Bubchen Squirtle 230 ml,3.09,https://cdn.barbora.lt/products/c1461abf-d69f-4335-b381-446a51114776_s.png
"PAW PATROL žaidimų rinkinys Lookout Playset, 6060007",69.99,https://cdn.barbora.lt/products/5c8b5ef8-67c5-4361-b38a-8c805d3623e2_s.png
"Padažas su česnakais SANTA MARIA, 250 ml",4.19,https://cdn.barbora.lt/products/51beb194-163b-4f36-89fe-221becf2da1e_s.png
"GDH Rinkinys „Balkonas“, asort.",21.99,https://cdn.barbora.lt/products/1f4e19cf-909c-41ad-a017-20a3c459342e_s.png
GDH Figūrėlių rinkinys,35.99,https://cdn.barbora.lt/products/ab1381eb-a250-4e55-a452-cff927c57eb3_s.png
"Dėlionė Mini Huzzle, 1 vnt.",6.99,https://cdn.barbora.lt/products/0b46f8e9-44a2-42f1-a3ae-b3076b9679ed_s.png
Dekoratyvinė pagalvėlė 45 x 45cm,11.99,https://cdn.barbora.lt/products/722a9f62-a707-416e-bbf2-75074c06c246_s.png
"RUBBLE & CREW statybinė transporto priemonė Mega Powder Crane, 6073295",25.99,https://cdn.barbora.lt/products/0e30e025-3458-477a-8448-9a0ca661d5e4_s.png
"HAPPY YAPPERS interaktyvus pliušinis paukštis Tukanas, 9591",29.99,https://cdn.barbora.lt/products/d7a1bc96-689d-4a8c-a80b-841ac1c36839_s.png
"RAINBOCORNS pliušinis žaislas su aksesuarais Mamacorn, asort., 92121",59.99,https://cdn.barbora.lt/products/0dee61e1-f717-49cd-a05c-9708c0e22d77_s.png
"PAW PATROL transporto priemonė Fire Rescue Chase, 6072641",21.99,https://cdn.barbora.lt/products/b3f891f1-e687-4d33-9cd4-e97e5dd8f675_s.png
"RAINBOCORNS pliušinis žaislas su aksesuarais Axolotcorn, asort., 92120",26.49,https://cdn.barbora.lt/products/17e31d34-8b67-44c8-9d12-9c99dcc38e3d_s.png
"RAINBOCORNS pliušinis žaislas su aksesuarais Eggzania, asort., 92119",34.99,https://cdn.barbora.lt/products/6e389db5-c7b2-42eb-a11d-171184cafea9_s.png
"SPONGEBOB pliušinis žaislas, skirtingi dizainai, 73120",8.99,https://cdn.barbora.lt/products/eee95390-0752-4789-9097-6121d8f0fbc6_s.png
"JOHN DEERE mini krutuvas Build a Buddy, 47608",18.99,https://cdn.barbora.lt/products/27c9c7cc-29f9-45e2-b916-858e7edbb29f_s.png
NIVEA Restore rutulinis dezodorantas moterims 50 ml,4.79,https://cdn.barbora.lt/products/68988123-67e7-4fb2-a814-6f95145dd5c1_s.png
"Pledas 140x200cm, 2 salvos",12.99,https://cdn.barbora.lt/products/81248c2d-92d9-4b99-aca4-73b9eff80d8d_s.png
"Dekoratyvinė pagalvėlė, 45x45cm, šviesi",9.99,https://cdn.barbora.lt/products/93ec989d-27e9-476a-a057-6a959970c07f_s.png
"Staltiesė 130x180cm, 2 dizainai",12.29,https://cdn.barbora.lt/products/7b71a6c1-64b2-49aa-8253-70d79afe9cd3_s.png
"Staltiesė 130x180cm, 2 dizainai",12.29,https://cdn.barbora.lt/products/abeec766-ac56-446d-8047-b2d573526400_s.png
"Staltiesė 148x250cm, 3 spalvos",17.99,https://cdn.barbora.lt/products/52f5210b-74c5-46f8-918c-033205136bba_s.png
"Staltiesė 148x250cm, 2 spalvos",16.99,https://cdn.barbora.lt/products/e405adce-2098-4565-bcbd-9412431395f0_s.png
Šviečianti dekoracija ELEMENTS SENSE 50 cm,15.99,https://cdn.barbora.lt/products/6d9c7add-a1a5-4eb7-8385-58235f7795cb_s.png
"Puodelis ILAJA WINTER MOOD, 520 ml",5.99,https://cdn.barbora.lt/products/6324e680-da0e-4176-bf5c-fd378923f046_s.png
"Dirbtinė eglutė su LED, 38cm",13.99,https://cdn.barbora.lt/products/4cf4df37-633b-4de4-ba2c-33c87279170b_s.png
"Maybelline New York Fit Me BB kremas, 10, 30 ml",8.99,https://cdn.barbora.lt/products/8da6637a-9775-4815-b764-a72e7eb2633f_s.png
"Maybelline New York Lifter Stix kreminė kontūravimo priemonė, 55",12.99,https://cdn.barbora.lt/products/47930bc4-ee9c-44ff-b453-5d1291a891a8_s.png
"Pledas, 130x180+10cm",29.99,https://cdn.barbora.lt/products/254b40a2-9016-4db7-88a8-5b29fae436b1_s.png
"Kvadratinė lėkštė AURORA VINTAGE CHRISTMAS, 30 cm, 1 vnt.",29.99,https://cdn.barbora.lt/products/76bf3a12-84cf-4b83-b605-8dedc6d04888_s.png
Lėkštė AURORA Adora White 15 cm,4.99,https://cdn.barbora.lt/products/9d66f8ae-edeb-4a17-b775-db9dd92e6515_s.png
"Stiklinis Kalėdų eglutės žaisliukas 5x12cm,2dizainai",1.99,https://cdn.barbora.lt/products/95fbfeb4-595c-4632-8cf8-14263f6a3a80_s.png
"Plastikiniai Kalėdų eglutės žaisliukai 6vnt, 3 spalvos, 6cm",1.99,https://cdn.barbora.lt/products/8bd006e3-4b4e-4865-b914-79b3321a33ed_s.png
"Plastikiniai Kalėdų eglutės žaisliukai 4vnt,2sp,8cm",3.99,https://cdn.barbora.lt/products/c5c695ae-1737-420c-897d-822c575a260c_s.png
Dubenėlis AURORA Adora White 11 cm,4.99,https://cdn.barbora.lt/products/f59a4847-5ed9-4f26-9a19-71598e577cd3_s.png
"Lėkštė AURORA ROYAL CLEAR, 21 cm",6.99,https://cdn.barbora.lt/products/f20c88bf-f83e-43ea-88e7-640a0cfa366c_s.png
"Kepimo įrankių rinkinys 4vnt, ILAJA",11.79,https://cdn.barbora.lt/products/fb4870ec-b126-485c-bebd-727de5c497e8_s.png
"Stiklinis Kalėdų eglutės žaisliukas, 3 dizainai, 8cm 6*13cm",1.99,https://cdn.barbora.lt/products/41541963-e98c-43d8-9cc4-a6afb7fe188d_s.png
Dubuo AURORA ROYAL GOLD 20 cm,8.99,https://cdn.barbora.lt/products/64d7afe5-eb98-4f42-8250-77125d5585b4_s.png
"Dubenėlis AURORA ROYAL GOLD, 13 cm",5.99,https://cdn.barbora.lt/products/6ad6d8a8-4d3b-4225-affe-ba3d7a705231_s.png
"Lėkštė AURORA ROYAL GOLD, 27 cm",7.99,https://cdn.barbora.lt/products/687c25ad-7e43-4dcb-9789-1d020fc5bbd6_s.png
Dubenėlis AURORA Fusion 10 cm,5.99,https://cdn.barbora.lt/products/a812c8c2-f68a-48f3-9a51-c0b5dbc54173_s.png
"Šviečianti LED dekoracija, 11x11x20,5cm",10.99,https://cdn.barbora.lt/products/a2e0fb91-e4d4-4acb-a94e-f740e7c95360_s.png
"Skystas muilas DIVUS Migdolai, 500 ml",1.99,https://cdn.barbora.lt/products/4d32801a-7f09-448b-9dad-1482da3f78a2_s.png
"Šakelė-dekoracija ELEMENTS SENSE, 73cm",4.99,https://cdn.barbora.lt/products/45c217ae-203f-447b-b28a-a7b312b2f06a_s.png
"Ovali lėkštė AURORA SUBTILE CHRISTMAS, 23 cm, 1 vnt.",6.99,https://cdn.barbora.lt/products/e3965a65-fca3-4bd2-831f-48cdc4fbeac8_s.png
Dubenėlis AURORA SUBTILE CHRISTMAS 15 cm,5.99,https://cdn.barbora.lt/products/abd56162-6adf-46a4-ba0a-0f3fa8b98b3a_s.png
"Keksiukų gaminimo rinkinys 8 vnt, ILAJA",6.99,https://cdn.barbora.lt/products/1c83f932-0e5f-41c2-a3df-4fe50cc80efc_s.png
"Ovali lėkštė AURORA OPAL, 30x15cm",14.99,https://cdn.barbora.lt/products/539bd872-0ef9-4ad7-8a6d-b8bfed63ae2f_s.png
"Šakelė-dekoracija ELEMENTS SENSE, 2spalvos, sidabrinė, balta",3.99,https://cdn.barbora.lt/products/a7f664fe-2c7e-4c3e-acff-9db38e615443_s.png
"Šakelė-dekoracija ELEMENTS SENSE, 2 spalvos, žalia, auksinė",1.99,https://cdn.barbora.lt/products/0f351341-6996-4ded-8b9a-6d4004deb98e_s.png
"Apvali kepimo forma UNIWELL, 30 cm",8.99,https://cdn.barbora.lt/products/53dba8f5-8840-408f-bb60-82cc4b932bd8_s.png
Indeliai su dangteliais 3 vnt. ILAJA,7.29,https://cdn.barbora.lt/products/1ae0bd34-218d-4efe-b493-47128a4c1db0_s.png
"Indelis maistui laikyti UNIWELL, 1800 ml",11.99,https://cdn.barbora.lt/products/04f31ae8-a23f-4909-b03c-0f3a52956732_s.png
"Elektrinė lauko ir vidaus girlianda, 240 LED, 1 vnt.",12.99,https://cdn.barbora.lt/products/51ec6c67-d731-41cc-976e-ac69f13bdb3b_s.png
"Elektrinė lauko ir vidaus girlianda, 240 LED, 1 vnt., warmwhite",16.99,https://cdn.barbora.lt/products/9421388d-f5e2-4005-bbc5-1b2e29c4fd12_s.png
"Pakabinama dekoracija ELEMENTS SENSE, spalvota",3.99,https://cdn.barbora.lt/products/4b9dae2c-4207-4509-ac28-0b8aab6f92b9_s.png
"Plaukų kondicionierius PANTENE Hydration Recharge Active Nutri-Plex, 275 ml",6.89,https://cdn.barbora.lt/products/2db75f20-9b85-49e4-8067-bb20b0674e31_s.png
"Plaukų kaukė PANTENE Hydration Recharge Active Nutri-Plex, 300 ml",8.99,https://cdn.barbora.lt/products/ed448d22-923b-4abc-b13a-448b39aca153_s.png
"Keptuvė TEFAL, 24 cm, 1 cm",36.99,https://cdn.barbora.lt/products/3a2b23a3-ae10-4554-9fb7-bd6e140f9978_s.png
"L'Oreal Paris Revitalift Filler drėkinamasis gelis-kremas, 50 ml",19.99,https://cdn.barbora.lt/products/c285a3b6-1b4b-412c-9f0a-f8747943074c_s.png
"WOK keptuvė TVS, 28 cm",42.99,https://cdn.barbora.lt/products/539c5ae6-36e7-4dd1-abd8-08f1a6a7d94b_s.png
"Virtuvinių rankšluosčių komplektas 2x40x70cm,3 diz",7.49,https://cdn.barbora.lt/products/8d882061-e3e4-44b1-be77-f78f715436f2_s.png
"Virtuvinių rankšluosčių komplektas, 2 x 40 x 70 cm, 2 vnt.",6.99,https://cdn.barbora.lt/products/c7eef1a1-ae5a-42eb-9c55-df1af3c9869a_s.png
"Lėkštė AURORA DELICAT CHRISTMAS, 21 cm",3.79,https://cdn.barbora.lt/products/908262f2-c562-43ae-81c3-2b16fa5e7835_s.png
"MAISTO TECH R/C 1:24 valdomas automodelis F1 Ferrari SF-23, 82357",64.99,https://cdn.barbora.lt/products/b9cf0b97-f912-461d-acb6-70a0e421c842_s.png
"Maisto laikymo dėžutė STOR, 1190ml, 1vnt.",8.39,https://cdn.barbora.lt/products/9ca53823-b17f-41f1-aec5-b4e8b5b5a79d_s.png
"Kilpinių rankšluosčių komplektas 2x50x90cm, 2 dizainai",20.99,https://cdn.barbora.lt/products/57d940c7-a382-465a-9f7a-172bd86c9142_s.png
"Kalėdų eglutės dekoracija, 8cm",1.99,https://cdn.barbora.lt/products/51a78a98-b2b3-4682-8577-ba4a729810cb_s.png
"Kilpinių rankšluosčių komplektas 2 x 50 x 90 cm, 2 dizainai",20.99,https://cdn.barbora.lt/products/94b4937c-6d24-4ade-bce8-69ecad8e73f9_s.png
"Kalėdų eglutės dekoracija, 16x6,5cm",1.99,https://cdn.barbora.lt/products/a82e4024-31ee-4567-bb7d-80453365c758_s.png
"Kalėdų eglutės dekoracija, 16,5cm",1.99,https://cdn.barbora.lt/products/7ccddc34-7040-4686-9133-6a84a3126c97_s.png
"Dekoratyvinė pagalvėlė 45x45cm, 3 spalvos",10.99,https://cdn.barbora.lt/products/101ead81-429a-4cc0-a374-0aa57cc3f7a7_s.png
"Pledas 130x160cm, 3  spalvos",29.99,https://cdn.barbora.lt/products/da14aea1-6946-485e-95fa-812d370e9451_s.png
"Puodelis AURORA AYANA DARK, 320 ml",5.99,https://cdn.barbora.lt/products/424c880a-4e84-4af0-a6d2-137ce451702c_s.png
Žaislinis automobilių rinkinys TEAMSTERZ,27.99,https://cdn.barbora.lt/products/c0e8c7bf-0c70-402c-9132-62d0527265e7_s.png
"Žaislinė transporto priemonė,44x20x13",16.99,https://cdn.barbora.lt/products/28549124-d577-49eb-9d48-d0353c811db5_s.png
Lėkštė AURORA LACE. 27 cm,9.99,https://cdn.barbora.lt/products/0409cdcb-37c5-425d-9f1b-9b98af6b899a_s.png
"Tortinė AURORA VINTAGE WHITE, 25 cm",13.39,https://cdn.barbora.lt/products/d26bf7d6-b2bd-4b5d-a9f7-66b4c167f891_s.png
"Stiklinis Kalėdų eglutės žaisliukas,margas, 10.4*5.1*11.4",6.99,https://cdn.barbora.lt/products/881ef559-0d3e-4b32-beee-207f02e80708_s.png
"Stiklinis Kalėdų eglutės žaisliukas,4 dizainai",4.99,https://cdn.barbora.lt/products/b30e6edb-6a30-491d-ada5-22d96b461ccb_s.png
"Stiklinis Kalėdų eglutės žaisliukas, 5.1*4*8.5cm",1.99,https://cdn.barbora.lt/products/a4ab5f54-4ada-49f6-b765-8621afeb160d_s.png
Stiklinė Kalėdų eglės viršūnė,7.99,https://cdn.barbora.lt/products/c4a72708-100d-4cf2-b8b7-f7150416806d_s.png
"Stiklinis Kalėdų eglės žaisliukas, L4.5xW3.5xH7.5 cm",3.99,https://cdn.barbora.lt/products/8d630693-840b-413b-8a1e-9cad35aa452f_s.png
"Stiklinis Kalėdų eglės žaisliukas, 4 cm, H7.5 cm",3.99,https://cdn.barbora.lt/products/b74d7ffa-aac2-4b43-b8ee-3535cdaa1cc3_s.png
"HUMBLE augalinės kilmės dantų šepetėlis, 1 vnt, MIX",2.99,https://cdn.barbora.lt/products/ed7a8215-deef-4a6a-be80-078a2ef59804_s.png
"Stiklinių Kalėdų eglės žaisliukų rinkinys, 3 vnt.",7.99,https://cdn.barbora.lt/products/25e0cb3f-26c4-47b3-9890-68713ece1532_s.png
"Kaspinas - dekoracija, 15cm",1.69,https://cdn.barbora.lt/products/d1eb5a38-83f3-4510-beb6-55ab4760cad6_s.png
Kalėdų eglės žaisliukas L2xW8xH6 cm	,4.99,https://cdn.barbora.lt/products/5ebda08c-ca8b-4aa6-861b-199e25eafba3_s.png
Kalėdų eglės žaisliukas L10xW5.5xH9.5 cm	,4.99,https://cdn.barbora.lt/products/6f821f59-23b1-427b-88d0-21c53adc0b56_s.png
Kalėdų eglės žaisliukas L6xW6xH8 cm,5.99,https://cdn.barbora.lt/products/bd6718ba-a4e1-4856-b3e3-4fb1607e8c7d_s.png
"Stiklinis Kalėdų eglės žaisliukas, 8cm",5.99,https://cdn.barbora.lt/products/531aafcf-8c6c-4800-93b6-6391dee2336a_s.png
"Kaspinėliai, 3vnt, sidabriniai",1.99,https://cdn.barbora.lt/products/b8efd1ba-a7bd-4b8c-b376-969689cb2ba7_s.png
"Elektrinė lauko ir vidaus girlianda, 100 LED, 1 vnt., White",5.99,https://cdn.barbora.lt/products/64d6ab5f-686d-4e96-a811-e6d0f2f6ea3b_s.png
"Elektrinė lauko ir vidaus girlianda, 100 LED, 1 vnt., warmwhite",5.99,https://cdn.barbora.lt/products/705054f4-d7b3-4cfa-b3a6-ca53bbaee6a0_s.png
"Elektrinė lauko ir vidaus girlianda, 80 LED, 1 vnt.",4.99,https://cdn.barbora.lt/products/8fb35a6e-06eb-4933-aae5-4adf766d5f70_s.png
"Kalėdinis eglutės žaisliukas., 8 cm, 1 vnt., vaisius",9.99,https://cdn.barbora.lt/products/3bdaa772-5016-48de-aedc-ad5589f36a3d_s.png
"Kalėdinis eglutės žaisliukas, 8 cm, 1 vnt., 3 dizainai",2.99,https://cdn.barbora.lt/products/702d994b-4bf3-48d0-ba2c-968a0863117a_s.png
"Dekoracija, pelėda, 11 x 10 x 18 cm, 1 vnt.",6.99,https://cdn.barbora.lt/products/d749f689-c276-4b68-b8ca-15e22bb99ab6_s.png
"Lavinamasis žaidimas LAIMINGI GYVŪNAI, 1 vnt., 92772",15.99,https://cdn.barbora.lt/products/a616d25a-65f8-471d-96a9-02b4e8d34498_s.png
Laikinosios tatuiruotės CLEMENTONI,35.99,https://cdn.barbora.lt/products/075d9bbd-9e3b-40ec-9b16-42159ae0be28_s.png
Ištempiamas žaislas Monsterflex,7.99,https://cdn.barbora.lt/products/9346df40-b48e-478d-a932-8c0578ebcd43_s.png
"L'Oreal Paris Infaillible 24H Face Sculptor kreminė kontūravimo priemonė, Light Medium Contour",15.79,https://cdn.barbora.lt/products/cbc27a56-b93f-44c0-8311-f9cd09e1a442_s.png
"L'Oreal Paris Infaillible 24H Face Sculptor kreminė kontūravimo priemonė, Fair Light Contour",15.79,https://cdn.barbora.lt/products/5e368151-c0c5-481a-a51f-11ccf5f21dbd_s.png
HOT WHEELS advento kalendorius,39.99,https://cdn.barbora.lt/products/5ed4a170-8207-4aac-a294-5978427081a6_s.png
"Breceliai ir traškios lazdelės su druska MIO & RIO, 300 g",1.19,https://cdn.barbora.lt/products/53e21486-c1dd-446a-9032-27c02c3b93e5_s.png
"Lūpų dažai L'OREAL COLOR RICHE, Nr. 226-ROSE GLACE, 27 g",13.99,https://cdn.barbora.lt/products/7f1132c1-3e89-4a48-a027-5026a55f7e28_s.png
"Lūpų dažai L'OREAL COLOR RICHE, 27 g",13.99,https://cdn.barbora.lt/products/0f701de1-e8cd-4cc6-be45-5562a70aeeef_s.png
"Žaidimas KIMBLE (TACTIC), 1 vnt.",16.99,https://cdn.barbora.lt/products/be474828-a61b-4667-bc1f-c8a6cb24afc4_s.png
"Lūpų dažai MAX FACTOR LIPFINITY, Nr. 070-SPICY, 1 vnt.",16.79,https://cdn.barbora.lt/products/9ea4f603-3509-4938-806c-a1af278c2e3a_s.png
"Kreminė pudra MAX FACTOR LASTING PERFORMANCE, Nr.105, 1 vnt.",18.69,https://cdn.barbora.lt/products/33ebc32d-6b58-4792-8b00-af41b9c93a23_s.png
"Kreminė pudra MAX FACTOR LASTING PERFORMANCE, Nr.106, 1 vnt.",18.69,https://cdn.barbora.lt/products/fbbe6493-ecb7-4646-8bf3-d799e2bf8971_s.png
"Antakių pieštukas MAX FACTOR, 1 vnt.",7.89,https://cdn.barbora.lt/products/7d29efb6-e703-42c2-8a27-de28fea18b93_s.png
"Akių pieštukas MAX FACTOR KOHL, 1 vnt.",7.79,https://cdn.barbora.lt/products/a70aea3f-e5c6-4941-89eb-ddac1b98e7d4_s.png
"Akių pieštukas MAX FACTOR KOHL, 1 vnt.",7.79,https://cdn.barbora.lt/products/e78274a5-58df-4cdf-a1e8-301048664eed_s.png
"Akių pieštukas MAX FACTOR KOHL, 1 vnt.",7.79,https://cdn.barbora.lt/products/44ffb185-2ab1-4270-bf6d-df6647865b02_s.png
"Kreminis makiažo pieštukas MAX FACTOR PANSTICK, Nr. 12, 1 vnt.",11.59,https://cdn.barbora.lt/products/9ccedece-5c84-4039-b2f0-f49e53795730_s.png
"Kreminis makiažo pieštukas MAX FACTOR PANSTICK, Nr. 13, 1 vnt.",11.59,https://cdn.barbora.lt/products/fd5c5572-a7c7-45aa-a08a-3e7a5afcba48_s.png
"Kreminis makiažo pieštukas MAX FACTOR PANSTICK, Nr. 14, 1 vnt.",11.59,https://cdn.barbora.lt/products/830b17d1-83df-4bff-bc17-331e764f9ef6_s.png
"Tualetinis vanduo DIAVOLO, 50 ml",12.49,https://cdn.barbora.lt/products/a36e108a-a747-4341-a303-b7dedacf5a98_s.png
"Lūpų dažai MAX FACTOR LIPFINITY, Nr. 030-COOL, 1 vnt.",18.39,https://cdn.barbora.lt/products/443cd714-1840-4a66-84d8-22822170cdee_s.png
"Plaukų dažai GARNIER COLOR NATURALS, 1 vnt.",4.99,https://cdn.barbora.lt/products/40be9cf9-15d2-4c0f-917a-22fbef97bc12_s.png
"Plaukų dažai GARNIER COLOR NATURALS, 1 vnt.",4.99,https://cdn.barbora.lt/products/93ab440f-a2c9-4832-9bda-329ca052b691_s.png
"Garnier Color Naturals 2.10, mėlynių juoda. ",4.99,https://cdn.barbora.lt/products/f536883f-da5c-4e11-82c1-d390f96c819d_s.png
"Garnier Color Naturals 4.3, auksinė ruda. ",4.99,https://cdn.barbora.lt/products/4278bfd7-bcb9-4e9c-97f1-b859cc97edc1_s.png
"Plaukų dažai GARNIER COLOR NATURALS, Nr. 110, 1 vnt.",4.99,https://cdn.barbora.lt/products/f2268bd7-b825-4a33-bfe9-5a77847bf49c_s.png
"Paukštienos žirklės FISKARS FUNCTIONAL, 1 vnt.",44.99,https://cdn.barbora.lt/products/7763cfdb-f3a7-407c-8bf7-ff6a3614df56_s.png
"Akių kontūro pieštukas RIMMEL SOFT KOHL, 1 vnt.",4.79,https://cdn.barbora.lt/products/71424c79-b571-464b-a541-cda6406cb733_s.png
"Antakių kontūro pieštukas RIMMEL, 1.4 g",4.79,https://cdn.barbora.lt/products/804074b4-10f3-4839-9371-cbfb01ef5c13_s.png
"Maskuojantis pieštukas RIMMEL HIDE THE BLEMISH, Nr. 103, 4.5 g",5.79,https://cdn.barbora.lt/products/8bfc9230-da65-41db-b8d7-b34b675acaba_s.png
"Skystoji pudra L'OREAL TRUE MATCH, 30 ml",18.99,https://cdn.barbora.lt/products/5a687ae0-cb07-41a3-8192-203fea3cc54c_s.png
"Skystoji pudra L'OREAL TRUE MATCH, 30 ml",18.99,https://cdn.barbora.lt/products/a920e6bb-668d-4f51-bb6a-8b3420a87527_s.png
"Skystoji pudra L'OREAL TRUE MATCH, 30 ml",18.99,https://cdn.barbora.lt/products/4c8553c5-a31b-4d93-abc9-4f71d38c4ddf_s.png
"Skystoji pudra L'OREAL TRUE MATCH, Nr. 3N-beige cream, 30 ml",18.99,https://cdn.barbora.lt/products/fc3ebdf1-1c8e-4937-963e-57b0c4bbc88b_s.png
Plaukų dažai PALETTE ICC 6-0,5.49,https://cdn.barbora.lt/products/fb2a864d-99c2-407b-b0da-f402189c6977_s.png
"Kompaktinė pudra L'OREAL TRUE MATCH, Nr. N3, BEIGE, 9 g",19.09,https://cdn.barbora.lt/products/c0f25a05-fa0a-49a8-a7dc-cf25f847b989_s.png
"Plaukų dažai L'OREAL PREFERENCE BRASILIA 3B, 1 vnt.",13.49,https://cdn.barbora.lt/products/72ffb850-39d5-41e9-9adf-e346b9b22a0c_s.png
"Plaukų dažai L'OREAL RECITAL PREFERENCE, 1 vnt.",13.49,https://cdn.barbora.lt/products/d7ffa5ae-8eed-4255-9332-ff08a2c06a86_s.png
L'Oréal Paris Excellence Creme plaukų dažai 8 Light Blonde,10.99,https://cdn.barbora.lt/products/7b0f2588-3f2f-4e5e-a215-5959d93be63e_s.png
"Plaukų dažai L'OREAL PREFERENCE, 1 vnt.",13.49,https://cdn.barbora.lt/products/67c4ec22-3043-4492-999d-efad5c110892_s.png
"SCHOLL, balzamas suskilusiems kulnams, 60 ml",9.99,https://cdn.barbora.lt/products/d0d25bd1-4b67-4706-88a0-83a3ca4c63e7_s.png
"Blakstienų tušas L'OREAL TELESCOPIC CARBON BLACK, juodas, 8 ml",16.99,https://cdn.barbora.lt/products/6d23d248-bc94-4b4e-8b98-c74cb0e5f5b8_s.png
"Plaukų dažai L'OREAL CASTING CREME GLOSS, Nr. 360, 1 vnt.",10.59,https://cdn.barbora.lt/products/98263072-3fed-475d-955c-843ec6481015_s.png
"Lūpų dažai L'OREAL COLOR RICHE NATURAL, Nr. 258-BERRY, 24 g",13.99,https://cdn.barbora.lt/products/0d93facc-f087-4f17-a5d6-b8cf303797b7_s.png
"Stalo žaidimas TICK TACK BUMM, 1 vnt.",24.99,https://cdn.barbora.lt/products/8703e8f4-f3b7-4bcf-aafb-710d9c5c23b0_s.png
"Plaukų dažai PALETTE, 1 vnt.",5.49,https://cdn.barbora.lt/products/9a673744-5be0-44a7-8fc3-bd2f4008b030_s.png
"Makiažo pagrindas MAYBELLINE DMM, 30 ml",15.49,https://cdn.barbora.lt/products/7376ae87-1fd0-48a2-bbe9-f98fa480bdae_s.png
"Makiažo pagrindas MAYBELLINE DMM, 30 ml",15.49,https://cdn.barbora.lt/products/bb1d4e71-c2a2-420c-9a33-3ecfd850e859_s.png
"Vandeniui atsparus blakstienų tušas MAYBELLINE COLOSSAL, 10 ml",12.99,https://cdn.barbora.lt/products/396c72f0-9e88-4f97-9c95-d35d463e6387_s.png
"Lėkštė LUMINARC SWEET LINE, 28 x 23 cm",5.99,https://cdn.barbora.lt/products/254de081-cd57-41c3-973b-2e28eaf99b92_s.png
"Lėkštė LUMINARC SWEET LINE, 35 x 24 cm",8.99,https://cdn.barbora.lt/products/39e5b7a8-754b-42f1-a220-c435f05c6153_s.png
"Salotinė LUMINARC SWEET LINE, 16,5 cm, 1 vnt.",3.99,https://cdn.barbora.lt/products/d0f0c29c-5f5b-43d3-be26-399440091dec_s.png
"Skysta pudra L'OREAL TRUE MATCH, 30 ml",18.99,https://cdn.barbora.lt/products/17c87be0-7ce2-4b2b-a86a-8ca7b11baa92_s.png
"Purškiamasis plaukų skystis GOT2B Guardian Angel, 200 ml",10.69,https://cdn.barbora.lt/products/d356485c-a760-4089-a4ad-c9898eeb6ce2_s.png
"Konditerinis teptukas TESCOMA PRESTO, 1 vnt.",3.49,https://cdn.barbora.lt/products/dab69410-91d0-4d97-a9f6-bf1a35d03e74_s.png
"Skysta pudra L OREAL TRUE MATCH, 30 ml",18.99,https://cdn.barbora.lt/products/84724754-9075-4478-aad0-e4490c19c5fa_s.png
"Stalo žaidimas DIXIT, 1 vnt.",32.99,https://cdn.barbora.lt/products/e926bc31-a28b-4706-a2cd-cdff15c7e0b0_s.png
"Dažomasis plaukų kremas SYOSS COLOR, Nr. 9-5, 1 vnt.",8.99,https://cdn.barbora.lt/products/844447dd-a4ca-46a5-8bc1-eb8f8848b413_s.png
"Dažomasis plaukų kremas SYOSS COLOR, Nr. 5-8, 1 vnt.",8.99,https://cdn.barbora.lt/products/50162b5f-bbb9-4ee6-a8b8-6fabce5b89bb_s.png
"Dažomasis plaukų kremas""SYOSS"", 1 vnt.",8.99,https://cdn.barbora.lt/products/ed992539-54b2-4778-b724-8df217cfab7f_s.png
"Aviečių ir granatų džemas ST. DALFOUR, 284 g",4.99,https://cdn.barbora.lt/products/826569f3-34d4-4103-8c70-a939b064e87c_s.png
"Vandeniui atsparus blakstienų tušas L'OREAL VOLUME, juod, 9 ml",15.99,https://cdn.barbora.lt/products/907d7c74-12e5-44b8-a7db-9b36c8bf8741_s.png
"Vyriškas parfumuotas vanduo BI-ES PORTO DI CAPRI, 100 ml",9.99,https://cdn.barbora.lt/products/c665aa73-3bf2-4e9b-99c2-f6786fbd54ec_s.png
"Plaukų dažai L'OREAL CASTING CREME GLOSS, Nr. 513, 1 vnt.",10.59,https://cdn.barbora.lt/products/6ecc520f-5109-4126-833f-2303df82f404_s.png
"Dirbtinė eglutė (180cm), CFH405413, žalia, 350 tip",159,https://cdn.barbora.lt/products/0ebe1731-10ea-4a2c-9e15-0221246b9da2_s.png
"Plaukų dažai L'OREAL PREFERENCE, 1 vnt.",13.49,https://cdn.barbora.lt/products/6d2c11ac-9053-4c03-9667-7a86e1678493_s.png
"Kreminė pudra MAX FACTOR MIRACLE TOUCH SPF30, Nr. 45, 11.5 g",20.19,https://cdn.barbora.lt/products/a5a01868-f153-47c1-a56f-a7db6f9ff7b7_s.png
"Kreminė pudra MAX FACTOR MIRACLE TOUCH SPF30, Nr. 75, 11.5 g",21.19,https://cdn.barbora.lt/products/e12be6e3-9b5f-4ca4-82e2-d10a0857d007_s.png
"Kreminė pudra MAX FACTOR MIRACLE TOUCH SPF30, Nr. 80-BRONZE, 11.5 g",20.19,https://cdn.barbora.lt/products/c5c7ede8-d868-4441-9c0e-9ee53b441c34_s.png
"Blakstienų tušas MAX FACTOR MASTERPIECE MAX BLACK/BROWN,rud., 1 vnt.",17.99,https://cdn.barbora.lt/products/96a12d90-83f5-4e7a-8e5e-4f2521866917_s.png
"Blakstienų tušas MAX FACTOR MASTERPIECE MAX DEEP BLUE,mėlynas, 1 vnt.",17.99,https://cdn.barbora.lt/products/0c251f08-ca5e-4e70-8cd5-93d36ed0bfa9_s.png
"Blakstienų tušas MAX FACTOR MASTERPIECE RICH BLACK, juodas, 1 vnt.",16.69,https://cdn.barbora.lt/products/5ec62540-4faf-4c05-a6f9-c90291871252_s.png
"Vandeniui atsparus blakstienų tušas MAX FACTOR FALSE LASH, 1 vnt.",19.19,https://cdn.barbora.lt/products/297bb745-988b-47b9-acd1-715e69feefa5_s.png
"Lūpų dažai MAX FACTOR COLOR ELIXIR, Nr. 090, english rose, 1 vnt.",16.19,https://cdn.barbora.lt/products/11807ae2-7692-4747-9273-a315bb31eb2c_s.png
"Lūpų dažai MAX FACTOR COLOR ELIXIR, Nr. 075-BRUNT TUESDAY, 1 vnt.",16.19,https://cdn.barbora.lt/products/40cae3ac-e0a3-44c5-af8a-28eda54acd81_s.png
"Lūpų dažai MAX FACTOR COLOR ELIXIR, Nr. 020-BRUNT CARAMEL, 1 vnt.",16.19,https://cdn.barbora.lt/products/ea4282ae-630f-4eb7-8bd9-a5bdf0a99af0_s.png
"Lūpų dažai MAX FACTOR COLOR ELIXIR, Nr. 050, pink brandy, 1 vnt.",16.19,https://cdn.barbora.lt/products/2f9478a2-46b5-40d1-b812-ce34bb0b7c0b_s.png
"Lūpų dažai MAX FACTOR COLOR ELIXIR, Nr. 030-ROSEWOOD, 1 vnt.",16.19,https://cdn.barbora.lt/products/96fa0029-a5fb-4b3f-a272-97552da0c9c4_s.png
"Lūpų dažai MAX FACTOR COLOR ELIXIR, Nr. 105-RAISEN, 1 vnt.",16.19,https://cdn.barbora.lt/products/d360d6cc-77d0-4a1f-b229-e12ec6f819ba_s.png
NIVEA MEN SENSITIVE skutimosi kremas 100 ml,4.99,https://cdn.barbora.lt/products/592b889b-3e66-40f0-9b5d-cb8ae594e3ba_s.png
"Vandeniui atsparus blakstienų tušas MAX FACTOR CALORIE2000, 1 vnt.",15.19,https://cdn.barbora.lt/products/82535485-f4aa-434c-80b7-5d6441dc6d20_s.png
"Blakstienų tušas MAX FACTOR MASTERPIECE BLACK/BROWN, rudas, 4.2 ml",16.69,https://cdn.barbora.lt/products/accd519a-2657-48ee-b83a-6efedc712eb8_s.png
"Birių produktų indas HAMBURG, 2500 ml, 1 vnt.",7.99,https://cdn.barbora.lt/products/817c1edd-f403-48a7-9e29-1662a38efd10_s.png
"Blakstienų tušas L'OREAL TELESCOPIC MAGNETIC BLACK, juodas, 1 vnt.",16.99,https://cdn.barbora.lt/products/cd302559-f675-45b2-881e-710cdbdccaa4_s.png
"Dirbtinis vainikas, 45 cm, 1 vnt.",9.99,https://cdn.barbora.lt/products/809b0609-3de2-4cd8-8d34-083a0ebfc4ae_s.png
Dirbtinė eglė (150 cm)[655 šak CH329409,99.99,https://cdn.barbora.lt/products/55eea378-fc70-459a-9fc3-db7abb4264fc_s.png
"Stalo žaidimas TACTIC TWISTER 2, 1 vnt.",39.99,https://cdn.barbora.lt/products/f258f9bf-d82b-4834-838e-96f025e70dfe_s.png
"Vyriškas skustuvas GILLETTE FUSION su kirp., 1 vnt.",24.61,https://cdn.barbora.lt/products/dec69dc8-a98c-4959-9ece-db0366caf345_s.png
"L′ORÉAL PARIS, EXCELLENCE CREME, ilgalaikiai plaukų dažai, 7.43 Vario auksinė blondinė, 1 vnt.",7.49,https://cdn.barbora.lt/products/84d47299-f447-4503-9df1-f7f460328e78_s.png
"Maskuojamasis pieštukas MAYBELLINE FIT ME #10 LIGHT, 1 vnt.",10.99,https://cdn.barbora.lt/products/101de13f-feb2-4421-9f36-df60c5ab54d8_s.png
"Maskuojamasis pieštukas MAYBELLINE FIT ME, 1 vnt.",10.99,https://cdn.barbora.lt/products/f94f5eb8-db0d-47d5-b2fc-d1c951e623f1_s.png
"Akių kontūrų pieštukas MAYBELLINE MASTER PRECISE, juodas, 1 vnt.",11.59,https://cdn.barbora.lt/products/5f39530d-a15d-4c47-a737-48c7e1f3cf73_s.png
"Tualetinis vanduo vyrams UVD NIGHT, 60 ml",8.79,https://cdn.barbora.lt/products/b9ed3f9b-585c-442f-871d-5876be6aaa2b_s.png
"Stalo žaidimas HASBRO GAMING JENGA, 1 vnt.",34.99,https://cdn.barbora.lt/products/ba55c8c5-70e3-4d34-ad1b-f96a0913e6aa_s.png
"Dieninis veido kremas NIVEA CELLULAR, 50 ml",19.99,https://cdn.barbora.lt/products/5a434396-8687-41d5-9340-4789abe98bcf_s.png
"NIVEA CELLULAR ""EXPERT FILLER“ AKIŲ IR LŪPŲ KONTŪRO KREMAS",17.99,https://cdn.barbora.lt/products/8439c77b-65ba-4d18-b1b5-acc85062a2c1_s.png
"CASTING CRÈME GLOSS, 554",10.59,https://cdn.barbora.lt/products/87528935-33a1-41b3-89e4-8c51b3f6431f_s.png
"Dažomasis plaukų kremas SYOSS OLEO INTENSE, Nr. 1-10, 1 vnt.",9.49,https://cdn.barbora.lt/products/d11abadf-1790-4064-862d-3dcd564d8447_s.png
"Plaukų dažai SYOSS OLEO INTENSE, Nr. 7-10, 1 vnt.",9.49,https://cdn.barbora.lt/products/512c534d-6cdb-442a-b889-96067dc0fcbd_s.png
"Dažomasis plaukų kremas SYOSS OLEO INTENSE, 1 vnt.",9.49,https://cdn.barbora.lt/products/d90aedc5-eeca-4c68-9806-9d67af7d412d_s.png
"Dažomasis plaukų kremas SYOSS OLEO INTENSE, 1 vnt.",9.49,https://cdn.barbora.lt/products/a12d442e-2a69-4212-823f-b13572ec9934_s.png
"Dažomasis plaukų kremas SYOSS OLEO INTENSE, Nr. 6-80, 1 vnt.",9.49,https://cdn.barbora.lt/products/a728ef71-fe6f-4893-8a05-77d99b447903_s.png
Eglė CONICA dekoruotame vazone,4.49,https://cdn.barbora.lt/products/781f1da9-9345-46d7-9577-5c977a272dde_s.png
"Elektrinė lauko ir vidaus girlianda, 80 LED, 1 vnt., multicolor",15.99,https://cdn.barbora.lt/products/e2083726-6856-42c2-9926-6177cdf4646a_s.png
"Žaidimas TIK TAK BUMM, 1 vnt.",24.99,https://cdn.barbora.lt/products/7f3e6d11-0a1e-413b-9b4c-97782d945a45_s.png
"Stalo žaidimas LAŽINKIMĖS?, 1 vnt.",27.99,https://cdn.barbora.lt/products/dfee0c9b-6b12-4438-afc2-104daa9ee4ef_s.png
"Moteriškas tualetinis vanduo ADIDAS GET READY, 50 ml",12.99,https://cdn.barbora.lt/products/da4aff44-34f3-4d18-a60b-cd11cd5e3c6c_s.png
"Virta BAJORŲ daktariška dešra, a.r., 500 g",2.39,https://cdn.barbora.lt/products/f1494e5e-5aa2-47ff-9e4f-d263798f859a_s.png
"Žaidimas MATTEL BEŽDŽIONĖLĖS AKROBATĖS, 1 vnt.",42.99,https://cdn.barbora.lt/products/1da07217-3489-4284-8426-abb3a56d0bb0_s.png
Stalo žaidimas Dixit Odisėja,32.99,https://cdn.barbora.lt/products/1759625d-f51d-477b-9bed-16cbad416799_s.png
"Tualetinis vanduo FRESH ZONE, 100 ml",7.99,https://cdn.barbora.lt/products/808e6730-f542-4966-adad-7d2f52610dfc_s.png
"Plaukų lakas SYOSS Full Hair 5, 300 ml",8.19,https://cdn.barbora.lt/products/1cf1011a-bc28-4ddb-9aa1-f6d8d57cff29_s.png
"Dirbtinė eglutė, 120 cm, 1 vnt.	",59.99,https://cdn.barbora.lt/products/e503451b-ac00-4a82-bcd8-4b26c410129a_s.png
"Blakstienų tušas L'OREAL VOLUME SO COUTURE, 1 vnt.",15.99,https://cdn.barbora.lt/products/53e7d821-db86-41a0-898f-a2e194ed37c7_s.png
"Konfeti patranka, 38CM Pop.Eglutes",2.99,https://cdn.barbora.lt/products/aaf5eab0-91ff-46b0-a600-571e69e9aa24_s.png
Konfeti patranka 30cm Fol.snaigės,2.99,https://cdn.barbora.lt/products/650d1949-dcf3-4cfd-ab22-7a86071da410_s.png
Konfeti patranka 40cm Fol.snaigės,2.99,https://cdn.barbora.lt/products/cc119fdf-04b2-455d-897e-867c8ecb17ae_s.png
"Konfeti patranka, 30cm Fol.Apskritimai",2.99,https://cdn.barbora.lt/products/e0416014-44a7-4fa6-b205-ac440060e5f2_s.png
"Lėkštė LUMINARC CARINE, 26,5 cm",2.99,https://cdn.barbora.lt/products/656c8454-5600-492c-8133-0f4aa68e1595_s.png
"Lėkštė LUMINARC CARINE, 19,5 cm, 1 vnt.",2.69,https://cdn.barbora.lt/products/d29fd176-e902-4959-aa94-9daab7db0cd4_s.png
"Stalo žaidimas TACTIC IKNOW, lietuvių kalba, 1 vnt.",35.99,https://cdn.barbora.lt/products/b0972f6e-bf2f-47a3-b254-fa45bf8e6b12_s.png
"Prausiklis ir dušo kremas BÜBCHEN, 230 ml",5.25,https://cdn.barbora.lt/products/e66e9262-0e00-43d9-b580-9d86c516a993_s.png
"Blakstienų tušas L'OREAL VOLUME  COUTURE SO BLACK, 9.5 ml",15.99,https://cdn.barbora.lt/products/3481db35-a18d-42c8-8102-0fb5c6651b5a_s.png
"Garnier Color Naturals 3.23, tamsus kvarcas. ",4.99,https://cdn.barbora.lt/products/3b30267e-c076-491d-8ad0-3019460c432f_s.png
"Plaukų dažai L'OREAL PREFERENCE 3.12, 1 vnt.",13.49,https://cdn.barbora.lt/products/fc3688b1-0126-4d52-b0aa-286000a7d106_s.png
"Lūpų dažai L'OREAL COLOR RICHE SATIN, Nr. 230-CORAL SHOWROOM, 1 vnt.",13.99,https://cdn.barbora.lt/products/7bc2698c-f09f-4274-8029-387c216f1cbd_s.png
WS INTUITION Sensitive moteriškas skustuvas,13.09,https://cdn.barbora.lt/products/a1bfd8e7-46dd-474b-b66d-8af4eb66fd3a_s.png
WS INTUITION Sensitive Care moteriški peiliukai 3vnt,13.59,https://cdn.barbora.lt/products/4a43c8ed-1223-442c-9cfa-cbfcd95967d3_s.png
"Stalo žaidimas MONOPOLY, 1 vnt.",14.99,https://cdn.barbora.lt/products/fc365703-2db0-4776-a951-8ba79cb2991f_s.png
"Lūpų pieštukas L'OREAL COLOR RICHE COUTURE, Nr. 630, 1 vnt.",7.19,https://cdn.barbora.lt/products/2b5cd7f7-9587-4a9d-9dda-edecd159b96c_s.png
Peilių galąstuvas FISKARS,23.99,https://cdn.barbora.lt/products/1725c7f4-ae2f-45e7-95ec-59c934627663_s.png
Mėsmalė HENSKE THMGB-500AH,79.99,https://cdn.barbora.lt/products/db8d807b-a584-4617-9c2e-a42fc6f0b2ee_s.png
"Plaukų putos JOHN FRIEDA VOLUME, 200 ml",10.99,https://cdn.barbora.lt/products/44162490-5971-431b-b628-f04d66a61956_s.png
"Plaukų lakas JOHN FRIEDA VOLUME, 250 ml",10.99,https://cdn.barbora.lt/products/eb9c4592-ab7e-4f08-9c43-a8ac99f2ad41_s.png
"Skaistalai MAXFACTOR CREME PUFF 05, 1 vnt.",14.59,https://cdn.barbora.lt/products/cf0fdb18-8a5f-480d-99e2-e96f906ed2c3_s.png
"Plaukų dažai CASTING CRÈME GLOSS, 635",10.59,https://cdn.barbora.lt/products/b0089a13-3649-47c4-b257-70aced400913_s.png
"Moteriškas tualetinis vanduo BI-ES LASERRE, 100 ml",7.99,https://cdn.barbora.lt/products/4000c7a2-9937-490f-857f-4afb9067ccf7_s.png
"Vyriškas plaukų ir kūno šampūnas NATURA SIBERICA, TIGRO ĮNIRŠIS, 250ml",6.59,https://cdn.barbora.lt/products/cea8283a-1719-4044-9aad-92ab4d63337a_s.png
"Vyr. tonizuojamasis veido kremas NATURA SIBERICA VILKO GALIA, 50 ml",11.79,https://cdn.barbora.lt/products/a0fa54c1-2cf9-4479-87b0-458057879aa7_s.png
"Plaukų balzamas JOHN FRIEDA SHEERE BLONDE BRIGHTENING, 250 ml",11.19,https://cdn.barbora.lt/products/0f254908-8598-45e1-b573-e869b0fe570d_s.png
"Elektrinė lauko ir vidaus girlianda, 360 LED, 1 vnt., WhiteBlue,rež.keit",29.99,https://cdn.barbora.lt/products/0fc50f71-9975-4b02-9bd5-9d7c8f174559_s.png
"Elektrinė lauko ir vidaus girlianda, 360 LED, 1 vnt., Multicolor",29.99,https://cdn.barbora.lt/products/1dd740dd-36e4-4651-ab31-fcee4f35106a_s.png
El. vidaus girlianda 120 multicolor LED,14.99,https://cdn.barbora.lt/products/1fe64d83-4815-45d7-bf1b-79529fcc557e_s.png
"Elektrinė vidaus girlianda, 120 LED, 1 vnt., white LED",14.99,https://cdn.barbora.lt/products/bdb51d1c-42e0-4211-887e-a66b6b788f99_s.png
"Dažomasis plaukų kremas PALETTE DELUXE, Nr. 1-0, 1 vnt.",7.79,https://cdn.barbora.lt/products/3101f61f-3812-471c-aed5-ec3eb6602225_s.png
"Stalo žaidimas TACTIC LAŽINKIMĖS? VAKARĖLIO VERSIJA, 1 vnt.",26.99,https://cdn.barbora.lt/products/7c9624b8-ae41-4382-b7c8-a4a68ff68b8f_s.png
Stalo žaidimas TACTIC ALIAS PARTY,27.99,https://cdn.barbora.lt/products/3b522fff-eec1-4e15-aeec-26120ddda67a_s.png
"VENITA SALON Plaukų želė MEGA STRONG, 500 ml ",2.45,https://cdn.barbora.lt/products/82a5a3bb-e8ef-4bd6-b95e-d5b657a01a7b_s.png
"Sebamed Baby kremas kūdikiams nuo iššutimų, 100ml",10.99,https://cdn.barbora.lt/products/6d289f46-f985-4fc9-a0bc-2042eace8a36_s.png
"Lėlė BARBIE KENAS MADISTAS, 1 vnt.",17.99,https://cdn.barbora.lt/products/b61427f3-56b2-4516-a215-557b5f6b0b90_s.png
"Kūno kremas O.SHOP ROŽINIS NEFELIUMAS, 250 ml",3.99,https://cdn.barbora.lt/products/d1cd47e6-6bcf-4ebe-ab9c-4229b6124775_s.png
"Kūno kremas O.SHOP JAPONIJOS KAMELIJA, 250 ml",3.99,https://cdn.barbora.lt/products/4242ef8d-3ac8-4ebb-b53a-bed3c6e9829b_s.png
"Kūno šveitiklis ORGANIC SHOP LEMONGRASS & SUGAR, 250 ml",4.39,https://cdn.barbora.lt/products/df873d17-1741-440d-bcbf-eedb51d40d11_s.png
"Vyriškas tualetinis vanduo AB KING OF SEDUCTION, 100 ml",36.99,https://cdn.barbora.lt/products/36c0930d-66fd-4361-aa9e-528ae86ec70c_s.png
"Lūpų blizgis RIMMEL OH MY GLOSS, Nr. 150-GLOSSAHOLIC, 6.5 g",8.89,https://cdn.barbora.lt/products/3110e016-2c02-4278-9072-030cd0b59703_s.png
"Blakstienų tušas RIMMEL EXTRA 3D LASH BLACK, juodas, 8 ml",5.99,https://cdn.barbora.lt/products/d740ff6c-5d87-44b3-8d63-4f3c21f618a4_s.png
"Plaukų dažai GARNIER COLOR NATURALS, Nr. 10, 1 vnt.",4.99,https://cdn.barbora.lt/products/82de8776-90cc-4603-b010-f809cc67bbc3_s.png
"Akių kontūrų dažai RIMMEL EXAGGERATE, 3 g",6.69,https://cdn.barbora.lt/products/bf6894c4-774f-4776-b13b-62c319714dcf_s.png
"Kompaktinė pudra RIMMEL STAY MATTE, Nr. 001, TRANSPARENT, 14 g",5.69,https://cdn.barbora.lt/products/5621a4fa-430a-43ec-a1ba-17b25ea46204_s.png
"Kompaktinė pudra RIMMEL STAY MATTE, Nr. 005, SILKY BEIGE, 14 g",5.69,https://cdn.barbora.lt/products/9ce65270-20c3-4672-b402-2b54646b038c_s.png
"Kompaktinė pudra RIMMEL STAY MATTE, Nr. 006, WARM BEIGE, 14 g",5.69,https://cdn.barbora.lt/products/9b94e55d-fc0f-4f9f-b3a9-9678ea1f0ed2_s.png
"Kontūravimo priemonė veidui RIMMEL KATE 02, 26 g",12.89,https://cdn.barbora.lt/products/7b901ca1-0af1-45ab-92fd-12491588b1b0_s.png
"Lėlė gimnastė BARBIE, 1 vnt.",34.99,https://cdn.barbora.lt/products/d27e1e9c-badb-49e9-9b9c-5a56e6097941_s.png
"Veido ir kūno prausiklis SEBAMED su alyvuogių aliejumi, 200 ml",8.99,https://cdn.barbora.lt/products/02142e5b-97fc-47bf-a352-76a1aea8702d_s.png
"Dušo želė SEBAMED FRESH SHOWER, 200 ml",6.99,https://cdn.barbora.lt/products/9c3d19bd-5832-4aa9-ae9d-cb0ee5d9d6c0_s.png
"Plaukų lakas INTESA ECOFIX, 500 ml",3.49,https://cdn.barbora.lt/products/e7777dc4-6859-40d6-a9da-478bde1da781_s.png
"Dažomasis plaukų šaknų purškiklis L'OREAL MAGIC, juodos sp., 75 ml",8.99,https://cdn.barbora.lt/products/42f358f4-559e-4972-a75e-b96d1e469061_s.png
"Dažomasis plaukų šaknų purškiklis L'OREAL MAGIC, rudos sp., 75 ml",8.99,https://cdn.barbora.lt/products/822eef49-c22d-4aea-930d-5e4608692e38_s.png
"Dažom. plaukų kremas PALETTE INTENSIVE COLOR CRE, Nr. 12-46, 1 vnt.",5.49,https://cdn.barbora.lt/products/6bb0cbd5-7d9e-4dc8-a6b6-ec8241f23ede_s.png
"Keptuvė TVS ORIGINE, 28 cm",25.99,https://cdn.barbora.lt/products/8d7b6a3c-215a-49e3-9810-f1146f4e221b_s.png
"Blakstienų tušas RIMMEL SCANDALEYES RELOADED BLACK, juodas, 12 ml",9.49,https://cdn.barbora.lt/products/e5aeaaa1-494c-4c6c-b7ea-cf6f1aabc437_s.png
"Kūno šveitiklis ORGANIC SHOP ORANGE & SUGAR, 250 ml",4.39,https://cdn.barbora.lt/products/11a460df-6512-445b-941b-22a6365b914f_s.png
"Stalo žaidimas TACTIC LAŽINKIMĖS, kelioninis, 1 vnt.",10.99,https://cdn.barbora.lt/products/155905ba-e763-4fbd-8e1e-51e9a224228a_s.png
"Peilis FISKARS ESSENTIAL, 21 cm, 1 vnt.",14.99,https://cdn.barbora.lt/products/71e3dd50-8e1a-488c-ba61-29df0f15e2c5_s.png
"Išpjaustymo peilis FISKARS ESSENTIAL, 18 cm, 1 vnt.",17.99,https://cdn.barbora.lt/products/53d37242-8841-4c7c-ac67-427d0cef194f_s.png
NIVEA gaivinantis micelinis vanduo su aminorūgštimi ir vitaminu e normaliai odai,8.79,https://cdn.barbora.lt/products/d42daeb3-26ab-4dd2-bf53-0dbeef8bb705_s.png
"Blizgumą mažinantis veido kremas probleminei odai SEBAMED CLEAR FACE, 50 ml",15.49,https://cdn.barbora.lt/products/56346c59-fea1-47a2-8012-7b6240a0aa0d_s.png
SEBAMED SENSITIVESKIN švelnus veido prausiklis riebiai ir mišriai odai,14.69,https://cdn.barbora.lt/products/5ea96db1-b01f-4213-b1d2-0449f61334a6_s.png
"Automodelis CARS 3 1:55, 1 vnt.",11.99,https://cdn.barbora.lt/products/f2bfd744-2c33-442a-a59b-bab8844ee9e5_s.png
"Automodelių rinkinys CARS 3, 1 vnt.",21.99,https://cdn.barbora.lt/products/5106e572-cb68-4592-b0b8-35259b6b6966_s.png
"Dažomasis plaukų šaknų purškiklis SYOSS ROOT RETOUCH,šviesus, 120 ml",9.29,https://cdn.barbora.lt/products/41167ae8-2366-40c7-8709-5f9c50fb5cba_s.png
"Vytintos KREKENAVOS dešrelės DŪZGĖS su sūriu, a. r., 100 g",2.09,https://cdn.barbora.lt/products/182505e1-22e3-47ef-b36b-e7c4ebf5302b_s.png
"Dažomasis plaukų šaknų purškiklis L'OREAL MAGIC, rudos sp., 75 ml",8.99,https://cdn.barbora.lt/products/2b6ccd9e-0350-4e14-9f8d-b3de848bb232_s.png
"Skystas akių apvadas MAYBELLINE, 1 vnt.",10.99,https://cdn.barbora.lt/products/5d0ca630-2738-4501-968d-194f26c9420c_s.png
"Skystoji pudra L'OREAL TRUE MATCH Nr. 1N-iviory, 30 ml",18.99,https://cdn.barbora.lt/products/65f1446b-e108-4f1d-bebd-3366e7fe39b6_s.png
"Lūpų kontūro pieštukas MAYBELLINE, Nr. 90, 1 vnt.",8.29,https://cdn.barbora.lt/products/5d5b1010-14bb-40e4-8f35-43f4c8593da1_s.png
"
Panthenol Comfort odą raminantis kūno kremas, 400 ml",12.99,https://cdn.barbora.lt/products/043ed011-20b4-42c4-bd06-1d59bb598dd2_s.png
Smulkintuvas su priedais TEFAL HB656838,78.99,https://cdn.barbora.lt/products/9034da23-89fb-4527-93c0-20ff8d78058f_s.png
"LUMENE KLASSIKKO Maitinamasis kremas, 50 ml",9.99,https://cdn.barbora.lt/products/c74ea1ce-58d7-419b-88ed-7c56d1052f98_s.png
"LUMENE KLASSIKKO Naktinis kremas, 50 ml",9.99,https://cdn.barbora.lt/products/88929a16-11fa-4d4a-8710-47f14acd1a9e_s.png
"LUMENE KLASSIKKO Drėkinamasis paakių kremas, 15 ml",9.99,https://cdn.barbora.lt/products/c4268763-f0ac-4a99-86ed-1c935e3ba4ea_s.png
"Veido prausiklis LUMENE (KLASSIKKO), 150 ml",7.99,https://cdn.barbora.lt/products/edcb164d-3c1c-445b-96a7-56957f0bf624_s.png
"Gaivinamasis veido tonikas LUMENE (KLASSIKKO), 200 ml",7.99,https://cdn.barbora.lt/products/6393c3da-e7c2-4534-9e0a-eaa3e9083e38_s.png
"Dieninis veido kremas LUMENE (KLASSIKKO) SPF15, 50 ml",14.99,https://cdn.barbora.lt/products/17e1954b-5ae0-4288-8721-f6bc0a9f360f_s.png
"Paakių kremas LUMENE (KLASSIKKO), 15 ml",12.99,https://cdn.barbora.lt/products/6de45468-8715-48b2-9ef4-9bc7b6a98d4e_s.png
"Maskuojamasis pieštukas L'OREAL TRUE MATCH, 1 vnt.",12.99,https://cdn.barbora.lt/products/f321c81b-bdf9-41fc-80fa-5a37f4117647_s.png
"Maskuojamasis pieštukas L'OREAL TRUE MATCH, 1 vnt.",12.99,https://cdn.barbora.lt/products/336b98f4-bc7f-48fb-b1b0-01b833482204_s.png
"Maskuojamasis pieštukas L'OREAL TRUE MATCH, 1 vnt.",12.99,https://cdn.barbora.lt/products/cc42196b-e8ce-46a1-9a5c-0dad1d539f6a_s.png
"Dirbtinė eglė, 210CM COLORADO SPRUCE 867 TIP",159.99,https://cdn.barbora.lt/products/e3c18b5f-8b66-440c-94e1-91dada320ac5_s.png
NIVEA Q10 ANTI-WRINKLE ENERGY ŠVITĖJIMO SUTEIKIANTIS DIENINIS KREMAS SU SPF15,17.99,https://cdn.barbora.lt/products/da5ef07a-804f-46e2-bc61-fa573c58a016_s.png
Skrudintuvas TEFAL TT340830,44.99,https://cdn.barbora.lt/products/9d7b8374-9c5a-4253-bfcb-fdd650e3b496_s.png
"Stalo žaidimas TACTIC I KNOW mažiesiems, 1 vnt.",28.99,https://cdn.barbora.lt/products/087cd484-a5f5-45f8-818b-26f713c16bc5_s.png
"Stalo žaidimas TREFL 5 SEKUNDĖS mažiesiems, 1 vnt.",25.99,https://cdn.barbora.lt/products/277a3873-f2b4-4957-8b92-295e106bc51a_s.png
"Skystieji lūpų dažai MAYBELLINE SUPER STAY MATTE INK, Nr. 15, 1 vnt.",13.49,https://cdn.barbora.lt/products/ef867075-8ca2-42a7-8798-0095492675c3_s.png
"Skystieji lūpų dažai MAYBELLINE SUPER STAY MATTE INK, Nr. 20, 1 vnt.",13.49,https://cdn.barbora.lt/products/3fc8099f-c531-41bb-886d-9980e05fe6c2_s.png
"Blakstienų tušas L'OREAL LASH PARADISE BLACK, 1 vnt.",16.49,https://cdn.barbora.lt/products/88e2458a-6bef-4f60-a4a0-6108e7c5a658_s.png
NIVEA dieninis atkuriantis kremas visų tipų odai +55,11.19,https://cdn.barbora.lt/products/039a5b59-3564-4fc9-8714-095e8fa47115_s.png
"Antakių pieštukas MAX FACTOR (BROW SHAPER), N30, 1 vnt.",14.69,https://cdn.barbora.lt/products/77da336b-2705-4258-b30e-5f94c33acf9e_s.png
"Stalo žaidimas ALIAS: aš esu, LT, 1 vnt.",24.99,https://cdn.barbora.lt/products/20138522-88ec-4313-bf2c-1b7debf27824_s.png
"Gertuvė SISTEMA, 600 ml",13.99,https://cdn.barbora.lt/products/bfad8314-cea3-4ead-8f56-facb5f090fa1_s.png
 Plaukų žnyplės PHILIPS BHB862/00,29.99,https://cdn.barbora.lt/products/0dcfebd8-1b42-44da-9046-4b09056b3cb4_s.png
"Balzamas po skutimosi SEBAMED FOR MEN, 100 ml",10.99,https://cdn.barbora.lt/products/1d41ecb4-f657-4a43-b6f7-79bd855cdea1_s.png
Mėsmalė TEFAL NE105838,79.99,https://cdn.barbora.lt/products/1d629c65-0dff-4179-988e-330b383cb764_s.png
"Peilis UNIWELL SALI, 1 vnt.",1.49,https://cdn.barbora.lt/products/be7414d8-5029-41f1-9e59-4346ebbcac57_s.png
"Akių šešėlių paletė RIMMEL MAGNIFEYES, 1 vnt.",11.99,https://cdn.barbora.lt/products/df57489d-380b-462b-b95a-226547f1cf4b_s.png
"Maskuoklis MAYBELLINE FIT ME, 6.8 ml",10.99,https://cdn.barbora.lt/products/9af9ece8-adbe-4f56-ba36-7f1c409a97f8_s.png
"Plaukų dažai SYOSS (10-55, COOL BLOND), 1 vnt.",8.99,https://cdn.barbora.lt/products/63d2f392-5b9e-4382-8e8d-16a0208a9063_s.png
"Dažomasis plaukų kremas SYOSS COLOR, Nr. 12-59, 1 vnt.",8.99,https://cdn.barbora.lt/products/e5ef5a2d-d205-4bf4-a0a4-8b48fba37cc0_s.png
Plaukų kremas SYOSS OLEO INTENSE 8-60,9.49,https://cdn.barbora.lt/products/c449cb51-5c4c-4391-aec3-42da848beddb_s.png
"L'Oreal Paris Preference ilgalaikiai plaukų dažai, 7.23",13.49,https://cdn.barbora.lt/products/fd81103d-c792-4486-ba99-101c0fac3091_s.png
"Kokteilinė TEFAL BL420838, 1 vnt.",62.99,https://cdn.barbora.lt/products/c5e817e4-e8be-4e5d-b017-dc439f15be6e_s.png
"Plaukų vaškas WELLA SHOCKWAVES CLEAN CUT, 75 ml",4.59,https://cdn.barbora.lt/products/21e2b0dd-c315-4088-94a5-4a2af4b3f32e_s.png
"Plaukų vaškas WELLA SHOCKWAVES INDIE, 75 ml",4.59,https://cdn.barbora.lt/products/c21e38cc-3acc-4b8a-a527-0a48efef6c24_s.png
"Skystieji lūpų dažai MAYBELLINE SUPER STAY MATTE INK, Nr. 65, 1 vnt.",13.49,https://cdn.barbora.lt/products/8f0fc57f-2209-46ac-8447-dba7e1a289ee_s.png
"Maskavimo priemonė MAYBELLINE, 6.8 ml",12.99,https://cdn.barbora.lt/products/fb8685ae-d0d7-4845-8319-0cdd1c473163_s.png
"Lūpų dažai L'OREAL COLOR RICHE SHINE, Nr. 112, 1 vnt.",13.99,https://cdn.barbora.lt/products/2eda86e6-53e5-47f3-9980-2b4130a889dd_s.png
KILIG VITAMIN C regeneruojantis veido serumas 30 ml ,12.75,https://cdn.barbora.lt/products/fe896bd7-4235-4f81-85f4-a1d485409991_s.png
Prikaistuvis (1.5l) FUNCTIONAL FORM,58.99,https://cdn.barbora.lt/products/9bed3699-a880-41bc-aa48-0797f907d27a_s.png
"Kompaktinė pudra L'OREAL TRUE MATCH, Nr. N2, VANILLA, 9 g",18.49,https://cdn.barbora.lt/products/a281330b-d732-462f-8db5-98d555d0b1ac_s.png
"Skystoji pudra L'OREAL INFALLIBLE, Nr. 015-porcelaine, 30 ml",19.59,https://cdn.barbora.lt/products/af73064e-9b17-4373-aa9d-b17fd50dc714_s.png
"Skystoji pudra L'OREAL INFALLIBLE, Nr. 120-vanille, 30 ml",19.49,https://cdn.barbora.lt/products/39806143-763c-4de2-b356-af7ffb476af4_s.png
"Veido odos koreguoklis MAYBELLINE FIT ME, 6.8 ml",10.99,https://cdn.barbora.lt/products/ff46010d-33f2-4246-85a9-ffd5f3a2cc3a_s.png
"Maskuoklis MAYBELLINE INSTANT, Nr. 00-ivory, 6,8 ml",12.99,https://cdn.barbora.lt/products/ffd0db0f-23eb-4224-b21e-01432772623f_s.png
MEN EXPERT BARBER CLUB ilgos barzdos ir odos aliejus,12.99,https://cdn.barbora.lt/products/a1971944-0f3d-41dd-8cd6-0fbf331ad74c_s.png
"MEN EXPERT BARBER CLUB barzdos, veido ir plaukų prausiklis",10.99,https://cdn.barbora.lt/products/9fcab3ca-a20d-4a3b-b799-5ab977ae8d75_s.png
Kūno šveitiklis ORGANIC SHOP RASPBERRY 250 ml,4.99,https://cdn.barbora.lt/products/bbdb09ba-485f-4771-a425-94424400f679_s.png
"„Veet Professional“, kojų ir kūno depiliavimo vaško juostelės, skirtos jautriai odai, 40 vnt.",17.59,https://cdn.barbora.lt/products/75a75195-89e5-4bfe-a49d-a890b2d5e992_s.png
"Žaislinis automobilis, 1 vnt.",14.99,https://cdn.barbora.lt/products/84c9ec87-2091-4a27-ac35-9f534fb05153_s.png
"Elektrinė lauko ir vidaus girlianda, 180 LED, 1 vnt.",14.99,https://cdn.barbora.lt/products/a1e88b29-67f5-416e-a48e-c32066982a3b_s.png
"Sujungiama elektrinė lauko ir vidaus girlianda, 180 LED, 1 vnt., šviesiai balta;6,3m",18.99,https://cdn.barbora.lt/products/195e602b-8280-4712-9d86-babc767eeb96_s.png
"Sujungiama elektrinė lauko ir vidaus girlianda, 180 LED, 1 vnt., spalvota; 6,3m",18.99,https://cdn.barbora.lt/products/042d450a-bc5c-4db6-9c61-dc645d8beb7e_s.png
"Plaukų šampūnas ORGANIC SHOP ARGANAS&AMLA, 280 ml",3.89,https://cdn.barbora.lt/products/beced673-d3f7-4b61-90d8-1efce128ece0_s.png
Plaukų kirptuvas PHILIPS HC3510/15,31.99,https://cdn.barbora.lt/products/2c98c493-20fc-4bdc-8687-53dbc17922cb_s.png
Plaukų kirptuvas PHILIPS HC3505/15,29.99,https://cdn.barbora.lt/products/38d4d4ee-9fdf-47db-a6b5-9c042d57197d_s.png
"Akių kontūro plunksnelė MAX FACTOR KOHL KAJAL 002, 1 vnt.",10.49,https://cdn.barbora.lt/products/b51ef2b0-6dcf-43c1-9be4-d84e3430fb2e_s.png
"Dėlionė TREFL VILNIUS, 1000 detalių, 1 vnt.",8.99,https://cdn.barbora.lt/products/525e8e9a-db05-475b-a76e-2c36443f09e1_s.png
"Veido kaukė BIODERMA, 75 ml",19.75,https://cdn.barbora.lt/products/4ea1b2b6-3b52-422a-8cbf-50a083f95d72_s.png
"Akių kontūro plunksnelė MAYBELLINE TATTOO LINER 900, 1 vnt.",8.99,https://cdn.barbora.lt/products/72ce7595-ef38-475a-9bce-e2949d8bc98e_s.png
"Skystieji lūpų dažai MAYBELLINE SUPER STAY MATTE INK, Nr.120, 1 vnt.",13.49,https://cdn.barbora.lt/products/d117939d-a8f8-472f-aaa5-8a477ec8e443_s.png
Maybelline New York Super Stay Matte Ink125 skyst. lūpų dažai,13.49,https://cdn.barbora.lt/products/0128e049-63d5-4097-b758-581162a609d3_s.png
"Maskuojamasis pieštukas L´OREAL TRUE MATCH 1R/1C, 1 vnt.",11.99,https://cdn.barbora.lt/products/89bdf6f0-f2d9-4248-98a8-83cda50b5afd_s.png
"Maskuojamasis pieštukas L´OREAL TRUE MATCH 2R/2C, 1 vnt.",11.99,https://cdn.barbora.lt/products/bb7b6e4a-63c5-4b1b-bd5f-d2a6d9423d27_s.png
NIVEA CELLULAR „EXPERT LIFT” naktinis kremas,21.49,https://cdn.barbora.lt/products/34d42fac-4d21-489e-aa9f-74e66e9b5c90_s.png
"Puodų rinkinys BOLLIRE SALERNO, 6 vnt., 1 vnt.",109,https://cdn.barbora.lt/products/ba7d11fe-082c-4753-81eb-14d8f729d787_s.png
"Vaikiškas kūno aliejus JOHNSON'S BABY COTTON TOUCH, 200 ml",5.29,https://cdn.barbora.lt/products/196e5683-bf82-4845-ac49-89d92c45b248_s.png
"Maskuoklis L'OREAL INFAILLIBLE MORE THAN C,Nr.320-porcelain, 1 vnt.",13.69,https://cdn.barbora.lt/products/f6379dfb-d3a8-48b9-b00a-9aed99b36359_s.png
"Maskuoklis L'OREAL INFAILLIBLE MORE THAN CONC,Nr.322-ivory, 1 vnt.",13.69,https://cdn.barbora.lt/products/bd405bd7-f7ac-4eae-98f5-8d0bb5a9f45a_s.png
"Maskuoklis L'OREAL INFAILLIBLE MORE THAN CONCEAL,Nr.323-fawn, 1 vnt.",13.69,https://cdn.barbora.lt/products/6257a42b-a029-4596-be3a-70a1ae1f4eee_s.png
"Maskuojamasis pieštukas L'OREAL INFALLIBLE 324, 1 vnt.",13.69,https://cdn.barbora.lt/products/cfca1826-a0f2-4aaa-95e8-b0010297d6ea_s.png
"Maskuojamasis pieštukas L'OREAL INFALLIBLE 327, 1 vnt.",13.69,https://cdn.barbora.lt/products/e42e632e-cbfe-4bfb-a713-52c9bfb67d8c_s.png
"Žaidimas UNO FLIP, 1 vnt.",10.49,https://cdn.barbora.lt/products/3e4db4d6-ff33-4935-acf3-be1fb9dbd29f_s.png
LAHDE prausiklis - putos,15.99,https://cdn.barbora.lt/products/40ba2dbe-0f40-4ded-a0a3-800330f95084_s.png
"Kreminė pudra L' OREAL 1.5N, 30 ml",18.99,https://cdn.barbora.lt/products/aa1a304d-ea3b-440d-bc23-7215fb9b0102_s.png
"Kreminė pudra L' OREAL  1.R/1.C, 30 ml",18.99,https://cdn.barbora.lt/products/cb4d0a26-e0fe-4555-9880-9d7d8e5f4f48_s.png
"Intensyviai maitinantis veido kremas FILORGA NUTRI - FILLER, 50 ml",64.99,https://cdn.barbora.lt/products/65dcadcf-2dc9-437c-bd7b-7376dccd609c_s.png
"Paakių kremas FILORGA OPTIM - EYES, 15ml",42.99,https://cdn.barbora.lt/products/a355a000-511c-44b4-b399-799e44591895_s.png
"Flaneliniai vystyklai KORLĖJA, 3 vnt., 3 vnt.",10.79,https://cdn.barbora.lt/products/359cc1eb-b61b-4248-bf7a-2766ba912620_s.png
"Dažai COLOR NATURALS N°4.62 Sw.Cherry, 1 vnt.",4.99,https://cdn.barbora.lt/products/41c757e7-477c-40d9-88d0-f9289882d35b_s.png
"Valomosios veido putos WELEDA, 150 ml",15.99,https://cdn.barbora.lt/products/9e988ea8-2e53-4cb4-ba93-165e5861e7ff_s.png
"Dantų pasta COLGATE MAX WHITE CHARCOAL, 75 ml",6.49,https://cdn.barbora.lt/products/718ed8cc-f3b5-4697-a54d-f07781c04ca1_s.png
"Mot. parfumuotas vanduo BI-ES BLOSSOM ORCHID, 100 ml",11.29,https://cdn.barbora.lt/products/098e7553-e9e5-4897-ac17-224d126fd6a0_s.png
"Kompaktinė pudra MAYBELLINE FIT ME, Nr. 105-NATURAL IVORY, 9 g",11.59,https://cdn.barbora.lt/products/4e9f932c-198f-483c-b679-a74ae0fe10a7_s.png
"Veido kremas L'OREAL , 30 ml",15.49,https://cdn.barbora.lt/products/5bad5aa0-4ffc-4f12-8e90-e29f5e7f28fe_s.png
"Puodas su dangčiu 24 cm, DAILY COOK",59.99,https://cdn.barbora.lt/products/f381a7e5-2354-4174-a914-89f22035f293_s.png
Žaidimų rinkinys [GF033,39.99,https://cdn.barbora.lt/products/c7adcf59-21e1-4f35-b87e-1616d7dc96f6_s.png
"Lūpų dažai RIMMEL LASTING FINISH, Nr. 206-NUDE PINK, 1 vnt.",7.39,https://cdn.barbora.lt/products/a9161078-4e44-44c3-8d8b-b56c88d53eba_s.png
"Žvilgantis gyvūnėlis, 1 vnt.",10.99,https://cdn.barbora.lt/products/311072c5-0fb9-47a2-befc-fb30897c6bbd_s.png
"Pliušinis žaislas su funkcijomis, 1 vnt.",34.99,https://cdn.barbora.lt/products/2be83f8f-900a-47fe-b06e-689ed3cad9af_s.png
"Elektrinė vidaus girlianda, 120 LED, 1 vnt.; žvaigzdžės;220x110cm",18.99,https://cdn.barbora.lt/products/93e34d37-5ffd-4c9f-a1a9-c6126a9d3f5c_s.png
"Maskuoklis MAYBELLINE NEW YORK, 6.8 ml",12.99,https://cdn.barbora.lt/products/5b0bfa8b-807f-4763-910f-581a0e6f53b0_s.png
"Maskuoklis MAYBELLINE NEW YORK, 6.8 ml",12.99,https://cdn.barbora.lt/products/750a513c-1e0f-4b5d-9759-224976515fe2_s.png
"Maskuoklis MAYBELLINE NEW YORK, 6.8 ml",12.99,https://cdn.barbora.lt/products/5304964e-780a-4ba8-97f3-34787676f8d3_s.png
"Lūpų dažai MAYBELIINE SUPER STAY MATTE INK  Nr. 10, 1 vnt.",12.79,https://cdn.barbora.lt/products/7daa498b-bd65-4bc3-99f7-681d5776e878_s.png
"Lūpų dažai MAYBELIINE SUPER STAY MATTE INK, Nr. 25, 1 vnt.",12.79,https://cdn.barbora.lt/products/92f6a2ee-f044-4e1a-96b1-eb93a32933ae_s.png
"Plaukų dažai L'OREAL CASTING CREME GLOSS, Nr. 4102, 1 vnt.",10.59,https://cdn.barbora.lt/products/d9bdf0fd-b61f-48af-adeb-d714819e8fec_s.png
"Plaukų dažai L'OREAL CASTING CREME GLOSS, Nr. 3102, 1 vnt.",10.59,https://cdn.barbora.lt/products/19690e41-778f-41b5-9bdb-5a492953eb76_s.png
"Plaukų dažai L'OREAL CASTING CREME GLOSS, Nr. 5102, 1 vnt.",10.59,https://cdn.barbora.lt/products/92fde2c4-f0f6-4fe7-a8af-e2efd10b782d_s.png
"L'Oreal Paris Excellence Creme ilgalaikiai plaukų dažai su trejopa plaukų priežiūra, 4.15",10.99,https://cdn.barbora.lt/products/700fa41a-1da8-406d-83bd-fbbdd43a04c3_s.png
"Makiažo pagrindas L'OREAL PARIS, 1 vnt.",19.49,https://cdn.barbora.lt/products/567f2826-63fb-461e-b93b-21629db0f6c9_s.png
"Makiažo pagrindas L'OREAL PARIS, 1 vnt.",19.49,https://cdn.barbora.lt/products/41b424b5-c0ff-44bc-8bfd-f1aa580eee3f_s.png
NIVEA Q10 ANTI-WRINKLE EXTRA NOURISH kremas,18.99,https://cdn.barbora.lt/products/456abe42-4fce-4978-b019-74063b659dc3_s.png
"Dažytų plaukų balzamas SUPER SIBERICA, 400 ml",9.09,https://cdn.barbora.lt/products/82dab14c-5b69-426c-99b1-8e892929373f_s.png
"Plaukų kaukė SUPER SIBERICA, 300 ml",12.99,https://cdn.barbora.lt/products/e1ceb5db-ce71-4901-ba66-03cbaeae0ed8_s.png
"Stangrinantis dieninis kremas  FILORGA LIFT - STRUCTURE , 50 ml.",66.99,https://cdn.barbora.lt/products/ea2d2bde-93ad-4540-b888-4e780761a2f0_s.png
"Stalo žaidimas LIETUVA, 1 vnt.",26.99,https://cdn.barbora.lt/products/22094c55-4bd8-47b3-b90b-2537ab110d50_s.png
"Moteriškas tualetinis vanduo WOMEN'SECRET GOLD SEDUCT, 100 ml",24.99,https://cdn.barbora.lt/products/6c8f7b93-daf6-4756-bd0d-a97c55275727_s.png
Korokija kauleninė ,9.99,https://cdn.barbora.lt/products/1a183bc1-c763-4270-a283-1e60547b01c7_s.png
"Plaukų dažai GLISS COLOR, Nr. 3-0, 1 vnt.",8.99,https://cdn.barbora.lt/products/b54c959d-2ee4-4192-8714-e18435637d99_s.png
Plaukų dažai GLISS COLOR 8-0,8.99,https://cdn.barbora.lt/products/21cc24bf-d09d-477e-ba66-aae1d0c07e0b_s.png
Plaukų dažai GLISS COLOR 5-65,8.99,https://cdn.barbora.lt/products/52f9a987-06ce-4a78-b279-72a6c2d58a5f_s.png
"Garnier Color Naturals 3.12, šalta ruda.",4.99,https://cdn.barbora.lt/products/db57a479-9c88-42ec-96b6-dbf672cf4cdc_s.png
"Garnier Color Naturals 4.12, ledinė ruda. ",4.99,https://cdn.barbora.lt/products/9c2dd47c-5a65-47ab-8d3d-561b3422ff63_s.png
"Plaukų dažai GARNIER COLOR NATURALS, 1 vnt.",4.99,https://cdn.barbora.lt/products/31fa4e1c-31f7-494f-85d7-8b13bcf3d341_s.png
"Blakstienų tušo bazė MAX FACTOR FALSE LASH EFFECT BLUE, mėl., 13.1 ml",15.99,https://cdn.barbora.lt/products/149115c3-a20c-45d9-9b87-ae48782a1aee_s.png
"Lūpų dažai MAX FACTOR LIPFINITY, Nr. 080-STARGLOW, 4.2 ml",18.39,https://cdn.barbora.lt/products/0f41b68b-7216-4aa2-9fbd-1f9be6cfbdca_s.png
"L'Oréal Men Expert drėkinamasis, energijos suteikiantis prausiklis, 100 ml",8.39,https://cdn.barbora.lt/products/1e571f4a-1182-42ff-8251-8c210f1a5854_s.png
"Giliai valantis veido šveitiklis LUMENE su beržų sula, 75 ml",10.99,https://cdn.barbora.lt/products/c13f6f3b-af02-49f2-ba45-5487d40113fc_s.png
KIRKAS Radiance Boosting skaistinančios valomosios putos ,11.99,https://cdn.barbora.lt/products/d439e3fc-fea1-4630-8145-e23b600de0af_s.png
HERKKÄ raminantis tonikas,10.99,https://cdn.barbora.lt/products/11d21961-a02a-4089-bc99-fab706d5a910_s.png
"Purškiamas dezodorantas OLD SPICE Deep Sea, 150ml",5.29,https://cdn.barbora.lt/products/f82dca13-ee02-44de-83fe-c56331e444a3_s.png
"Plaukų dažai GLISS COLOR, Nr. 4-13, 1 vnt.",8.99,https://cdn.barbora.lt/products/0cb7c50e-8601-4807-928b-6a8b3f3c845d_s.png
"Vienkartinių įrankių rinkinys ILAJA, 1 asm.",0.49,https://cdn.barbora.lt/products/7330c3a7-b090-44ed-94c9-62c6a8d3472a_s.png
"Veido kaukė GARNIER, 1 vnt.",3.49,https://cdn.barbora.lt/products/57ab9d9a-8321-40cb-9b52-2b42de6bce3b_s.png
"Skystieji lūpų dažai MAYBELLIN , Nr.155, 1 vnt.",13.49,https://cdn.barbora.lt/products/bdf9890c-6aa3-41a8-b880-1c2dda286119_s.png
"Skystieji lūpų dažai MAYBELLINE, Nr.175, 1 vnt.",13.49,https://cdn.barbora.lt/products/50ebbb82-359a-4d0a-841b-7bf97c3ad084_s.png
"Skystieji lūpų dažai MAYBELLINE, Nr.180, 1 vnt.",13.49,https://cdn.barbora.lt/products/665940bd-bf35-426a-9628-a5018d5d8b2c_s.png
"Antakių pieštukas MAYBELLINE BROW ULTRA SLIM, 1 vnt.",9.59,https://cdn.barbora.lt/products/78b70aa2-1fe7-4125-a871-d138c7487642_s.png
"Antakių pieštukas MAYBELLINE BROW ULTRA SLIM, 1 vnt.",9.59,https://cdn.barbora.lt/products/eae7a91e-9bfb-4c54-89fd-2c1396579df5_s.png
HAS NER Šautuvas FORTNITE SMG,34.99,https://cdn.barbora.lt/products/912d96aa-e7f8-4eae-b0a7-b0fa8927bc8f_s.png
"Stalo žaidimas HASBRO GAMING GYVENIMO ŽAIDIMAS, 1 vnt.",48.99,https://cdn.barbora.lt/products/03b71272-7659-4a5b-b216-bc1830fc0161_s.png
"Alyvuogių aliejus FILIPPO BERIO su česnaku, a.r., 250 ml",4.19,https://cdn.barbora.lt/products/714f3720-c821-4b46-a1c6-12e3c1bb55c2_s.png
"Moteriškas tualetinis vanduo C-THRU HARMONY BLISS, 50 ml",13.99,https://cdn.barbora.lt/products/c26a5459-c120-4593-9b13-e14078dad48d_s.png
"Prieš raukšlinis naktinis kremas FILORGA TIME-FILLER NIGHT, 50 ml.",66.49,https://cdn.barbora.lt/products/32feb9c1-b6fa-4dd1-b9d8-ee8acee8e7d6_s.png
"Kūno šveitiklis BEAUTY JAR ALOHA, HAWAII, 200 g",4.59,https://cdn.barbora.lt/products/551bfebe-1376-4b5d-920c-93058daa0932_s.png
"Kūno šveitiklis BEAUTY JAR GREEN ORANGE, 200 g",4.59,https://cdn.barbora.lt/products/ac360e5e-46d9-4699-99b5-5e3434a8499d_s.png
"Kūno šveitiklis BEAUTY JAR FITNESS NUTS, 200 g",4.59,https://cdn.barbora.lt/products/b53b4e19-6efb-4802-9d67-1e7f35ce044a_s.png
"Elektrinis virdulys TEFAL KO250130, 1 vnt.",59.99,https://cdn.barbora.lt/products/5a954136-6a66-46a4-ba10-1681e406d045_s.png
Sulčiaspaudė TEFAL ZE370138,69.99,https://cdn.barbora.lt/products/ce7dfca1-2413-4a75-be88-c0340f456537_s.png
"Antakių serumas L'OREAL BROW ARTIST, Nr.000, besp., 1 vnt.",8.59,https://cdn.barbora.lt/products/40b626e5-3c41-4e63-bac4-edcf4ecf52ac_s.png
"Antakių tušas L'OREAL ARTIST ,105 rudas, 1 vnt.",8.59,https://cdn.barbora.lt/products/cccf436f-2b82-4bc4-a685-1451404d5fba_s.png
"Antakių tušas L'OREAL ARTIST ,108-tamsiai rudas, 1 vnt.",8.59,https://cdn.barbora.lt/products/c945b433-b9c7-4ad7-9cee-18c8e0b7c91f_s.png
"Antakių pieštukas L'OREAL BROW ARTIST ,105brun, 1 vnt.",9.99,https://cdn.barbora.lt/products/f52d7205-9442-47f9-95a8-4baac944de0d_s.png
"L’Oréal Paris Brows 24H antakių pieštukas, Ebony",9.99,https://cdn.barbora.lt/products/3a8584dc-1ca8-4331-8e3e-b6b2a43cc08f_s.png
"Blakstienų tušas L'OREAL LASH  EXTRA BLACK, 1 vnt.",16.49,https://cdn.barbora.lt/products/c8a129f0-07b9-4b2b-a88c-5d62ac339ddc_s.png
"Blakstienų tušas MAYBELLINE LASH SENSATION.BURGUNDY ROSE, 1 vnt.",13.99,https://cdn.barbora.lt/products/92ae9b30-42d5-48fe-a3e4-b4dfdfe6d2bf_s.png
"Lūpų pieštukas L'OREAL, Nr. 114, 1 vnt.",7.19,https://cdn.barbora.lt/products/65f3eb94-575e-45d3-b034-aa7db4c4ac83_s.png
"Lūpų pieštukas L'OREAL, Nr. 297, 1 vnt.",7.19,https://cdn.barbora.lt/products/c2a5ccee-4a0a-4165-a432-40ba64a01ae6_s.png
"Lūpų pieštukas L'OREAL, Nr. 362, 1 vnt.",7.19,https://cdn.barbora.lt/products/b0254bda-90ac-4baa-929e-bc9fb56a73a3_s.png
"Lūpų blizgis MAYBELLINE, Nr. 001-PEARL, 1 vnt.",11.99,https://cdn.barbora.lt/products/9fe012f2-8775-4b02-a82b-464e07f27330_s.png
"Lūpų blizgis MAYBELLINE, Nr. 003-MOON, 1 vnt.",11.99,https://cdn.barbora.lt/products/6de2f141-399f-4b8f-917c-45a7591a0319_s.png
"Lūpų blizgis MAYBELLINE, Nr. 005-PETAL, 1 vnt.",11.99,https://cdn.barbora.lt/products/df215115-242a-45d9-b947-1fcdb9f5ca7b_s.png
"Maybelline New York 008 Stone, lūpų blizgis, 5 ml",11.99,https://cdn.barbora.lt/products/e2141367-c64d-4922-adb1-6678b7af2640_s.png
"Dirbtinė eglė [Carolina spruce, 180cm",119.99,https://cdn.barbora.lt/products/a9f6622e-d425-445f-90e1-8b4e8b4fec7a_s.png
"Kortos UNO HARRY POTTER, 1 vnt.",10.99,https://cdn.barbora.lt/products/ce087dd1-1b06-4c5e-8fd1-260ccf586966_s.png
Kvepalų labaratorija 50547,26.99,https://cdn.barbora.lt/products/00e03d3f-ca78-4707-b638-f4e3baadcf52_s.png
"Veido balzamas NEUTROGENA HYDRO BOOST, 50ml",19.99,https://cdn.barbora.lt/products/053361ac-f63c-4c47-8530-0f54546ce0d5_s.png
"Blizgantis šlykštukas SLIMY, 1 vnt.",5.99,https://cdn.barbora.lt/products/25a3ad4b-824f-424c-bec8-f1531fefb1cf_s.png
"Elektrinio dantų šepetėlio galvutės JORDAN SENSITIVE, 2 vnt.",14.99,https://cdn.barbora.lt/products/e1d53082-3da7-4fae-bcf8-cc07d2ddb917_s.png
MARGARITA SENSITIVE SKIN raminamasis veido kremas su beržų sula ir vaistažolių ekstraktais 50 ml,7.99,https://cdn.barbora.lt/products/dd3a7968-e0d8-48fd-b294-228030b3287d_s.png
Muilo laboratorija,25.99,https://cdn.barbora.lt/products/2f30560d-cf86-41ac-88f8-666f7b491fe4_s.png
"Akių šešėlių paletė MAX FACTOR COLOR XPERT SOFT TOUCH,Nr.004, 1 vnt.",18.89,https://cdn.barbora.lt/products/6942473d-99c8-4cc9-8079-59049d31affa_s.png
"Akių šešėlių paletė MAX FACTOR COLOR XPERT SOFT TOUCH,Nr.005, 1 vnt.",18.89,https://cdn.barbora.lt/products/93251636-ab7c-4fdf-87be-93c7aafa47d3_s.png
"Matinė veido pudra MAX FACTOR FACEFINITY BRONZER, Nr. 001, 10 g",15.49,https://cdn.barbora.lt/products/a515e489-bda3-4306-bcf9-b35dd8edea39_s.png
"Švytėjimo suteikianti pudra MAX FACTOR FACEFINITY H.Nr.002, 8 g",15.59,https://cdn.barbora.lt/products/e1b1426b-9b92-4bf4-bc6b-fa7345a928c0_s.png
"Švytėjimo suteikiantis veido kremas FILORGA OXYGEN-GLOW , 50 ml",41.99,https://cdn.barbora.lt/products/2486e2bf-29cd-4f22-8c86-38e247c3e496_s.png
"Veido valymo gelis NATURA SIBERICA OBPLEPIKHA, 145 ml",6.59,https://cdn.barbora.lt/products/dae350ab-9cbc-456b-9222-bc58dfc4c6b1_s.png
"Paakių kremas NATURA SIBERICA OBPLEPIKHA, 30 ml",6.59,https://cdn.barbora.lt/products/81ca5c18-d83a-439c-bdac-696c3edea728_s.png
"Šampano taurės RCR MELODIA,6 vnt.,160 ml",45.99,https://cdn.barbora.lt/products/a5f57258-e98c-4e0b-b63c-ae7d8722f8ea_s.png
"Viskio taurės RCR MELODIA, 6 vnt.,310 ml",29.99,https://cdn.barbora.lt/products/be03ea81-3672-4088-9ff3-50886375db41_s.png
"Blakstienų tušas L'OREAL, juodas, 1 vnt.",16.59,https://cdn.barbora.lt/products/cfc9f9e4-a6b5-4f09-b482-ce17e5053deb_s.png
"Lūpų dažai L'OREAL, Nr. 632, GREIGE AMOUREUX, 1 vnt.",13.99,https://cdn.barbora.lt/products/02bec04d-d35f-4414-a05a-5e3e286cfad9_s.png
"Skystieji lūpų dažai MAYBELLINE , Nr. 80, 1 vnt.",13.49,https://cdn.barbora.lt/products/a6e39829-0213-449b-908d-3292b2b92663_s.png
"BIC Flex 5 vyriški vienkartiniai skustuvai 3vnt.
",6.59,https://cdn.barbora.lt/products/de7e5dca-404f-4450-9037-4d97a6aeebaf_s.png
"Žaidimas TREFL PAW PATROL, 1 vnt.",12.99,https://cdn.barbora.lt/products/60b5a520-4960-4096-b21c-2c7133e29819_s.png
"Naktinis veido serumas L'OREAL, 30 ml",24.49,https://cdn.barbora.lt/products/6ff35d2b-9139-40c0-a6b2-1f69f18fe50d_s.png
"Lūpų blizgis RIMMEL OH MY GLOSS, Nr. 100, 6.5 g",8.89,https://cdn.barbora.lt/products/880ddd0b-07f3-4673-84f0-fc0a42e47d76_s.png
"Raudonojo vyno taurės RCR MELODIA,270ml",45.99,https://cdn.barbora.lt/products/26177026-d850-40dc-a8ca-ea2d3d22041a_s.png
"Vyriškas sisteminis skustuvas BIC FLEX3EASY HYBRID, 4 galv., 1 vnt.",5.29,https://cdn.barbora.lt/products/da953879-a646-4496-a1cc-deebbf0327f5_s.png
NIVEA MEN losjonas po skutimosi FRESH KICK,11.99,https://cdn.barbora.lt/products/2e6f2962-942a-4526-8f77-4e403167601c_s.png
"Moteriškas sisteminis skustuvas BIC CLICK3SOL.SENS., 2 galv., 1 vnt.",3.49,https://cdn.barbora.lt/products/94126102-1bd3-4137-a5a7-401632656af7_s.png
"Veido šveitiklis NEUTROGENA CLEAR&DEFEND, 150 ml",8.45,https://cdn.barbora.lt/products/467c8649-b6ef-4a0e-84bf-38c18682280b_s.png
"Pliušinis žaislas PAW PATROL, 1 vnt.",17.99,https://cdn.barbora.lt/products/2f0aeee0-1cb0-4639-8eba-1fbfa9258a41_s.png
"Transporto priemonė HOT WHEELS RYKLYS, 1 vnt.",32.99,https://cdn.barbora.lt/products/941710a8-2d64-4a36-ac87-d3fb204c9da1_s.png
"Žaidimų konsolė FISHER PRICE, 1 vnt.",31.99,https://cdn.barbora.lt/products/f673de8d-b943-4c68-baf9-fc730783babc_s.png
"Antklodė DORMEO ALOE VERA LIGHT (200 x 200 cm), 1 vnt.",69.99,https://cdn.barbora.lt/products/fd1ce7cd-b3f5-4e38-a9e5-060a8a381067_s.png
"Pagalvės ir antklodės rinkinys DORMEO SIENA (200 x 200 cm), 1 vnt.",119.99,https://cdn.barbora.lt/products/d1a8e5d0-882b-42f1-9540-d963e5993519_s.png
Dubenėlis AURORA PEARL CLASSIC DARK 20cm,5.49,https://cdn.barbora.lt/products/37ab45c2-005f-40a3-98c4-f8064da08779_s.png
Puodelis AURORA PEARL CLASSIC DARK 240ml,4.49,https://cdn.barbora.lt/products/dcb4a45b-0c3c-45ad-a104-2bb2f4ee7632_s.png
NORDIC BLOOM [LUMO] drėkinantis serumas,34.99,https://cdn.barbora.lt/products/aa9affe2-da2f-49db-9f35-f90facd43ac1_s.png
"Drėkinamasis paakių kremas LUMENE NORDIC BLOOM, 15 ml",29.99,https://cdn.barbora.lt/products/79a5dd9a-76b3-4a85-81db-a303b8e18351_s.png
"Garnier Fructis Goodbye Damage nenuplaunamasis kremas, 400 ml",8.29,https://cdn.barbora.lt/products/f516645d-d185-4149-83d9-00f82bee9bc1_s.png
"Moteriškas tualetinis vanduo B.U.HIDDEN PARADISE, 50 ml",12.99,https://cdn.barbora.lt/products/f91b27ec-16e0-4269-9a82-7b95a814ceeb_s.png
4M Vaikiška laboratorija: velociraptoriaus skeletas,16.99,https://cdn.barbora.lt/products/770fe9a0-1988-4c79-a268-479269801d59_s.png
"Blakstienų tušas MAX FACTOR FALSE LASH EFFECT CLUMP DEFY, 13.1 ml",20.19,https://cdn.barbora.lt/products/c68d5644-e79e-4b9b-8636-83629062a0ad_s.png
"Švytėjimo suteikianti pudra RIMMEL POWDER HIGH'LIGHT, Nr.001, 8 ml",13.49,https://cdn.barbora.lt/products/7c20c25a-3722-46e2-957c-8cbd583204b8_s.png
"Švytėjimo suteikianti pudra RIMMEL POWDER HIGH'LIGHT, Nr.002, 8 ml",13.49,https://cdn.barbora.lt/products/e83c6290-fcc9-4751-924a-c0bb1307c253_s.png
"Akių pieštukas RIMMEL SCANDAL'EYES DEFINER, Nr. 001, 0.35 g",6.39,https://cdn.barbora.lt/products/c6ea07c6-d1bb-4719-92a8-29e1dde8412c_s.png
"Akių pieštukas RIMMEL SCANDAL'EYES DEFINER, Nr. 006, 0.35 g",6.39,https://cdn.barbora.lt/products/65cab0a5-6b65-46f1-a1f0-4bb3cbb91a24_s.png
"Lūpų blizgis L'OREAL, Nr. 412, 7 ml",10.99,https://cdn.barbora.lt/products/0b3c90c8-b6a7-46c0-b3d2-07a9f2671c31_s.png
L’Oréal Paris  408 Accentuate lūpų blizgesys,10.99,https://cdn.barbora.lt/products/d0cf31fe-9fbd-46ea-a1cc-4f5979c2979e_s.png
"Lūpų blizgis L'OREAL, Nr. 406, 7 ml",10.99,https://cdn.barbora.lt/products/bbd50386-36f1-4a86-92b1-6149f7ffd218_s.png
"L'Oréal Paris Color Riche Les Nus lūpų dažai, 173 Impertine",13.99,https://cdn.barbora.lt/products/9c6a62e6-652e-42bc-ac70-a44da18ef0bb_s.png
"L'Oréal Paris Color Riche Les Nus lūpų dažai, 174 Insoucian",13.99,https://cdn.barbora.lt/products/94f2c38f-6902-43b1-afa2-169bb03c3342_s.png
KILIG VITAMIN BOMB veido serumas su vitaminų kompleksu 30 ml,13.99,https://cdn.barbora.lt/products/89648626-fa25-47df-b539-7387cc0ef7cc_s.png
Kristalų auginimo rinkinys 50369BL,19.99,https://cdn.barbora.lt/products/6a64a3ec-61fb-4742-8b5f-ccaf0fef6925_s.png
"Moteriškas sisteminis skustuvas WILKINSON INTUTION COMPLETE, 1 vnt.",13.79,https://cdn.barbora.lt/products/c2a8fec6-408a-4480-b82a-92b64a7cddcc_s.png
"Elektrinis virdulys TEFAL LOFT, 1 vnt.",59.99,https://cdn.barbora.lt/products/f0dd131b-6924-4bba-b52f-9864b3771394_s.png
Kokteilinė HENSKE BL1013-GS,54.99,https://cdn.barbora.lt/products/05d2c591-0d98-4731-9f22-e6a90500e117_s.png
ICE PROFESSIONAL Keep My Blonde Šampūnas šviesiems plaukams šalinantis geltonus  atspalvius 250ml,9.29,https://cdn.barbora.lt/products/cdb16e60-de2d-49e6-a379-46c900816e07_s.png
ICE PROFESSIONAL Keep My Blonde Kondicionierius šviesiems plaukams šalinantis geltonus  atspalvius 250ml,9.29,https://cdn.barbora.lt/products/78fe5d7b-58db-4ccd-aae7-0a7dc2867dc6_s.png
"Elektrinė girlianda, 180 LED, 1 vnt., rožinė/auksinė",14.99,https://cdn.barbora.lt/products/845b7032-3f4f-4ac3-b560-ac0321a8de49_s.png
"Elektrinė girlianda, veikianti su baterijomis, 120 LED, 1 vnt.",5.99,https://cdn.barbora.lt/products/1210f0b8-2f9f-4ba1-a450-179cbc6b5a56_s.png
"Elektrinė girlianda, veikianti su baterijomis, 480 LED, 1 vnt., cold white",19.99,https://cdn.barbora.lt/products/6f2af4fe-801c-460a-9761-e1fe0eba4526_s.png
"Lūpų balzamas COCA COLA, 7.4 g",4.99,https://cdn.barbora.lt/products/f1dd4627-d45c-4bb4-ace7-169e491782a7_s.png
"Veido kremas GARNIER BB , 50 ml",11.59,https://cdn.barbora.lt/products/2bd3b64d-32c6-49a9-8eb1-d193e3fa08a5_s.png
"Veido kremas GARNIER BB, 50 ml",11.59,https://cdn.barbora.lt/products/45ed81d1-598c-49ac-bd9e-7535bb604d6e_s.png
"Plaukų dažai L'OREAL CASTING CREME GLOSS, Nr. 418, 1 vnt.",10.59,https://cdn.barbora.lt/products/9e48e5ef-b436-482a-a300-76bf84855137_s.png
"LUMENE PUHDAS tonikas, 400 ml",12.99,https://cdn.barbora.lt/products/35cdaf8b-f77b-4205-bb89-b868a0053f8f_s.png
Dirbtinė eglė 180cm,89.99,https://cdn.barbora.lt/products/008b769e-603b-4970-b51b-19a131cc61bd_s.png
SANTOKU peilis FISKARS FUNCTIONAL FORM,28.99,https://cdn.barbora.lt/products/f41ecbbc-23f8-445a-8d57-a17226055ca1_s.png
"Česnakų spaustukas FUNCTIONAL FORM, 1 vnt.",21.99,https://cdn.barbora.lt/products/31549d5b-d8e6-47a5-a7af-9ec85973815f_s.png
"Antakių pieštukas MAYBELLINE EXPRESS BROW SATINE DUO, Nr. 04, 1 vnt.",11.99,https://cdn.barbora.lt/products/05fce816-9d43-4f6d-941e-6544bce441f1_s.png
"Antakių pieštukas MAYBELLINE EXPRESS BROW SATINE DUO, Nr. 05, 1 vnt.",11.99,https://cdn.barbora.lt/products/79f35ddb-da84-4238-b44f-0c82a8bd5bd3_s.png
"Puodelis LUMINARC GRAND CENTRAL, 250 ml",2.49,https://cdn.barbora.lt/products/ce3e8ec5-0c24-47a1-b51d-b137d51e0ec6_s.png
"Rankinis maišytuvas HENSKE HM730A, 1 vnt.",28.99,https://cdn.barbora.lt/products/87ad46c0-2b1f-448f-9186-a817fcbdc321_s.png
Rankinis maišytuvas HESNKE DZ805B ,39.99,https://cdn.barbora.lt/products/97cf5c6c-4f5f-4077-9ba8-8726de1faf8d_s.png
Viskio taurės RCR Etna 330 ml 6 vnt.,35.99,https://cdn.barbora.lt/products/a4b3c6ec-4284-42cb-b472-289f4aa9e1cb_s.png
"Raudono Vyno taurės RCR Etna 280 ml, 6 vnt.",47.99,https://cdn.barbora.lt/products/fbeb828f-6257-46e4-9385-f192c526d1bf_s.png
Šampano taurės RCR ETNA 190 ml 6 vnt.,47.99,https://cdn.barbora.lt/products/a9030734-9d5c-4274-9d8e-61b8e943edc8_s.png
MARGARITA MOIST & MINERALS drėkinamasis veido serumas su mineraliniu vandeniu „Birutė“ 30 ml,12.99,https://cdn.barbora.lt/products/3531cab3-2066-4bb5-81cc-8a42a8dbb323_s.png
Stiklinės AURORA GAJA 260 ml 4 vnt.,9.99,https://cdn.barbora.lt/products/21841568-db59-48be-9d19-93be0b958c0c_s.png
"Stalo žaidimas LAŽINKIMĖS? IŠŠŪKIS, 1 vnt.",15.99,https://cdn.barbora.lt/products/3ffecac8-98ef-43d8-9588-50b9f7de2381_s.png
"Garnier Color Naturals 112, antarktinė sidabrinė blondinė. ",4.99,https://cdn.barbora.lt/products/3b331856-7884-417c-b15d-f592c83058b6_s.png
 Plaukų džiovintuvas PHILIPS BHD500/00,49.99,https://cdn.barbora.lt/products/a61bb900-ed42-4353-8941-ee8b4d6dfeb3_s.png
"Rankinis maišytuvas TEFAL TURBOMIX,350 W",44.99,https://cdn.barbora.lt/products/11d82e07-fd57-4d58-b47f-2d116c779af7_s.png
"Didelis virėjo peilis FISKARS, 1 vnt.",30.99,https://cdn.barbora.lt/products/f4edd55c-485c-45cb-b92d-fc3fc9068608_s.png
Vidutinio dydžio virėjo peilis FISKARS,27.99,https://cdn.barbora.lt/products/27e83dc9-c09c-4657-9de9-cf80a57a2e8c_s.png
"Virėjo peilis FISKARS, 1 vnt.",19.99,https://cdn.barbora.lt/products/ba70d182-b2b3-42c9-bbd6-d6eedffc28cc_s.png
"Veido tonikas PHARMA OIL WONDER, 100 ml",12.99,https://cdn.barbora.lt/products/d7a58ff9-6ff4-47fa-9f37-57a7ddddc388_s.png
Plaktuvas TEFAL HT450B38,49.99,https://cdn.barbora.lt/products/dd0c0940-a921-4887-9c0b-c5fa539d776b_s.png
Stalo žaidimas Kakės makės Lenktynės,27.99,https://cdn.barbora.lt/products/dc720628-6309-4b5a-a953-43f337d3bf7f_s.png
"Dantų pasta BIOREPAIR GUM PROTECTION, 75 ml	",7.29,https://cdn.barbora.lt/products/30bc511c-f1c9-4dad-b61f-f30d337dc2a2_s.png
"Blakstienų tušas L'OREAL VOLUME  BALM NOIR, j., 9 ml",17.19,https://cdn.barbora.lt/products/4e450ba8-8817-4a47-895d-0b45750bfda7_s.png
"Akių šešėlių paletė MAX FACTOR MASTERPIECE CAPPUCCINO NUDES, 6.5 g",24.49,https://cdn.barbora.lt/products/4bf43349-5aff-4794-9260-159f10e1d508_s.png
"Veido serumas GARNIER , 30 ml",16.99,https://cdn.barbora.lt/products/2f5cf354-2f2b-4b5f-affd-f8e94816dc09_s.png
"Paakių serumas L'OREAL REVITALIFT FILLER, 20 ml",22.99,https://cdn.barbora.lt/products/18657a77-7d6f-4159-8dc9-d7bbf8e8bb61_s.png
L'Oréal Paris Excellence Plauku dažai Universal Nudes BLACK 1U,10.99,https://cdn.barbora.lt/products/3a67028b-51b2-4e7d-bf82-dcc62e3e6cb1_s.png
L'Oréal Paris Excellence Plauku dažai Universal Nudes  DRK BR 3U,10.99,https://cdn.barbora.lt/products/9bdc10e0-4460-48b5-9f40-fc7c3cee1642_s.png
"Plaukų dažai L'OREAL EXCELLENCE UNIVERSAL NUDES, Nr. 4U, 1 vnt.",10.99,https://cdn.barbora.lt/products/2ac12ace-d3fd-47ac-8a54-c95e195dc494_s.png
"Plaukų dažai L'OREAL EXCELLENCE UNIVERSAL NUDES, Nr. 6U, 1 vnt.",10.99,https://cdn.barbora.lt/products/e09fd70f-c503-4e9c-b1ad-525d5648a38b_s.png
"Plaukų dažai L'OREAL EXCELLENCE UNIVERSAL NUDES, Nr. 7U, 1 vnt.",10.99,https://cdn.barbora.lt/products/7d8abca1-6685-40e3-90aa-760ed7648f16_s.png
L'Oréal Paris Excellence Plauku dažai Universal Nudes  LT BLONDE 8U,10.99,https://cdn.barbora.lt/products/ec7c8ba8-d952-48cb-a5ab-70f5b9bdfa58_s.png
L'Oréal Paris Excellence Plauku dažai Universal Nudes  VLT BLOND 9U,10.99,https://cdn.barbora.lt/products/eee6eeea-dce4-439e-9395-03e24b91b209_s.png
"Vyriškas sisteminis skustuvas WILKINSON HYDRO5 SENSITIVE, 1 vnt.",11.59,https://cdn.barbora.lt/products/5a657017-3fa9-4ea7-a2b1-7fdbb78f8d7f_s.png
"Makiažo pagrindas MAX FACTOR MIRACLE PURE, Nr. 45, 30 ml",21.79,https://cdn.barbora.lt/products/2900abb5-0492-45f3-93c2-3697fd52946d_s.png
"Makiažo pagrindas MAX FACTOR MIRACLE PURE, Nr. 50, 30 ml",21.79,https://cdn.barbora.lt/products/16e7703d-03b8-4fe1-930c-234ee7ecefc7_s.png
"Makiažo pagrindas MAX FACTOR MIRACLE PURE, Nr. 75, 30 ml",21.79,https://cdn.barbora.lt/products/b66c9931-4b6b-45bb-8b34-051484a0340e_s.png
"Kompaktinė pudra MAX FACTOR CREME PUFF, Nr. 75, 21 g",11.89,https://cdn.barbora.lt/products/4476242b-d3f2-4329-a298-a4129b9ca366_s.png
"Burnos skalavimo skystis LISTERINE NATURAL GUM PROTECTION, 500 ml",8.49,https://cdn.barbora.lt/products/2bd1b832-6481-4ba5-84df-e32bc0468c4a_s.png
"Vyriškas tualetinis vanduo NIKE URBANITE WOODY, 75 ml",14.99,https://cdn.barbora.lt/products/7688e5fa-85ce-4673-be7f-3e1c8277f7f0_s.png
"Vyriškas parfumuotas vanduo ARSENAL GOLD, 100 ml",22.99,https://cdn.barbora.lt/products/a075a5b3-938d-4609-b219-fe1ecf8bca14_s.png
"Moteriškas parfumuotas vanduo LPDO DELIRE ROUGE, 100 ml",24.9,https://cdn.barbora.lt/products/bee865a2-4136-4e1a-81c3-bd1493fa39b3_s.png
"Purškiamas dezodorantas OLD SPICE Whitewater, 250ml",7.79,https://cdn.barbora.lt/products/4d6845ce-1ffb-4f01-a966-019a86908dd4_s.png
Dubenėlis AURORA PEARL SOHO DARK 22 cm,6.99,https://cdn.barbora.lt/products/7821e05a-2046-416e-ad93-de479ac8e90d_s.png
Dubuo AURORA PEARL CLASSIC GREEN 20 cm,5.49,https://cdn.barbora.lt/products/555ce793-f5c9-4584-8f5c-ddbe9974237f_s.png
Dubenėlis AURORA ATLANTIS 25 cm,9.99,https://cdn.barbora.lt/products/afb82cf9-8e69-40d4-81cd-9178562283ff_s.png
Lėkštė makaronams AURORA PEARL DARK 27cm,9.99,https://cdn.barbora.lt/products/9fccb43a-5b7d-4e79-8f18-b3b60f45300b_s.png
Dubenėlis AURORA PEARL SOHO CREAM 17 cm,6.99,https://cdn.barbora.lt/products/09410413-73f9-41ae-82d5-9d50ffc71c82_s.png
"Jūrų dumblių aštrios salotos, 350 g",2.59,https://cdn.barbora.lt/products/81170915-383a-4629-a752-49c71cbd3749_s.png
"Rinkinys ENCHANTIMALS, 1 vnt.",17.99,https://cdn.barbora.lt/products/1bae9d4b-0f87-4cd7-823d-17621e4effc8_s.png
"Stalo žaidimas MATTEL GAMES BLOKUS, 1 vnt.",36.99,https://cdn.barbora.lt/products/e3f95da2-51d1-45ae-8199-430a3776bc5e_s.png
"Žaislinis garvežiukas THOMAS & FRIENDS, 1 vnt.",6.99,https://cdn.barbora.lt/products/60c09cbb-9ac4-4838-822b-df2a7cb201ed_s.png
"Lėkštė PAMPILLE CLEAR, 19 cm",3.99,https://cdn.barbora.lt/products/45aa3b98-3e05-46c6-861c-b0d89b083d6a_s.png
"Lėkštė PAMPILLE CLEAR, 24 cm",4.49,https://cdn.barbora.lt/products/7f7e592e-580d-4085-bee8-131154ff6059_s.png
"Dažom. plaukų kremas PALETTE INTENSIVE COLOR CREM, Nr. 8-21, 1 vnt.",5.49,https://cdn.barbora.lt/products/85a0dbd3-3c59-4838-a082-c8037857bcd4_s.png
"Skutimosi gelis GILLETTE SERIES CLEANSING, 200 ml",5.99,https://cdn.barbora.lt/products/9190cd10-4866-4eb2-b78b-cc3332f2658e_s.png
Plaukų dažai SYOSS OLEO INTENSE 3-33,9.49,https://cdn.barbora.lt/products/07a25221-c33c-4140-b550-489a18b0705d_s.png
"Makiažo pagrindas-kompaktinė pudra L'OREAL INFAILL.24H,Nr.20, 9 g",19.99,https://cdn.barbora.lt/products/c52819ce-4d96-49ad-bf1b-40cc8b4f4ed9_s.png
"Makiažo pagrindas-kompaktinė pudra L'OREAL INF.24H, Nr.120, 9 g",19.99,https://cdn.barbora.lt/products/67dd147b-5508-4aaa-bcc7-2d8cc0917f72_s.png
"Makiažo pagrindas-kompaktinė pudra L'OREAL INF.24H, Nr.130, 9 g",19.99,https://cdn.barbora.lt/products/0609c626-cdf0-4647-a5ef-a9335f2a3ce0_s.png
"Makiažo pagrindas-kompaktinė pudra L'OREAL INF.24H, Nr.140, 9 g",19.99,https://cdn.barbora.lt/products/2e81dc9d-8a9b-44a5-81f6-a87a7bcdaa93_s.png
"Makiažo pagrindas L'OREAL TRUE MATCH NUDE, Nr. 0.5-2, 30 ml",21.99,https://cdn.barbora.lt/products/cb4f251a-470b-4c58-85f1-9f7871f9ba0b_s.png
"Makiažo pagrindas L'OREAL TRUE MATCH NUDE, Nr. 2-3, 30 ml",21.99,https://cdn.barbora.lt/products/a2bc732b-5270-4a08-8724-4c88d12f5406_s.png
"Makiažo pagrindas L'OREAL TRUE MATCH NUDE, Nr. 3-4, 30 ml",21.99,https://cdn.barbora.lt/products/2360d4ff-222e-457a-b678-2206bec605cf_s.png
L'Oréal Paris Color Riche Glow Paradise lūpų daž.351 WATERMELON DREAM,13.99,https://cdn.barbora.lt/products/e26a7d12-4284-4e9d-b1cd-80161e9dfe86_s.png
"Lūpų dažai L'OREAL COLOR RICHE GLOW PARADISE, Nr. 193, 3.8 g",13.99,https://cdn.barbora.lt/products/2d063594-918d-478b-a905-c0237f10c593_s.png
"Plaukų dažai SYOSS COLOR GLOW PLATINUM, 100 ml",8.99,https://cdn.barbora.lt/products/7e0b55b3-ca23-4d8f-8f97-6c386f0cdcb3_s.png
"Plaukų dažai SYOSS COLOR GLOW DEEP BRUNETTE, 100 ml",8.99,https://cdn.barbora.lt/products/0fcff7b8-1463-405c-bfd0-84adaad97951_s.png
Plauk.daž.SYOSS COLOR GLOW COOL BRUNETTE,8.99,https://cdn.barbora.lt/products/5be71f1b-aa7d-4dfd-8c24-d1e5797ce2a2_s.png
Plaukų dažai GLISS COLOR 10-0,8.99,https://cdn.barbora.lt/products/1f8fceaa-a81c-4df2-94d6-7fcba5df3c3d_s.png
"Blakstienų tušas L'OREAL AIR VOLUME 30H MEGA BLACK, 9.4 ml",16.59,https://cdn.barbora.lt/products/6f8a21b9-35f0-4fd2-83bc-7aad92045125_s.png
"Vandeniui atsparus blakstienų tušas L'OREAL AIR VOLUME MEGA, 7.9 ml",16.59,https://cdn.barbora.lt/products/17cdd374-6040-4be8-82b8-08b439448017_s.png
"Blakstienų tušas L'OREAL VOLUME BALM BROWN,rud., 8.6 ml",17.19,https://cdn.barbora.lt/products/8fd42fa5-8c91-4c5c-89b5-5d2036a1c1b1_s.png
"Vyriškas purškiamasis dezodorantas GARNIER MEN INVISIBLE, 150 ml",4.55,https://cdn.barbora.lt/products/e769e5b9-e70f-4138-853c-fdf9c7df497e_s.png
Plauk.daž.SYOSS COLOR GLOW TONER COPPER,8.99,https://cdn.barbora.lt/products/00fcc5a5-e0a6-4525-abad-d67f1870a041_s.png
"Lėtai virti marinuoti KREKENAVOS kiaulienos šonkauliai, 1 kg",8.49,https://cdn.barbora.lt/products/326cd3ad-acb6-48a7-aab4-528227d1d7fa_s.png
Dirbtinė eglutė su balt.šak.[150cm,79.99,https://cdn.barbora.lt/products/e15ced73-210b-4338-be1e-db253d52d330_s.png
Kaledinis vainikas,19.99,https://cdn.barbora.lt/products/4f835ca1-e1e6-4343-8d00-bcaf53ca13a4_s.png
"Dirbtinė eglutė baltomis šakomis, 1 vnt., 180 cm",99.99,https://cdn.barbora.lt/products/4129f0a4-0813-4127-915b-044f3d5d2822_s.png
"Dirbtinė eglutė baltomis šakomis, 1 vnt., 220cm",129,https://cdn.barbora.lt/products/aac1dc34-f547-42e1-a8d9-065a4d724217_s.png
"Lūpų dažai MAYBELLINE SUPER STAY VINYL INK, Nr. 15, 1 vnt.",13.49,https://cdn.barbora.lt/products/e820f751-04b1-4061-b0e1-da273c7e7629_s.png
"Lūpų dažai MAYBELLINE SUPER STAY VINYL INK, Nr. 20, 1 vnt.",13.49,https://cdn.barbora.lt/products/86605a73-3b0f-4146-afdd-db7cc444fe28_s.png
"Lūpų dažai MAYBELLINE SUPER STAY VINYL INK, Nr. 35, 1 vnt.",13.49,https://cdn.barbora.lt/products/fbdfcbf0-b8e9-4048-8bcd-f7dbf993e569_s.png
"Kūno losjonas VIVIAN GRAY GREY CRYSTALS, 250 ml",7.49,https://cdn.barbora.lt/products/7839d0b8-bf28-4b48-a126-7bae49705384_s.png
"Micelinis vanduo GARNIER , 400 ml",9.99,https://cdn.barbora.lt/products/71294770-e0e9-431c-b20a-d78cfecd55cf_s.png
"Kūno losjonas VIVIAN GRAY WHITE CRYSTALS, 250 ml",7.49,https://cdn.barbora.lt/products/37fc2348-6409-4c3b-ba20-1be21b45a158_s.png
"Kūno losjonas VIVIAN GRAY BROWN CRYSTALS, 250 ml",7.49,https://cdn.barbora.lt/products/cb1e986d-75bb-44ff-828a-3fd7364965fd_s.png
MARGARITA veido prausimosi putos su ramunėlių ir medetkų ekstraktais 150 ml,6.35,https://cdn.barbora.lt/products/26c65331-43ef-432c-878b-fd8e6b5a9033_s.png
"Veido serumas NEUTROGENA RETINOL BOOST, 30 ml",23.99,https://cdn.barbora.lt/products/f0cc0c77-6e1b-424e-9f17-d7b5b3499741_s.png
"Skutimosi gelis Mach3 Extra Comfort, 200+40 ml",5.79,https://cdn.barbora.lt/products/96ca547b-9a0c-40a2-8adf-40c0339d1c45_s.png
"Lakštinė paakių kaukė GARNIER SKIN, 1 vnt.",2.59,https://cdn.barbora.lt/products/eb2507b5-6fc2-4170-a6c9-2ce91053455d_s.png
NIVEA LUMINOUS 630® ANTISPOT serumas,22.99,https://cdn.barbora.lt/products/dac41ba7-9292-4a8c-a27b-86b62b7a9ed7_s.png
"Lėlė FOXTER, 1 vnt.",8.99,https://cdn.barbora.lt/products/e5a45809-825d-466d-afb8-c4002b116ad7_s.png
"Plaukų balzamas GARNIER BOTANIC THERAPY , 200 ml",4.99,https://cdn.barbora.lt/products/96232883-ea31-4038-86e7-00d2ca16be24_s.png
"Veido serumas NEUTROGENA CLEAR&DEFEND, 30 ml",10.99,https://cdn.barbora.lt/products/c6ad1c92-437f-4cd7-98ff-4018ecde77ad_s.png
"Elektrinis dantų šepetėlis JORDAN CLEAN SMILE su dėklu, 1 vnt.",32.99,https://cdn.barbora.lt/products/987197ef-152e-4503-a0f0-149e46b69ed9_s.png
"Antakių tušas MAYBELLINE EXPRESS BROW SCULPT, Nr. 10, 1 vnt.",11.99,https://cdn.barbora.lt/products/084d5877-c506-477d-9345-073ecd637501_s.png
"Stalo žaidimas TACTIC WORD BINGO, 1 vnt.",27.99,https://cdn.barbora.lt/products/b54306f7-87f5-4d3f-9c3e-45f2feaaad03_s.png
"Stalo žaidimas TACTIC IKNOW, 1 vnt.",43.99,https://cdn.barbora.lt/products/9e5136eb-0833-4eae-82ce-ebe097d676f4_s.png
"Antakių tušas MAYBELLINE EXPRESS BROW SCULPT, Nr. 10, 1 vnt.",11.99,https://cdn.barbora.lt/products/084d5877-c506-477d-9345-073ecd637501_s.png
"Stalo žaidimas TACTIC WORD BINGO, 1 vnt.",27.99,https://cdn.barbora.lt/products/b54306f7-87f5-4d3f-9c3e-45f2feaaad03_s.png
"Stalo žaidimas TACTIC IKNOW, 1 vnt.",43.99,https://cdn.barbora.lt/products/9e5136eb-0833-4eae-82ce-ebe097d676f4_s.png
"Dėlionė TREFL TRAKAI, 1000 detalių, 1 vnt.",8.99,https://cdn.barbora.lt/products/5c004f7e-4f09-458d-b329-8e4ccf7769b5_s.png
" Termosas UNIWELL, 1800 ml",26.99,https://cdn.barbora.lt/products/b79db8bf-ea66-4f15-bfac-0226a96dbc11_s.png
"Lėkštė ILAJA SIMPLE, 24 cm",2.49,https://cdn.barbora.lt/products/da42a42d-fe7c-4c0f-b653-85fa3862f301_s.png
"Lėkštė ILAJA SIMPLE, 19 cm",1.99,https://cdn.barbora.lt/products/140a9005-2f2b-4152-8e05-dcfaeef9e41c_s.png
"NEBULOUS STARS užrašų knygutė Deluxe, balta, 1 vnt.",11.99,https://cdn.barbora.lt/products/78e549c6-b66b-456d-a629-17dbb8eb9922_s.png
"Šunų petnešos LOVETT, 45-60 cm, 1 vnt.",14.99,https://cdn.barbora.lt/products/4b7a475c-e611-4f48-adcb-f90185678bfd_s.png
"Gyvūnų antkaklis LOVETT, 15 mm x 25-40 cm, 1 vnt.",1.99,https://cdn.barbora.lt/products/a47fa4af-26fd-4140-b3da-b2b9f1c46e6f_s.png
"Gyvūnų antkaklis, 20MMx35-50CM, A-1056",2.99,https://cdn.barbora.lt/products/de2a6d44-c669-4c4e-ba3c-7dae5d023da5_s.png
"Gyvūnų pavadėlis LOVETT, 25 mm x 1,2 m, 1 vnt.",4.99,https://cdn.barbora.lt/products/9979645e-c42d-4549-8488-ba0cd1d51ff0_s.png
"Šunų petnešos LOVETT, 75-100 cm, 1 vnt.",14.99,https://cdn.barbora.lt/products/0da6ac05-bf01-40a3-b258-036df2d35bea_s.png
"Pavadėlis LOVETT, 25 mm x 1,5 m, 1 vnt.",12.99,https://cdn.barbora.lt/products/03221f42-4888-446e-ac9e-3d4461c0f095_s.png
"Gyvūnų pavadėlis, 20mmx1,2m, A-1059",3.99,https://cdn.barbora.lt/products/2e434420-63ea-4c59-89bb-0b690a5bab51_s.png
"Šunų petnešos LOVETT, 55-80 cm, 1 vnt.",14.99,https://cdn.barbora.lt/products/703d6948-d88e-4c7e-8114-34abb9e1303b_s.png
Lygintuvas HENSKE SL-2033-HP-22,46.99,https://cdn.barbora.lt/products/101fc067-e965-4aae-869a-d6a363752451_s.png
"Maskuoklis MAX FACTOR MIRACLE PURE, Nr. 03, 1 vnt.",13.99,https://cdn.barbora.lt/products/51dfbbb3-f5c7-4e97-a035-33ac538007ba_s.png
"Šiukšlių maišai VORTEX N'WHITE DRAWSTR 40 l, 1 vnt.",3.99,https://cdn.barbora.lt/products/a8024b18-bba3-4b1b-9bcf-c738467041a3_s.png
"Botanic Therapy Hair Remedy Castor Oil & Almond kaukė, 340 ml",8.99,https://cdn.barbora.lt/products/2b9fc7af-e526-4b12-b838-cca6732a5878_s.png
"Maskuoklis MAX FACTOR MIRACLE PURE, Nr. 01, 1 vnt.",13.99,https://cdn.barbora.lt/products/f7929dfa-5f8a-4f88-8753-c7a69364520f_s.png
"Maskuoklis L'OREAL INFAILLIBLE, Nr. 325/60, 11 ml",13.69,https://cdn.barbora.lt/products/7f95f1f4-c63b-4131-b729-3c4c7e75dc90_s.png
"Vyriškas tualetinis vanduo ADIDAS VICTORY LEAGUE, 50 ml",14.99,https://cdn.barbora.lt/products/f90cdedd-e11d-4375-aee5-e8f6c09ea040_s.png
"Akių pieštukas L'OREAL GRIP GEL INTENSE BLACK, 1 vnt.",11.99,https://cdn.barbora.lt/products/3349b1eb-d419-40a9-8cca-29dd1e6baabb_s.png
Infaillible Grip Gel Automatic 36H Blue Jersey,11.99,https://cdn.barbora.lt/products/f395ce51-6446-43fb-8fbc-ebf6c1478ea0_s.png
"Blakstienų tušas L'OREAL PRO XXL EXTENSION, juodas, 12 ml",18.39,https://cdn.barbora.lt/products/7d05cdb2-2b42-420c-be27-bc96250c71d3_s.png
"Blakstienų tušas L'OREAL PRO XXL VOLUME, juodas, 12 ml",18.39,https://cdn.barbora.lt/products/719a5130-dbc3-41a7-a8d3-20209b94c79d_s.png
"Akių pieštukas L'OREAL GRIP GEL BROWN DENIM, 1 vnt.",11.99,https://cdn.barbora.lt/products/6ea14ef3-2f0d-44fb-b7f3-b47f803b307d_s.png
"Akių pieštukas L'OREAL INFAILLIBLE, Nr. 01, 1 vnt.",12.99,https://cdn.barbora.lt/products/bfe34631-aefb-404b-aed1-5b8448de20bb_s.png
"Blakstienų tušas L'OREAL PRO XXL LIFT, juodas, 12 ml",18.39,https://cdn.barbora.lt/products/5d89c10f-2127-48be-8da4-e15d816f6244_s.png
"Plaukų kirpimo rinkinys HENSKE SXG-100, 1 vnt.",39.99,https://cdn.barbora.lt/products/8ae1a804-a306-486a-abf6-d83e2c889b53_s.png
"Pliušinis žaislas SQUISHMALLOWS, 19 cm, 1 vnt.",11.99,https://cdn.barbora.lt/products/883b0c2e-7c81-4392-ab2c-7bc9e98a1dff_s.png
"Pliušinis žaislas SQUISHMALLOWS, 19 cm, 1 vnt.",11.99,https://cdn.barbora.lt/products/a102bd76-5a77-44ad-9888-ceeaeea7d075_s.png
"TONYMOLY Fresh To Go Pomegranate Mask Sheet Lakštinė veido kaukė, 25 g",3.99,https://cdn.barbora.lt/products/67282e05-1d2e-4b02-812e-086b043f1e36_s.png
TONYMOLY Fresh To Go Coconut Mask Sheet Lakštinė veido kaukė 25 g,3.99,https://cdn.barbora.lt/products/c3cf3946-a36e-4bb8-96c4-9a482d0a5ff1_s.png
"Plaukų kaukė GARNIER FRUCTIS HAIR , 400 ml",10.79,https://cdn.barbora.lt/products/d7894acf-5601-441d-abe2-1c770442d703_s.png
"Plaukų kaukė GARNIER FRUCTIS HAIR FOOD, 400 ml",10.79,https://cdn.barbora.lt/products/7ad0ca88-9abe-4916-8221-6d29709c3185_s.png
NIVEA® DERMA SKIN CLEAR šveitiklsi į bėrimus linkusiai odai,7.99,https://cdn.barbora.lt/products/478f7668-ec2f-4202-a211-4d3d62cbf438_s.png
"Blakstienų tušas MAYBELLINE COLOSSAL CURL BOUNCE AFTER DARK, 10 ml",13.49,https://cdn.barbora.lt/products/3ea0ef03-1d07-4c93-8b35-6651ada20c6c_s.png
NIVEA® DERMA SKIN CLEAR naktinis šveitiklis į bėrimus linkusiai odai,10.79,https://cdn.barbora.lt/products/a0ea1d80-fdbe-4822-8980-7ca6064ce9d4_s.png
"Makiažo pagrindas MAYBELLINE SUPER STAY24H SKIN TINT, Nr.6.5, 30 ml",16.29,https://cdn.barbora.lt/products/e14783b1-05e4-4895-a29e-74a1ee4806df_s.png
"L'oreal Men serumas, 30ml",19.99,https://cdn.barbora.lt/products/9a9ab846-b8fc-4977-aa90-41a93af9546e_s.png
"Veido serumas L'OREAL REVITALIFT , 30 ml",22.99,https://cdn.barbora.lt/products/b1412100-874e-4aa2-a3d1-3a675470554f_s.png
"Maybelline New York Super Stay Vinyl Ink lūpų dažai, 115 Peppy",13.49,https://cdn.barbora.lt/products/0a587960-d115-4f54-89d9-068a470801b0_s.png
"Makiažo pagrindas MAYBELLINE SKIN TINT, Nr. 02, 30 ml",16.29,https://cdn.barbora.lt/products/a512f174-9452-4092-b52d-9f4e8b260efe_s.png
"Makiažo pagrindas MAYBELLINE  SKIN TINT, Nr.5.5, 30 ml",16.29,https://cdn.barbora.lt/products/d1414422-c414-42a0-b177-d7a2ab018776_s.png
"L'oreal Men paakių kremas, 15ml",16.99,https://cdn.barbora.lt/products/82a06ddb-75cd-4e62-8d07-f21490392d11_s.png
"Lūpų dažai MAYBELLINE VINYL INK, Nr. 100, 1 vnt.",13.49,https://cdn.barbora.lt/products/9c1eba02-c864-4afe-9a56-a1a6194c7d9e_s.png
"Makiažo pagrindas MAYBELLINE SKIN TINT, Nr. 03, 30 ml",16.29,https://cdn.barbora.lt/products/be4e8420-da13-436f-905a-dd1f2c456c5b_s.png
"Makiažo pagrindas MAYBELLINE SKIN TINT, Nr. 6, 30 ml",16.29,https://cdn.barbora.lt/products/adc7d78f-271e-40f1-a0ed-1d549eed8f01_s.png
"Makiažo pagrindas MAYBELLINE SKIN TINT, Nr. 10, 30 ml",16.29,https://cdn.barbora.lt/products/1a0a6367-d003-4fe4-a52f-1e437cfd41b3_s.png
"Akių pieštukas MAYBELLINE TATTOO GEL, Nr. 970, 1 vnt.",8.99,https://cdn.barbora.lt/products/61230862-e964-48db-ac5a-31c89deb7dd4_s.png
"Vyriškos skutimosi putos GILLETTE SERIES SOOTHING, 200 ml",4.89,https://cdn.barbora.lt/products/3558415f-ce23-4f56-a4a9-a49a3a82fc91_s.png
"Veido kaukė DIZAO VITAMIN C CALENDULA, 25 g",2.99,https://cdn.barbora.lt/products/4120d2b9-10a4-40ab-b8ae-73c2e6519a39_s.png
"Naktinis veido serumas NEUTROGENA RETINOL BOOST INTENSIVE, 30 ml",24.99,https://cdn.barbora.lt/products/4a85f587-4d80-4d81-8a71-05030199a8f1_s.png
"Vyriškas tualetinis vanduo NIKE VIRAL BLUE, 100 ml",17.99,https://cdn.barbora.lt/products/8a9262e4-b599-4c41-b402-4df0c1ab719f_s.png
"Vyriškas tualetinis vanduo BOULEVARD CHAMP DE MARS, 100 ml",19.99,https://cdn.barbora.lt/products/eb692af3-71c1-4e0e-bd1b-810356f02782_s.png
"Vyriškas purškiamasis dezodorantas FA MEN KICK OFF, 150 ml",4.49,https://cdn.barbora.lt/products/b1e13605-a95c-435c-9c1e-258136dc121d_s.png
ARAS DRĖKINAMASIS LOSJONAS PO SKUTIMOSI 100 ML,9.99,https://cdn.barbora.lt/products/59179d00-1ab1-493a-9312-4495090292a4_s.png
"Plaukų dažai SYOSS OLEO INTENSE, Nr. 6-54, 1 vnt.",9.49,https://cdn.barbora.lt/products/f4bf45f8-a283-4a19-972a-77b850743623_s.png
"Vyriška dušo želė FA MEN KICK OFF, 400 ml",4.99,https://cdn.barbora.lt/products/785c1bfe-9672-4ddb-bfe0-ce3a4f293661_s.png
Plaukų dažai SYOSS OLEO INTENSE 5-54,9.49,https://cdn.barbora.lt/products/e71646c5-037b-4411-93d8-b24220bd4e45_s.png
"Žaislinis mados priedų ir spintos rinkinys POLLY POCKET, 1 vnt.",23.99,https://cdn.barbora.lt/products/11f23730-489c-4f5c-8657-0d18c24ae430_s.png
"Žaislinis mados rinkinys POLLY POCKET, 1 vnt.",20.99,https://cdn.barbora.lt/products/b3bda583-c022-4681-a183-e427c98fc408_s.png
"Žaislinis didysis mados rinkinys POLLY POCKET, 1 vnt.",27.99,https://cdn.barbora.lt/products/f65b65d9-a533-4060-a3b2-e06731270703_s.png
"Spalvą keičianti lėlė DISNEY PRINCESS AUKSAPLAUKĖ, 1 vnt.",52.99,https://cdn.barbora.lt/products/47acd493-e8be-4421-a250-a1f5c2935beb_s.png
"Rinkinys HOT WHEELS DINOZAURAS SU KILPA, 1 vnt.",52.99,https://cdn.barbora.lt/products/78fe7b29-3d8c-4c47-b7fb-34b86c7b4b1e_s.png
"Žaislinės trasos detalės HOT WHEELS, 1 vnt.",16.99,https://cdn.barbora.lt/products/7762e73f-2373-4de4-b7c6-0ace2fce69bd_s.png
"Žaidimo kortos UNO DOS, atnaujintos, 1 vnt.",10.99,https://cdn.barbora.lt/products/a4779528-f0b0-434d-a0c6-4e7bee9f1c04_s.png
Puodelis ILAJA Modern Latte 360ml,2.99,https://cdn.barbora.lt/products/8a7d4676-1c5a-4d7e-9263-2cb4a2760d2b_s.png
Puodelis ILAJA Nordic dark 370ml,3.49,https://cdn.barbora.lt/products/66c6e5f5-0ca3-40bf-8b98-e109286ed92c_s.png
Puodelis ILAJA Modern 360ml,2.99,https://cdn.barbora.lt/products/3cd4df38-7e36-406e-a030-50eba5f9dbb8_s.png
"Blakstienų tušas MAX FACTOR MASTERPIECE 2IN1LASH WOW BLACK, 12 ml",20.99,https://cdn.barbora.lt/products/12e99b47-ae12-4906-ab20-24fa8f67e2ae_s.png
"Skaistalai MAX FACTOR MIRACLE PURE, Nr. 01, 15 ml",18.99,https://cdn.barbora.lt/products/c5091a25-fa3b-4853-a303-0fc784a72f66_s.png
"Skaistalai MAX FACTOR MIRACLE PURE, Nr. 02, 15 ml",18.99,https://cdn.barbora.lt/products/804b645a-d37c-4615-ba3d-8e8c1a9a61e9_s.png
"SONIC Pliušinis herojus, 22 cm, asort. W8",19.99,https://cdn.barbora.lt/products/e9ed3269-2736-4d4c-a893-bd7668342aa3_s.png
Lėkštė ILAJA Hazel Grey 25 cm,4.49,https://cdn.barbora.lt/products/5cac9ca8-0c85-4486-b29f-0c3f820eb521_s.png
Lėkštė ILAJA Hazel Grey 20 cm,3.99,https://cdn.barbora.lt/products/709d1768-1ac3-404a-9922-93a350a84564_s.png
"Veido serumas MAX FACTOR MIRACLE PURE, 30 ml",25.99,https://cdn.barbora.lt/products/8299a3e5-ff21-4bec-827a-f7b3263d3c34_s.png
Veido prausiklis FILORGA AGE-PURIFY CLEAN[150,25.99,https://cdn.barbora.lt/products/3dd160ea-72f6-4a46-a3b0-41f48e74c9a0_s.png
Plaukų formuotuvas PHILIPS BHA301/00,39.99,https://cdn.barbora.lt/products/5c180615-aa9c-4208-b2dc-0c3cfc05c8a5_s.png
 Plaukų tiesintuvas PHILIPS BHS376/00,42.99,https://cdn.barbora.lt/products/e2bd4cfd-efe1-4f66-b433-392f3ecfb6f1_s.png
"SQUISHMALLOWS Pliušinis žaislas 30 cm, ast W14",18.99,https://cdn.barbora.lt/products/8b1b9a1d-f15f-4aa2-b1a5-d389ef6bc416_s.png
"Plaukų serumas OLAPLEX Nr.9, 90ml",29.99,https://cdn.barbora.lt/products/5ba1d654-8faf-4eed-a1c7-16faff3a9b43_s.png
"Stalo žaidimas BYLA BAIGTA 2, 1 vnt.",15.99,https://cdn.barbora.lt/products/cc0fbac8-a675-4b16-b2dd-5d22a0c6a164_s.png
"Veido losjonas CERAVE SPF50, 52 ml",22.99,https://cdn.barbora.lt/products/0f05ca9e-a052-4a17-917c-c43ec91d86f2_s.png
Kokteilių taurės SANTE PINA COLADA 440ml4vnt,14.99,https://cdn.barbora.lt/products/3df5bd1c-e265-49dc-aab2-4c6e4d16b54c_s.png
Plaukų dažai PALETTE INTENSIVE COLOR CREME 5-1,5.49,https://cdn.barbora.lt/products/1f2cb330-c495-4724-ac89-dd9ec5297575_s.png
Pl.daž.PALETTE INTENSIVE COLOR CREME[9-1,5.49,https://cdn.barbora.lt/products/2694af6a-0067-4e0c-bf60-5f11dfd2ae28_s.png
KIRKAS tonikas JUMBO SIZE ,11.99,https://cdn.barbora.lt/products/4d103b2e-6597-4a59-a8dc-d5826047a269_s.png
"Moteriško skustuvo galvutės BIC SOLEIL CLICK5, 4 galvutės, 4 vnt.",8.39,https://cdn.barbora.lt/products/d465bc3d-1ea6-4e6b-8802-c9f623ed6269_s.png
"Plaukų dažai SYOSS COLOR, Nr. 7-1, 1 vnt.",8.99,https://cdn.barbora.lt/products/d59dfcad-69be-4ab0-83f1-730d978c2c0d_s.png
"Plaukų dažai SYOSS OLEO INTENSE, Nr. 12-00, 1 vnt.",9.49,https://cdn.barbora.lt/products/d476c47a-bc85-48ca-a47c-49970e79eff1_s.png
RASA HYDRO INTENSE Drėkinamasis veido serumas 30 ml,14.85,https://cdn.barbora.lt/products/b4951295-e6c1-49d1-83b8-4ad3f97069ec_s.png
RASA AGE CONTROL Stangrinamasis dieninis veido kremas SPF20 50 ml,15.99,https://cdn.barbora.lt/products/ec7c475c-b973-4148-ab4d-0bbd64e5a8d0_s.png
RASA HYDRO INTENSE Drėkinamasis paakių kremas 15ml,11.99,https://cdn.barbora.lt/products/22b40cc0-15d4-43f3-887c-140ed9debda2_s.png
RASA AGE CONTROL Stangrinamasis veido ir kaklo serumas 30 ml,15.89,https://cdn.barbora.lt/products/198c414f-f907-433c-af76-2a9760e39913_s.png
"Skystas akių apvadas RIMMEL GLAM'EYES, Nr. 002, 4 ml",7.99,https://cdn.barbora.lt/products/61eeea42-c736-45a0-93a7-8bf53583054f_s.png
"Moteriškas sisteminis skustuvas BIC SOLEIL CLICK5, 2 galvut., 1 vnt.",6.99,https://cdn.barbora.lt/products/5886add9-17a2-4f2a-95a0-08fd2c71abae_s.png
NIVEA purškiamas dezodorantas antiperspirantas moterims Fresh Sensation 250 ml,6.39,https://cdn.barbora.lt/products/25abb85a-2f92-4099-80a4-1e3f062fad27_s.png
"Antakių pieštukas L'OREAL INFAILLIBLE TRIANGULAR, Nr. 3.0, 1 g",10.99,https://cdn.barbora.lt/products/711e4b2a-b3e0-43a7-99d5-0ccbf23d947d_s.png
"Blakstienų tušas L'OREAL TELESCOPIC LIFT BLACK, juodas, 9.9 ml",16.99,https://cdn.barbora.lt/products/2b1498a7-eecd-4784-8d3e-d10c7bb9b7a4_s.png
"Blakstienų tušas L'OREAL  EXTRA BLACK, juodas, 9.9 ml",16.99,https://cdn.barbora.lt/products/2bc9f814-6d77-4870-baf8-353eee4f7610_s.png
"Antakių pieštukas L'OREAL INFAILLIBLE TRIANGULAR, Nr. 5.0, 1 g",10.99,https://cdn.barbora.lt/products/9c8b2ed7-24b3-401b-ba6a-826b5b683135_s.png
"Antakių pieštukas L'OREAL INFAILLIBLE TRIANGULAR, Nr. 5.23, 1 g",10.99,https://cdn.barbora.lt/products/7e5c18e1-76df-42b4-92b3-cb9a0e07cfdb_s.png
Dubenėlis AURORA Modern White 19 cm,6.99,https://cdn.barbora.lt/products/6b9ca294-65c1-4b8b-97f2-d03ca240aefe_s.png
"Dantų pasta COLGATE MAX WHITE ULTRA MULTI PROTECT, 50 ml",8.59,https://cdn.barbora.lt/products/60e0cca6-6e70-4a00-8fe5-9a0909737653_s.png
Lėkštė AURORA Modern White 27 cm,6.99,https://cdn.barbora.lt/products/afde5d1d-0a86-4fc0-a87a-185dec4221ca_s.png
Palette ICC plaukų dažai 7-77 RYŠKI VARINĖ,5.49,https://cdn.barbora.lt/products/ae18759d-67ae-440b-8413-f5a07c9e4af5_s.png
"Stalo žaidimas TACTIC ALIAS MISTERY, 1 vnt.",29.99,https://cdn.barbora.lt/products/2e01cf0d-69bf-4bc6-ba2d-806c41f1d078_s.png
PIAT TTBumm Color Flash LT,29.99,https://cdn.barbora.lt/products/6e787dee-0e8f-4f47-8485-43786b6bded3_s.png
Žaislinis simfoninis fortepijonas,59.99,https://cdn.barbora.lt/products/77dfb553-9e7f-4045-8dcc-f0660900951f_s.png
"Elektrinė lauko dekoracija elnias, 60cm",55.99,https://cdn.barbora.lt/products/4bc7b2e3-164f-4b12-8caa-2635f487ec38_s.png
"Japoniškas peilis AZZA SANTOKU, 14 cm, 1 vnt.",32.99,https://cdn.barbora.lt/products/c1136140-b202-4daa-af7f-3170a089e747_s.png
"Stikliniai Kalėdų eglutės žaislai, 6cm, 12vnt.",5.99,https://cdn.barbora.lt/products/db1a1c9c-5336-4c67-9ae0-4fe9f04026c1_s.png
"Stikliniai Kalėdų eglutės žaislai 6cm, 12vnt.",5.99,https://cdn.barbora.lt/products/e0dde37e-f2bd-46f4-ae8b-7bb578c2f90d_s.png
"Stikliniai Kalėdų eglutės žaisliukai, 4 cm, 20 vnt., 20 vnt.",6.99,https://cdn.barbora.lt/products/0358496b-9a38-4436-89a8-90a7c9d78eaa_s.png
"Stikliniai Kalėdų eglutės žaislai, 4cm, 20vnt.",6.99,https://cdn.barbora.lt/products/0fe13ab7-f951-4cbe-8012-8ef23ce648e6_s.png
"Šviečiantys šlykštukai CANAL TOYS, 3 vnt., 1 vnt.",15.99,https://cdn.barbora.lt/products/ea608620-5ce5-43e9-a321-2c807138158e_s.png
"Lauko ir vidaus girlianda, lietus",19.99,https://cdn.barbora.lt/products/40371b0e-511f-46f5-8c26-b55d8ef96cee_s.png
"Radijo bangomis valdomas žaidimas FUTBOLO SPORTBAČIAI, 1 vnt.",49.99,https://cdn.barbora.lt/products/dbbacbae-b4dd-4292-b8c0-d5aea452d488_s.png
"Sebamed Baby kūdikių kūno pienelis, 200 ml ",11.99,https://cdn.barbora.lt/products/f03ad518-b9de-4334-8b3f-70ddcc4fca63_s.png
"Pliušinis žaislas AURORA, 15 cm, 1 vnt.",8.99,https://cdn.barbora.lt/products/f8775963-e985-45e1-b2ec-38778fc16e03_s.png
"Pliušinis žaislas AURORA, 1 vnt.",12.99,https://cdn.barbora.lt/products/5709ee73-b136-4534-bfdc-bab144c4211a_s.png
"Plastikinė Kalėdų eglutės viršūnė, 1 vnt.",2.99,https://cdn.barbora.lt/products/889fc0ca-69a9-4646-8ff5-49a53c5714ac_s.png
"Plastikiniai Kalėdų eglutės žaisliukai, 8 vnt., 5 cm, 8 vnt., 3 dizainai",1.99,https://cdn.barbora.lt/products/af3c7227-cdb9-4ef3-8d10-73d8e7dd573a_s.png
"Plastikiniai Kalėdų eglutės žaisliukai, 8 vnt., 5 cm, 8 vnt.",1.99,https://cdn.barbora.lt/products/de828816-dedc-4371-8b2e-fd773a08313c_s.png
Žaislinė parduotuvė,49.99,https://cdn.barbora.lt/products/33992722-f5bb-4a62-8917-0b10073e0d8d_s.png
"Pliušinis žaislas FOXTER, 80 cm BT230318",17.99,https://cdn.barbora.lt/products/4ed03260-4bcc-4111-b491-89c4efd9c1a7_s.png
Žaislinis būgnų rinkinys,39.99,https://cdn.barbora.lt/products/1216e682-95ce-4c59-934a-6a5d90018e8e_s.png
NIVEA Q10 STANGRINAMASIS KŪNO LOSJONAS,9.29,https://cdn.barbora.lt/products/7cc00700-ba90-4196-8bd7-11f3acaca69c_s.png
"Skustuvo galvutės GILLETTE MACH3 Charcoal, 5vnt.",17.49,https://cdn.barbora.lt/products/01b7a953-bdcf-4061-8447-3df3dda03005_s.png
Kokteilių gaminimo rinkinys,16.99,https://cdn.barbora.lt/products/fdc3adb6-9c16-4888-bf6b-dda35a2df64f_s.png
Žaislinė lėlė 32 cm,34.99,https://cdn.barbora.lt/products/bacfe3fe-f3d4-4ab0-82ff-e8120fbbef2f_s.png
Krepšinio žaidimas AIRSLAM RUNAWAY,44.99,https://cdn.barbora.lt/products/1cd64495-daae-4165-bca2-59880f692b53_s.png
"Pulteliu valdoma Lamborghini mašina, 2 dizainai",56.99,https://cdn.barbora.lt/products/9796a0d7-ebce-44d4-a542-46f3dcc308e9_s.png
"Kalėdų eglutės žaisliukų rinkinys, 24 vnt., 6 cm, 24 vnt.",9.99,https://cdn.barbora.lt/products/3d572f6e-d486-4e43-8329-578ff309cb79_s.png
"Folinė girlianda(2m x 5cm) balta,sidarbas,auksas
",0.79,https://cdn.barbora.lt/products/f69b0520-d975-4681-8662-b44531167c03_s.png
"Moteriškas purškiamasis dezodorantas REXONA ALOE VERA, 200 ml",5.79,https://cdn.barbora.lt/products/425ea2e8-24dc-4bac-a537-2932f5654eba_s.png
"Makiažo pagrindas MAX FACTOR FACEFINITY 3 IN 1 SPF20, Nr. 77, 30 ml",22.59,https://cdn.barbora.lt/products/72c3b08a-b659-4c3c-92b2-ad8d076ecea3_s.png
"Makiažo pagrindas MAX FACTOR FACEFINITY 3 IN 1 SPF20, Nr. 75, 30 ml",22.59,https://cdn.barbora.lt/products/6cf1dd24-e961-45a3-a5aa-1a5c368bd0c4_s.png
"Makiažo pagrindas MAX FACTOR FACEFINITY 3 IN 1 SPF20, Nr. 80, 30 ml",22.59,https://cdn.barbora.lt/products/c21d5730-3ca2-4abc-a184-d3b3823ffcd2_s.png
Gili lėkštė ILAJA Simple 20 cm,2.99,https://cdn.barbora.lt/products/8e3b5c44-ba17-444e-bcac-d7010330ec95_s.png
"Kalėdinis burbulas su Kalėdų eglučių paveikslėliu, 8 cm",4.99,https://cdn.barbora.lt/products/e37c9665-3a30-4a26-8ac8-c3cf6c7dcdf6_s.png
Stalo žaid. AUKSINIS PROTAS PAPILD.,19.99,https://cdn.barbora.lt/products/04e9ba94-0c95-41d6-99d3-220a30b9bd4a_s.png
"Kortelių žaidimas KAS IR KODĖL 2, 1 vnt.",29.99,https://cdn.barbora.lt/products/8c36b31e-b9f8-4a7d-aa0d-437af342f838_s.png
"Stalo žaidimas UNO QUATRO, 1 vnt.",38.99,https://cdn.barbora.lt/products/5ad450fd-3bc8-4ecd-9ef0-21648ac15fae_s.png
"Lėlė MONSTER HIGH, 1 vnt.",55.99,https://cdn.barbora.lt/products/7ee0754a-c4d7-46fb-9a1d-32b4174d90e6_s.png
Stiklinis Kalėdų eglutės žaisliukas,2.99,https://cdn.barbora.lt/products/9e0d1792-88f2-4b53-91b7-d5a45c421737_s.png
"Vakarėlio kortos UNO, 1 vnt.",23.99,https://cdn.barbora.lt/products/4fb916cf-8851-457d-becc-7ce47691ec39_s.png
"Satino patalynės komplektas, 150 x 200 cm, 50 x 70 cm, 1 vnt.",29.99,https://cdn.barbora.lt/products/bba9bf16-3dd4-424e-a7c9-c9137abe88eb_s.png
"Satino patalynės komplektas, 150 x 200 cm, 50 x 70 cm, 1 vnt.",29.99,https://cdn.barbora.lt/products/d1132584-f930-46c0-8def-48b31204e5f2_s.png
"Dėlionė CLEMENTONI, 104 detalių, 1 vnt.",5.99,https://cdn.barbora.lt/products/e6e89c70-9a46-48b1-9d14-e622b9b5bf7f_s.png
"Skystieji lūpų dažai L'OREAL INFAILLIBLE MATTE RESIST.Nr.105, 1 vnt.",18.99,https://cdn.barbora.lt/products/b183c005-64fe-4df9-b288-427eae9abd4b_s.png
"Skystieji lūpų dažai L'OREAL INFAILLIBLE MATTE RESIST.Nr.120, 1 vnt.",18.99,https://cdn.barbora.lt/products/4d54a104-c70b-4a00-a837-06a90c26171c_s.png
"Skystieji lūpų dažai L'OREAL INFAILLIBLE MATTE RESIST.Nr.100, 1 vnt.",18.99,https://cdn.barbora.lt/products/c2d4532c-df22-43ff-b9c2-72b854ceb734_s.png
"Skystieji lūpų dažai L'OREAL INFAILLIBLE MATTE RESIST.Nr.115, 1 vnt.",18.99,https://cdn.barbora.lt/products/c5019da3-7106-4d15-ab82-c757be330677_s.png
"Vandeniui atsparus blakstienų tušas MAYBELLINE, 1 vnt.",14.99,https://cdn.barbora.lt/products/f2e3036b-5086-4278-aaeb-a248f7157451_s.png
L'Oréal Paris Infaillible  matiniai lūpų dažai 230 SHOPPING SPREE,18.99,https://cdn.barbora.lt/products/f9f72453-ec65-4fb8-b474-c6027e4c7f13_s.png
"Akių pieštukas L'OREAL INFAILLIBLE  LIGHT WHITE, 1 vnt.",12.99,https://cdn.barbora.lt/products/aa6e6fda-3c01-4bbd-877d-3158bc531a34_s.png
"Veido kremas L'OREAL BB , Nr. 03, 30 ml",14.99,https://cdn.barbora.lt/products/8638ae1a-2f32-432c-94c3-f610e6c4af9f_s.png
"Akių pieštukas L'OREAL INFAILLIBLE L.OPALESCENT, 1 vnt.",12.99,https://cdn.barbora.lt/products/72dae5e3-57a1-4337-95c9-480c0fa40ba3_s.png
"Veido serumas MIXSOON Glacier Water Hyaluronic Acid, 300 ml",25.99,https://cdn.barbora.lt/products/85f8923d-9291-4579-9a6c-093badc9e730_s.png
"Apsauginis kūno kremas MIXSOON Sun Cream  SPF50+,  50 ml",19.99,https://cdn.barbora.lt/products/c0d5e72e-ee47-4a0a-922c-aaaafe99930d_s.png
"Veido esencija MIXSOON BEAN ESSENCE, 50ml",37.99,https://cdn.barbora.lt/products/8d442e6b-968a-4bdc-8f14-3615aaf5191e_s.png
"Tepamas veido balzamas MIXSOON CENTELLA ASIATICA, 11.5 ml",32.99,https://cdn.barbora.lt/products/c4718cb7-0e73-45db-b2ad-89821dca2b13_s.png
"Drėkinamasis veido balzamas MIXSOON BEAN, 11.5 ml",32.99,https://cdn.barbora.lt/products/6406dec1-e240-4eab-b67c-ec4f1bd92fe9_s.png
"Satino patalynės komplektas 150 x 200 cm, 50 x 70 cm, 1 vnt.",37.99,https://cdn.barbora.lt/products/a26150a2-039a-468c-bc94-045b811a5764_s.png
"Satino patalynės komplektas 150 x 200 cm, 50 x 70 cm, 1 vnt.",37.99,https://cdn.barbora.lt/products/9e35e48b-e506-4335-ac2f-15816717261b_s.png
"Veido prausiklis Q+A HYALURONIC ACID HYDR,125",9.99,https://cdn.barbora.lt/products/71a06695-d1bb-4830-8d5b-aa01e85d8f2b_s.png
RASA HAIR COLOUR SYSTEM Dažytų plaukų šampūnas 500 ml,8.99,https://cdn.barbora.lt/products/4709f594-9ae1-4aa7-bace-059a0f1fe28a_s.png
RASA HAIR COLOUR SYSTEM Dažytų plaukų kondicionierius 200 ml,6.99,https://cdn.barbora.lt/products/5afa3df1-8c76-4e2a-a7df-6e18a994ab16_s.png
NIVEA CELLULAR LUMINOUS 630® ANTISPOT serumas,25.29,https://cdn.barbora.lt/products/9b3737ba-f7b7-4eff-b330-a16d1636b635_s.png
"Valomasis veido gelis GARNIER PURE , 250 ml",9.99,https://cdn.barbora.lt/products/aefce8d9-bd61-41be-810d-bce3b1214428_s.png
"Elektrinis dantų šepetėlis ORAL-B IO5MATT BLACK, 1 vnt.",188.99,https://cdn.barbora.lt/products/b9c868f4-c157-4a45-99b7-a9557b47c385_s.png
Kraujospūdžio matuoklis ant riešo BEPER,29.99,https://cdn.barbora.lt/products/5c8c0eeb-8806-474e-ae17-10601c31c3f6_s.png
Bekontaktis termometras BEPER,29.99,https://cdn.barbora.lt/products/0086ab33-2cd0-4e9b-860d-e1b8d4723ea4_s.png
Stalo žaidimas GALVOK PAPILDINYS,29.99,https://cdn.barbora.lt/products/ff4a758d-e198-4d8e-8574-d899bffc60ad_s.png
Stalo žaidimas BYLA BAIGTA 3,13.99,https://cdn.barbora.lt/products/bb655617-4940-4e89-99a8-f302185117b4_s.png
Stalo žaidimas AUKSINIS ŠPROTAS,33.99,https://cdn.barbora.lt/products/e59acd49-9bfd-4ae5-a693-865913d4de2e_s.png
"Viskio taurės RCR OPERA, 300 ml, 6 vnt.",24.99,https://cdn.barbora.lt/products/af98c919-3f12-45f5-98ee-1070d0b09691_s.png
"Antakių gelis MAX FACTOR 2000 CALORIE, 003, 4.5 ml",14.69,https://cdn.barbora.lt/products/45109b28-8ce3-42bd-965b-effd3343771b_s.png
"Antakių gelis MAX FACTOR 2000 CALORIE, 006, 4.5 ml",14.69,https://cdn.barbora.lt/products/f60bb1e4-7d3a-47af-9166-99ae012bbadd_s.png
"El. virdulys TEFAL, 1,5L,KO299130",36.99,https://cdn.barbora.lt/products/f0f17949-861a-402e-a638-bb00ab28dd3f_s.png
Pieno plakiklis HENSKE,5.99,https://cdn.barbora.lt/products/ebf083b9-76da-457b-a88c-c268a34aaf1e_s.png
"Plaukų šampūnas, MAUI su kokosų pienu, 385ml",13.99,https://cdn.barbora.lt/products/14412a73-952c-43a3-9f43-27a1b4f0ff43_s.png
"Vytintas ispaniškas saliamis su pipirais SOLA , nerūš., 1 kg",11.99,https://cdn.barbora.lt/products/13484d75-378c-4638-b208-e97c861c5dcb_s.png
"Vytinta ispaniška dešra SALCHICHON SOLA, nerūš., 1 kg",12.99,https://cdn.barbora.lt/products/9081dd93-22ae-4897-be3a-6308f0f666d8_s.png
"Drėkinamasis veido gelis NEUTROGENA CLEAR & DEFEND, 125 ml",10.99,https://cdn.barbora.lt/products/493d3924-02e1-4d2e-a315-a22f1e3c7131_s.png
KILIG PROBIOTICS veido kremas mišriai ir riebiai odai 50 ml,13.99,https://cdn.barbora.lt/products/76a8f8a3-dbf0-4a0c-85db-054330358c7d_s.png
"Vyriškas tualetinis vanduo BUGATTI DYNAMIC MOVE BLACK, 100 ml",29.99,https://cdn.barbora.lt/products/f1e2dc2a-a342-490d-8b6d-bb89d602fe78_s.png
"Lūpų balzamas SMACKER CAPTAIN AMERICA, 4 g",6.99,https://cdn.barbora.lt/products/cf6ab28e-019b-4ea4-8815-af66e26136d4_s.png
"Vyriškas tualetinis vanduo BUGATTI DYNAMIC MOVE AMBER, 100 ml",29.99,https://cdn.barbora.lt/products/5b1c9ea1-85c5-48c0-b575-0dfcbf7f3b57_s.png
NIVEA MEN SENSITIVE drėkinamasis veido kremas su SPF 15,11.89,https://cdn.barbora.lt/products/5becd182-5044-4c26-bd5a-8e142bfd31af_s.png
NIVEA LUMINOUS630® kūno kremas,15.69,https://cdn.barbora.lt/products/a08cf93c-1b30-4c9f-8625-da8c431d30f9_s.png
"Plaukų kondicionierius FAITH IN NATURE LEVANDER&GERANIUM, 400 ml",8.99,https://cdn.barbora.lt/products/f2919b7a-0f90-43d6-b15e-c89c113abbb3_s.png
"Plaukų šampūnas FAITH IN NATURE GRAPEFRUIT&ORANGE, 400 ml",8.99,https://cdn.barbora.lt/products/f7922440-4949-417c-9af9-e45b8528f794_s.png
"Plaukų serumas SYOSS Intense Plex, 100 ml",11.49,https://cdn.barbora.lt/products/ecc97cdb-631f-4518-96a2-3ac43c54e7f3_s.png
"Plaukų dažai L'OREAL PREFERENCE, Nr. 02, 1 vnt.",13.49,https://cdn.barbora.lt/products/8f383cd7-8811-4a18-9981-3ded608aac29_s.png
"Plaukų dažai SYOSS, Nr. 3-89, 1 vnt.",8.99,https://cdn.barbora.lt/products/00639b5e-ab2b-42d2-bf13-990ce65cda50_s.png
"Plaukų dažai L'OREAL PREFERENCE, Nr. 01, 1 vnt.",13.49,https://cdn.barbora.lt/products/dafe9bcc-80b1-4d4a-b952-0fc9d12c38a0_s.png
"Valomoji veido emulsija GARNIER, 250 ml",9.99,https://cdn.barbora.lt/products/41570ecd-7d55-49b7-888b-c3484de2d9f6_s.png
"Veido kremas GARNIER SPF50, 40 ml",16.99,https://cdn.barbora.lt/products/4e891e38-58d4-47f3-80f0-d73d54524c2b_s.png
"Drabužių garintuvas TEFAL, DT8270E1",99.99,https://cdn.barbora.lt/products/81d02272-dddb-4a32-a059-fe17364e76a5_s.png
"Veido kremas GARNIER PURE ACTIVE MATTIFYING AIR, 50 ml",8.99,https://cdn.barbora.lt/products/319a34d1-6a8b-47cb-bf75-705b1e271702_s.png
"El. virdulys BOSCH, 1,7l, 1 vnt.",69.99,https://cdn.barbora.lt/products/62dc7b31-9c9e-4e9e-8691-922daf1b6d74_s.png
"Rubiko kubas RUBIK´S MINI, 2x2",9.99,https://cdn.barbora.lt/products/106db0cb-e3fa-4827-8283-2d4b133b207c_s.png
CL Kūrybinis rinkinys „Mini lavos lempa“,11.99,https://cdn.barbora.lt/products/4cbe29b5-8360-4007-8fd0-0dda61445418_s.png
"Dieninis veido fluidas GARNIER VITAMIN C GLOW SPF50+, 40 ml",17.99,https://cdn.barbora.lt/products/2e1b4e64-bd2e-47c3-802f-276b875bf7b5_s.png
"Blakstienų tušas MAYBELLINE BLUE MIST, 1 vnt.",13.99,https://cdn.barbora.lt/products/a4bed646-9d19-4be3-bffa-8b4f2746aa68_s.png
"Super Stay Vinyl Ink lūpų dažai, 150 Striking",13.49,https://cdn.barbora.lt/products/c98abff0-570d-433c-8cba-7eee846dd884_s.png
"Lūpų blizgis MAYBELLINE LIFTER PLUMP, Nr. 001-BLUSH BLAZE, 1 vnt.",11.99,https://cdn.barbora.lt/products/1852b329-70f4-4983-89a7-88e5cfc32a53_s.png
"Lūpų blizgis MAYBELLINE LIFTER PLUMP, Nr. 007-COCAO ZING, 1 vnt.",11.99,https://cdn.barbora.lt/products/b2b60f7c-e892-4b9a-900c-6d5ddb223b5f_s.png
"Lūpų blizgis MAYBELLINE LIFTER PLUMP, Nr. 008-HOT HONEY, 1 vnt.",11.99,https://cdn.barbora.lt/products/ad05cb3d-fd63-40a4-9dee-7ee7872d409d_s.png
"Lūpų blizgis MAYBELLINE LIFTER PLUMP, Nr. 004-RED FLAG, 1 vnt.",11.99,https://cdn.barbora.lt/products/8af92856-0265-4d80-931c-4059586bbfed_s.png
"Maskuoklis MAX FACTOR MIRACLE PURE EYE ENHANCER, Nr. 02 BUFF, 10 ml",15.39,https://cdn.barbora.lt/products/7ccaba69-7ebe-4862-81c1-207a5e202d65_s.png
"Blakstienų tušas MAX FACTOR M.2IN1LASH WOW MIDNIGHT BLACK, 1 vnt.",20.99,https://cdn.barbora.lt/products/7543d694-1a7c-4187-a982-a1fce969901c_s.png
"Maskuoklis MAX FACTOR MIRACLE PURE EYE ENHANCER, Nr. 01 ROSE, 10 ml",15.39,https://cdn.barbora.lt/products/32065aa3-7ed8-4785-9cec-610d15d8388b_s.png
"Plaukų kondicionierius OLAPLEX COLOR NR.5P, 250ml",29.99,https://cdn.barbora.lt/products/2f6ab47b-8414-428d-9e9d-2bdb81a06b8c_s.png
Veido kremas Q+A CERAMIDE BARRIER DEFENC.50,15.99,https://cdn.barbora.lt/products/f437e40f-41ad-4686-acdd-de301460a5f6_s.png
"COSRX Hydrium Watery Toner veido tonikas, 150 ml",21.49,https://cdn.barbora.lt/products/89f3271a-cf2e-4951-9300-13ffb9927696_s.png
"COSRX The Retinol 0.1 Cream kremas, 20 ml",24.99,https://cdn.barbora.lt/products/4f207907-22a4-402a-9f34-607519757538_s.png
"Plaukų šampūnas NUNU, 400 ml",8.99,https://cdn.barbora.lt/products/e6fbd942-af9d-4174-b649-25f6eeb351af_s.png
Keptuvė 20 cm juoda,22.99,https://cdn.barbora.lt/products/bc77e922-1d37-437a-a081-cddabe5ac796_s.png
"Puodas 24 cm, juodas",38.99,https://cdn.barbora.lt/products/c04244c7-5365-4219-b54e-ac18725335c3_s.png
"Puodas 18 cm, juodas",26.99,https://cdn.barbora.lt/products/a5939eae-af68-468c-9f60-a6c0852454e1_s.png
"Puodas 20 cm, juodas",31.99,https://cdn.barbora.lt/products/177a15da-0d4b-4193-8df5-cf36f80b2916_s.png
"Žais. autom. spalvas keičianti tunelinė plovykla HOT WHEELS, 1 vnt.",49.99,https://cdn.barbora.lt/products/a7ed805a-d5bd-442d-9db8-767f443db0c8_s.png
"Lūpų dažai L'OREAL SATIN, Nr. 601, 1 vnt.",13.99,https://cdn.barbora.lt/products/c65889bc-32ca-46a1-ba78-89397025818e_s.png
"Gelinis akių kontūro pieštukas MAYBELLINE TATTOO, Nr. 801, 1 vnt.",8.99,https://cdn.barbora.lt/products/e808525c-b9ec-475b-be21-449366d07e17_s.png
"Lūpų dažai L'OREAL, Nr. 601, 1 vnt.",18.99,https://cdn.barbora.lt/products/3987ad1a-d732-41e6-9c90-af5a0709c3d4_s.png
"Priemonė L'OREAL LUMI , Nr. 902, 40 ml",14.99,https://cdn.barbora.lt/products/3e894db0-bd66-453d-a038-96c4a868327e_s.png
"Makiažo pagrindas MAYBELLINE I.P.G4IN1, Nr. 00, 20 ml",15.09,https://cdn.barbora.lt/products/fda96097-60a9-4c3b-8a88-415922bcd890_s.png
"Gelinis akių kontūro pieštukas MAYBELLINE TATTOO, Nr. 802, 1 vnt.",8.99,https://cdn.barbora.lt/products/9f7079f1-b7d9-43be-9706-0fea8d132b3f_s.png
"Lūpų dažai L'OREAL, Nr. 635, 1 vnt.",18.99,https://cdn.barbora.lt/products/6fc218ec-810c-4bfd-89f6-ca551daa051c_s.png
"Color Riche Nude lūpų dažai, 505 Nude Resilient ",13.99,https://cdn.barbora.lt/products/e4858074-256c-4f1c-aba0-de9a0f9fb872_s.png
"Blakstienų tušas MAYBELLINE LASH , juod., 1 vnt.",14.99,https://cdn.barbora.lt/products/31901ec2-3873-47b1-933a-a14f030bef8f_s.png
"Priemonė L'OREAL LUMI, Nr. 901, 40 ml",14.99,https://cdn.barbora.lt/products/ed9f71d8-83e7-40b7-959b-e0871c4aa22d_s.png
"Maskuoklis L'OREAL SERUM, Nr. 0.5D, 11 ml",15.59,https://cdn.barbora.lt/products/f40b17a3-dc71-4c59-bd05-c95d0c91f812_s.png
"Maskuoklis L'OREAL  SERUM, Nr. 3R, 11 ml",15.59,https://cdn.barbora.lt/products/40a180ee-99ce-4477-8988-f8e58d09b5ec_s.png
"Maskuoklis L'OREAL SERUM, Nr. 1N, 11 ml",15.59,https://cdn.barbora.lt/products/8d8f7cad-e3c3-460c-93ce-4b8a6d2ee7cd_s.png
"Maskuoklis L'OREAL SERUM, Nr. 4N, 11 ml",15.59,https://cdn.barbora.lt/products/544eb580-70c3-4b9c-a5dd-ff86795d03f5_s.png
"Maskuoklis L'OREAL SERUM, Nr. 2R, 11 ml",15.59,https://cdn.barbora.lt/products/3d0b3838-a0e9-45dc-aaba-4d1dbdf07b54_s.png
"Telescopic Lift Waterproof blakstienų tušas, atsparus vandeniui",16.99,https://cdn.barbora.lt/products/227fdd96-8a42-43f5-8a1b-6cfb3994cf37_s.png
WOW GENERATION geriausių draugių kaklo papuošalas,12.99,https://cdn.barbora.lt/products/7294beb4-5871-48b5-b3c1-65597c9738a4_s.png
Infaillible  Brow  antakių gelis,16.99,https://cdn.barbora.lt/products/df84ef12-bb21-4e34-822a-3e554ce7797b_s.png
"Garnier Color Naturals 8.13, natūrali šviesi blondinė. ",4.99,https://cdn.barbora.lt/products/7570f213-5e52-4ec4-a0ce-fba25e266ad2_s.png
"Veido fluidas NIVEA LUMINOUS630CC MEDIUM, 40 ml",24.99,https://cdn.barbora.lt/products/1ae8c692-2e9a-4cdb-a356-7cd39f44d427_s.png
LACALT FIX MINT lipnus protezų kremas,4.49,https://cdn.barbora.lt/products/c797225a-fac6-43ac-8ac7-dfe1742dfa86_s.png
NIVEA Q10 STANGRINAMASIS KŪNO LOSJONAS SU KOFERMENTU Q10,12.29,https://cdn.barbora.lt/products/61cf92ae-edb3-472c-9713-0f5973a75b91_s.png
"Plaukų šampūnas HEAD&SHOULDERS Citrus 2in1, 330ml",8.49,https://cdn.barbora.lt/products/73ef040b-4442-40a8-a18a-016de25f4676_s.png
"Veido kremas L'OREAL, 50 ml",21.99,https://cdn.barbora.lt/products/d1aa716c-caf8-4018-b0a1-0debc8e57803_s.png
"Veido serumas L'OREAL, 30 ml",18.89,https://cdn.barbora.lt/products/0e2ae308-4128-484a-a9fe-3db61052acdf_s.png
"Veido fluidas L'OREAL, 50 ml",20.99,https://cdn.barbora.lt/products/c24c5978-2638-4e72-877f-150ab3b9369b_s.png
"Vyriškas tualetinis vanduo STR8 GAME, 100 ml",14.99,https://cdn.barbora.lt/products/f80259c6-fa3c-4b29-8f3f-03f6803675e2_s.png
"JORDAN „Clinic Fluoride Protection“ burnos skalavimo skystis, 500 ml",7.29,https://cdn.barbora.lt/products/2a6757c0-6bce-4659-9cb7-4773e7a4a407_s.png
NIVEA MEN POWER drėkinamasis kremas SU SPF30,14.49,https://cdn.barbora.lt/products/13053abe-3a54-45be-a4bd-cd155bf4f109_s.png
Lėkštė AURORA Luz 27 cm,7.99,https://cdn.barbora.lt/products/a33b7b11-a386-4fae-a623-5beebc9f7070_s.png
Dubenėlis AURORA Luz 15 cm,6.99,https://cdn.barbora.lt/products/3bdbcdcb-2a1b-4a92-8322-d35fbd3eae77_s.png
Lėkštė AURORA Luz 21 cm,6.99,https://cdn.barbora.lt/products/41487cae-3329-4ad8-803a-034825af29c3_s.png
Žaislinis arbatos indų rinkinys,11.99,https://cdn.barbora.lt/products/e5908239-f246-4f83-ab23-ac034ee5e121_s.png
"Plaukų dažai GARNIER OLIA, Nr. 4.12, 1 vnt.",9.49,https://cdn.barbora.lt/products/5f390adc-12dd-4b6d-8a49-2315508bfe91_s.png
"Lėkštė AURORA WHITE 21 cm, stačiakampė",4.99,https://cdn.barbora.lt/products/d64e192a-e1e6-48ce-b1e0-03d5a6106bf0_s.png
"Staltiesė 130x180 cm, 3 splv.",10.99,https://cdn.barbora.lt/products/4bff4aae-90f3-4702-bcf3-3ba1ecaeeb6d_s.png
"Staltiesė 150x250 cm, 3splv.",14.99,https://cdn.barbora.lt/products/4105c918-2904-4dc5-b31d-8f075a0f8482_s.png
Lėkštė AURORA Stone Grey 15 cm,3.99,https://cdn.barbora.lt/products/65cc74fc-079c-4b91-b5b7-48093cb27067_s.png
Puodelis AURORA Stone Grey 420 ml,4.99,https://cdn.barbora.lt/products/656138cc-bab2-4719-9e1b-469d250cacda_s.png
Puodelis AURORA Stone White 420 ml,4.99,https://cdn.barbora.lt/products/7cd441aa-1d2b-49d7-a517-f279316aa1ac_s.png
Gili lėkštė AURORA Stone Grey 20 cm,6.99,https://cdn.barbora.lt/products/c743c32b-b12c-4942-8706-c9ad90077f48_s.png
Lėkštė AURORA Stone White 26 cm,6.99,https://cdn.barbora.lt/products/71514fc1-04d9-4e81-806d-a72da0c2770a_s.png
Lėkštė AURORA Stone Grey 26 cm,6.99,https://cdn.barbora.lt/products/455b9d6b-e811-4a29-a53a-99267426824c_s.png
Lėkštė AURORA Stone Grey 20 cm,4.99,https://cdn.barbora.lt/products/bb5009dd-89c8-4dda-a5d2-362f963b167a_s.png
Dubenėlis AURORA Stone Grey 15 cm,4.99,https://cdn.barbora.lt/products/654f999e-c5be-4624-9f46-9579f320f394_s.png
Lėkštė AURORA Stone White 20 cm,4.99,https://cdn.barbora.lt/products/b542fa9d-a971-4d34-a45b-d485eff175c9_s.png
Žaislinis įrankių rinkinys,17.99,https://cdn.barbora.lt/products/1e363d99-5676-4106-9429-235998b7a96b_s.png
Princesės tiara ir vėrinys,2.99,https://cdn.barbora.lt/products/5269a735-fe66-4ad9-b294-3eb7da97bd49_s.png
"Garnier Olia 8.31, auksinė pelenų blondinė.",9.49,https://cdn.barbora.lt/products/ba221deb-3e0b-4f94-854e-b9583c3bab5e_s.png
"Garnier Olia 7.3, auksinė tamsi blondinė. ",9.49,https://cdn.barbora.lt/products/b8e585cd-1c1a-4a58-8cc7-33e5d01506bd_s.png
Radijo bangomis valdomas automobilis,44.99,https://cdn.barbora.lt/products/28a23265-029f-48d0-9f6f-e891cf3aad9b_s.png
"Plaukų dažai GARNIER OLIA, Nr. 9G, 1 vnt.",9.49,https://cdn.barbora.lt/products/326085cf-e6bd-4db3-a4a2-b08ac312a584_s.png
"Plaukų dažai GARNIER OLIA, Nr. 7.40, 1 vnt.",9.49,https://cdn.barbora.lt/products/977f5aad-fc01-4acc-bc4c-238440759ba1_s.png
"Plaukų dažai GARNIER OLIA, Nr. 5.35, 1 vnt.",9.49,https://cdn.barbora.lt/products/e6fc0074-5c0e-4b1f-8fd6-f69754b05505_s.png
"Plaukų dažai GARNIER OLIA, Nr. 3.0, 1 vnt.",9.49,https://cdn.barbora.lt/products/9af770b5-cc71-479a-9925-cce1004a1b61_s.png
"Plaukų dažai GARNIER OLIA, Nr. 6.60, 1 vnt.",9.49,https://cdn.barbora.lt/products/b241d600-d3d9-46f3-b856-0a5c603345bd_s.png
"Plaukų dažai GARNIER OLIA, Nr. 6.35, 1 vnt.",9.49,https://cdn.barbora.lt/products/81056983-0827-4d95-8dd1-ee09bf22b057_s.png
"Plaukų dažai GARNIER OLIA, Nr. 9.11, 1 vnt.",9.49,https://cdn.barbora.lt/products/6c6b3fe7-e4d8-480c-ae08-885b62ded73d_s.png
"Dušo gelis ir šampūnas PAW PATROL MARSHALL 2IN1, 400 ml",7.99,https://cdn.barbora.lt/products/cee9ccfd-b177-4373-86b7-ae3d5c470e56_s.png
Žaislinis lavinamasis rinkinys,32.99,https://cdn.barbora.lt/products/aaae36fc-5e1d-41e1-a304-e79c2fb9811a_s.png
"Pliušinis žaislas FOXTER, 70 cm, BT23123",16.99,https://cdn.barbora.lt/products/63d42782-fe87-407f-8434-5bd933c9727c_s.png
Pulteliu valdomas kranas TEAMSTERZ,29.99,https://cdn.barbora.lt/products/b889c597-d24d-4bb7-9ec5-cf3b4a878976_s.png
"Radijo bangomis valdomas automobilis, 1 vnt.",19.99,https://cdn.barbora.lt/products/49e6a117-7034-49f3-8d7d-70e03e14395f_s.png
"Radijo bangomis valdomas automobilis, 1 vnt.",24.99,https://cdn.barbora.lt/products/4bb3fbbc-8a5c-43f6-9817-ceb046d70190_s.png
"Pliušinis paukštis kiaušinyje, 2305002",18.99,https://cdn.barbora.lt/products/3e56e21b-a9f7-447f-8f2e-317520f80988_s.png
Žaislinė automobilių trasa TEAMSTERZ,54.99,https://cdn.barbora.lt/products/936022f6-db14-4233-8d89-254c338abcbf_s.png
Dvipusis pliušinis žaislas EGGIE LOOZ,12.39,https://cdn.barbora.lt/products/0a438880-ce53-4ab1-abcb-30a885cd1ae9_s.png
"Veido kremas L'OREAL  , 50 ml",22.39,https://cdn.barbora.lt/products/f4992f13-ce65-4c30-9a31-4799faf3f118_s.png
"Garnier Color Naturals 7.3, natūrali auksinė blondinė.",4.99,https://cdn.barbora.lt/products/9ecf5410-e61b-4ae1-b1fd-0bc9fa4af447_s.png
"Garnier Body kūno pienelis, 400 ml",9.49,https://cdn.barbora.lt/products/c7bf0e49-5826-4831-96a4-05d7c495a567_s.png
Interaktyvus pliušinė koala,69.99,https://cdn.barbora.lt/products/f23eac6f-1625-4a03-bbf9-0f57cf9a2ba6_s.png
"Plaukų kondicionierius PANTENE Thick&Strong Active Nutri-Plex, 275 ml",6.89,https://cdn.barbora.lt/products/5323ef1e-8567-49cb-8aa4-4aa86e936b3b_s.png
"Plaukų šampūnas, kondicionierius ir intensyvi priežiūra PANTENE Thick&Strong 3in1, 325 ml",5.89,https://cdn.barbora.lt/products/c65d1a78-7af0-4d09-99d6-68558fe27399_s.png
"Plaukų šampūnas HEAD&SHOULDERS Men Ultra Anti-Hairfall, 330 ml",9.29,https://cdn.barbora.lt/products/40440a00-103c-4f1e-8758-e732e2bfa5d1_s.png
"Monster High Skulltimates siurprizų rinkinys, paslapt. monstrių serija",64.99,https://cdn.barbora.lt/products/fd4f149d-3cf5-4309-bb73-85b7a8e438d8_s.png
"Plaukų kondicionierius MAUI su bambuko pluoštu, 385ml",13.99,https://cdn.barbora.lt/products/865d5600-a418-453e-89b9-b7aebf4ce4f7_s.png
"Taurelės RCR MELODIA 80ml, 6 vnt.",24.99,https://cdn.barbora.lt/products/621b0648-356a-4712-9f9b-b1664a703ded_s.png
"Lėlė BARBIE DREAM BESTIES, 1 vnt.",44.99,https://cdn.barbora.lt/products/258bcdae-66ba-423b-b1df-e4d6afffb185_s.png
"Šviečianti dekoracija, 9x7x14cm",11.99,https://cdn.barbora.lt/products/df15b682-ac6b-4b59-ad53-757ad478897d_s.png
"Kūno balzamas NEUTROGENA ULTRA NOIRISHING, 300 ml",8.79,https://cdn.barbora.lt/products/08d8889f-6740-40ae-b0d7-7f160806f790_s.png
"Šampano taurės RCR MELODIA 260ml,6vnt.",39.99,https://cdn.barbora.lt/products/49712c98-1cd8-4da4-b6ac-b25afd1d02bd_s.png
"Žaislinis šautuvas Ward NERF, G0132, 1 vnt.",9.99,https://cdn.barbora.lt/products/934be99b-6a6b-45ba-ad08-203f93c37758_s.png
"Žaislinis šautuvas PINPOINT NERF, 1 vnt.",34.99,https://cdn.barbora.lt/products/7c513dbe-57a4-414a-a6d0-53a5ccdc9883_s.png
HAS NER N Series šautuvas „Infinite“,59.99,https://cdn.barbora.lt/products/ab4776b6-f773-4b79-9b6c-92f06d28fe5e_s.png
"Žmog. voro tinklo šaudyklė SPIDER MAN, 1 vnt.",39.99,https://cdn.barbora.lt/products/88f17c5d-bc6c-4f3e-a017-80e9783bbb52_s.png
"Žaid. Mistakos Platform TREFL, 02667T",34.99,https://cdn.barbora.lt/products/31b741fc-9f12-43bf-af30-18436b521646_s.png
"TA Herojaus figūrėlė W1, 5cm, asort.",10.99,https://cdn.barbora.lt/products/06a8d1db-e053-4603-8dcd-8de3af1d49c1_s.png
"Žaidimas At the office TREFL, 02671T
",23.99,https://cdn.barbora.lt/products/8c3b876e-9eb6-4eed-b0c3-aeeb70142e68_s.png
"Klasikinis detekt. žaid. HASBRO GAMING
",49.99,https://cdn.barbora.lt/products/f1f7850a-7bb5-4254-a6e2-6d307f692e40_s.png
"Žaidimas 5 sekundės TREFL, 02666T, 1 vnt.",23.99,https://cdn.barbora.lt/products/6f0381ee-cd5a-4777-987a-f87280d0d9d0_s.png
"Muzikinis žaidimas Dj Pop TACTIC, 60428, 1 vnt.",14.99,https://cdn.barbora.lt/products/1d63e71a-b125-44a3-b1ec-23a8f41ae560_s.png
HAS FUR Interaktyvus žaislas Furby Aurora Furbealis,119.99,https://cdn.barbora.lt/products/4e271f41-d0a5-4d4a-bc6d-214ea922454a_s.png
HAS NER N Series šautuvas „Sprinter“,47.99,https://cdn.barbora.lt/products/82d426cb-7be1-43db-8b9d-eeaab96582ea_s.png
SILVERLIT Rinkinys „Robo Kombat spin battle A“,49.99,https://cdn.barbora.lt/products/3704c20f-4929-4adb-8c3c-7bfa9be549d6_s.png
HAS NER N Series šautuvas „Agility“,18.99,https://cdn.barbora.lt/products/9bf6c5c3-e122-4721-8745-7d81b668c480_s.png
"Interaktyvus žaislas HATCHIMALS ALIVE PUFFICORN, 1 vnt.",119.99,https://cdn.barbora.lt/products/01ab1406-9927-438a-bac5-1954112e0836_s.png
"Lėlių namelis GABBY'S DOLLHOUSE, 1 vnt.",99.99,https://cdn.barbora.lt/products/9f96855b-2125-43e4-b331-d3338ffd3e81_s.png
PUN Interaktyvus žaislas „Punirunes“,29.99,https://cdn.barbora.lt/products/86a3bad4-c47e-4a12-9025-0d792a8c37ee_s.png
HEX Interaktyvi šviečianti nano figūrėlė,7.99,https://cdn.barbora.lt/products/f17d236a-c272-4aba-a4a5-80a1658cf4b1_s.png
Vaikiškos ausinės ir mikrofonas BARBIE,39.99,https://cdn.barbora.lt/products/9c3bcd23-15dd-4f18-9e75-44c399b9a4c9_s.png
Matchbox premium automodeliukai,13.99,https://cdn.barbora.lt/products/fca858aa-1cbb-4914-9ed7-981236ded561_s.png
"CARS automodelis ""Pakeisk spalvą!""",18.99,https://cdn.barbora.lt/products/7eb01817-9ed2-4f86-a723-b642f2e74613_s.png
„Polly Pocket“ katinėlio lėktuvo žaidimų rinkinys,57.99,https://cdn.barbora.lt/products/6c6aa668-c7dc-4b0f-9947-e5b1507827bf_s.png
„Polly Pocket“ Barbie tematikos pramogų rinkinys,32.99,https://cdn.barbora.lt/products/c4e7fe23-15bc-4246-a7cc-469f6c8725cd_s.png
„Hot Wheels“ RC automodelis ,49.99,https://cdn.barbora.lt/products/2360651e-3108-484c-a265-ec5416d1a661_s.png
"Kortų žaidimas UNO SKIP - BO, 1 vnt.",13.99,https://cdn.barbora.lt/products/41a970ce-077a-49a5-8bd3-20ce1aeda294_s.png
Žaidimas „Beždžionėlės akrobatės“ atnaujintas,44.99,https://cdn.barbora.lt/products/decb786e-5964-4a64-9af2-410fa7f55c68_s.png
Šokantis didžėjus (Lietuviškai įgarsintas),88.99,https://cdn.barbora.lt/products/76dd955d-d25a-415e-a90d-674953a1d4b8_s.png
Žaidimas „Linksmieji bebriukai“,34.99,https://cdn.barbora.lt/products/a530127f-e1ad-491d-b6f2-1302110e1560_s.png
"Žaislinis rinkinys BARBIE FUN AND FANCY HAIR, 1 vnt.",49.99,https://cdn.barbora.lt/products/0a64c27e-8352-4e0c-b993-cdecc8f171aa_s.png
"Peilių rinkinys, FISKARS 3vnt.",24.99,https://cdn.barbora.lt/products/fc3e9bfe-0992-4ac0-ad34-8ef2b3321161_s.png
"Žaislinis rinkinys BARBIE COLOR REVEAL, 1 vnt.",34.99,https://cdn.barbora.lt/products/a9384238-e3f3-4f78-b3ba-d56b4ec9bab8_s.png
"Lėlė BARBIE DREAMTOPIA, 1 vnt.",49.99,https://cdn.barbora.lt/products/afee7b52-2be1-4fff-bd24-c93f4b132b8f_s.png
"Lėlė BARBIE CUTIE REVEAL, 1 vnt.",57.99,https://cdn.barbora.lt/products/b3bec831-4433-485a-84d3-b4f4783af4fa_s.png
"Šviečianti Kalėdinė dekoracija, 38 cm",19.99,https://cdn.barbora.lt/products/d86f7312-9004-4658-b57c-3068d0959882_s.png
Peiliai UNIWELL Bordeaux 4 vnt.,9.99,https://cdn.barbora.lt/products/674cb960-f2b9-47a4-99e5-6b79a480f298_s.png
Šaukštai UNIWELL Bordeaux 4 vnt.,9.99,https://cdn.barbora.lt/products/3e3563b5-aaec-469b-a8ed-49f741da9b76_s.png
Salotų įrankiai UNIWELL Baguette 2 vnt.,9.99,https://cdn.barbora.lt/products/39bb119e-a737-406c-b419-4eaf2b02a5fe_s.png
Peiliai UNIWELL Duke 2 vnt.,3.99,https://cdn.barbora.lt/products/e0d11f8f-343d-46e7-b145-790ad5cde618_s.png
Peiliai UNIWELL Brasio 2 vnt.,3.99,https://cdn.barbora.lt/products/158b8364-e8db-4248-a7ea-c2fb2d323e7b_s.png
Edukacinis žaislinis robotas CLEMENTONI,49.99,https://cdn.barbora.lt/products/2884bcbc-391e-44c4-834a-986a9a29cc77_s.png
"Dirbtinė kalėdinė eglutė, 1,8m",299,https://cdn.barbora.lt/products/7f2edd19-aee3-4701-b5f6-5d2849b1f0b0_s.png
Kosmetikos rinkinys CREATE IT!,34.99,https://cdn.barbora.lt/products/02349362-2589-45ee-b06b-95e313ea4230_s.png
Vaikiškas makiažo rinkinys CREATE IT!,12.99,https://cdn.barbora.lt/products/bb3cec24-8239-4178-a069-1d1313bc9703_s.png
"Maybelline New York Lifter lūpų pieštukas, 009 Peaking",8.99,https://cdn.barbora.lt/products/ebdd8eb9-2f46-48f7-8e42-ac3273d087e7_s.png
"Kalėdinė eglės dekoracija, 90 cm",14.99,https://cdn.barbora.lt/products/4de44799-f31d-4a20-8746-d782c1b17cde_s.png
"Maybelline New York Lifter lūpų pieštukas, 006 Line Leader",8.99,https://cdn.barbora.lt/products/317c2e89-c98a-434d-b696-cccdc3c584b9_s.png
ODA PRO 10 % niacinamido ir hialurono rūgšties serumas,33.89,https://cdn.barbora.lt/products/4c113dd2-44c5-49f0-a0a0-aee2efddf50e_s.png
"L'Oreal Paris Preference ilgalaikiai plaukų dažai, 7.3",13.49,https://cdn.barbora.lt/products/cf289a04-dfbf-493e-a52c-5c7e3ba2cdeb_s.png
"L'Oreal Paris Preference ilgalaikiai plaukų dažai, 6",13.49,https://cdn.barbora.lt/products/dd1c3edf-5087-4ded-ad03-f77c01ee9a41_s.png
"L'Oreal Paris Preference ilgalaikiai plaukų dažai, 5.21",13.49,https://cdn.barbora.lt/products/320033d6-080d-4b34-bf09-b043cdf5d674_s.png
"L'Oreal Paris Preference, ilgalaikiai plaukų dažai, 01",13.49,https://cdn.barbora.lt/products/90360112-b1a6-44c0-b6cd-19e3b815c589_s.png
"Elektrinė girlianda, geltona ir balta spalva, 11m.",49.99,https://cdn.barbora.lt/products/601e6a18-6684-4d49-abdf-21160be5641d_s.png
Kalėdų eglutės stovas,19.99,https://cdn.barbora.lt/products/2a0fada1-f90d-4912-9781-68ca810d067d_s.png
"Žaislinis pistoletas XSHOT HORRORFIRE REAPER, 1 vnt.",19.99,https://cdn.barbora.lt/products/4af4f61e-19fb-40e9-b058-e852a3c6da42_s.png
"X-SHOT žaislinis šautuvas Manic Insanity, 1 serija, 36603",21.99,https://cdn.barbora.lt/products/13266e79-4bd2-4d83-aec5-34a26644e71c_s.png
"Žaislinis pistoletas XSHOT BLASTERCORN, 1 vnt.",19.99,https://cdn.barbora.lt/products/8db3b315-66c6-44a2-bbb7-211ad204f556_s.png
"RUBBLE & CREW pliušinis žaislas Basic Plush, asort., 6070241",16.99,https://cdn.barbora.lt/products/febf97f4-3d20-4cd5-b943-fccbc7e8180d_s.png
"VETOCANIS Atbaidantis tirpalas šunims nuo erkių ir blusų, 2x1,2ml",9.49,https://cdn.barbora.lt/products/5b8bbf33-6e08-4591-92de-31d995eebc1c_s.png
Kalėdinis vainikas,22.99,https://cdn.barbora.lt/products/149518c8-9010-439d-b61f-4df368cfcb85_s.png
Mėsos pasta šunims su jaut. WANPY 90 g,1.99,https://cdn.barbora.lt/products/32c0859a-229f-4c43-822b-de1251df886b_s.png
ODA PRO Peptidų emulsija su retinoliu ir vitaminu C ,30.95,https://cdn.barbora.lt/products/6eaf89d6-cef4-4c31-b814-be442bdddde3_s.png
Regeneruojantis serumas ODA PRO su keramidais ir hialurono rūgštimi ,33.89,https://cdn.barbora.lt/products/b7a2112e-6bff-472e-b2ad-c476d1db5f4b_s.png
DAUGIAFUNKCINIS MICELINIS VANDUO,14.89,https://cdn.barbora.lt/products/63dfdd58-fd8d-4f3c-9ca5-6de0e292284a_s.png
ODA PRO Kremas su keramidais jautriai odai ,30.95,https://cdn.barbora.lt/products/a93c8029-fd8b-41a6-b2dc-6eafd9bedc8b_s.png
MARGARITA MOIST&MINERALS paakių gelis su su mineral. Vand. Birutė 15ml,10.29,https://cdn.barbora.lt/products/8437fa38-3395-4f78-827c-a8241a493188_s.png
"Karšto oro gruzdintuvė HENSKE, 3,8 l",79.99,https://cdn.barbora.lt/products/1fff11f7-e7a5-4a94-a0db-f7db9ec517bd_s.png
Lėkštė AURORA Zout Grey 20 cm,4.49,https://cdn.barbora.lt/products/a0394774-1ce3-41cf-8528-e1d9f59ff5e7_s.png
"NEBULOUS STARS kūrybinis rinkinys Animoulous Painting Studio, skirtingi dizainai",34.99,https://cdn.barbora.lt/products/62bf21f2-7f0e-4f3e-bb0d-221df9c3d9e8_s.png
"L'Oreal Paris True Match Nude makiažo pagrindas su serumu, 1-2, 30 ml",21.99,https://cdn.barbora.lt/products/ecdf2e05-e04f-44b0-9b1f-689839362a7b_s.png
"Lygintuvas HENSKE, PL-291",29.99,https://cdn.barbora.lt/products/6a0ed8db-fe9b-4fdb-bbb5-c856da32108b_s.png
"Indų ploviklis FAIRY SC Citrus, 900ml",3.79,https://cdn.barbora.lt/products/da6fc7cb-9e90-42ad-871d-228e307aa610_s.png
"Stalo žaidimas TAKAS MIŠKAS GILĖ KIAULĖ BULVĖ, 1 vnt.",12.99,https://cdn.barbora.lt/products/5db07866-c556-4355-a6cb-9b248e5ed86a_s.png
"O'LYSEE dušo putos L EVASION, 200 ml",9.99,https://cdn.barbora.lt/products/16c9aaa6-1727-46ee-bedc-40beb328f848_s.png
"O'LYSEE dušo putos LE RECONFORT, 200 ml",9.99,https://cdn.barbora.lt/products/ca4713a4-9121-4f78-99c4-89349e13c256_s.png
"HISKIN Crazy Body Kūno šveitiklis su Mojito aromatu (smulkūs grūdeliai), 300 ml",9.99,https://cdn.barbora.lt/products/06e684c1-9f5b-41d0-927a-959570ced1e1_s.png
"HISKIN Crazy Body Kūno šveitiklis su limonado aromatu (stambūs grudeliai), 300 ml",9.99,https://cdn.barbora.lt/products/09ddccf3-b85e-479c-bdce-0de58067de7d_s.png
"Lėkštė AURORA CREAM, 26 cm",8.29,https://cdn.barbora.lt/products/9c5c4312-e5e9-4d68-8f14-4089fa73b24a_s.png
Lėkštė AURORA CREAM 20 cm,6.79,https://cdn.barbora.lt/products/10f0760a-eb7a-452e-9626-ea0be203e3b4_s.png
"Gili lėkštė AURORA CREAM, 20 cm",6.79,https://cdn.barbora.lt/products/0e49b4a6-1792-4db7-b0f6-5ceca2b73b01_s.png
Green Feel's plaukų aliejus NUNU by Simona Nainė 100ml,7.79,https://cdn.barbora.lt/products/f9f3efdb-d0a4-41bd-9339-0fd376e4c574_s.png
Garinis lygintuvas HENSKE,29.99,https://cdn.barbora.lt/products/f8bfcbbf-76ae-49cc-b205-047b102d106d_s.png
Kūno prausiklis B.FRESH FRESSSSH AF!;473ml,7.49,https://cdn.barbora.lt/products/7dda44d0-eb36-4e85-99a0-7d18e868613d_s.png
Stalo žaidimas Politiškės (Fraudville),32.99,https://cdn.barbora.lt/products/69efc5e5-18d5-4e4f-904f-c45f8519da9a_s.png
"Stalo žaidimas POEZIJA NEANDERTALIETIŠKAI, 1 vnt.",19.99,https://cdn.barbora.lt/products/f968aa08-dc0c-4629-bd33-e15e64275cb2_s.png
"BIC Soleil 5 Escape moteriški vienkartiniai skustuvai,  2vnt.",6.99,https://cdn.barbora.lt/products/71d7654f-b77f-4c4a-aafb-85bb49eb2724_s.png
"Veido serumas NIVEA DERMA SKIN CLEAR REBALANCE & CLEAR, 30 ml",15.99,https://cdn.barbora.lt/products/d0138043-d412-47e2-a7e4-2fba926065fc_s.png
"Vyr. sisteminis skustuvas WILKINSON SWORD HYDRO5, +4 galvutės",21.99,https://cdn.barbora.lt/products/22c769e1-7fe9-4fe6-89a5-751a95deac9d_s.png
"MAYBELLINE NEW YORK, LASH SENSATIONAL, SKY HIGH, blakstienų tušas, SPACE DIAMOND, 8 ml",15.09,https://cdn.barbora.lt/products/dd7e69a1-a6e0-41ea-b041-bddd84aedbf9_s.png
Lėkštė AURORA BELLA 21 cm,8.79,https://cdn.barbora.lt/products/3bba435c-b667-43c9-aa0d-537aaa46d42a_s.png
Dubenėlis AURORA BELLA 22 cm,10.99,https://cdn.barbora.lt/products/7ee8ecc2-fee0-45de-a7b0-3f1ef5e61236_s.png
Dubenėlis AURORA BELLA 18 cm,8.79,https://cdn.barbora.lt/products/d2b82caa-7750-489e-8fb2-facb38f1b956_s.png
Dubenėlis AURORA BELLA 15 cm,8.79,https://cdn.barbora.lt/products/6d65647b-59fb-4880-be74-8ad5d3f67241_s.png
Dubenėlis AURORA SOHO 15 cm,8.79,https://cdn.barbora.lt/products/3cc57be4-18e5-4240-8360-29c98eefbc44_s.png
Lėkštė AURORA SPIRAL 26 cm,12.29,https://cdn.barbora.lt/products/d26deb0b-caed-4668-84fd-7d6d99f2e417_s.png
"ELSEVE plaukų kaukė, 300ml",9.19,https://cdn.barbora.lt/products/b8fa10d2-f670-4f65-9f35-27ddc50343dd_s.png
"SPIDER-MAN 3D dušo želė ir šampūnas 2 in 1, 400 ml",7.99,https://cdn.barbora.lt/products/880ff48e-2e6c-4517-a6b9-dd4dba27dff5_s.png
NIVEA CELLULAR EXPERT FILLER STANGRUMĄ ATKURIANTIS SERUMAS SU GRYNA MIKROHIALURONO RŪGŠTIMI.,19.49,https://cdn.barbora.lt/products/f938ba85-846f-4e19-b6a3-c8452f37f22b_s.png
"Šunų žaislas LOVETT Strong,SG204017S",9.99,https://cdn.barbora.lt/products/8c64a23f-44be-4342-8537-99cea2e42e10_s.png
"Šunų žaislas LOVETT Strong, ST193006S",9.99,https://cdn.barbora.lt/products/5a50d709-179d-4846-a116-f3ad3455f333_s.png
"L'Oreal Paris Casting Creme Gloss pusiau ilgalaikiai plaukų dažai be amoniako, 734",10.59,https://cdn.barbora.lt/products/b3fb0689-1ef4-40ea-9cf4-a2a9c4267162_s.png
"L'Oreal Paris Casting Creme Gloss pusiau ilgalaikiai plaukų dažai be amoniako, 645",10.59,https://cdn.barbora.lt/products/b813cce0-26a1-44f9-b0e9-62b6bdad7d3f_s.png
"L'Oreal Paris Casting Creme Gloss pusiau ilgalaikiai plaukų dažai be amoniako, 634",10.59,https://cdn.barbora.lt/products/cd7a6ded-0489-49f8-aad5-52794d6c1071_s.png
"Švytėjimą suteikiantis itin lengvas fluidas SPF 50+ Bright Reveal, 50 ml, šviesaus atspalvio",24.29,https://cdn.barbora.lt/products/4286d05e-67f1-4434-b97e-0aeff5ab7e2a_s.png
"L'Oreal Paris Casting Creme Gloss pusiau ilgalaikiai plaukų dažai be amoniako, 810",10.59,https://cdn.barbora.lt/products/85b1bdef-e3aa-4683-afdd-6d6bd0681982_s.png
Veido prausimosi putos PHARMA OIL SUNSHINE;50ml,8.99,https://cdn.barbora.lt/products/4dbb1777-5be2-4d75-9000-eb3eb26e5559_s.png
TOBOT X Transormeris Mini,18.69,https://cdn.barbora.lt/products/213c60e4-4437-4548-bdb1-8e668f81962a_s.png
"HAS TRA MIXMASHERS Herojaus figūrėlė, 12,7 cm, asort.",18.99,https://cdn.barbora.lt/products/22f679b4-146d-4ba7-8ac8-81c16aada728_s.png
HAS PD Rinkinys „Gėlių darželis“,24.99,https://cdn.barbora.lt/products/df8db751-b7d4-441a-a252-04a163e3e495_s.png
"AIRBRUSH HAIR´IFFIC Mini pliušinis gyvūnėlis su aerografu, asort.4",14.99,https://cdn.barbora.lt/products/b2bd48cc-8b8c-4974-90ba-e7b6a5d0999b_s.png
"HAS MON Papildymas „Nemokama stovėjimo aikštelė: aukso puodas“, LT",19.99,https://cdn.barbora.lt/products/4b08a2f5-30f9-43ad-b875-4c633c6ebc9c_s.png
"Yummiland Lūpų blizgis „Doll Character“ S.2, 7 asort., CDU",21.99,https://cdn.barbora.lt/products/8f74de6c-3fd0-44ba-9f52-a473eac380c8_s.png
L.O.L. Hello Kitty&Friends lelė,20.99,https://cdn.barbora.lt/products/6e905558-97fa-48be-9ec0-a3dc0e48ffd5_s.png
NIVEA CELLULAR EXPERT FILLER stangrumą atskuriantis serumas,21.99,https://cdn.barbora.lt/products/caadebb7-ad12-4de7-a322-1274007da6c9_s.png
"Garnier Olia tonuojantys plaukų dažai be amoniako, 10.2",8.29,https://cdn.barbora.lt/products/7cafd18a-f67a-4d48-9fd9-8b330340af29_s.png
"Plaukų dažai SYOSS COLOR 5-29 Sodrus raudonas, 1vnt.",8.99,https://cdn.barbora.lt/products/9a65b35f-401b-402a-9b2b-612b73a9f0b6_s.png
"L'Oreal Paris Excellence Creme ilgalaikiai plaukų dažai, 200",10.99,https://cdn.barbora.lt/products/698df1ed-5296-40fd-b6d2-f42ebab1425a_s.png
"Garnier Olia tonuojantys plaukų dažai be amoniako, 9.1",8.29,https://cdn.barbora.lt/products/a97f2b53-932a-4b2d-b855-bfe1ecd922e8_s.png
"Garnier Olia tonuojantys plaukų dažai be amoniako, 10.01",8.29,https://cdn.barbora.lt/products/d8301896-334e-431d-b000-6b9e63ccdb24_s.png
"Garnier Olia ilgalaikiai aliejiniai plaukų dažai be amoniako, 8.43",8.29,https://cdn.barbora.lt/products/c311525e-5706-48ad-a9cc-e1c64d938f2e_s.png
"Maybelline New York Teddy Tint lūpų dažai, 10 Current Mood",15.99,https://cdn.barbora.lt/products/fe5f96fd-813a-4635-89a5-49b793ad7182_s.png
"El. dantų šepetėlio galvutės ORAL-B IO GENTLE CARE, 4 vnt., 4 vnt.",46.99,https://cdn.barbora.lt/products/61c3d06d-7a95-407f-903e-4539985c5a9e_s.png
"Maybelline New York Super Stay Lumi Matte makiažo pagrindas, 090",18.99,https://cdn.barbora.lt/products/f036643e-def5-491e-a3c7-6f3e37aebd0a_s.png
"L'Oreal Paris Volume Million Lashes blakstienų tušas, All Night Black",16.59,https://cdn.barbora.lt/products/35d583e5-8744-466b-bd79-cbba2c92568f_s.png
"Maybelline New York Super Stay Lumi Matte makiažo pagrindas, 128",18.99,https://cdn.barbora.lt/products/8ec88af0-1cea-476d-b4e2-2c8ef2e011f2_s.png
"Veido šveitiklis NEUTROGENA CLEAR&RADIANT, 150 ml",8.99,https://cdn.barbora.lt/products/d2069239-43c7-4c45-a746-b95b907110e6_s.png
"Vyriškas tualetinis vanduo ROYAL GOLD, 100 ml",14.99,https://cdn.barbora.lt/products/06106f9a-ab8c-4dc6-af8d-3f04db99d502_s.png
"Maybelline New York Super Stay Lumi Matte makiažo pagrindas, 098",18.99,https://cdn.barbora.lt/products/ad948be1-4b8a-4232-9aa7-804015f01960_s.png
"Veido micelinė želė NEUTROGENA CURCUMA CLEAR, 200 ml",8.99,https://cdn.barbora.lt/products/58339869-f1e9-45f6-a2a0-569b9a8df1bd_s.png
"Moteriškas parfumuotas vanduo PARIS BLEU ROUGE AVENUE, 100 ml",17.99,https://cdn.barbora.lt/products/0801d588-3f6e-432c-a49b-92397a4a0f5f_s.png
"Veido drėkiklis NEUTROGENA CURCUMA CLEAR, 75 ml",8.99,https://cdn.barbora.lt/products/bea44d9a-3dee-47d8-b464-69f463495732_s.png
"Vyriškas parfumuotas vanduo PARIS BLEU TOBACCO CLUB, 100 ml",26.99,https://cdn.barbora.lt/products/d680b022-c2bf-4966-938a-93b16867ffa4_s.png
"UNICORN 3D dušo želė ir šampūnas 2 in 1, 400 ml",7.99,https://cdn.barbora.lt/products/60d2cf5b-6ba6-4a1d-ba42-a62491e323c6_s.png
"Plaukų kaukė PANTENE Smooth&Silky Active Nutri-Plex, 300 ml",8.99,https://cdn.barbora.lt/products/ffcbdf58-34fc-4a37-859f-e37e83b20840_s.png
BRAWL STARS Figūrėlė uždaroje pakuotėje,5.99,https://cdn.barbora.lt/products/8dfe7d03-952a-454b-a7d4-b2a54e76e798_s.png
"L'Oreal Paris Casting Creme Gloss pusiau ilgalaikiai plaukų dažai be amoniako, 834",10.59,https://cdn.barbora.lt/products/61c731d3-30c7-4bd3-a8ce-f15c06850fdd_s.png
"Intensyvus plaukų kondicionierius PANTENE Smooth&Silky Active Nutri-Plex, 3 minutes miracles, 220 ml",7.19,https://cdn.barbora.lt/products/ede020b5-6ac8-443d-bed9-695c974e13da_s.png
"ME HE serumas, 30ml",19.99,https://cdn.barbora.lt/products/0c61bdb9-4021-48b2-88f8-31630252e839_s.png
"Purškiamas antiperspirantas OLD SPICE Sport Power, 150ml

",6.59,https://cdn.barbora.lt/products/b24209b8-d537-452e-a475-239c09eecff0_s.png
"Purškiamas antiperspirantas OLD SPICE Power Start, 150ml",6.59,https://cdn.barbora.lt/products/eac5ff19-82e3-402b-aff7-99b8c75b00d8_s.png
"MARTINELIA kūno dulksna Super Girl, 210 ml",6.49,https://cdn.barbora.lt/products/33174cc4-5061-498f-8336-60113d5d9b4c_s.png
"MARTINELIA kūno dulksna Yummy, 210 ml",6.49,https://cdn.barbora.lt/products/c171afac-284f-4c07-a193-199ada5e72c5_s.png
"Šampūas DIVUS, dažytiems plaukams, 250ml",2.19,https://cdn.barbora.lt/products/44b55579-99e7-47a9-94ee-ff76fbff1f10_s.png
Minnie 2D Shower Gel & Shampoo 2 in 1 400 ml,7.99,https://cdn.barbora.lt/products/e1e923d7-8fd1-4ca0-8530-6c1bf7218e9c_s.png
Apsauginė priemonė vaikams nuo saulės Bubchen 100ml,9.09,https://cdn.barbora.lt/products/1840e484-e961-4042-b9ef-cb5ba6114e56_s.png
„Monster High Burried Secrets“  siurprizas,28.99,https://cdn.barbora.lt/products/18236b8c-6c75-499d-a7fe-e818502f10ad_s.png
BARBIE PARTY UNBOXED REVEAL siurprizų rinkinys,49.99,https://cdn.barbora.lt/products/52518ca1-1672-42ef-a56a-c790f2c66a6f_s.png
Dviejų „Minecraft“ figūrėlių rinkinys ,31.99,https://cdn.barbora.lt/products/044e6090-c208-41a9-af59-6184f19f4f12_s.png
MINECRAFT figūrėlė - Flipping Fings,24.99,https://cdn.barbora.lt/products/a082ffbc-247e-40bb-8b06-ed72b7aef06f_s.png
MINECRAFT figūrėlė - Snifer,35.24,https://cdn.barbora.lt/products/dae98301-c3ca-4f26-bc37-9bebb3590200_s.png
„Minecraft“ filmo figūrėlė,19.99,https://cdn.barbora.lt/products/1e26c214-2689-46fb-9d10-9ed8f3e87a99_s.png
„Hot Wheels“ rinkinys „Dinozauras gaisrinėje“,44.99,https://cdn.barbora.lt/products/5ae4457a-5121-4302-a8c0-d22b719ecf13_s.png
POLLY POCKET žaidimų rinkinys,25.99,https://cdn.barbora.lt/products/f55d6705-9f92-43ae-b95a-c4ed5b405d3c_s.png
„Polly Pocket“ kemperio rinkinys,31.99,https://cdn.barbora.lt/products/a835fa07-ac00-435a-a4df-d6fa0ebe0fc3_s.png
„Jurassic World“  dinozauras „Riaumojantis T.Rex“,34.99,https://cdn.barbora.lt/products/27171fff-58f1-4916-9f74-119f9f5fbb1b_s.png
"SUPERMAN 12"" figūrėlė",19.99,https://cdn.barbora.lt/products/71eaeb23-56ab-42d9-a987-2b3553bf326b_s.png
Lėkštė AURORA CONRAN WHITE 18 cm,2.99,https://cdn.barbora.lt/products/a1031282-2bbd-47ac-b8d4-a556d640abfd_s.png
Dubenėlis AURORA CONRAN WHITE 20 cm,4.99,https://cdn.barbora.lt/products/83b4d12a-e303-4661-b0d8-4a8ab0942026_s.png
Lėkštė AURORA CONRAN WHITE 21 cm,3.99,https://cdn.barbora.lt/products/fa62729a-8248-43ff-b6c6-1e7df9b56afd_s.png
"Maybelline New York Super Lock Brow Glue antakių kljiai, Taupe",11.99,https://cdn.barbora.lt/products/276cb688-0834-47b0-8734-0b7c44094004_s.png
Maybelline New York Tattoo Gel Liner akių pieštukas 821 StardustChrome,9.99,https://cdn.barbora.lt/products/19490ce4-65c3-402d-acfb-72fdf8e89006_s.png
Maybelline New York Tattoo Gel Liner akių pieštukas 822 Space Graphite,9.99,https://cdn.barbora.lt/products/275cdd75-2848-4cb8-acc5-3f6dceaf689f_s.png
"Maybelline New York Lifter Gloss, 029 Toast",11.49,https://cdn.barbora.lt/products/47aa97e7-d209-42a1-8692-cfd10844c2ca_s.png
"Maybelline New York Super Lock Brow Glue antakių kljiai, Deep Brown",11.99,https://cdn.barbora.lt/products/62044b94-8a7a-4210-b412-5330d8fd99a5_s.png
Maybelline New York Grippy Serum makiažo bazė,18.99,https://cdn.barbora.lt/products/0096e983-48b2-48df-bdef-fc4618a81756_s.png
Maybelline New York Poreless Jelly makiažo bazė,13.99,https://cdn.barbora.lt/products/6cdc54e7-65c7-4573-89b1-9ab1df1ce880_s.png
Maybelline New York Sunkisser skysti matiniai skaistalai 30 PinkMirage,12.99,https://cdn.barbora.lt/products/89890719-3f43-4c51-a2ef-d399d385c7fe_s.png
Maybelline New York Sunkisser priemonė 22 StarStudded,12.99,https://cdn.barbora.lt/products/63b2954d-f394-4b51-85ce-7c0a3fe58ee8_s.png
"L'Oreal Paris Laque Resistance lūpų dažai, 601 Worth It",18.99,https://cdn.barbora.lt/products/dc451451-0967-44e2-826c-676a19a58d9e_s.png
"Keptuvė 28cm, UNIWELL",24.99,https://cdn.barbora.lt/products/7ef3d242-4be3-4dbc-880d-8d294399a60f_s.png
"Keptuvė su dangčiu 28cm, UNIWELL",34.99,https://cdn.barbora.lt/products/1437c605-e23d-4c2d-b2a7-f4d9f4b5c3c6_s.png
"Puodas su dangčiu 18cm, UNIWELL",29.99,https://cdn.barbora.lt/products/2477c5bc-a265-4e64-9ada-4a5296132181_s.png
"L'Oreal Paris Laque Resistance lūpų dažai, 520 Berry Bordeaux",18.99,https://cdn.barbora.lt/products/ba8c8606-3478-41e1-aefa-2f47e53945c3_s.png
"L'Oreal Paris Laque Resistance lūpų dažai, 510 Cafe Parisien",18.99,https://cdn.barbora.lt/products/687922b3-53f0-42fe-9291-3682e77400b5_s.png
"L'Oreal Paris Laque Resistance lūpų dažai, 600 Le Nu Rose",18.99,https://cdn.barbora.lt/products/4d14dc55-8ecc-40fc-9c39-9e8974ef07d3_s.png
"L'Oreal Paris Laque Resistance lūpų dažai, 215 Drunk in Rose",18.99,https://cdn.barbora.lt/products/2f6e32b6-289c-4021-99c8-e11e326bec52_s.png
"Karšto oro gruzdintuvė XIAOMI, 6,5 l 7358EU",149,https://cdn.barbora.lt/products/f89860de-693d-424b-a236-9e3a00ea1516_s.png
"El. virdulys XIAOMI, 1.7 L BHR5927EU",44.99,https://cdn.barbora.lt/products/624f0721-da42-47ee-983b-000698124111_s.png
"Elektrinis virdulys XIAOMI, 9107EU, 1,7",69.99,https://cdn.barbora.lt/products/d2ddd969-ae6d-49ed-9dbd-56b1cb0aa26d_s.png
"El. virdulys XIAOMI, BHR9539EU, 1,7 l",45.99,https://cdn.barbora.lt/products/bffb436d-00f5-4c94-8fe1-6bb8a81bcc1e_s.png
"L'Oreal Paris Plump Ambition lūpų aliejus, 641 Latte Glaze",16.99,https://cdn.barbora.lt/products/9cc76dee-c815-407a-9ba0-c9e452e095ed_s.png
"L'Oreal Paris Plump Ambition lūpų aliejus, 650 Nude Macaron",16.99,https://cdn.barbora.lt/products/fd6eac2e-bd31-4c9c-90ab-9cc5a940a555_s.png
"L'Oreal Paris Skin Ink makiažo pagrindas, 100",19.99,https://cdn.barbora.lt/products/2d2900c6-aa24-48d7-9adf-17342ed66a79_s.png
"Šampano taurės RONA Lord 340 ml, 6 vnt.",26.99,https://cdn.barbora.lt/products/a4dc5c0e-ce8b-4876-921e-449855a5509c_s.png
"Traški duonelė su alyvuogių aliejumi, česnakais ir rozmarinais CHERCHI, 100 g",4.99,https://cdn.barbora.lt/products/e2f43085-0a86-4d2c-b782-ec8b3ddc7d92_s.png
"L'Oreal Paris Skin Ink makiažo pagrindas, 20",19.99,https://cdn.barbora.lt/products/75b472cd-cfaa-404f-a9aa-76d141fd228d_s.png
"L'Oreal Paris Faux Brow antakių flomasteris, Dark Brunette",15.99,https://cdn.barbora.lt/products/f46867dd-11dc-4b44-adb9-faeee0e1200e_s.png
"L'Oreal Paris Color Riche Satin lūpų dažai, L'Ambre",14.39,https://cdn.barbora.lt/products/b9aca6e0-069f-429d-9f20-2f4629ed244f_s.png
"Maybelline New York Lifter Glaze, 006 Carmel Glow",10.99,https://cdn.barbora.lt/products/1e61482d-3948-451b-b2ab-6d2ecb850b9e_s.png
Skustuvas PHILIPS OneBlade QP1324/20,35.99,https://cdn.barbora.lt/products/5c9ff98d-1a91-414b-b3d8-bfe2438c2b28_s.png
"L'Oreal Paris Lumi Le Liquid Blush skysti skaistalai, 630 True Rose",15.39,https://cdn.barbora.lt/products/fe581ab6-3dc3-41fe-a541-95230c941e6b_s.png
"L'Oreal Paris Skin Ink makiažo pagrindas, 140",19.99,https://cdn.barbora.lt/products/5146e102-6490-4875-9947-475bf96eeecb_s.png
"L'Oreal Paris Skin Ink makiažo pagrindas, 260",19.99,https://cdn.barbora.lt/products/c32d3064-c924-4762-bbda-b12a1546af2b_s.png
"L'Oreal Paris Matte Resistance lūpų dažai, 200 Lipstick & Chill",18.99,https://cdn.barbora.lt/products/2fc267de-538d-4c0f-84b8-3e1d68c7a591_s.png
"L'Oreal Paris Lumi Le Liquid Blush skysti skaistalai, 625 Gold Pink",15.39,https://cdn.barbora.lt/products/424c3d12-dba8-4ed8-bcab-54c1b757a5cb_s.png
"L'Oreal Paris Faux Brow antakių flomasteris, Dark Blonde",15.99,https://cdn.barbora.lt/products/6a2b1d3f-b7f8-419e-b493-0a210ce1daab_s.png
"L'Oreal Paris Skin Ink makiažo pagrindas, 15",19.99,https://cdn.barbora.lt/products/7f08c58c-e7d6-4fd2-ba29-51275d25ac31_s.png
"L'Oreal Paris Color Riche lūpų pieštukas, L'Ambre",7.19,https://cdn.barbora.lt/products/5c73f827-66e5-4604-8890-f054a93d36e2_s.png
"Vyno taurės RONA Lord 510 ml, 6 vnt.",27.99,https://cdn.barbora.lt/products/927bafa9-e928-43a0-8d08-77bb6ff1776d_s.png
"Vyno taurės RONA Lord 670 ml, 6 vnt.",29.99,https://cdn.barbora.lt/products/e1f872ba-ce50-4a63-8713-e1374ecd4731_s.png
"Vyno taurės RONA Lord 420 lm, 6 vnt.",27.99,https://cdn.barbora.lt/products/0b6f123a-4d04-42a1-a0ad-10bbdf823c0c_s.png
Maybelline New York Colossal Bubble Black; mascara 10 ml,12.99,https://cdn.barbora.lt/products/d7de227e-ea41-4dd3-9e7a-c712520ea7d6_s.png
"L'Oreal Paris Plump Ambition lūpų aliejus, 510 La Nuit Sparkle",16.99,https://cdn.barbora.lt/products/b50e96f6-cfa6-42bc-9c17-f7fd50377e07_s.png
"L'Oreal Paris Plump Ambition lūpų aliejus, 101 Cristal Clear",16.99,https://cdn.barbora.lt/products/432bcf81-7db9-4a37-8c46-a2822b26976b_s.png
"L'Oreal Paris Plump Ambition lūpų aliejus, 380 Rouge in Love",16.99,https://cdn.barbora.lt/products/27cd6689-55d5-4ea2-ac11-04019b9fe315_s.png
"Maybelline New York Colossal Bubble blakstienų tušas, atsparus vandeniui, 10 ml",13.19,https://cdn.barbora.lt/products/0bd93139-96ba-4c28-8c44-f4ed7a8b9122_s.png
GREEN FEEL'S purškiklis slenkantiems plaukams 100ml,3.59,https://cdn.barbora.lt/products/bc814a32-183e-4d3e-ae88-16e8e088b05b_s.png
GREEN FEEL'S 2in1 veido kaukė / šveitiklis 150ml,4.19,https://cdn.barbora.lt/products/cb2e6dbf-8ad0-47ac-9f54-abff75bd7b44_s.png
"Pieštukinis plaukų vaškas GOT2B Glued Wax Stick, 50g",12.49,https://cdn.barbora.lt/products/b98fd2e4-4ef7-4763-a67c-25970c459640_s.png
HiPP kremas nuo saulės purškiamas - SPF 50+ (150ml),16.99,https://cdn.barbora.lt/products/440b02d8-01f9-49cc-b606-b93b70638cc7_s.png
"Serumas nuo spuogų probleminei odai Men Expert Derma Control, 30 ml",17.99,https://cdn.barbora.lt/products/0d12388e-976e-451b-963f-6f278e42781c_s.png
"NIVEA SOFT DRĖKINANTIS KREMAS VEIDUI, KŪNUI IR RANKOMS SU SPF15 100 ml",6.19,https://cdn.barbora.lt/products/a64b37f7-b881-468a-9407-55a0f81abba8_s.png
NIVEA LUMINOUS630® SKIN GLOW ŠVYTĖJIMĄ SKATINANTIS SERUMAS 30 ml,21.99,https://cdn.barbora.lt/products/09d341cb-dad4-437f-ba28-78c6f5ecc642_s.png
"S.O.S kremas nuo spuogų Men Expert Derma Control, 45 ml",11.99,https://cdn.barbora.lt/products/0184dbdd-a5bb-4329-8652-f715e86182af_s.png
NIVEA Q10 ANTI-WRINKLE EXPERT KASDIENIS UV FLUIDAS SU SPF50 30 ml,21.49,https://cdn.barbora.lt/products/c2d1691d-8b51-4677-ac46-9c362b56056f_s.png
NIVEA DRĖKINAMASIS DIENINIS KREMAS SU SPF30 NORMALIAI ODAI 50 ml,10.99,https://cdn.barbora.lt/products/7e824597-9185-42ae-bfdb-af6b911a812a_s.png
"Kiaulienos troškinys su lęšiais WILLIAM SAURIN, 400 g",4.99,https://cdn.barbora.lt/products/3e82e60d-a270-44cf-a91b-7911d0819b19_s.png
"	Vištienos troškinys su grybų padažu WILLIAM SAURIN, 400 g",4.99,https://cdn.barbora.lt/products/0a008be6-817b-4235-a0ce-e11cddcb4fd0_s.png
"NIVEA MEN SENSITIVE ""DAILY PROTECT"" DRĖKINAMASIS KREMAS SU SPF30 50 ml",15.79,https://cdn.barbora.lt/products/acc7482f-f88f-4f5c-a591-dde991bebb8a_s.png
NIVEA LUMINOUS630® SKIN GLOW SKYSTAS NENUPLAUNAMAS ODOS ŠVEITIKLIS 100 ml,14.99,https://cdn.barbora.lt/products/eeccb0fc-7249-458f-b006-4268c1e7e739_s.png
"Veido prausiklis-gelis probleminei odai Men Expert Derma Control, 260 ml",10.99,https://cdn.barbora.lt/products/11130b71-32b0-4e84-9fb3-13c5223b6c5f_s.png
"Drėkinamasis kremas probleminei odai SPF 30 Men Expert Derma Control, 40 ml",17.99,https://cdn.barbora.lt/products/f5ca4f6f-531e-4420-b40a-3d3a0e4aa45b_s.png
"GARNIER PURE ACTIVE SALICYLIC šveičiamoji veido esencija, 120 ml",8.99,https://cdn.barbora.lt/products/e648c439-81a5-44c3-a498-bd3184d958a4_s.png
"L'Oréal Paris Bright Reveal  UV pieštukas, SPF 50+, 9 ml",16.99,https://cdn.barbora.lt/products/b78fc1df-ddb7-433c-a2d5-3870d519e071_s.png
"	Lazanija BOLOGNESE WILLIAM SAURIN, 300 g",4.49,https://cdn.barbora.lt/products/7b70fe79-778a-4c36-94cc-09e6cabbaae2_s.png
"	Makaronai WILLIAM SAURIN su vištiena, grietinėle ir grybais, 280 g",4.49,https://cdn.barbora.lt/products/ddb3c6a3-8ab4-4756-be72-9da9d98a8489_s.png
"Jautienos troškinys su bulvėmis raudonojo vyno padaže WILLIAM SAURIN, 300 g",4.99,https://cdn.barbora.lt/products/3638a50b-9102-4c4c-8ec8-8ffc106128a5_s.png
"	Spagečiai su jautiena Bolonijos padaže WILLIAM SAURIN, 300 g",4.49,https://cdn.barbora.lt/products/219c5617-f60e-42a1-bbeb-4484ee7a17eb_s.png
"	Rizotas su vištiena ir grybais WILLIAM SAURIN, 280 g",4.49,https://cdn.barbora.lt/products/ccf99afa-308b-478b-af65-b82f5872aa26_s.png
"Kalėdų eglutės žaisliukas, 8.0*8.0cm",1.99,https://cdn.barbora.lt/products/8532a4cf-b861-446d-b14e-bdef6033876e_s.png
HAS BEY „Beyblade X Portable“ kovos rinkinys,45.99,https://cdn.barbora.lt/products/3aedade0-d152-497a-8e80-7e54d2a15ba4_s.png
HAS PD Rinkinys „Tortų kepykla“,44.99,https://cdn.barbora.lt/products/8970bc69-33e8-472e-a43e-16ff2cc4fdd6_s.png
HAS NER LOADOUT šautuvas SHADOWSPEED RECON,35.49,https://cdn.barbora.lt/products/2704cefe-bf8c-4a2e-832a-249b30c6dfda_s.png
"SPIDEY AND HIS AMAZING FRIENDS Herojaus figūrėlė, 7,6 cm",7.99,https://cdn.barbora.lt/products/bfb07372-4677-40de-b5b5-7013fb84657e_s.png
"HAS PEP Rinkinys „Linksmybės purve“, asort.",8.99,https://cdn.barbora.lt/products/419b534d-ff5a-4658-aa8c-b4a8fb42e62d_s.png
HAS FUR Interaktyvus furbis didžėjus,99.99,https://cdn.barbora.lt/products/51916fa5-58b6-432b-b798-bf319e7d9c63_s.png
NERF LOADOUT šautuvas ARCTIC ZEROSTRIKER,44.99,https://cdn.barbora.lt/products/08fd8dc8-69ac-4ed3-8d7e-5c67d93f3034_s.png
"Žaislų rinkinys BEYBLADE x, Deluxe, G1491, 1 vnt.",40.99,https://cdn.barbora.lt/products/ff4dea2a-bb89-445e-9a8f-310d58cec683_s.png
HAS FUR  Interaktyvus auksinis Furbis,119.99,https://cdn.barbora.lt/products/67942479-b053-4c61-8fbf-377bd930f611_s.png
OPERATION Stalo žaidimas,39.99,https://cdn.barbora.lt/products/a3c768fb-e66a-4522-be34-8c0be0ea86d5_s.png
"Žaislinė slibino figūrėlė DRAGONS, 1 vnt.",21.99,https://cdn.barbora.lt/products/794a9ce4-4efa-493a-b4fa-1cb4359ff969_s.png
"LLP Interaktyvus pliušinis pandos mažylis, 25 cm",51.99,https://cdn.barbora.lt/products/4af8aed3-3e34-4ecc-86a1-77b36a4c3d0d_s.png
"SCRUFF-A-LUVS pliušinis gyvūnėlis, zils, 19 cm",29.99,https://cdn.barbora.lt/products/abc7c4d4-0531-4d78-9ee1-001e69e71a84_s.png
"Kelioninis žaidimas GRAB & GO CLUEDO, 1 vnt.",13.99,https://cdn.barbora.lt/products/cd0a6bc1-0d13-4238-8404-ec3bf448d566_s.png
"AIRBRUSH HAIR´IFFIC Pliušinis gyvūnėlis su aerografu, asort.2",18.99,https://cdn.barbora.lt/products/05c2bb17-fde4-49bf-b1a1-b55c2ba90cd4_s.png
"MRBEAST LAB Figūrėlės S3, 3 vnt, CDU",9.99,https://cdn.barbora.lt/products/fb60d8bf-3ea7-41e5-8995-7d07a88662ba_s.png
"MRBEAST LAB Tampri figūrėlė S3, 3.asort",21.99,https://cdn.barbora.lt/products/ebd17c5a-b541-4dc8-933b-87498e3b5a06_s.png
Stalo žaidimas JUMBO Hitster Guilty Pleasures,21.99,https://cdn.barbora.lt/products/863f8f26-97f1-477b-a6b1-1ddc15fdb07f_s.png
STICKI ROLLS STITCH Papuošalų rinkinys,25.99,https://cdn.barbora.lt/products/d7285d52-9e91-4ee7-9f58-718a26c8a738_s.png
"Garnier Color Naturals plaukų dažai, 102+ itin šalta sidabrinė blondinė",4.99,https://cdn.barbora.lt/products/77a9df87-a4ac-493f-8074-81fb30edc0f0_s.png
"LUMENE HERKKÄ raminamasis tonikas, 400 ml",12.99,https://cdn.barbora.lt/products/94bdfc1c-fd33-4fa8-9347-6e2993be4041_s.png
"LUMENE KLASSIKKO Face Care Moisturizing dieninis kremas, SPF20, 50 ml",11.99,https://cdn.barbora.lt/products/26996f32-3555-4724-9752-cf049444ffad_s.png
LUMENE NORDIC BLOOM [LUMO] Anti-wrinkle & Firm dieninis kremas,30.99,https://cdn.barbora.lt/products/704cd290-d7a4-49c2-b0bb-0e2428eaffea_s.png
LUMENE NORDIC BLOOM [LUMO] Anti-wrinkle & Firm naktinis kremas,30.99,https://cdn.barbora.lt/products/68a206d7-2e8e-4947-b2c1-cc5ffdb22f4d_s.png
"Dr.PAWPAW, WICKED ENCHANTING, lūpų pieštukas keičiantis atspalvį, 3g",5.99,https://cdn.barbora.lt/products/e9d8df2b-6b44-481e-bc17-fc244da87a97_s.png
"Dr.PAWPAW, WICKED GLIMMER, lūpų pieštukas su rožiniu spindesiu, 3g",5.99,https://cdn.barbora.lt/products/4cce4a3c-9bf8-4545-91b2-150df16ccc7c_s.png
"NEUTROGENA Hydro Boost apsauginis skystis SPF 50, 50ml",23.79,https://cdn.barbora.lt/products/584f1336-69bf-44be-bc35-fd901f912762_s.png
"NEUTROGENA Hydro Boost 10% niacinamido serumas, 30ml",23.79,https://cdn.barbora.lt/products/ff584823-af6c-4041-b332-8b17a2340ffd_s.png
"BRUDER kelių krautuvas FR 130, 02425",33.99,https://cdn.barbora.lt/products/80b08714-c72e-4205-99f7-25450311179c_s.png
"Džiovinta jautiena MEAT CRAFT, a. r., 90 g",6.29,https://cdn.barbora.lt/products/9a55bbb4-2c43-4a5c-a64a-66ecea2af14b_s.png
"MIRACULOUS lėlės figūrėlė, skirtingi dizainai",14.99,https://cdn.barbora.lt/products/f643feb5-6717-46ae-a72d-319fd21f3d58_s.png
BTZ Interaktyvus skaitmeninis gyvūnėlis žiurkėno rate,79.99,https://cdn.barbora.lt/products/f68f0401-990f-4b50-b0e5-038017abd230_s.png
BTZ Interaktyvus skaitmeninis gyvūnėlis „Jurassic World“,52.99,https://cdn.barbora.lt/products/1a8d3417-2b83-46c9-91c9-892d5a385758_s.png
"Dėlionė TREFL, Coca-Cola, 1000 det.",9.99,https://cdn.barbora.lt/products/0198cbe2-2f83-492d-bc93-a014362721ae_s.png
BTZ HARRY POTTER Interaktyvus skaitmeninis personažas,56.99,https://cdn.barbora.lt/products/ab3c31b8-600b-45f8-80c8-57247241887f_s.png
COOL MAKER Heishi apyrankių studija,24.99,https://cdn.barbora.lt/products/68c2d160-683e-4282-9f2d-1b4d6309100c_s.png
FURREAL Interaktyvi letenėlėmis minkanti katytė Bella,89.99,https://cdn.barbora.lt/products/26ad109e-3da4-49c4-8efa-bdc1e4d0b761_s.png
HATCH ALIVE Interaktyvus žaislas „Žydintis siurprizas-šuniukas“,99.99,https://cdn.barbora.lt/products/a519aaa9-d8b6-4ba9-a9cd-88130d7e5583_s.png
HATCH ALIVE Interaktyvus žaislas „Žydintis siurprizas-kačiukas“,129.99,https://cdn.barbora.lt/products/db11f20d-9f09-43cf-9765-844b2de8ab43_s.png
HAS NER N SERIES šautuvas „Cobaltfury“,25.99,https://cdn.barbora.lt/products/55cc59e9-fa0d-4ae1-ac41-a5aba2a33739_s.png
"Raktų pakabukas FUNKO POP GOKU, 1 vnt.",12.99,https://cdn.barbora.lt/products/8673c659-0c33-49b7-b215-4adefaf6b1c0_s.png
PRIMAL HATCH Interaktyvus Juros periodo kiaušinis,99.99,https://cdn.barbora.lt/products/651595f0-2ec7-44ca-b54c-78ec93009591_s.png
TED Riedlentė „Shred n´ Blast“,49.99,https://cdn.barbora.lt/products/08a4c569-1a93-49b2-a358-de31bc5f4ee9_s.png
"PAW PATROL gaisrinis automobilis Fire Rescue Deluxe, 6072600",107.99,https://cdn.barbora.lt/products/ef40b151-8e7c-4661-b930-5175bb94b017_s.png
"MONSTER JAM RC visuregis Smash & Bash Grave Digger, 6072500",107.99,https://cdn.barbora.lt/products/ba46bd65-8db1-46bf-84bd-b78435026386_s.png
"MIRACULOUS lėlė Hero Switch Penny Bug  & Bee Bug, 50417",36.99,https://cdn.barbora.lt/products/8c2d6361-374c-4b67-bb16-b47232d25716_s.png
"WOW GENERATION lūpų blizgis, 3 in 1, skirtingi dizainai, WOW00133",8.99,https://cdn.barbora.lt/products/39e6511f-c6a6-4919-b42b-6bc23ba1de5a_s.png
"WOW GENERATION švytėjimo suteikianti kūno priemonė, skirtingi dizainai, WOW00139",4.99,https://cdn.barbora.lt/products/d57f6f7a-454a-48d9-8072-dcdd1a1dc5d9_s.png
"PAW PATROL figūrėlė Chase, 6072992",13.99,https://cdn.barbora.lt/products/88b2bf69-8233-4458-bc75-b37e7c3fc6ba_s.png
"METAL MACHINES surenkamas automodelis Sonic The Hedgehog, asort., 67128",39.99,https://cdn.barbora.lt/products/bceb067e-81a2-49f1-b800-6c7480a19722_s.png
"PAW PATROL žaidimų rinkinys Fire Station, 6073760",95.99,https://cdn.barbora.lt/products/c4cd670e-b662-4a8e-ab38-688bd2ec5742_s.png
"PAW PATROL pliušinis žaislas Skye, 6070311",35.99,https://cdn.barbora.lt/products/73002411-c192-4f47-ae92-e2fcaaa46484_s.png
"PAW PATROL pliušinis žaislas Chase, 6070316",25.99,https://cdn.barbora.lt/products/ddd0c0b7-14c5-4f31-8cc8-114c2783ac11_s.png
"PAW PATROL RC 1:24 transporto priemonė, skirtingi dizainai, 6071186",25.99,https://cdn.barbora.lt/products/3070c30a-be73-4e41-927c-09052aa30acb_s.png
"PAW PATROL žaidimų rinkinys Pup Squad Rescue Loop, 6073300",29.99,https://cdn.barbora.lt/products/c95fcfe0-ab18-45d5-906e-ba50a683f763_s.png
"SPONGEBOB transporto priemonė su figūrėle, skirtingi dizainai, 73111",7.99,https://cdn.barbora.lt/products/1f46ba39-7b0e-4f93-8409-5b5fe2d690c9_s.png
"Taupyklė, 1 vnt.",29.99,https://cdn.barbora.lt/products/c9905c9b-f1f1-4a05-b802-49897c60217a_s.png
"Žaislinis lavinamasis traukinys, 250301",74.99,https://cdn.barbora.lt/products/dd965509-da34-42f5-9b40-eeff1742d8a9_s.png
"Lavinamasis muzikinis kilimėlis, 251203",74.99,https://cdn.barbora.lt/products/b0793d68-bb6b-4a09-b869-a8f9d0695170_s.png
"Šviečianti dekoracija ELEMENTS SENSE, 9x5 cm X19",11.99,https://cdn.barbora.lt/products/f45f9e79-5f68-4f96-bffe-4bbcf98c04e5_s.png
Lovos užtiesalas 220 x 240 cm,49.99,https://cdn.barbora.lt/products/e2c93a42-f1a9-447d-9000-1547a93b1fbd_s.png
NIVEA DERMA SKIN CLEAR MICELINIS VANDUO Į BĖRIMUS LINKUSIAI ODAI SU 5% SERUMO 400 ml,9.89,https://cdn.barbora.lt/products/598247e1-2982-4861-a05a-f532b2656341_s.png
NIVEA MEN Sensitive purškiamas antiperspirantas vyrams 150 ml,4.79,https://cdn.barbora.lt/products/05db77e0-c64c-4984-be4e-984a703904bb_s.png
NIVEA pieštukinis antiperspirantas Restore moterims 50 ml,5.39,https://cdn.barbora.lt/products/07f927fc-b2d7-4ec4-8471-b73d9fb04393_s.png
"Sniego rutulys ELEMENTS SENSE,65mm,2 dizainai",6.99,https://cdn.barbora.lt/products/20ec16a8-b56e-4b59-a83d-f6964740c06b_s.png
"Sniego rutulys ELEMENTS SENSE,65mm, 2 dizainai",6.99,https://cdn.barbora.lt/products/154ce7d3-cdb7-4599-999b-f24a8b8b2890_s.png
"Pliušinis migdukas koala, FM666-30",29.99,https://cdn.barbora.lt/products/bf5ad209-e41d-42d6-83a3-4ca2a86d9a8d_s.png
"Sniego rutulys ELEMENTS SENSE, 65 mm",5.99,https://cdn.barbora.lt/products/2b149456-7703-4331-8d7e-ec9c813a3b7d_s.png
"Sniego rutulys ELEMENTS SENSE, 100mm, Nykštukas",15.99,https://cdn.barbora.lt/products/1e4199ae-fe43-4406-833e-007bbbf90b39_s.png
"Sniego rutulys ELEMENTS SENSE, 100mm, Kalėdų Senelis",15.99,https://cdn.barbora.lt/products/b9d47d1c-feed-4525-9633-1aaf5d4148b4_s.png
BARBIE RUBY RED lėlė Mattel 80,18.99,https://cdn.barbora.lt/products/009c2ef2-ce47-4d24-a6af-e551a2bb97e6_s.png
"Pledas 140x200cm, 2 splv.",35.99,https://cdn.barbora.lt/products/68e2827f-ec24-42bd-8e7a-0c04febedbf5_s.png
Dekoratyvinė pagalvėlė 30x50cm,9.99,https://cdn.barbora.lt/products/f9b803a5-f0d4-45a9-ac20-390a1453f2a1_s.png
Šviečianti dekoracija ELEMENTS SENSE 45 cm	,16.99,https://cdn.barbora.lt/products/2741a085-1530-4082-8b1a-01635412cd56_s.png
BARBIE DREAMTOPIA BLOOMING MAGIC šviesiaplaukė undinėlė,39.99,https://cdn.barbora.lt/products/29755627-95db-46ae-a136-6476add1c772_s.png
MONSTER HIGH SWEET BIRTHDAY lėlės,67.99,https://cdn.barbora.lt/products/7ab1166d-e2c6-457d-931a-aa092c572fa1_s.png
"Kalėdų dekoracija ELEMENTS SENSE, 33cm",19.99,https://cdn.barbora.lt/products/1731d423-8800-4013-abea-bbe1ae6fa7d2_s.png
Žaidimas PICTIONARY (lietuvių kalba),32.99,https://cdn.barbora.lt/products/aaf2f684-5583-40da-bf1d-6719eaa61108_s.png
UNO kortos ZERO,14.99,https://cdn.barbora.lt/products/a38ae6eb-7e4a-459e-b42d-05d9c297f037_s.png
"Šviečianti dekoracija, 8x20cm",8.99,https://cdn.barbora.lt/products/de8da5e1-aaef-4ef0-9da5-8065c601d4e0_s.png
Puodelis ILAJA SCANDI CHRISTMAS 360 ml,5.99,https://cdn.barbora.lt/products/434343bc-815a-42bc-9fa4-361c9b14c7d6_s.png
Šviečianti dekoracija ELEMENTS SENSE 69 cm	,19.99,https://cdn.barbora.lt/products/b5b5cb15-3a91-458f-a8a7-045ff02d3458_s.png
"Kalėdų dekoracija ELEMENTS SENSE, 87cm",19.99,https://cdn.barbora.lt/products/9b36c052-ef80-4b55-9e5d-f3d2edfffb0f_s.png
Šviečianti dekoracija ELEMENTS SENSE 81 cm	,25.99,https://cdn.barbora.lt/products/66b71a01-c328-40ef-9b4e-7f5189da10a5_s.png
"Kalėdų dekoracija ELEMENTS SENSE, 90 cm, 2spalv",12.99,https://cdn.barbora.lt/products/35b5d5f1-8dff-4761-8e91-704b04dfd37e_s.png
Puodelis AURORA CHRISTMAS CAT 330 ml,6.99,https://cdn.barbora.lt/products/d0626b47-8882-41e1-8469-a046c6499130_s.png
"Kalėdų dekoracija ELEMENTS SENSE, 88cm",39.99,https://cdn.barbora.lt/products/96de040b-f2cc-41a0-88b8-550cb9f4ea32_s.png
"Kalėdų dekoracija ELEMENTS SENSE, 48cm",13.99,https://cdn.barbora.lt/products/68fe174d-bf3f-44e1-991f-b079ed839492_s.png
"Kalėdų dekoracija ELEMENTS SENSE, 52cm",12.99,https://cdn.barbora.lt/products/28440451-d05b-4a73-989a-f6b893e63f71_s.png
"Kalėdų dekoracija ELEMENTS SENSE, 24cm",13.99,https://cdn.barbora.lt/products/09f27bdb-0b5a-457f-b178-e5a8ad36fb9b_s.png
"Maybelline New York Lifter Stix kreminė kontūravimo priemonė, 20",12.99,https://cdn.barbora.lt/products/7a70af23-8be0-4956-b966-84728b75997e_s.png
"Maybelline New York Fit Me BB kremas, 20, 30 ml",8.99,https://cdn.barbora.lt/products/af7a04a7-f81a-4595-aedb-e9fd2d0b5712_s.png
"Maybelline New York Lifter Stix kreminė kontūravimo priemonė, 30",12.99,https://cdn.barbora.lt/products/b351fc7d-2faa-459d-b45d-47ceadc64ec4_s.png
NIVEA DERMA SKIN CLEAR KASDIENIS UV FLUIDAS SU SPF50+ 40 ml,15.99,https://cdn.barbora.lt/products/289726bf-1135-41ce-bdfc-1d9fe2eedb04_s.png
"Kalėdų dekoracija ELEMENTS SENSE, 32cm, voverė",19.99,https://cdn.barbora.lt/products/0dd17ca2-5c87-458b-b029-0925fac6ba8d_s.png
"Kalėdų dekoracija ELEMENTS SENSE, 40cm",21.99,https://cdn.barbora.lt/products/a5883fa2-5680-4db5-83b5-a0ac0d80e2cc_s.png
"Kalėdų dekoracija ELEMENTS SENSE, 30cm",19.99,https://cdn.barbora.lt/products/c00b96e2-dda8-42ae-af23-b541690df432_s.png
Šviečianti dekoracija ELEMENTS SENSE 34 cm	,18.99,https://cdn.barbora.lt/products/61bc9374-476c-43cb-acfa-6a7daa02a405_s.png
"Kalėdų dekoracija ELEMENTS SENSE, 61 cm",19.99,https://cdn.barbora.lt/products/ee101610-78c7-4325-9bfd-7131a37a9910_s.png
"Kalėdų dekoracija ELEMENTS SENSE, 51cm",29.99,https://cdn.barbora.lt/products/cf34de78-fa6d-4418-a69c-44f3a8087f67_s.png
"Lėlės ir parduotuvės rinkinys, 7252415",26.99,https://cdn.barbora.lt/products/18964b96-b853-4ab7-b877-3bea49d33245_s.png
"Pledas, 140x200cm, 2 dizainai, 1 vnt",34.99,https://cdn.barbora.lt/products/ce900feb-8fe1-4aa9-81ca-d5b20312dfe9_s.png
"Pledas, 130x180+4cm, 2 dizainai",29.99,https://cdn.barbora.lt/products/1b6c689d-73bf-4c3e-a0b4-a3d2335b91ee_s.png
Žaislinė rankinė su makiažu ir aksesuarais,29.99,https://cdn.barbora.lt/products/2c90a614-d0da-47f1-933f-b1b2ee1db7f8_s.png
"Žaislinis Spa rinkinys, 707RB",22.99,https://cdn.barbora.lt/products/3ef6af52-2613-4b90-ac4f-f885d9c02f56_s.png
"Kalėdų dekoracija ELEMENTS SENSE, 45cm",29.99,https://cdn.barbora.lt/products/514db0df-322d-453e-bf30-df32518028e7_s.png
"Kalėdų dekoracija ELEMENTS SENSE, 60cm",49.99,https://cdn.barbora.lt/products/12c87338-d646-4046-93ff-a60ef6339669_s.png
"Stiklinis Kalėdų eglutės žaisliukas, 8cm, 2 dizainai",2.49,https://cdn.barbora.lt/products/d92637ca-d297-49e1-9cf0-7a561de67a36_s.png
"Kalėdų dekoracija ELEMENTS SENSE, 22*17*45cm",25.99,https://cdn.barbora.lt/products/4c19ad65-6b03-4646-aa8e-09c54e66c706_s.png
"Žaislinis radijo bangomis valdomas automobilis, YDF9006R",59.99,https://cdn.barbora.lt/products/6769a1a7-185f-42dd-8fad-00e9d7d367ad_s.png
"Modelino rinkinys HEY CLAY, 5 indeliai",7.99,https://cdn.barbora.lt/products/0879279f-ea01-474a-a5bd-36c128e11600_s.png
Lėkštė AURORA Adora White 25 cm,8.99,https://cdn.barbora.lt/products/54f287db-b5ff-4560-a5f4-10ca9fff30e0_s.png
Lėkštė AURORA Adora White 20 cm,6.79,https://cdn.barbora.lt/products/53514e69-0600-467d-b90c-a68a5de81811_s.png
Dubuo AURORA Adora White 20 cm,15.99,https://cdn.barbora.lt/products/80fd926c-e18c-4f09-89d0-b7febc9e41e9_s.png
Žaislinė mini skalbyklė su priedais,19.99,https://cdn.barbora.lt/products/56ebbf6f-66f0-4556-b57f-f4f5b02cd7b5_s.png
Žaislinis makaronų gaminimo rinkinys,6.99,https://cdn.barbora.lt/products/ae7df49d-5aaa-4cdf-851d-fe711f5db013_s.png
"Plastikiniai Kalėdų eglutės žaisliukai 6vnt, 2 spalvos, 6cm",1.99,https://cdn.barbora.lt/products/2713950e-367f-4687-96a3-1be5737c5f34_s.png
"Plastikiniai Kalėdų eglutės žaisliukai  6vnt, 2 spalvos, 6cm",3.99,https://cdn.barbora.lt/products/d2d8d842-f8cd-42d3-a3c3-def83c66c146_s.png
"Plastikiniai Kalėdų eglutės žaisliukai 6vnt,2 spalvos,6cm",3.99,https://cdn.barbora.lt/products/bfddcbd5-09e6-4a4d-811c-10ead59b475e_s.png
"Plastikiniai Kalėdų eglutės žaisliukai, 24 vnt., 2 spalvos,6 cm",7.99,https://cdn.barbora.lt/products/4bcf5dd9-df5c-4f31-a7bf-f9d7a0160aff_s.png
"Plastikiniai Kalėdų eglutės žaisliukai, 24vnt,2 spalvos,6cm",7.99,https://cdn.barbora.lt/products/51ed9965-dc84-4e61-8ed3-fddab3fc5644_s.png
"Plastikiniai Kalėdų eglutės žaisliukai 5vnt,2 spalvos,15cm",3.99,https://cdn.barbora.lt/products/97cb9bd9-81c9-4762-b434-b13a77181934_s.png
Dubenėlis AURORA Adora White 14 cm,5.99,https://cdn.barbora.lt/products/411e4bed-3d42-4d36-9ed9-07a4cf069f05_s.png
Žaislinis torto gaminimo rinkinys,19.99,https://cdn.barbora.lt/products/90206575-53a7-4318-87ba-2ab5d7d21043_s.png
"Ovali lėkštė AURORA ADORA WHITE, 35 cm",24.99,https://cdn.barbora.lt/products/427d379e-eb31-4cd5-9d42-7876c76afa73_s.png
"Stiklinis Kalėdų eglutės žaisliukas, 3 dizainai, 6.5*15cm",1.99,https://cdn.barbora.lt/products/ecac03d1-0fb6-443f-83a8-9090c4d9e899_s.png
"Stiklinis Kalėdų eglutės žaisliukas, 3 dizainai, 6x13 cm",1.99,https://cdn.barbora.lt/products/f2979e15-af13-430e-ab15-1a4ef1a36825_s.png
"Dubenėlis AURORA ROYAL GOLD, 15 cm",7.99,https://cdn.barbora.lt/products/788289c1-a60b-4952-8a58-868a21488f9b_s.png
"Stiklinis Kalėdų eglutės žaisliukas, 4 dizainai",2.99,https://cdn.barbora.lt/products/d830e195-abe3-4e4a-a420-f980e46c9aea_s.png
"Kalėdinė dekoracija, 14x16x36cm",13.99,https://cdn.barbora.lt/products/25a7bce8-93a6-490e-b06f-038ead8e59b6_s.png
"Dubenėlis AURORA ROYAL CLEAR, 13 cm",6.99,https://cdn.barbora.lt/products/aa0ad689-d2e1-4b24-9214-2482993682e2_s.png
"Dubenėlis AURORA ROYAL CLEAR, 15 cm",6.99,https://cdn.barbora.lt/products/8fdee2d0-9c5f-42ab-8087-e019e0c4fc59_s.png
"Stiklinis Kalėdų eglutės žaisliukas, 8cm, 2 dizainai, baltas, sidabrinis",1.99,https://cdn.barbora.lt/products/838e9da0-f144-4917-a738-61dc2149c5a7_s.png
Pliušinis žaislas HUGGY PAWS,24.99,https://cdn.barbora.lt/products/9867de92-6f2b-4768-9b29-796c7a3eee76_s.png
"Lėkštė AURORA GOLDEN SNOW, 33 cm",9.99,https://cdn.barbora.lt/products/55615803-89eb-44bb-becd-b0d4c9cabc46_s.png
"Žaislinis dinozauras su gleivėmis, 1 vnt.",19.99,https://cdn.barbora.lt/products/6c5d10ee-287a-4e9a-a292-f17740273cf3_s.png
"Stiklinis Kalėdų eglutės žaisliukas, 2 dizainai, 8cm 6*12.5cm",1.99,https://cdn.barbora.lt/products/a64be913-0341-4b40-93de-af5925bd76fd_s.png
"Stiklinis Kalėdų eglutės žaisliukas, 2 dizainai",3.99,https://cdn.barbora.lt/products/5837813e-5bc2-434b-a01c-1a13800eea5c_s.png
"Žaislinis papuošalų vėrimo rinkinys su stovu, 1 vnt.",34.99,https://cdn.barbora.lt/products/becc2b00-c5d3-4d32-968a-702c2f3fbb6e_s.png
"Žaislinis plaukų aksesuarų rinkinys, 1 vnt., T08350-A-A",34.99,https://cdn.barbora.lt/products/7a7222d6-760f-4005-88e4-8dcc80a15039_s.png
Kūrybinis rinkinys Suspaudžiami vienaragiai,25.99,https://cdn.barbora.lt/products/740aefec-dac8-4f8a-bc88-3d7a5bdd16c6_s.png
"Pledas, 140 x 200cm, 2 dizainai",39.99,https://cdn.barbora.lt/products/08da33a8-c325-4d37-a3a1-3a31d561d666_s.png
"Šviečianti dekoracija su LED, 12x12x14cm",9.99,https://cdn.barbora.lt/products/134d2e87-65e0-45d3-8d10-d151c26d5ba9_s.png
Šviečianti LED dekoracija ELEMENTS SENSE,9.99,https://cdn.barbora.lt/products/ab383dc2-f64e-4a77-9942-e9fd55410a17_s.png
"Pakabinama dekoracija, 16x20cm, 2 spalvos",1.99,https://cdn.barbora.lt/products/60d343a5-5e23-4314-afba-c9aba8780efe_s.png
"Pakabinama dekoracija, 22x28cm, 2 spalvos",3.99,https://cdn.barbora.lt/products/2bb58dfd-05c2-4a3b-b8cf-ded9e0a9fd97_s.png
Lėlė kūdikis GABY,59.99,https://cdn.barbora.lt/products/29c40a19-fa94-400d-a822-cf900f4af0cb_s.png
Verkianti lėlė kūdikis CRY BABIES,23.99,https://cdn.barbora.lt/products/328f83e3-a04f-4693-8eb5-590f417f00b5_s.png
Žaislinis šukuojamas gyvūnėlis VIP PETS,24.99,https://cdn.barbora.lt/products/2234d966-90e3-42fd-b062-6d9634df34fb_s.png
Interaktyvi lėlė CRY BABIES BELLA,59.99,https://cdn.barbora.lt/products/3f6d64ca-cdfc-41df-8e0e-a4678e37c2f2_s.png
"Dubuo AURORA SUBTILE CHRISTMAS,19cm,tree",8.29,https://cdn.barbora.lt/products/00e3c8c0-7e3a-4242-8207-fc8733cdf446_s.png
Lėlė CRY BABIE BFF DISNEY,39.99,https://cdn.barbora.lt/products/8d13e597-7ae0-48df-af72-a4ae93b4ff4b_s.png
"Puodas su dangčiu UNIWELL, 22 cm",29.99,https://cdn.barbora.lt/products/dadf0c4d-58dd-4dca-8da7-679eabc5068e_s.png
Pliušinis žaislas su nešiojamu krepšiu STITCH,39.99,https://cdn.barbora.lt/products/4537c31d-476d-4eef-80e6-9f466d6b15ea_s.png
Pliušinis šuo su nešiojimo krepšiu,59.99,https://cdn.barbora.lt/products/6f3402c1-fa08-41b6-93f8-a76329c729c8_s.png
"Žaislinės racijos STITCH, 2 vnt.",32.99,https://cdn.barbora.lt/products/f90b2201-43a1-4192-b50c-e809b455b340_s.png
Stalo žaidimas STITCH DROP,25.99,https://cdn.barbora.lt/products/fd456659-5033-4239-88af-79315f99b7ed_s.png
"Lėkštė AURORA SUBTILE CHRISTMAS, 26 cm, 1 vnt.",9.99,https://cdn.barbora.lt/products/ac8abe58-fd9e-413e-841a-6ed102ad0b55_s.png
"Šakelė-dekoracija ELEMENTS SENSE, 2spalvos, balta, sidabras",4.99,https://cdn.barbora.lt/products/69023570-8c9e-4510-afc3-1ce70cb77327_s.png
"Pakabinama dekoracija, 15,5x11cm, balta",4.99,https://cdn.barbora.lt/products/af7b6b8e-9925-4a1b-936c-cf34b2a50d65_s.png
"Šakelė-dekoracija ELEMENTS SENSE,65cm,2 spalvos",3.99,https://cdn.barbora.lt/products/d6cec876-82cf-452e-a11b-236b734802fc_s.png
"Dubuo AURORA SUBTILE CHRISTMAS,20cm,deer",12.99,https://cdn.barbora.lt/products/3c1eab07-ed39-4aaf-a6d1-1604a7ec1a36_s.png
"Lėkštė AURORA SUBTILE CHRISTMAS, 25 cm, 1 vnt.",14.99,https://cdn.barbora.lt/products/2e6b6a97-4ba5-4878-a28c-30f17b015056_s.png
"Lėlė, 30 cm",19.99,https://cdn.barbora.lt/products/bb26e781-b2b2-47b3-a7e1-34b82992e5c3_s.png
"Lėkštė AURORA SUBTILE CHRISTMAS, 16 cm, 1 vnt.",5.99,https://cdn.barbora.lt/products/bac1c69a-8281-464b-b4c6-c0fe971b00ce_s.png
"Birių produktų indas AURORA SUBTILE CHRISTMAS, 1 vnt, 500 ml",9.99,https://cdn.barbora.lt/products/6489f325-f9a6-44f1-b97a-f29802682db1_s.png
"Magnetinių blokelių konstruktorius, 88 dalys",22.99,https://cdn.barbora.lt/products/1b514d7e-3a43-4bd9-91c4-3010e3322694_s.png
"Šakelė-dekoracija ELEMENTS SENSE, 45cm,2sp",2.99,https://cdn.barbora.lt/products/3190be2b-a54d-4d0d-94a1-b10d197abc8c_s.png
"Magnetinių blokelių konstruktorius, 39.5*7*28.5	",39.99,https://cdn.barbora.lt/products/5378eed4-db5d-4913-9cef-d77fe2ab9876_s.png
"Kalėdų dekoracija ELEMENTS SENSE, 32cm, raudona",2.99,https://cdn.barbora.lt/products/a3eb0ee8-43b7-41b5-a1d2-7194d8dc2c3f_s.png
"Magnetinių blokelių konstruktorius, 24.2*5.5*19.1",16.99,https://cdn.barbora.lt/products/5acafb0f-8aee-4b92-aa70-6e62d9cb5be9_s.png
"Kalėdų dekoracija ELEMENTS SENSE, 26cm, raudona",1.99,https://cdn.barbora.lt/products/58d32af8-754b-43ae-8afb-f61e86d0dd51_s.png
"Kalėdų dekoracija ELEMENTS SENSE, 32cm, auskinė",1.99,https://cdn.barbora.lt/products/558ce77d-700d-472b-9503-ada10505794c_s.png
"Lėlė, 51 cm",18.99,https://cdn.barbora.lt/products/641af48a-318f-4ce8-95cd-8cc6c87af01c_s.png
"Lėlė Wispy Walker FOXTER, 82 cm",29.99,https://cdn.barbora.lt/products/f0750996-f4af-4eab-abf0-c6d4fa17fb47_s.png
"Kalėdų dekoracija ELEMENTS SENSE, 32cm, mėlyna",1.99,https://cdn.barbora.lt/products/e49adc23-80ee-485a-ad2a-910868cbf2df_s.png
"Kalėdų dekoracija ELEMENTS SENSE, 28cm",1.99,https://cdn.barbora.lt/products/cf6660ce-157a-4f9c-a102-3375effaf68f_s.png
"Gili Lėkštė AURORA OPAL, 21 cm",16.99,https://cdn.barbora.lt/products/8637cdd4-3941-41dd-a207-a02a4a29b4a2_s.png
"Kalėdų dekoracija ELEMENTS SENSE, 44cm",4.99,https://cdn.barbora.lt/products/2640969d-f148-450a-a9e2-f6fdff060a03_s.png
"Silikoninė kepimo forma UNIWELL, 35 cm",8.99,https://cdn.barbora.lt/products/b4c63a73-0a69-4808-b081-facf0c724f40_s.png
"Šakelė-dekoracija ELEMENTS SENSE, 84cm",2.99,https://cdn.barbora.lt/products/f9d495a7-ed83-4788-bd65-3ab0f2eaa64e_s.png
"Šakelė-dekoracija ELEMENTS SENSE, 80cm",2.99,https://cdn.barbora.lt/products/c1129717-32c8-40e6-ade6-74f3a1bb8d70_s.png
"Kalėdų dekoracija ELEMENTS SENSE, 3spalvos, kaspinas",2.99,https://cdn.barbora.lt/products/ec2adac7-17f0-4814-a62c-c2a9c5a595ab_s.png
"Šakelė-dekoracija ELEMENTS SENSE, 78cm",4.99,https://cdn.barbora.lt/products/02a161c9-cf9d-467d-9a3c-0bfa6e7bb83d_s.png
"Kalėdų dekoracija ELEMENTS SENSE, 26cm, auksinė",1.99,https://cdn.barbora.lt/products/72c39924-48b2-4a1e-8cba-d801e979f579_s.png
"Kalėdų dekoracija ELEMENTS SENSE, 34cm, mėlyna",2.99,https://cdn.barbora.lt/products/a436b580-06cb-4e4f-b6a1-904350a2c099_s.png
"Kalėdų dekoracija ELEMENTS SENSE, 26cm, tamsiai žalia",1.99,https://cdn.barbora.lt/products/a240c2b2-be9e-433c-86c5-958b26e54283_s.png
"Šakelė-dekoracija ELEMENTS SENSE, 2 spalvos",2.99,https://cdn.barbora.lt/products/f78d0397-ad98-4b1d-a502-c3326cc06778_s.png
"Šakelė-dekoracija ELEMENTS SENSE, balta",6.99,https://cdn.barbora.lt/products/4f2cb1e9-ef9b-4a29-a812-96ccaf5428b4_s.png
"Dušo gelis ""FA MEN Attraction Force"",  400ml ",4.99,https://cdn.barbora.lt/products/9aa0fbe7-86fd-45dc-95f0-364c2d4575d0_s.png
"Pliušinis žaislas, 16 cm",7.99,https://cdn.barbora.lt/products/ccf009dd-70f6-4b20-9c8c-1fc2e2a21cc3_s.png
"Šviečianti dekoracija, 13x13x36 cm",36.99,https://cdn.barbora.lt/products/e305d9b6-1422-40ba-87d7-48ebf3d3a9d2_s.png
Šviečianti dekoracija ELEMENTS SENSE 13x13x31.5cm	,36.99,https://cdn.barbora.lt/products/0cb704b5-f2dd-4e6e-bf99-2b316ef4f674_s.png
"Šviečianti dekoracija, 10,5x10,5x13,5 cm",39.99,https://cdn.barbora.lt/products/43bf38aa-36cc-4f1a-9f68-04eb207612b4_s.png
"Šviečianti dekoracija, 13x13x18cm",39.99,https://cdn.barbora.lt/products/f73213d6-04c5-45b0-9e65-0c662eab7802_s.png
"Elektrinė lauko ir vidaus girlianda, 120 LED, 1 vnt.",9.99,https://cdn.barbora.lt/products/2d0fdeee-8655-49e6-80af-cf8dfc2857a5_s.png
"Radijo bangomis valdomas automobilis, 11.5*7*7cm",14.99,https://cdn.barbora.lt/products/916fbfa1-86ef-46eb-86d2-72118d265876_s.png
"Elektrinė lauko ir vidaus girlianda, 180 LED, 1 vnt.",11.99,https://cdn.barbora.lt/products/8dd6375b-a209-40e3-8353-d36ee84f88d9_s.png
"Radijo bangomis valdomas automobilis, 23*11.5*13.5cm",15.99,https://cdn.barbora.lt/products/3f8b3a11-5da8-4328-852b-197f93d51fb3_s.png
"Elektrinė lauko ir vidaus girlianda,360LED",25.99,https://cdn.barbora.lt/products/19faf8ee-7642-4cf4-9c2a-8ab9f4756297_s.png
Žaislinis lazerinių šautuvų rinkinys,89.99,https://cdn.barbora.lt/products/599e5131-5fef-4a78-9e8c-00a0f7093e32_s.png
Žaislinis šautuvas su kamuol. SPIRAL BOMBER,39.99,https://cdn.barbora.lt/products/24af6923-76f1-4ced-84ce-4d7b81bf40c3_s.png
Žaidimas NINJA STAR 4 IN 1,19.99,https://cdn.barbora.lt/products/7c6faded-c831-442e-a86f-d7dff4ba5862_s.png
"Žaislinis šautuvas su minkšt. kulk., 40 vnt",39.99,https://cdn.barbora.lt/products/92241f7d-59c3-4fea-b51f-de168be4b622_s.png
"Žaislinis šautuvas su minkšt. kulk., 20 vnt",19.99,https://cdn.barbora.lt/products/a0ba9f36-00c1-4d1f-aa16-d3a3d7420be0_s.png
NIVEA® CELLULAR EPIGENETICS JAUNINANTIS SERUMAS SU EPICELLINE® 15 ml,16.99,https://cdn.barbora.lt/products/6a7dde45-1c7c-4e71-8d14-995758929288_s.png
NIVEA® CELLULAR EPIGENETICS JAUNINANTIS SERUMAS SU EPICELLINE® 30 ml,27.99,https://cdn.barbora.lt/products/d751a458-165a-4323-88cd-7b73fd6f1c2d_s.png
Silikoninė kepimo forma UNIWELL,3.99,https://cdn.barbora.lt/products/8a8d424d-d80d-412c-b6ef-4e59eb75afc3_s.png
Lavinamoji muzikinė klaviatūra,39.99,https://cdn.barbora.lt/products/4ec50852-d801-42ce-beb3-100c7271973b_s.png
Edukacinis žaislinis gyvūnas,11.99,https://cdn.barbora.lt/products/add8791a-5ab8-44ae-b549-f77874bfffba_s.png
"Pakabinama dekoracija ELEMENTS SENSE, 11.94x1.52x10.41CM",3.99,https://cdn.barbora.lt/products/e5d9d9a2-94cf-475f-8cbd-6669b39ebfd0_s.png
"Pakabinama dekoracija ELEMENTS SENSE,auksinė",3.99,https://cdn.barbora.lt/products/5b5220e0-1367-4b51-830c-cebda9a085b3_s.png
"Pakabinama dekoracija ELEMENTS SENSE, 11.94x1.52x10.41 cm",6.99,https://cdn.barbora.lt/products/2d1e6c3c-6729-46ca-a9e7-ac3cbe4181a9_s.png
"Pakabinama dekoracija ELEMENTS SENSE, 2 dizainai, žiedas",3.99,https://cdn.barbora.lt/products/6a1a9796-c31a-4d33-bd3c-9da5a498387c_s.png
"Pakabinama dekoracija ELEMENTS SENSE, 1 vnt., balta",4.99,https://cdn.barbora.lt/products/e39f5e88-3fee-422b-9c96-2607cae04bc2_s.png
"Pakabinama dekoracija ELEMENTS SENSE, 12.7X4.45X10.16 CM	",3.99,https://cdn.barbora.lt/products/3b929249-7021-4c51-aa18-65ffc31077df_s.png
"Pakabinama dekoracija ELEMENTS SENSE, 1 vnt., 4.32x2.29x18.54 CM, skaidri",2.99,https://cdn.barbora.lt/products/d5742685-878d-4212-be42-ab1ba11ecebb_s.png
"Pakabinama dekoracija ELEMENTS SENSE, 1 vnt., 4.32x2.29x18.54 CM",2.99,https://cdn.barbora.lt/products/17170f44-ca51-4a58-a24f-d56929da301b_s.png
"Pakabinama dekoracija ELEMENTS SENSE,2 spalvos, 13.33X4.57X15.86 CM",4.49,https://cdn.barbora.lt/products/4fefc1ce-c8f7-458e-b6d0-163e7bba895e_s.png
"Pakabinama dekoracija ELEMENTS SENSE, 2 spalvos, 11.94X2.29X11.94CM",3.99,https://cdn.barbora.lt/products/ae435845-140a-492e-ac6d-bb527b052577_s.png
"Pakabinama dekoracija ELEMENTS SENSE, 2 spalvos, žalia, auksinė",4.99,https://cdn.barbora.lt/products/fea1999f-3886-4f36-be62-2c64f797f116_s.png
"Pakabinama dekoracija ELEMENTS SENSE, 1 vnt., auksinė",3.99,https://cdn.barbora.lt/products/7b8152fa-10ad-47d3-a169-53a3b49251ad_s.png
"Pakabinama dekoracija ELEMENTS SENSE, 2 spalvos, 12.7X4.45X10.16 CM",3.99,https://cdn.barbora.lt/products/3acbda18-2072-4975-9b23-143d8f080192_s.png
"Pakabinama dekoracija ELEMENTS SENSE, 12.7X2.54X10.16 CM",4.99,https://cdn.barbora.lt/products/b65ead23-2643-45d9-aa67-e7756d011b92_s.png
"Pakabinama dekoracija ELEMENTS SENSE, 10.16X3.81X8.89 CM",4.99,https://cdn.barbora.lt/products/d6757cf4-339e-407f-8834-a2901a51c068_s.png
"Pakabinama dekoracija ELEMENTS SENSE, sidabrinė",3.99,https://cdn.barbora.lt/products/e1756d39-13a4-4fb9-a95b-ebfab43f0fb0_s.png
"Pakabinama dekoracija ELEMENTS SENSE, 11.94x1.52x10.41 cm, žalia",3.99,https://cdn.barbora.lt/products/b2c33486-72f1-46c4-8fd8-8e7c5428d5d3_s.png
Oro futbolo vartų rinkinio žaidimas,26.99,https://cdn.barbora.lt/products/19469d2c-8a6d-4cac-942f-7ce5905d1c42_s.png
Stalo žaidimas ledo ritulys,49.99,https://cdn.barbora.lt/products/8ec85382-6cab-405c-bd37-9c9e7e3d518d_s.png
"Pakabinama dekoracija ELEMENTS SENSE, 1 vnt., 11.43X1.57X11.48CM",2.99,https://cdn.barbora.lt/products/24f042ea-8a9c-463d-8b1d-f321c2ba2dab_s.png
"Pakabinama dekoracija ELEMENTS SENSE, 1 vnt., 2 dizainai, 7.87x1.78x13.97cm",3.99,https://cdn.barbora.lt/products/eec7b78a-34e4-4fbf-9741-86bfdd1fa19f_s.png
Žvejybos stalo žaidimas,12.99,https://cdn.barbora.lt/products/81b66999-a56e-4274-9259-6fc33895e82b_s.png
Stalo futbolo žaidimas,39.99,https://cdn.barbora.lt/products/02173192-e34e-4d9b-90d9-569d14cabef0_s.png
Elektroninis krepšinio žaidimas,36.99,https://cdn.barbora.lt/products/a31810f6-4c45-425c-a106-fac67449f827_s.png
Elektroninis pinbolo žaidimas,54.99,https://cdn.barbora.lt/products/2acd4608-2ad8-4967-a581-6abd82a8e8e8_s.png
"Keptuvė UNIWELL, 24*4.9 cm",17.99,https://cdn.barbora.lt/products/d94f66fa-ec3e-435b-8eb9-be037a432962_s.png
Žaislinis lavinamasis muzikinis rinkinys,24.99,https://cdn.barbora.lt/products/8a991a0f-2e45-4dd4-8369-31e7f785b822_s.png
Žaislinis traukinys su bėgiais,29.99,https://cdn.barbora.lt/products/ad77988d-3c26-4d5a-9832-69e1dbc415fa_s.png
"Pliušinis katinas su funkcij., 933-103E",42.99,https://cdn.barbora.lt/products/3f87fa07-2052-493a-be52-5aa9e3d02031_s.png
"Žaislinis plaukų formavimo rink., 626022",24.99,https://cdn.barbora.lt/products/59989956-e33b-410c-9b32-7342a2b25228_s.png
Žaislinis odontologijos rinkinys,9.99,https://cdn.barbora.lt/products/77bef434-b3ff-45da-91fd-1e29a66912bd_s.png
"Nuotoliniu būdu valdomas robotas, 22x10x24,5",24.99,https://cdn.barbora.lt/products/69e781a5-b746-4a9e-966b-c9229a8aef84_s.png
"Žaislinis surenkamų dinozaurų rinkinys, 4 vnt",15.99,https://cdn.barbora.lt/products/f9a6990d-952a-49e4-91f0-00ca54d1bbf3_s.png
"Kalėdų dekoracija ELEMENTS SENSE, 26*19*30",15.99,https://cdn.barbora.lt/products/4faf7dc5-5775-4922-9247-473ad127a065_s.png
"Kalėdų dekoracija ELEMENTS SENSE,37cm",11.99,https://cdn.barbora.lt/products/41611f16-a7da-469f-9beb-a03a3b5c1ac4_s.png
"Išmanioji elektroninė dėlionė, LZ8922",27.99,https://cdn.barbora.lt/products/21defc44-14be-4af3-9834-09eeb846ab2e_s.png
"Žaislinė karšto oro gruzdintuvė, F2321",21.99,https://cdn.barbora.lt/products/9c3714b7-ff31-4f23-95a4-2ac93ff0d486_s.png
Žaislinis virtuvės prietaisų rinkinys F2320,45.99,https://cdn.barbora.lt/products/52c821d3-b5d4-4926-9671-498be50dfbd6_s.png
"Magnetinis konstruktorius, 84 det. CZ-84B-1",24.99,https://cdn.barbora.lt/products/f757c88e-433b-4690-be7d-cc146dd567fc_s.png
"Kalėdų dekoracija ELEMENTS SENSE, 56cm",19.99,https://cdn.barbora.lt/products/d491111a-6c89-49bc-b106-816c7f263e94_s.png
Žaislinis miškovežis,25.99,https://cdn.barbora.lt/products/e9cd6a9a-c27a-4a28-a046-f54e83d8b02e_s.png
"Kalėdų dekoracija ELEMENTS SENSE, 41cm",13.99,https://cdn.barbora.lt/products/9b719753-4fd7-4a06-b8de-4f78d02511ef_s.png
"Kalėdų dekoracija ELEMENTS SENSE, 29cm",11.99,https://cdn.barbora.lt/products/c4d14d69-2317-4eaa-ba93-cc28bf167879_s.png
"Radijo bangomis valdomas surenkamas robotas, 1 vnt.",35.99,https://cdn.barbora.lt/products/1cea83b5-a45f-403a-8f93-33626726b005_s.png
Žaislinis gydytojo vežimėlis su priedais,49.99,https://cdn.barbora.lt/products/63f5b49a-b46b-466b-a972-b64821523480_s.png
"Kalėdų dekoracija ELEMENTS SENSE,62cm",19.99,https://cdn.barbora.lt/products/efc972d6-de7d-478c-90bb-91d5067a6a76_s.png
"Kalėdų dekoracija ELEMENTS SENSE,40cm",15.99,https://cdn.barbora.lt/products/95714dd3-86de-4a59-a95e-a1785c74c921_s.png
"Kalėdų dekoracija ELEMENTS SENSE, 30cm, 13*10*30",9.99,https://cdn.barbora.lt/products/8f4dbdef-7184-418f-9466-344c040f492b_s.png
"Kalėdų dekoracija ELEMENTS SENSE, 64cm",17.99,https://cdn.barbora.lt/products/f260c994-56a5-4987-80b2-50ad524d7a8c_s.png
"Kalėdų dekoracija ELEMENTS SENSE,59cm",15.99,https://cdn.barbora.lt/products/bfcfe699-1500-458d-a030-fe0d3d719f0d_s.png
"Kalėdų dekoracija ELEMENTS SENSE, 19*15*44",19.99,https://cdn.barbora.lt/products/5a171208-e98d-4a4d-a29d-f211aed3190d_s.png
"Kalėdų dekoracija ELEMENTS SENSE, 34cm",9.99,https://cdn.barbora.lt/products/6f19313a-2ed4-438b-b338-f9b875bd7974_s.png
"Kalėdų dekoracija ELEMENTS SENSE, 50cm",17.99,https://cdn.barbora.lt/products/6bbc2a65-33e7-4d70-a332-16438675dd43_s.png
"Kalėdų dekoracija ELEMENTS SENSE, 55cm",13.99,https://cdn.barbora.lt/products/70432f83-d25b-4b9b-afc3-d84dd76797e3_s.png
"Kalėdų dekoracija ELEMENTS SENSE, 15*10*64",19.99,https://cdn.barbora.lt/products/eef1d891-f482-4f0a-991b-71502bc551b3_s.png
"Šviečianti dekoracija ELEMENTS SENSE, 24*17*66",33.99,https://cdn.barbora.lt/products/b7318f1d-d8d8-40ba-9d94-3b836fa3ac94_s.png
"L'Oreal Paris Revitalift Laser Eye Bag Instant Eraser paakių gelis, 15ml",19.99,https://cdn.barbora.lt/products/14c103d0-d9a5-4c3d-9e41-27228eb7bbf3_s.png
"Puodelis AURORA ELEGANT GOLD, 360 ml",6.99,https://cdn.barbora.lt/products/5067a63e-a27d-428f-89f9-64e29579bb8c_s.png
"Puodelis AURORA VINTAGE, 360 ml",4.99,https://cdn.barbora.lt/products/15215075-23cb-4625-b6e0-fe6e1ae78476_s.png
Puodelis AURORA Star 360 ml,4.99,https://cdn.barbora.lt/products/38c13504-bcf5-4c60-ace8-4c55bc625eb4_s.png
"Šviečianti dekoracija ELEMENTS SENSE,H45",19.99,https://cdn.barbora.lt/products/e5d04241-c46a-4e05-9e03-8aa57428397d_s.png
"Kalėdų dekoracija ELEMENTS SENSE, elnias",9.99,https://cdn.barbora.lt/products/4c9dba06-f011-43a7-aee9-0c572d28c733_s.png
"Kalėdų dekoracija ELEMENTS SENSE, elnias sidabrinis",9.99,https://cdn.barbora.lt/products/1f580726-b139-4667-9040-95403c2e1fb8_s.png
"Šviečianti dekoracija ELEMENTS SENSE,H80",22.99,https://cdn.barbora.lt/products/ab9d1a6c-33aa-479b-a3bb-e7b6b3eb7456_s.png
"Šviečianti dekoracija ELEMENTS SENSE,H60",15.99,https://cdn.barbora.lt/products/494c7bd0-2d62-46b1-9348-482fdd76bbf7_s.png
"Šviečianti dekoracija ELEMENTS SENSE,H40",11.99,https://cdn.barbora.lt/products/922feef2-02e7-4bc3-9206-366db8d63304_s.png
"Pliušinis žaislas FOXTER, 61 CM",39.99,https://cdn.barbora.lt/products/b512efc4-946e-4b4c-95e5-fb74ceae0a72_s.png
Pliušinis žaislas FOXTER 78cm,19.99,https://cdn.barbora.lt/products/86245fb8-632f-4926-a975-f1bd3ada4edd_s.png
Radijo bangomis valdomas F1 automobilis,54.99,https://cdn.barbora.lt/products/228ff15f-9d71-420a-9076-436860af35cc_s.png
Interaktyvus žaislinis dinozauras,39.99,https://cdn.barbora.lt/products/2abe2ce4-907c-4788-97f0-529646890e36_s.png
Dvigubo stiklo puodelis AURORA Diamond 300 ml,16.99,https://cdn.barbora.lt/products/0a8c47ca-af5e-4fa4-b04d-5aaa499f3894_s.png
"Keptuvė TVS, 24 cm",34.99,https://cdn.barbora.lt/products/9f4aab0a-7d4f-4e5a-9548-59ab96154179_s.png
Pulteliu valdoma LAMBORGHINI mašina,22.99,https://cdn.barbora.lt/products/9e9b573c-aef7-4a54-b0eb-6f41a442bd79_s.png
"Keptuvė TVS, 28 cm",39.99,https://cdn.barbora.lt/products/987c8010-d2eb-445b-8e5d-138c01a3c3c6_s.png
"Prikaistuvis TVS, 16 cm",31.99,https://cdn.barbora.lt/products/28e83215-e350-41b0-bb11-41f22467f17d_s.png
"Puodas TVS, 20 cm",39.99,https://cdn.barbora.lt/products/196886bb-bf68-421d-a9a8-5380cfeedc99_s.png
Pulteliu valdoma BUGATTI DIVO mašina,39.99,https://cdn.barbora.lt/products/f0302247-c4fe-4d51-befc-2ed1cb223843_s.png
Žaislinis šuniuko gydymo rinkinys,45.99,https://cdn.barbora.lt/products/ffe5d32d-445f-4052-bf8f-a84396217f25_s.png
Vaikiškas lavinamasis žaislas,25.99,https://cdn.barbora.lt/products/bb7e3d6a-3276-4bcd-b3aa-7e6025ebd58a_s.png
"Pripučiamas žaislas DISNEY, Stičas",39.99,https://cdn.barbora.lt/products/b9a63075-02fa-45da-b26a-3ef015281e31_s.png
"Žaislinis automobilių rinkinys TEAMSTERZ, 27 dalys",39.99,https://cdn.barbora.lt/products/3cafb2d2-c709-415b-b7f9-277c4e3431e9_s.png
"BBURAGO 1:43 lenktyninis automodelis Aston Martin AMR23 #14 Fernando Alonso, 18-38090",14.99,https://cdn.barbora.lt/products/4326589d-0cd1-488d-8206-670bef4e7fa8_s.png
"RASTAR R/C 1:24 valdomas automodelis Ferrari 499P, 10370",41.99,https://cdn.barbora.lt/products/59412bb6-cad1-42c3-af5b-d1db52baa543_s.png
"MAISTO TECH R/C 1:24 valdomas automodelis F1 Oracle Red Bull Racing RB19, 82358",46.89,https://cdn.barbora.lt/products/043f5158-8ae3-4555-bb56-f0209f055dd8_s.png
"Pliušinis žaislas FOXTER, BT25333",12.99,https://cdn.barbora.lt/products/747b523d-0f7f-47f1-94df-defd6cc0c56e_s.png
"Puodelis AURORA CHRISTMAS, 370ml",3.99,https://cdn.barbora.lt/products/bd3ebbbd-def9-4e88-9ad4-b2df69153f82_s.png
Puodelis su lėkšt. AURORA DELICAT 230 ml,4.99,https://cdn.barbora.lt/products/db1272f3-0ec5-4851-a193-00acfff244a1_s.png
"Pliušinis žaislas FOXTER, 100 cm, 3 dizainai",39.99,https://cdn.barbora.lt/products/2fb65c4b-6c94-41ac-8db1-94669be81d22_s.png
"Pliušinis žaislas FOXTER, 40 cm	",24.99,https://cdn.barbora.lt/products/d7b74538-1f7a-442f-a23d-ea433e1e204a_s.png
"Gertuvė STOR, Pokemon 940ml",26.99,https://cdn.barbora.lt/products/cdd8783c-7b8d-4708-8d0d-bc4e9d12b748_s.png
Medinis vaikiškas traukinukas,23.99,https://cdn.barbora.lt/products/12dbac5d-ecb6-4a05-8cf3-693e99dd40b2_s.png
Lovos užtiesalas 220x240 cm,69.99,https://cdn.barbora.lt/products/795459c6-08a1-4140-b80c-1dc4b6cf8d86_s.png
"Kalėdų eglutės žaisliukų rinkinys, 6vnt",5.99,https://cdn.barbora.lt/products/b739df8b-4ecd-4320-8bfa-abec0cb4f742_s.png
"Kalėdų eglutės dekoracija, 9x9x9cm",2.99,https://cdn.barbora.lt/products/af91194c-b58e-4c9d-91ef-a85301bda894_s.png
"Ovali lėkštė AURORA AYANA DARK, 28 cm",19.99,https://cdn.barbora.lt/products/549068c3-1576-402a-879c-bf03fa3717d2_s.png
"Dubenėlis AURORA AYANA DARK, 15 cm",7.99,https://cdn.barbora.lt/products/cfe51239-199a-4baa-b210-f4e9115e9722_s.png
"Kalėdų eglutės dekoracija, 7,5x4x13cm",1.99,https://cdn.barbora.lt/products/780e9af2-cc22-4062-ba2a-dfbab2524d37_s.png
"Kalėdų eglutės dekoracija, 12x6x6cm",1.99,https://cdn.barbora.lt/products/3850ddb7-35c2-4d6f-b548-7ce249087047_s.png
"Kalėdų eglutės žaisliukų rinkinys, 6vnt, 15*11*2.8cm	",2.99,https://cdn.barbora.lt/products/c985e256-c095-4063-be64-30dd99850cee_s.png
"Kalėdų eglutės dekoracija, 10x17cm",2.99,https://cdn.barbora.lt/products/817d9fb4-2d73-43a5-8acb-cfa6dfc45c78_s.png
"Kalėdų eglutės dekoracija, 6x6x8cm",1.99,https://cdn.barbora.lt/products/1260021b-745a-46cf-add9-35bca9bf85ec_s.png
"Kalėdų eglutės dekoracija, 7x5,5x17cm",2.99,https://cdn.barbora.lt/products/1ef9c99d-a7d0-4ab8-9323-f1b2197e13b7_s.png
"Kvadratinė lėkštė AURORA AYANA DARK, 30cm",14.99,https://cdn.barbora.lt/products/576ef83d-9722-41c4-8d78-516633c67cea_s.png
Žaislinis roboto rinkinys TEAMSTERZ,29.99,https://cdn.barbora.lt/products/7118f532-03b5-4550-ad19-1e4277060cfc_s.png
"Puodelis su lėkštute AURORA AYANA DARK, 110 ml, 1 vnt.",9.99,https://cdn.barbora.lt/products/300bf0c4-e152-41a9-9d09-2e5e7be6f260_s.png
Žaislinio roboto rinkinys,15.99,https://cdn.barbora.lt/products/567f8a17-8a01-4767-8692-dbb732ee53e9_s.png
Radijo bangomis valdomas automobilis,49.99,https://cdn.barbora.lt/products/c320b687-a682-4fb2-87b4-7e4e1eb2dbad_s.png
Pulteliu valdomas triukų automobilis,33.99,https://cdn.barbora.lt/products/eef15d83-8589-42bc-9956-4b220050c0b7_s.png
Žaislinis ledų rinkinys,9.99,https://cdn.barbora.lt/products/0ea22079-6403-4b31-8df7-c19646b326da_s.png
Žaisliniai drugelio sparnai su funkcijom,26.99,https://cdn.barbora.lt/products/88110d27-495a-4b13-81ad-f8e610460ab7_s.png
Birių produktų indas UNIWELL Gold 650 ml,4.99,https://cdn.barbora.lt/products/5b8d9a6a-67e4-474f-bc4d-9e75591eac2b_s.png
Birių produktų indas UNIWELL Gold 1 L,5.99,https://cdn.barbora.lt/products/53793a08-b6ba-4047-973e-6da47afeb5e7_s.png
Birių produktų indas UNIWELL Chick 800ml,7.99,https://cdn.barbora.lt/products/25059df6-1560-49e4-91e1-1a11fdc0e458_s.png
"Birių produktų indas UNIWELL Chick 1,5 l",8.99,https://cdn.barbora.lt/products/432726f6-9e72-4160-a044-3584dd78f59d_s.png
"Birių produktų indas ILAJA COOKIE, 750 m",4.99,https://cdn.barbora.lt/products/9f94e304-11fe-4303-a3f1-a635cd70ec18_s.png
"Birių produktų indas ILAJA AMBER, 600 ml",3.99,https://cdn.barbora.lt/products/ae1a04ea-217a-4dfe-9dad-06cde0c84ab1_s.png
"Birių produktų indas ILAJA AMBER, 900 ml",4.99,https://cdn.barbora.lt/products/d63c082e-dc86-42ee-a7e0-43d784546334_s.png
"Birių produktų indas ILAJA AMBER, 1,3 l",5.99,https://cdn.barbora.lt/products/d0a880ce-9a0c-4111-9421-794c4c047606_s.png
Lėlės vežimėlis,79.99,https://cdn.barbora.lt/products/d1c29d73-5215-4073-8299-0436e42d4839_s.png
Pliušinis magiškas vienaragis,59.99,https://cdn.barbora.lt/products/03566e00-0267-40e9-9928-fa2fbbe9238f_s.png
"Lėlė, 46 cm",49.99,https://cdn.barbora.lt/products/456ddfc9-b718-4b3f-b412-4897b7509448_s.png
"Žaislinė transporto priemonė, 48x13x221",17.99,https://cdn.barbora.lt/products/d5311184-1f2a-45be-b578-3903f11af3da_s.png
"Lėkštė AURORA LACE, 20 cm",5.99,https://cdn.barbora.lt/products/23a53d85-241c-42db-ba47-bbdd032f4545_s.png
"Kvadratinė lėkštė AURORA LACE, 26 cm",11.99,https://cdn.barbora.lt/products/6eda5a07-d387-4fa5-93ed-07899c5e0538_s.png
"Vaisių dubuo AURORA VINTAGE WHITE, 26 cm",16.59,https://cdn.barbora.lt/products/534477ef-d384-47ed-abc6-f0b2f1bbcde1_s.png
Žaislinis sraigtasparnis,19.99,https://cdn.barbora.lt/products/321f38c2-4ecc-45eb-9f7d-cb06b43038a4_s.png
Pulteliu valdomas žaislinis dronas,34.99,https://cdn.barbora.lt/products/b2ffd54a-139e-48a5-aa2a-05fb8dfcad84_s.png
"Žaislinė transporto priemonė, 29X51X21",34.99,https://cdn.barbora.lt/products/627b7338-73b0-41f6-be0b-f9965fe9bbcb_s.png
Žaislinis gyvūnų rinkinys,29.99,https://cdn.barbora.lt/products/f420cf15-ef5f-4300-b032-c90c0bb799cc_s.png
Žaislinis muzikinis pultas,43.99,https://cdn.barbora.lt/products/2c315a23-27dd-4e68-97f4-d7603b15330f_s.png
Ištempiamas Puncheezz žaislas,24.99,https://cdn.barbora.lt/products/841c12c5-6fe3-43f4-bc2e-e6e7c2a72796_s.png
Ištempiamas Ugleezz žaislas,7.99,https://cdn.barbora.lt/products/94cd6e5d-ce20-4d30-991f-e8bbcb32799d_s.png
SCHOLL atgaivinanti pėdų kaukė,8.99,https://cdn.barbora.lt/products/531ee47c-c148-4378-bd92-e5cfb735fb2e_s.png
"Stiklinis Kalėdų eglut.žaisliukas,mėlyna",2.49,https://cdn.barbora.lt/products/8e2686c8-f6ce-4e13-b1ff-60e324d23847_s.png
"Stiklinis Kalėdų eglutės žaisliukas, 8cm, šviesiai mėlyna",2.99,https://cdn.barbora.lt/products/c755cc33-e4b6-46c5-ba6e-36604f05a4bb_s.png
"Stiklinis Kalėdų eglutės žaisliukas, 8cm, tamsiai mėlyna",1.99,https://cdn.barbora.lt/products/6974ec88-de8c-4f52-ab4b-3d2d1273141e_s.png
"Stiklinis Kalėdų eglutės žaisliukas, 2 spalvos",2.99,https://cdn.barbora.lt/products/9812fbf0-47fa-44ff-bb3a-47926768bb85_s.png
"Stiklinis Kalėdų eglutės žaisliukas,20cm",3.99,https://cdn.barbora.lt/products/d09c8344-c7bd-4555-8681-685e964d0087_s.png
"Stiklinis Kalėdų eglutės žaisliukas,sidabrinis",3.99,https://cdn.barbora.lt/products/b11a55bd-c7f8-47a6-a159-40991f3bbecc_s.png
"Stiklinis Kalėdų eglutės žaisliukas,baltas",3.99,https://cdn.barbora.lt/products/77b9c867-86dd-4ba6-bf14-37733bd95dba_s.png
"Stiklinis Kalėdų eglutės žaisliukas,14cm",3.99,https://cdn.barbora.lt/products/0d9234f9-6c7d-4c58-b7f7-40680447ae5f_s.png
"Pakabinama dekoracija ELEMENTS SENSE, 1 vnt., 18x5",3.99,https://cdn.barbora.lt/products/dd2e06eb-65ba-4ffa-9aac-be5018e57409_s.png
"Stiklinis Kalėdų eglutės žaisliukas,baltas, 7*21cm",4.99,https://cdn.barbora.lt/products/10e5fc46-c88f-49fc-9df5-8475ef852a7d_s.png
"Stiklinis Kalėdų eglutės žaisliukas,auks",2.99,https://cdn.barbora.lt/products/ca1472aa-af56-4d29-a067-bc17283e2168_s.png
"Stiklinis Kalėdų eglutės žaisliukas,3 dizainai",2.99,https://cdn.barbora.lt/products/2939aae6-520e-41bb-8937-f19d3e7cb2b3_s.png
"Stiklinis Kalėdų eglutės žaisliukas, 4.9X4.4X6.7",2.99,https://cdn.barbora.lt/products/943c7435-01ce-4baf-80a7-88f89c6e645f_s.png
"Pakabinama dekoracija ELEMENTS SENSE, 1 vnt., 8*24.5",3.99,https://cdn.barbora.lt/products/d044f563-cb03-4576-ac6c-22ad0022057c_s.png
"Stiklinis Kalėdų eglutės žaisliukas,baltas, 8.9*6.3*5.3cm",2.99,https://cdn.barbora.lt/products/6e48b6b8-1455-4820-8d7e-edea8194ab7e_s.png
"Stiklinis Kalėdų eglutės žaisliukas,2 spalvos",4.99,https://cdn.barbora.lt/products/9cad3305-d601-42ef-ac8a-cb5dd1537d56_s.png
"Stiklinis Kalėdų eglutės žaisliukas,H9cm",2.99,https://cdn.barbora.lt/products/436282fc-80a6-4769-8164-e1afc3b30463_s.png
"Stiklinis Kalėdų eglutės žaisliukas,10cm x 7,5",3.99,https://cdn.barbora.lt/products/81d7cc35-26e9-415f-a812-535c7c185970_s.png
"Stiklinis Kalėdų eglutės žaisliukas, 8*6cm	",2.99,https://cdn.barbora.lt/products/45200cc2-4dba-479f-8166-86f0371b506a_s.png
"Stiklinis Kalėdų eglutės žaisliukas, 8*8, arkliukas",5.99,https://cdn.barbora.lt/products/332a4ccf-1191-4773-bcf1-6ab8fff09726_s.png
"Stiklinis Kalėdų eglutės žaisliukas,20 cm, permatomas",2.99,https://cdn.barbora.lt/products/a7052756-e7e0-48ae-a207-b3e0d9788639_s.png
"Stiklinis Kalėdų eglutės žaisliukas,auksinis, 5.6*11.9cm",3.99,https://cdn.barbora.lt/products/e365a550-25cb-454a-a52e-9e04812273fb_s.png
"Stiklinis Kalėdų eglutės žaisliukas,raudonas",3.99,https://cdn.barbora.lt/products/20301976-5453-483c-9d62-cc92da4cf483_s.png
"Stiklinis Kalėdų eglutės žaisliukas,žydras",3.49,https://cdn.barbora.lt/products/6aa9378a-11c2-4057-b150-76b54c1d2eae_s.png
"Stiklinis Kalėdų eglutės žaisliukas,2 dizainai, 6.5*13cm",2.99,https://cdn.barbora.lt/products/1a5169d7-f7e9-4018-935f-8bf7060317de_s.png
"Stiklinis Kalėdų eglutės žaisliukas,2 dizainai, 8 cm",1.99,https://cdn.barbora.lt/products/2e22ad6f-5265-4d4c-898a-81fd4b081e57_s.png
"Stiklinis Kalėdų eglutės žaisliukas, 20 cm, sidabrinis",2.99,https://cdn.barbora.lt/products/cd2a75d3-d7f5-4bba-95e4-d1e9892b6447_s.png
"Stiklinių Kalėdų eglutės žaisliukų rinkinys, 3vnt. Sidabras, 20 cm",6.99,https://cdn.barbora.lt/products/cbb6d4c6-3cc3-478f-83fb-879b5eca8f35_s.png
"Stiklinių Kalėdų eglutės žaisliukų rinkinys, 3vnt., 20 cm",6.99,https://cdn.barbora.lt/products/46759a40-7034-474f-97f2-9a529dd3a2f3_s.png
"Pledas, 140 x 200 cm",34.99,https://cdn.barbora.lt/products/0b780c74-7fb2-492e-bd68-83740b4c97a5_s.png
"Stiklinis Kalėdų eglės žaisliukas, 4 cm",3.99,https://cdn.barbora.lt/products/7fe10d73-d69d-4f90-9c8d-34a38065dd2e_s.png
"Stiklinis Kalėdų eglės žaisliukas, 8 cm, 3 spalvos",3.99,https://cdn.barbora.lt/products/22e02269-c18e-4ab7-8c56-1f2abeae8d5b_s.png
"Stiklinis Kalėdų eglės žaisliukas, 8 cm",4.99,https://cdn.barbora.lt/products/508948ca-6149-4f59-bb05-606056ac21d7_s.png
"Stiklinis dubuo BLACK GLITTER, 28 cm",12.99,https://cdn.barbora.lt/products/509b8082-c0e8-42c9-9151-0aa10ae31b5e_s.png
"Stiklinis Kalėdų eglės žaisliukas, 8 cm",8.99,https://cdn.barbora.lt/products/fe30dbc5-3e3b-42d5-aaff-ce3d1681a786_s.png
"Stiklinis Kalėdų eglės žaisliukas, 4 spalvos, 8 cm",4.99,https://cdn.barbora.lt/products/e962edaf-0822-4a2e-ad14-e74b711bd191_s.png
"Stiklinis Kalėdų eglės žaisliukas, L4.5xW3.5xH7.5 cm	",3.49,https://cdn.barbora.lt/products/a47b22a3-45ae-40ee-872c-71c4b5eeca73_s.png
"Stiklinis Kalėdų eglės žaisliukas, L4xW4xH7.5 cm",3.99,https://cdn.barbora.lt/products/b8bb35a6-afe1-43b7-a14d-97b884dfb60d_s.png
KILIG BB CREAM drėkinamasis veido kremas su atspalviu SPF25 MEDIUM 50 ml,14.99,https://cdn.barbora.lt/products/e1369751-062b-4133-86c5-7a4c3aa7c753_s.png
"Stiklinis Kalėdų eglės žaisliukas, 5.7x3.6x7.8 cm",3.49,https://cdn.barbora.lt/products/02af0acb-1d17-4e1e-9bd1-636e84a44941_s.png
Stiklinis Kalėdų eglės viršūnės žaisl.,7.99,https://cdn.barbora.lt/products/45b71348-a380-4e6a-ab72-234de138ce88_s.png
"Stiklinis Kalėdų eglės žaisliukas, L9xW3.3xH4.9 cm",4.49,https://cdn.barbora.lt/products/8ae48d70-f3cb-41e9-9444-ae51747397ca_s.png
"Stiklinis Kalėdų eglės žaisliukas, 4 x 2.5 x 7.5 cm",3.49,https://cdn.barbora.lt/products/a84da951-6968-4a99-8301-f3161f64a237_s.png
Kalėdų eglės žaisliukas dia8cm,3.99,https://cdn.barbora.lt/products/75f45104-e30c-4e53-a5bd-d859a4b70040_s.png
"Kaspinas - dekoracija, 2x20x24cm",4.99,https://cdn.barbora.lt/products/d69a7ac8-a66e-42af-b944-652317fcbe26_s.png
"Kaspinas - dekoracija, 2x48x52cm",19.99,https://cdn.barbora.lt/products/e3decb97-4ecd-4d29-8b1d-058369d8af8c_s.png
"Šviečianti LED dekoracija, žvaigždė",12.99,https://cdn.barbora.lt/products/f77124cc-19d2-441b-8552-679fa258dc81_s.png
Kalėdų eglės žaisliukas L5xW6.5xH9 cm	,4.99,https://cdn.barbora.lt/products/b280e694-d961-486a-a807-3ac5a5615eb4_s.png
"Stiklinis dubuo BLACK GLITTER, 30 cm",9.99,https://cdn.barbora.lt/products/31644dab-a4aa-4272-8cfe-8688651f59e7_s.png
"Kaspinas - dekoracija, 21x4,5x26cm",9.99,https://cdn.barbora.lt/products/58b261da-08b0-49eb-b643-aa9e7398769f_s.png
"Kalėdų dekoracija ELEMENTS SENSE, 54cm",2.99,https://cdn.barbora.lt/products/d4723f69-15ca-46c8-9431-109dcbd3373c_s.png
Stiklinis Kalėdų eglės žaisliukas 9x8.1x7.7 cm,11.99,https://cdn.barbora.lt/products/ca24daa4-a8e2-4622-8736-dfe52bcc644b_s.png
"Kalėdų eglutės dekoracija, 18 x 17 x 2 cm, 1 vnt.",4.99,https://cdn.barbora.lt/products/e02438f3-7855-4873-905d-138a8f1cc1f0_s.png
Kalėdų eglės žaisliukas L1.9xW1.3xH18.5 cm	,2.99,https://cdn.barbora.lt/products/b848d254-24cb-4d3f-bb0e-2617f993cb1b_s.png
"Stiklinis Kalėdų eglės žaisliukas, 8cm x H10 cm",8.99,https://cdn.barbora.lt/products/db7f9849-ee73-4d53-8faa-214584600707_s.png
"Šakelė - dekoracija, 80cm",6.99,https://cdn.barbora.lt/products/ba9019cf-dab1-402e-b936-15af3e088330_s.png
Kalėdų eglės žaisliukas L6xW2xH10 cm,5.99,https://cdn.barbora.lt/products/ebe66109-38d6-4fcc-b98c-603f26a06f91_s.png
"Šviečianti dekoracija ELEMENTS SENSE,3 spalvos",7.99,https://cdn.barbora.lt/products/b3f1d713-26ea-41be-97a4-91a339c5eeaf_s.png
"Kaspinėliai - dekoracija, 2 dizainai",5.99,https://cdn.barbora.lt/products/ac277595-96ef-43da-a459-9457e4cbb0d6_s.png
"Girlianda ELEMENTS SENSE, 2m, auksinė",9.99,https://cdn.barbora.lt/products/24715d6c-aa04-49c8-9f03-20ce42162536_s.png
"Girlianda ELEMENTS SENSE, 2m, auksinė, 1 vnt.",9.99,https://cdn.barbora.lt/products/238e8d88-326e-43af-ba81-df61a72fddc5_s.png
"Stiklinė lėkštė BLACK GLITTER, 28 cm",9.99,https://cdn.barbora.lt/products/5b67914f-a57a-4274-a473-776612e8030e_s.png
"Girlianda ELEMENTS SENSE, 2m, sidabrinė",9.99,https://cdn.barbora.lt/products/c71f80ca-8de8-4206-b25f-11dd7cfb7739_s.png
"Stiklinė lėkštė BLACK GLITTER, 32 cm",12.99,https://cdn.barbora.lt/products/6390e6ed-630e-4c66-8424-bfbd0b4dffbc_s.png
"Karoliukų girlianda, 8mmx6m",3.99,https://cdn.barbora.lt/products/ddd80bb8-b361-41e4-afb1-c41383799f1f_s.png
Stiklinė lėkštė Black Glitter 21 cm,5.99,https://cdn.barbora.lt/products/7d8c558d-084a-42d0-8546-e558f192ef6f_s.png
"Karoliukų girlianda, 8mmx10m",5.99,https://cdn.barbora.lt/products/646c0371-4232-42af-940f-c480bb702da8_s.png
"Kalėdų dekoracija ELEMENTS SENSE, 60.0*80.0*2.0cm",2.99,https://cdn.barbora.lt/products/8ff0db03-cb72-4366-a0ed-15a8f6811f93_s.png
Kalėdų eglės žaisliukų rinkinys 12vnt,6.99,https://cdn.barbora.lt/products/8b0de705-b84d-4739-b5c1-4a70ddf83cd4_s.png
Kalėdų eglės žaisliukų rinkinys 12vnt 6CM 12/S	,3.99,https://cdn.barbora.lt/products/268ce99a-38d2-4441-b153-bb07da8da932_s.png
Kalėdų eglės žaisliukų rinkinys 4vnt,5.99,https://cdn.barbora.lt/products/9dd154f2-1674-49c4-9075-b10ba94f1769_s.png
Kalėdų eglės žaisliukų rinkinys 3vnt 10.5CM 3/S	,3.99,https://cdn.barbora.lt/products/331c6c88-e222-4a98-a721-f6809ca3e12e_s.png
"Kalėdų eglutės žaisliukas, 8cm,žalias",2.49,https://cdn.barbora.lt/products/a3f1a05b-f446-4e8a-855c-f14a41c2713e_s.png
"Kalėdų eglutės žaisliukas, 8cm, rudas",2.49,https://cdn.barbora.lt/products/1bea7a4f-fc20-4443-a477-d5b18fdd9b51_s.png
"Kalėdų eglutės žaisliukas, 8cm, raudonas",2.49,https://cdn.barbora.lt/products/abc45010-3153-4897-892a-0efa89f0160d_s.png
"Kalėdiniai eglutės žaisliukai, 8 cm, 1 vnt., 10 dizainų",2.99,https://cdn.barbora.lt/products/5b144682-189f-4ef9-8162-58954fbfc995_s.png
"Šviečiančių dekoracijų rinkinys, 10vnt.",19.99,https://cdn.barbora.lt/products/efa54552-f45f-4191-ac7a-fa42a621743f_s.png
"Kalėdinė dekoracija buteliui, 2dizainai",3.99,https://cdn.barbora.lt/products/5b0dac9c-2ae9-46bf-a495-4c739bc4de6c_s.png
"Elektrinė girlianda, 196LED, 6,5m",39.99,https://cdn.barbora.lt/products/d6333e14-dba9-428b-96ad-d8051bfd2821_s.png
"Elektrinė girlianda, 400LED",59.99,https://cdn.barbora.lt/products/9d02eb7c-910a-4ccc-ac39-450b9c777f2f_s.png
"Šviečiančių dekoracijų rinkinys, 4vnt.",19.99,https://cdn.barbora.lt/products/7cfdfbad-8e94-4cd8-96ad-706ba86de1f0_s.png
"Šviečianti dekoracija, 12x12x40cm",6.99,https://cdn.barbora.lt/products/61440568-ca97-40e7-b2fe-f962428792e9_s.png
"Šviečianti dekoracija, 16x16x60cm",9.99,https://cdn.barbora.lt/products/32760a5a-7948-4e0d-8787-1279ee25f673_s.png
"Šviečianti LED dekoracija, 25x25x25cm",19.99,https://cdn.barbora.lt/products/2d90c19c-8600-4f21-8ec5-dee4441261bd_s.png
"Šviečianti vidaus girlianda, 10LED",3.99,https://cdn.barbora.lt/products/b875f271-b428-49f3-b6f3-c913c1460d9f_s.png
"Stiklinis Kalėdų eglutės žaisliukas,10cm",6.99,https://cdn.barbora.lt/products/91da238f-6574-4313-886e-d4d5bd969857_s.png
"Šviečianti dekoracija, 160 LED",49.99,https://cdn.barbora.lt/products/0172f098-5fb1-4767-8b33-960420bf1758_s.png
"Elektrinė lauko ir vidaus girlianda,768LED",25.99,https://cdn.barbora.lt/products/60f1001a-b0f4-426d-8ada-8347a4fc7c60_s.png
"Elektrinė lauko ir vidaus girlianda,560LED",19.99,https://cdn.barbora.lt/products/fce87efd-cff4-4de4-a523-c64cf0b9bfd9_s.png
"Kalėdų eglutės žaisliukas, sidabrinis",2.99,https://cdn.barbora.lt/products/89094500-8ed9-494e-a119-5d0869847d9d_s.png
"Šampano taurė AURORA Royal 220ml, 4 vnt.",19.99,https://cdn.barbora.lt/products/1fa11c20-ce96-4756-bb43-86c2c4605742_s.png
Žaislinis traktorius Volvo,22.99,https://cdn.barbora.lt/products/c4a9a0c2-9f2b-4ae9-85f4-ac84cd852ba5_s.png
"Pliušinis meškiukas, 23 cm",16.99,https://cdn.barbora.lt/products/5db86335-1389-4400-bbf7-4ac3999c0d90_s.png
"Kalėdinė dekoracija, 1 vnt., 12X8X22CM",7.99,https://cdn.barbora.lt/products/e34255f2-d59f-4c9e-bc2b-873d6c7d9d7e_s.png
"Kalėdinis eglutės žaisliukas, 8 cm, 1 vnt., 6 dizainai",2.99,https://cdn.barbora.lt/products/85fb4867-61c6-4243-98e8-83ec27cbae75_s.png
"Kalėdų eglės žaisliukas,1 vnt., 4 dizainai",2.99,https://cdn.barbora.lt/products/f809452a-c629-4063-a8ca-df6dccb619f9_s.png
"Šviečianti dekoracija, 48 cm",39.99,https://cdn.barbora.lt/products/bd6cbfb3-49d7-4c6c-a833-3546e0a14a1f_s.png
"Šviečiančių dekoracijų rinkinys, 3vnt., 58cm",27.99,https://cdn.barbora.lt/products/ad58ccbc-7bd7-4b81-bfad-a7af930065b8_s.png
Žaislinis Radijo bangomis valdomas automobilis SPIDERMAN,59.99,https://cdn.barbora.lt/products/71fb20f1-2738-4883-b4a3-80dbaa5d5fa1_s.png
"Pliušinis žaislas GABBY'S DOLLHOUSE, 18 cm",21.99,https://cdn.barbora.lt/products/f3353136-31b9-4eb2-948b-dc15f0fd19d2_s.png
"Radijo bangomis kontroliuojamas žaislas banglentininkas Stičas, 1 vnt.",69.99,https://cdn.barbora.lt/products/a19509df-bb02-4f3b-a91c-a8b5aa7c60ea_s.png
Atomobilių trasa HOT WHEELS Monster trucks,69.99,https://cdn.barbora.lt/products/0d4e422c-a7b5-41eb-b356-17337b7c29df_s.png
"Pliušinis kūdikio žaislas CLEMENTONI, 0 mėn+",59.99,https://cdn.barbora.lt/products/25ebba38-e3d7-4554-be18-651dacf752e4_s.png
"Elektroninis žaidimas DISNEY, Stičas",39.99,https://cdn.barbora.lt/products/5d5232f3-e5cf-48dd-9be4-7edc74f6ce91_s.png
"Kepimo forma TVS, 26 cm",11.59,https://cdn.barbora.lt/products/803a1826-804a-42e1-a223-41ef9e3c4385_s.png
Vaikiškas kosmetikos rinkinys CREATE IT!,8.99,https://cdn.barbora.lt/products/d43aa207-e149-4b31-bd32-2f47ee68c0d8_s.png
Lūpų blizgesys CREATE IT!,4.99,https://cdn.barbora.lt/products/1d14badc-445c-4b8b-ae7c-ba856bfb3d62_s.png
Pliušinis kūdikio žaislas CLEMENTONI,49.99,https://cdn.barbora.lt/products/13ada758-a766-4280-bd4e-58edc022ee34_s.png
Kūrybinis papuošalų rinkinys CLEMENTONI,26.99,https://cdn.barbora.lt/products/c40e6027-f65f-421b-89c0-ad679700d11f_s.png
Plaukų aksesuarų rinkinys CLEMENTONI,22.99,https://cdn.barbora.lt/products/5e2be7f9-83cb-44ee-98fe-d6a21bb50c72_s.png
Detektyvo rinkinys CLEMENTONI,29.99,https://cdn.barbora.lt/products/81cca4b3-c729-4960-b032-0cdd48b1180d_s.png
"Dėlionė CLEMENTONI, 1000 detalių",12.99,https://cdn.barbora.lt/products/32911ba1-d4de-4e43-8873-bca90fa31097_s.png
"Dėlionė CLEMENTONI, 520 detalių",69.99,https://cdn.barbora.lt/products/ce71461e-4ab3-4423-aaf2-9ffd2f105f4f_s.png
Žaislinis robotas R2d2 CLEMENTONI,89.99,https://cdn.barbora.lt/products/43c2e2ee-2db3-47c3-ad3f-6140c8896685_s.png
Žaislinis grožio rinkinys CLEMENTONI,13.99,https://cdn.barbora.lt/products/905b74d4-e786-4bfc-90a7-dc4dce957592_s.png
Pliušinis kūdikio žaislas CLEMENTONI,26.99,https://cdn.barbora.lt/products/ff341c58-690e-4bbb-9979-67fc7911e8e5_s.png
Kūrybinis raktų pakabukų rinkinys Marble bear,10.99,https://cdn.barbora.lt/products/62c8d61e-6398-4a55-aa64-b4135fc04796_s.png
Kūrybinis išmaniojo plastilino rinkinys,19.99,https://cdn.barbora.lt/products/570fb59a-b067-46b8-a855-f8c6b0f5a16b_s.png
Surenkamas žaislinis automobilis HOT WHEELS,14.99,https://cdn.barbora.lt/products/756e82da-a13f-45c0-bc29-cef9e68d3b2d_s.png
"L'Oreal Paris Infaillible 24H Face Sculptor kreminė kontūravimo priemonė, Medium Contour",15.79,https://cdn.barbora.lt/products/e4ce40bf-23fd-4e1d-a56a-d1f40b33e5d6_s.png
BRITA MAXTRA PRO HARD WATER EXPERT vandens filtras 1vnt,11.99,https://cdn.barbora.lt/products/303600f7-103c-4ab7-8e0a-7541b607a020_s.png
SILV Interaktyvus robotas JIGGO,34.99,https://cdn.barbora.lt/products/929208c1-fc8c-4f06-a059-23dc57a42d14_s.png
"L.O.L. SURPRISE EYE SPY Lėlytė, CDU",19.99,https://cdn.barbora.lt/products/2ce3fa00-e8c2-4798-964d-c8d1cedd5688_s.png
"L.O.L. SURPRISE EYE SPY Baby Sister Lėlytė, CDU",12.99,https://cdn.barbora.lt/products/f69326c9-f9e3-4bd3-8cbf-ab3f8a14f6df_s.png
"STITCH Tampri kolekcinė figūrėlė uždaroje pakuotėje, 5 cm, 5.asort",13.99,https://cdn.barbora.lt/products/10cbf84b-9628-4e2d-aa4e-487146537f4f_s.png
"Marinuoti agurkai WELL DONE, pjaust. išilgai, saldž. rūgštūs, 670 g",2.19,https://cdn.barbora.lt/products/dcacbdf3-15ea-4900-8095-d4a3e049947e_s.png
"Jūrų dumblių salotos su morkomis, 350 g",2.59,https://cdn.barbora.lt/products/09dfb878-1680-48d9-a1fb-d2b1e9b63c3b_s.png
"Marinuoti vyšniniai pomidorai WELL DONE, 690 g",2.39,https://cdn.barbora.lt/products/c47e16f3-b63b-40db-9785-301faa453425_s.png
"STITCH 3D dušo želė ir šampūnas 2 in 1, 400 ml",7.99,https://cdn.barbora.lt/products/e6af65bd-5729-45a1-8caf-551e653b08e5_s.png
"NEUTROGENA NF Intense Repair Cica kremas, 400ml",14.59,https://cdn.barbora.lt/products/c36a2462-386c-451e-9b68-04c9689fc069_s.png
Dušo putos O'LYSEE MONOI;200ml,9.99,https://cdn.barbora.lt/products/eedc8af9-3977-44b8-8bd3-d53997cd4106_s.png
Dušo putos O'LYSEE CERISIER;200ml,9.99,https://cdn.barbora.lt/products/26d03093-660c-4d59-8804-7044e6058224_s.png
"Minnie tualetinis vanduo, 30 ml",8.19,https://cdn.barbora.lt/products/fba12cba-b2a3-4ace-89d4-77233e56313a_s.png
"Frozen tualetinis vanduo, 30 ml",8.19,https://cdn.barbora.lt/products/6315b68c-8c69-4edb-a7a0-91819bb39d9f_s.png
"Unicorn tualetinis vanduo, 30 ml",8.19,https://cdn.barbora.lt/products/14b1fd83-06ad-4c8e-bf28-b5196b76dea6_s.png
"VASELINE kūno losjonas Advanced Repair, 600 ml",8.99,https://cdn.barbora.lt/products/eba78b94-5404-43a8-9e72-008f74f510df_s.png
"VASELINE kūno losjonas Soothing Hydration, 600 ml",8.99,https://cdn.barbora.lt/products/d4496e4c-9e9e-4d74-aabb-c60df6c1daa9_s.png
"PHARMA OIL pleistrai spuogams Clear Vibes, 33vnt",6.49,https://cdn.barbora.lt/products/eaddc265-c41d-4c07-9dfb-fd5e8959f264_s.png
"Marinuoti agurkai su medumi ir garstyčiomis KKF, 680 g",2.79,https://cdn.barbora.lt/products/4f34e048-2a79-4140-b04c-b9f2274db474_s.png
