shop_name,product_name,shelf_price,image_url
IKI,"Šviežios viščiukų broilerių blauzdelės IKI MĖSA, 500 g",1.99 €,https://storage.googleapis.com/download/storage/v1/b/lastmile-ui/o/import%2Fphotos%2Fconverted%2Fproduct%2Fglobal_WysrSH1xbCZVzf1gaFqK_xGdb10o0VzY1SFD6eDjbpqgxmW02_Znot9BgTbLO0NdrN5YkK_thumb.jpg?generation=1647862191000378&alt=media
IKI,"Puskietis fermentinis sūris DVARO, 50% r.s.m., 240 g",2.63 €,https://storage.googleapis.com/download/storage/v1/b/lastmile-ui/o/images%2Fchain_products%2FIKI%2Fthumb_WaJggrur7eiWHhqUVHTS.jpg?generation=1631695953137474&alt=media
IKI,"Kiaulienos mentė be kaulo ir odos, atšaldyta",2.99 €,https://firebasestorage.googleapis.com/v0/b/lastmile-ui/o/import%2Fphotos%2Fconverted%2Fproduct%2FthumbUrl%2FCvKfTzV4TN5U8BTMF1Hl_231844_OrXUvGAuc2NCJDRvzNOTXOM3rsp1_7dH0lbogtCIex0KqKboc.webp?alt=media&token=de0af015-3b7b-48bb-9627-7839f27d9dd2
IKI,"Popieriniai rankšluosčiai RENOVA EXTRA XXL, 1 vnt.",1.19 €,https://storage.googleapis.com/download/storage/v1/b/lastmile-ui/o/images%2Fproducts%2Fthumb_ouZiuG15S9r6PxsCVzET.jpg?generation=1656278737321688&alt=media
IKI,"Lietuviški ilgavaisiai agurkai, 1 vnt.",0.99 €,https://storage.googleapis.com/download/storage/v1/b/lastmile-ui/o/import%2Fphotos%2Fconverted%2Fproduct%2Fglobal_GRiBFOyfPCSIUCn9NLHM_W5RvAbpnRicygag1V4nopPhtD8z2_w3UjMbzk0bxA3YdbtnK6_thumb.jpg?generation=1683626302271763&alt=media
IKI,"Saldžios grietinėlės ŽEMAITIJOS sviestas, 82% rieb., 200 g",1.69 €,https://storage.googleapis.com/download/storage/v1/b/lastmile-ui/o/images%2Fchain_products%2FIKI%2Fthumb_exJSQH4ZNyJC3Kjzt0dP.jpg?generation=1631695740339731&alt=media
IKI,"Šviežia viščiukų broilerių filė užauginta be antibiotikų, 500 g",4.79 €,https://firebasestorage.googleapis.com/v0/b/lastmile-ui/o/import%2Fphotos%2Fconverted%2Fproduct%2FthumbUrl%2FCvKfTzV4TN5U8BTMF1Hl_273358_uF3DptJQvjXHqmno4Mal_ypG5B2DnLDpYhSsHU6LY.webp?alt=media&token=62e0a675-44bb-45b3-9d08-85efe442f635
IKI,Plautos morkos CLEVER,0.29 €,https://storage.googleapis.com/download/storage/v1/b/lastmile-ui/o/images%2Fproducts%2Fthumb_0SFs93BQwFn5k23gDvll.jpg?generation=1631004429577083&alt=media
IKI,Svogūnai CLEVER,0.39 €,https://storage.googleapis.com/download/storage/v1/b/lastmile-ui/o/images%2Fproducts%2Fthumb_BoT2PeAAz5J3AuHCTyte.jpg?generation=1639147461726135&alt=media
IKI,Citrinos BON VIA,1.95 €,https://firebasestorage.googleapis.com/v0/b/lastmile-ui/o/import%2Fphotos%2Fconverted%2Fproduct%2FthumbUrl%2FCvKfTzV4TN5U8BTMF1Hl_2205_OrXUvGAuc2NCJDRvzNOTXOM3rsp1_hlcy82BrF4srpcOlLjJO.webp?alt=media&token=1974b01b-9659-4ade-af7e-e184a285d18e
IKI,Mandarinai,1.74 €,https://storage.googleapis.com/download/storage/v1/b/lastmile-ui/o/images%2Fproducts%2Fthumb_Hy7HIb8PQCGqEvATZw8b.jpg?generation=1631695783290806&alt=media
IKI,"Skrudinamoji sumuštinių duona TOSTE, 500 g",1.19 €,https://firebasestorage.googleapis.com/v0/b/lastmile-ui/o/import%2Fphotos%2Fconverted%2Fproduct%2FthumbUrl%2FCvKfTzV4TN5U8BTMF1Hl_38092_W5RvAbpnRicygag1V4nopPhtD8z2_j1kAPvFXlCE1JP8eoa1U.webp?alt=media&token=8e14bcda-6bd3-44cc-9504-4fbdc77013e1
IKI,"Vynuoginiai slyviniai pomidoriukai BON VIA, 250 g",0.99 €,https://firebasestorage.googleapis.com/v0/b/lastmile-ui/o/import%2Fphotos%2Fconverted%2Fproduct%2FthumbUrl%2FCvKfTzV4TN5U8BTMF1Hl_2500_OrXUvGAuc2NCJDRvzNOTXOM3rsp1_7s3Qw4RkElspXmPPv5tU.webp?alt=media&token=39056a4f-8fca-4412-9d26-dff8ef643e42
IKI,"Besėklės žaliosios vynuogės, 500 g",2.49 €,https://storage.googleapis.com/download/storage/v1/b/lastmile-ui/o/images%2Fchain_products%2FIKI%2Fthumb_hcmNGxBKsp0jcdhciqfK.jpg?generation=1654374772066054&alt=media
IKI,"Sunokę avokadai BEST CHOICE, 2 vnt.",1.24 €,https://storage.googleapis.com/download/storage/v1/b/lastmile-ui/o/images%2Fproducts%2Fthumb_vrwQMaUbzHi4EB5CyXNR.jpg?generation=1643184103000986&alt=media
IKI,Sveriami obuoliai RAUDONIEJI,0.99 €,https://storage.googleapis.com/download/storage/v1/b/lastmile-ui/o/images%2Fproducts%2Fthumb_hEyrjLkWqfDN7Ce8b3K5.jpg?generation=1589636330241009&alt=media
IKI,"Vynuoginiai pomidoriukai COCKTAIL, 500 g",1.99 €,https://firebasestorage.googleapis.com/v0/b/lastmile-ui/o/import%2Fphotos%2Fconverted%2Fproduct%2FthumbUrl%2FCvKfTzV4TN5U8BTMF1Hl_2505_uF3DptJQvjXHqmno4Mal_X4PZdpLoQiz4RwrvPpe1.webp?alt=media&token=94e1f021-5654-42d4-9637-96bdb526cc7d
IKI,"Žaliosios cukinijos BON VIA, 1 vnt.",0.89 €,https://firebasestorage.googleapis.com/v0/b/lastmile-ui/o/import%2Fphotos%2Fconverted%2Fproduct%2FthumbUrl%2FCvKfTzV4TN5U8BTMF1Hl_2518_OrXUvGAuc2NCJDRvzNOTXOM3rsp1_kN4SGKNGvFyJOvVDSDjm.webp?alt=media&token=f4fd5273-e59e-4800-aad4-56cf6fd5b887
IKI,"Gazuotas gėrimas COCA COLA, 1,5 l",1.19 €,https://firebasestorage.googleapis.com/v0/b/lastmile-ui/o/import%2Fphotos%2Fconverted%2Fproduct%2FthumbUrl%2FCvKfTzV4TN5U8BTMF1Hl_234594_Y5wHCakiRVc8Kf1fJt96vh8Tr2I2_prOWzpnjFLsKQ2sx9ocU.webp?alt=media&token=34fa1c95-dc0a-404c-a27a-2c93df26bc3a
IKI,"Svogūnų laiškai, 100 g",1.19 €,https://firebasestorage.googleapis.com/v0/b/lastmile-ui/o/import%2Fphotos%2Fconverted%2Fproduct%2FthumbUrl%2FCvKfTzV4TN5U8BTMF1Hl_2674_W5RvAbpnRicygag1V4nopPhtD8z2_mfVpkAqMTT4gN65oTmLh.webp?alt=media&token=02a6cc02-9690-476d-8b4f-cc92870e5adf
IKI,"Avokadai, 1 vnt.",0.44 €,https://storage.googleapis.com/download/storage/v1/b/lastmile-ui/o/import%2Fphotos%2Fconverted%2Fproduct%2Fglobal_1RA2MejrFpM61j0dpP43_cTAkEjfDTeMFXf0e6W4JKKhwXXA3_cIQ08jOtIths09SLOkmW_thumb.jpg?generation=1665477260007150&alt=media
IKI,Didžiosios CONFERENCE  kriaušės,1.99 €,https://storage.googleapis.com/download/storage/v1/b/lastmile-ui/o/images%2Fproducts%2Fthumb_oCU2QwVelSeMv0gjLqmB.jpg?generation=1654689194993011&alt=media
IKI,Kekiniai pomidorai,2.49 €,https://storage.googleapis.com/download/storage/v1/b/lastmile-ui/o/images%2Fproducts%2Fthumb_IaN9NLqAtwfNIs6TkJuN.jpg?generation=1631695921921794&alt=media
IKI,"ŠVIEŽIŲ KRAPŲ RYŠULĖLIS, 50 g",0.79 €,https://firebasestorage.googleapis.com/v0/b/lastmile-ui/o/import%2Fphotos%2Fconverted%2Fproduct%2FthumbUrl%2FCvKfTzV4TN5U8BTMF1Hl_80055_W5RvAbpnRicygag1V4nopPhtD8z2_SORvbLP9zNBqwuEcxePH.webp?alt=media&token=bdf401d4-3b12-4711-b6d6-f3d671d966eb
IKI,"Rokiškio NAMINĖ grietinė, 30% rieb., 400 g",2.39 €,https://storage.googleapis.com/download/storage/v1/b/lastmile-ui/o/import%2Fphotos%2Fconverted%2Fproduct%2FCvKfTzV4TN5U8BTMF1Hl_YiC0qneuVRmNVwWsNvCc_xGdb10o0VzY1SFD6eDjbpqgxmW02_wWGRKMVbW7GdPbeCN7uF_thumb.jpg?generation=1676450892787995&alt=media
IKI,"Pievagrybiai, 250 g",0.99 €,https://storage.googleapis.com/download/storage/v1/b/lastmile-ui/o/images%2Fproducts%2Fthumb_MLH4mst5NjemUKJwdyl8.jpg?generation=1594714644850405&alt=media
IKI,"Sūdyta pjaustyta atlantinių lašišų filė ZIGMAS, 100 g",2.99 €,https://storage.googleapis.com/download/storage/v1/b/lastmile-ui/o/images%2Fchain_products%2FIKI%2Fthumb_tRNtCgqYx05wjKAuYMB6.jpg?generation=1631696000563245&alt=media
IKI,ŠVIEŽI KOPŪSTAI,1.39 €,https://firebasestorage.googleapis.com/v0/b/lastmile-ui/o/import%2Fphotos%2Fconverted%2Fproduct%2FthumbUrl%2FCvKfTzV4TN5U8BTMF1Hl_2610_W5RvAbpnRicygag1V4nopPhtD8z2_pT7UIynRE0ZEkp4ztDaj.webp?alt=media&token=525b427f-1cda-4777-8a08-7c156d5bc3a2
IKI,"Tualetinis popierius RENOVA, 12 vnt.",4.49 €,https://storage.googleapis.com/download/storage/v1/b/lastmile-ui/o/images%2Fproducts%2Fthumb_JuVv6Ny0IyovPupOeZ4N.jpg?generation=1631695728266798&alt=media
IKI,"Varškė 9% rieb. VILKYŠKIŲ, 180 g",0.99 €,https://firebasestorage.googleapis.com/v0/b/lastmile-ui/o/import%2Fphotos%2Fconverted%2Fproduct%2FthumbUrl%2FCvKfTzV4TN5U8BTMF1Hl_21685_Y5wHCakiRVc8Kf1fJt96vh8Tr2I2_O72OWameYM1z5CAM7ofF.webp?alt=media&token=e0cb14d7-bf0b-465f-bfb0-cc766c839874
IKI,Besėklės žaliosios vynuogės,2.79 €,https://storage.googleapis.com/download/storage/v1/b/lastmile-ui/o/images%2Fproducts%2Fthumb_EeHGUIdbga4F22LWQg63.jpg?generation=1582197450803403&alt=media
IKI,Kiviai,2.79 €,https://storage.googleapis.com/download/storage/v1/b/lastmile-ui/o/images%2Fproducts%2Fthumb_lSaktMLe3AWkowOwSeYa.jpg?generation=1582204910753443&alt=media
IKI,Didieji apelsinai,1.60 €,https://storage.googleapis.com/download/storage/v1/b/lastmile-ui/o/images%2Fproducts%2Fthumb_v9lEM7yVXgupl6Ryi4he.jpg?generation=1631695779141586&alt=media
IKI,"Pienas DVARO, 2,5% rieb., 1 l",1.29 €,https://storage.googleapis.com/download/storage/v1/b/lastmile-ui/o/images%2Fchain_products%2FIKI%2Fthumb_F3EI9jYSehybmAwTbXJR.jpg?generation=1631696116719265&alt=media
IKI,Apelsinai mažieji,1.25 €,https://storage.googleapis.com/download/storage/v1/b/lastmile-ui/o/import%2Fphotos%2Fconverted%2Fproduct%2Fglobal_aeNR2W0FCvKqwJ6WA9ei_xGdb10o0VzY1SFD6eDjbpqgxmW02_yDHURbkEPUpHUsiFPs01_thumb.jpg?generation=1655458174337305&alt=media
IKI,"Avokadai HASS, 500 g",1.24 €,https://storage.googleapis.com/download/storage/v1/b/lastmile-ui/o/images%2Fproducts%2Fthumb_YmK0aF7YBef9009hyj4l.jpg?generation=1582202027645425&alt=media
IKI,"Tualetinis popierius ZEWA DELUXE WHITE (3 sluoksnių), 8 vnt.",3.39 €,https://storage.googleapis.com/download/storage/v1/b/lastmile-ui/o/import%2Fphotos%2Fconverted%2Fproduct%2FCvKfTzV4TN5U8BTMF1Hl_xdJ0ck6p1bP2DlWJrDXK_CvKfTzV4TN5U8BTMF1Hl_W5RvAbpnRicygag1V4nopPhtD8z2_mFc9BhCPRvoQescZIesq_thumb.jpg?generation=1689833819965482&alt=media
IKI,SALDŽIOSIOS BULVĖS,1.49 €,https://storage.googleapis.com/download/storage/v1/b/lastmile-ui/o/images%2Fproducts%2Fthumb_wWa5Lz4xOybmeKV885lp.jpg?generation=1639123248856347&alt=media
IKI,Fasuoti obuoliai IKI ŪKIS,1.59 €,https://storage.googleapis.com/download/storage/v1/b/lastmile-ui/o/images%2Fproducts%2Fthumb_A8ICR7VE6eegTvrZkk4N.jpg?generation=1631122130652462&alt=media
IKI,"Puskietis fermentinis sūris DVARO, 50% r.s.m., 150 g",1.91 €,https://storage.googleapis.com/download/storage/v1/b/lastmile-ui/o/images%2Fchain_products%2FIKI%2Fthumb_XbMBjvNNH3jWDngaWKCP.jpg?generation=1631695741475285&alt=media
IKI,"Konservuoti, susmulkinti pomidorai FIORINO, 425 ml",0.89 €,https://storage.googleapis.com/download/storage/v1/b/lastmile-ui/o/images%2Fproducts%2Fthumb_IxV4tn0xSLKK4WxhCMlE.jpg?generation=1639147452990678&alt=media
IKI,Obuoliai JONAGOLD saldžiarūgščiai,0.99 €,https://storage.googleapis.com/download/storage/v1/b/lastmile-ui/o/images%2Fproducts%2Fthumb_hAEZb6SLcvKz2HOlZZKK.jpg?generation=1582203930571317&alt=media
IKI,Kopūstai CLEVER,0.49 €,https://storage.googleapis.com/download/storage/v1/b/lastmile-ui/o/images%2Fproducts%2Fthumb_NNExNUbph4P4eOz3cXGN.jpg?generation=1582199385039447&alt=media
IKI,"Virti burokėliai KVEDARŲ ŪKIS, 500 g",0.69 €,https://storage.googleapis.com/download/storage/v1/b/lastmile-ui/o/import%2Fphotos%2Fconverted%2Fproduct%2Fglobal_vA41Genv0MUYQpJsfF1L_xGdb10o0VzY1SFD6eDjbpqgxmW02_MaOB1L2nz9TM4hjYuzjL_thumb.jpg?generation=1661774369727956&alt=media
IKI,"Šaltai rūkyta pjaustyta lašišų filė ZIGMAS, 100 g",2.99 €,https://storage.googleapis.com/download/storage/v1/b/lastmile-ui/o/images%2Fchain_products%2FIKI%2Fthumb_mbPJGKKi79yXLLu2x32e.jpg?generation=1631695890670247&alt=media
IKI,ICEBERG SALOTOS,1.39 €,https://firebasestorage.googleapis.com/v0/b/lastmile-ui/o/import%2Fphotos%2Fconverted%2Fproduct%2FthumbUrl%2FCvKfTzV4TN5U8BTMF1Hl_2539_OrXUvGAuc2NCJDRvzNOTXOM3rsp1_dSgSdcM1ApMWMt9Kz6A1.webp?alt=media&token=ccd63576-31ac-41ee-bb74-04a30df7ee5a
IKI,"Raudoni greipfrutai, 1kg",1.95 €,https://storage.googleapis.com/download/storage/v1/b/lastmile-ui/o/images%2Fproducts%2Fthumb_kqfaP0MC0YKYKdVGfTGU.jpg?generation=1631695792965102&alt=media
IKI,"Salotos vazonėlyje LOLLO BIONDO, 1 vnt.",0.99 €,https://firebasestorage.googleapis.com/v0/b/lastmile-ui/o/import%2Fphotos%2Fconverted%2Fproduct%2FthumbUrl%2FCvKfTzV4TN5U8BTMF1Hl_264702_W5RvAbpnRicygag1V4nopPhtD8z2_soKdujWsLEDLAKKMPyv3.webp?alt=media&token=edbfbcef-0bf5-4244-9076-08e618b3bedf
IKI,"Šviežia viščiukų broilerių šlaunelių mėsa VILNIAUS PAUKŠTYNAS, 500 g",4.39 €,https://firebasestorage.googleapis.com/v0/b/lastmile-ui/o/import%2Fphotos%2Fconverted%2Fproduct%2FthumbUrl%2FCvKfTzV4TN5U8BTMF1Hl_283166_uF3DptJQvjXHqmno4Mal_q2xA2xSGarnjeFJcCk3a.webp?alt=media&token=7839a766-c01c-4a25-9943-57c0e55ae8ab
IKI,Persimonai,2.49 €,https://storage.googleapis.com/download/storage/v1/b/lastmile-ui/o/images%2Fproducts%2Fthumb_UV2teR7kDiF9w4PhN94R.jpg?generation=1639147504141763&alt=media
IKI,"Tepamasis sūris PHILADELPHIA ORIGINAL, 21,5% riebumo, 200 g",2.39 €,https://storage.googleapis.com/download/storage/v1/b/lastmile-ui/o/images%2Fchain_products%2FIKI%2Fthumb_b17R2o5eoSCkIwqglFvB.jpg?generation=1631695864300911&alt=media
IKI,"Įvairių vaisių sulčių gėrimas ELMENHORSTER su vitaminais (20%), 2 l",1.69 €,https://storage.googleapis.com/download/storage/v1/b/lastmile-ui/o/import%2Fphotos%2Fconverted%2Fproduct%2FCvKfTzV4TN5U8BTMF1Hl_Ez4EIRxvuxZUSqj1sPtE_xGdb10o0VzY1SFD6eDjbpqgxmW02_s6Ggjn2RBOXJ3aw3lK4T_thumb.jpg?generation=1650627836332664&alt=media
IKI,"Gazuotas gėrimas COCA COLA ZERO, 1,5 l",1.19 €,https://firebasestorage.googleapis.com/v0/b/lastmile-ui/o/import%2Fphotos%2Fconverted%2Fproduct%2FthumbUrl%2FCvKfTzV4TN5U8BTMF1Hl_234595_Y5wHCakiRVc8Kf1fJt96vh8Tr2I2_mbxWpFYkVEKTN8VdKQvt.webp?alt=media&token=521ba00f-1a1a-43c8-a435-80562e762db5
IKI,"Natūralus ŽEMAITIJOS kefyras, 2,5%, 900 g",1.27 €,https://firebasestorage.googleapis.com/v0/b/lastmile-ui/o/import%2Fphotos%2Fconverted%2Fproduct%2FthumbUrl%2FCvKfTzV4TN5U8BTMF1Hl_70930_W5RvAbpnRicygag1V4nopPhtD8z2_IuLrUwI4T1abzEpEopVF.webp?alt=media&token=67aff9d0-a158-4e9c-ac08-e7975cef8921
IKI,"UAT pienas MŪ be laktozės, 2,5% rieb., 1 l",1.79 €,https://storage.googleapis.com/download/storage/v1/b/lastmile-ui/o/images%2Fproducts%2Fthumb_U9bLUIaAqn8JuCFBXPj3.jpg?generation=1631696100502879&alt=media
IKI,"Raudonosios besėklės vynuogės, 500 g",2.49 €,https://storage.googleapis.com/download/storage/v1/b/lastmile-ui/o/images%2Fproducts%2Fthumb_tVx0FyEdfJ6F4P1OIXXl.jpg?generation=1591031531660086&alt=media
IKI,Juodieji pomidorai KUMATO,3.99 €,https://storage.googleapis.com/download/storage/v1/b/lastmile-ui/o/images%2Fproducts%2Fthumb_qbbLHqofOYIccaJNAbuj.jpg?generation=1639147505998903&alt=media
IKI,BROILERIŲ FILĖ ATVĖSINTA UŽAUGINTA BE ANTIBIOTIKŲ,5.99 €,https://storage.googleapis.com/download/storage/v1/b/lastmile-ui/o/import%2Fphotos%2Fconverted%2Fproduct%2FCvKfTzV4TN5U8BTMF1Hl_bEJg5IwePSqvwzKdbKqj_CvKfTzV4TN5U8BTMF1Hl_W5RvAbpnRicygag1V4nopPhtD8z2_FJUqo16cnp9TQItyUP9c_thumb.jpg?generation=1687354214971053&alt=media
IKI,Kepintos ir sūdytos pistacijos,13.19 €,https://storage.googleapis.com/download/storage/v1/b/lastmile-ui/o/images%2Fproducts%2Fthumb_vhAZFcMQxkXhjMEz8MtR.jpg?generation=1631695726715806&alt=media
IKI,"Tualetinis popierius ZEWA DELUXE WHITE 3SL, 24 vnt.",8.99 €,https://storage.googleapis.com/download/storage/v1/b/lastmile-ui/o/import%2Fphotos%2Fconverted%2Fproduct%2FCvKfTzV4TN5U8BTMF1Hl_5FxpV4hV7PdVQb9HYOjp_CvKfTzV4TN5U8BTMF1Hl_W5RvAbpnRicygag1V4nopPhtD8z2_oYWz853WNmf1yYPU21oi_thumb.jpg?generation=1689833825139547&alt=media
IKI,"Plautų salotų mišinys Fit&Easy FAMILY, 150 g",1.11 €,https://firebasestorage.googleapis.com/v0/b/lastmile-ui/o/import%2Fphotos%2Fconverted%2Fproduct%2FthumbUrl%2FCvKfTzV4TN5U8BTMF1Hl_265818_Pos12xpkYpPSKaVDW3jqu7xnlg23_xEObFN2fylAx1TERccCL.webp?alt=media&token=15a6bf06-c5a3-4958-ab39-71af4e3fd13d
IKI,"Sūris mocarela light GALBANI, 125 g",1.43 €,https://storage.googleapis.com/download/storage/v1/b/lastmile-ui/o/import%2Fphotos%2Fconverted%2Fproduct%2Fglobal_y3zynCEkAouTbzhUZOdM_xGdb10o0VzY1SFD6eDjbpqgxmW02_MvYOgvIlzML7Gyfc55yx_thumb.jpg?generation=1656439161683218&alt=media
IKI,"Šokoladinių batonėlių rinkinys KINDER PINGUI, 144 g",2.19 €,https://storage.googleapis.com/download/storage/v1/b/lastmile-ui/o/images%2Fchain_products%2FIKI%2Fthumb_lPS8h3NACNMGVr6UiSIR.jpg?generation=1631696113238750&alt=media
IKI,"Baklažanai BON VIA, 1 vnt",0.89 €,https://firebasestorage.googleapis.com/v0/b/lastmile-ui/o/import%2Fphotos%2Fconverted%2Fproduct%2FthumbUrl%2FCvKfTzV4TN5U8BTMF1Hl_30172_OrXUvGAuc2NCJDRvzNOTXOM3rsp1_65L4IJH6Qs9B4upd1auc.webp?alt=media&token=8ac93474-9364-4574-8eae-aed2d19b1146
IKI,"Saulėgrąžų aliejus NATURA, 1 l",2.39 €,https://storage.googleapis.com/download/storage/v1/b/lastmile-ui/o/import%2Fphotos%2Fconverted%2Fproduct%2FCvKfTzV4TN5U8BTMF1Hl_Q71z9qFfc60MG4ae4Q2t_xGdb10o0VzY1SFD6eDjbpqgxmW02_KOpxTdEQ3igsFoPW3Us1_thumb.jpg?generation=1673609263052985&alt=media
IKI,"Virtos GIMINIŲ dešrelės, a. r., 860 g",3.99 €,https://firebasestorage.googleapis.com/v0/b/lastmile-ui/o/import%2Fphotos%2Fconverted%2Fproduct%2FthumbUrl%2FCvKfTzV4TN5U8BTMF1Hl_246723_uF3DptJQvjXHqmno4Mal_QCUYiDd5Fw3cvz0WhTRV.webp?alt=media&token=ef54df9c-0335-495e-9ea5-25caacd4636a
IKI,"Viščiukų broilerių blauzdelės be sąnario užauginta be antibiotikų, 500 g",2.79 €,https://firebasestorage.googleapis.com/v0/b/lastmile-ui/o/import%2Fphotos%2Fconverted%2Fproduct%2FthumbUrl%2FCvKfTzV4TN5U8BTMF1Hl_273357_W5RvAbpnRicygag1V4nopPhtD8z2_R2uN45FE1QPsj76bMhMT.webp?alt=media&token=d5fb4d07-d765-4431-83b8-93f23161ea33
IKI,"Šviežių petražolių ryšulėlis, 50 g",0.79 €,https://storage.googleapis.com/download/storage/v1/b/lastmile-ui/o/images%2Fchain_products%2FIKI%2Fthumb_jviThYyU59jGJZEaCAEA.jpg?generation=1639123419868626&alt=media
IKI,"Šilauogės, 400 g",3.99 €,https://storage.googleapis.com/download/storage/v1/b/lastmile-ui/o/import%2Fphotos%2Fconverted%2Fproduct%2FCvKfTzV4TN5U8BTMF1Hl_YcvEcbrNh1ekADlq6aVy_CvKfTzV4TN5U8BTMF1Hl_W5RvAbpnRicygag1V4nopPhtD8z2_5LFAFHVsxBR9TP5lWZIM_thumb.webp?generation=1702553322626992&alt=media
IKI,Geltonieji melionai,1.49 €,https://storage.googleapis.com/download/storage/v1/b/lastmile-ui/o/images%2Fproducts%2Fthumb_W2ofNbizkVz7n8FjkL0F.jpg?generation=1638635210645358&alt=media
IKI,"Tarkuotas sūris ROKIŠKIO MOZZARELLA 43% rieb. s.m., 200 g",2.39 €,https://firebasestorage.googleapis.com/v0/b/lastmile-ui/o/import%2Fphotos%2Fconverted%2Fproduct%2FthumbUrl%2FCvKfTzV4TN5U8BTMF1Hl_264241_W5RvAbpnRicygag1V4nopPhtD8z2_02MeBq6J7BFPPjMmwZn3.webp?alt=media&token=801f23b3-0dc8-4e28-a8c0-55365a4e814e
IKI,Mėlynosios slyvos,1.69 €,https://storage.googleapis.com/download/storage/v1/b/lastmile-ui/o/import%2Fphotos%2Fconverted%2Fproduct%2Fglobal_xgiHvCvTvmZsk4DBhmDT_xGdb10o0VzY1SFD6eDjbpqgxmW02_2Dvu1H1pwIK317Avd9ds_thumb.jpg?generation=1645622914684369&alt=media
IKI,Kiaulienos dešrelės su kmynais PAGAMINTA IKI,5.09 €,https://storage.googleapis.com/download/storage/v1/b/lastmile-ui/o/images%2Fproducts%2Fthumb_Vger6XkhYkY6x88C6JWb.jpg?generation=1631695901119616&alt=media
IKI,Didysis avokadas HASS,0.99 €,https://storage.googleapis.com/download/storage/v1/b/lastmile-ui/o/images%2Fproducts%2Fthumb_TdmqfBMG84R3VlPfon3F.jpg?generation=1643184101111672&alt=media
IKI,Šviežios tradicinės Lietuviškos dešrelės PAGAMINTA IKI,5.52 €,https://storage.googleapis.com/download/storage/v1/b/lastmile-ui/o/images%2Fproducts%2Fthumb_iEzKRIggLgLswgVpeYZE.jpg?generation=1631695880806518&alt=media
IKI,"Glaistytas varškės sūrelis URIGA su aguonomis, 50 g",0.69 €,https://storage.googleapis.com/download/storage/v1/b/lastmile-ui/o/images%2Fchain_products%2FIKI%2Fthumb_UVIkV4KusR513yS9ZwO1.jpg?generation=1633417219458749&alt=media
IKI,"Granatai, 1 vnt.",0.99 €,https://storage.googleapis.com/download/storage/v1/b/lastmile-ui/o/import%2Fphotos%2Fconverted%2Fproduct%2FCvKfTzV4TN5U8BTMF1Hl_KJCBkgoxMYvU98FgdBrW_CvKfTzV4TN5U8BTMF1Hl_cTAkEjfDTeMFXf0e6W4JKKhwXXA3_LRkm3xF88tzfBYEpHFvM_thumb.webp?generation=1698320162853877&alt=media
IKI,"Šokoladas MILKA WHOLENUTS, 100 g",1.29 €,https://firebasestorage.googleapis.com/v0/b/lastmile-ui/o/import%2Fphotos%2Fconverted%2Fproduct%2FthumbUrl%2FCvKfTzV4TN5U8BTMF1Hl_96013_Y5wHCakiRVc8Kf1fJt96vh8Tr2I2_qSEsoPciDqT1Ke0dl4vK.webp?alt=media&token=52ac64a8-d3bc-47d8-a6d7-ea6f5352a89d
IKI,"Rokiškio NAMINĖ grietinė, 30% rieb., 200 g",1.51 €,https://storage.googleapis.com/download/storage/v1/b/lastmile-ui/o/import%2Fphotos%2Fconverted%2Fproduct%2FCvKfTzV4TN5U8BTMF1Hl_PAzLNSRQwej2cbQejaO7_xGdb10o0VzY1SFD6eDjbpqgxmW02_qAeTpnUQYPP9NNFXEyom_thumb.jpg?generation=1676450889848821&alt=media
IKI,"Tarkuotas sūris makaronams, 42% rieb. 200g",1.99 €,https://storage.googleapis.com/download/storage/v1/b/lastmile-ui/o/import%2Fphotos%2Fconverted%2Fproduct%2Fglobal_zH9fqklt8BVrnYPMqNjr_W5RvAbpnRicygag1V4nopPhtD8z2_H86rRWDa5MFJWgSGa5rL_thumb.jpg?generation=1684847141963759&alt=media
IKI,"Popieriniai rankšluosčiai RENOVA MAXI ABSORPTION EXTRA XXL, 2 vnt.",2.09 €,https://storage.googleapis.com/download/storage/v1/b/lastmile-ui/o/import%2Fphotos%2Fconverted%2Fproduct%2FCvKfTzV4TN5U8BTMF1Hl_220725_CvKfTzV4TN5U8BTMF1Hl_W5RvAbpnRicygag1V4nopPhtD8z2_kXfMkKjBfl1z5i4uVU7y_thumb.jpg?generation=1695808322638336&alt=media
IKI,"Šokoladinis batonėlis MANIJA su lazdynų riešutais, 49 g",0.69 €,https://storage.googleapis.com/download/storage/v1/b/lastmile-ui/o/images%2Fchain_products%2FIKI%2Fthumb_G2bMThD6mDv6BkIkpDnf.jpg?generation=1631695786198745&alt=media
IKI,"Malta kava JACOBS KRONUNG, 500 g",7.29 €,https://firebasestorage.googleapis.com/v0/b/lastmile-ui/o/import%2Fphotos%2Fconverted%2Fproduct%2FthumbUrl%2FCvKfTzV4TN5U8BTMF1Hl_4326_W5RvAbpnRicygag1V4nopPhtD8z2_in5nR8nCPGB5RzYY3dWg.webp?alt=media&token=e53f6b95-4097-4d96-928e-2530f0c4a12e
IKI,"Kvietiniai EKSTRA miltai KAUNO GRŪDAI, 405 D, 1,75 kg",1.39 €,https://storage.googleapis.com/download/storage/v1/b/lastmile-ui/o/images%2Fchain_products%2FIKI%2Fthumb_LxmYduqGQG4gb8YaDXHV.jpg?generation=1631696080974279&alt=media
IKI,Baltieji greipfrutai POMELO,1.18 €,https://storage.googleapis.com/download/storage/v1/b/lastmile-ui/o/import%2Fphotos%2Fconverted%2Fproduct%2FCvKfTzV4TN5U8BTMF1Hl_gLF0TOL6CbMKFwpkj04v_CvKfTzV4TN5U8BTMF1Hl_W5RvAbpnRicygag1V4nopPhtD8z2_DBGNB3LjUgp7be6a31pk_thumb.jpg?generation=1694774340012304&alt=media
IKI,"Juoda duona AGOTA, 375 g",1.19 €,https://storage.googleapis.com/download/storage/v1/b/lastmile-ui/o/import%2Fphotos%2Fconverted%2Fproduct%2FCvKfTzV4TN5U8BTMF1Hl_FW8qYS2YPWwQLOgiLz5V_CvKfTzV4TN5U8BTMF1Hl_W5RvAbpnRicygag1V4nopPhtD8z2_WDSSaB8ZTrBoYeHW4idj_thumb.jpg?generation=1693386994375982&alt=media
IKI,"Glaistytas varškės sūrelis URIGA su vanilinu, 50 g",0.69 €,https://storage.googleapis.com/download/storage/v1/b/lastmile-ui/o/images%2Fchain_products%2FIKI%2Fthumb_v4KAo4KvZxbXNy9KdeoK.jpg?generation=1633417228042637&alt=media
IKI,"Keptas KIJEVO kotletas (2 vnt.) IKI ŠEFAI, 270 g",3.29 €,https://firebasestorage.googleapis.com/v0/b/lastmile-ui/o/import%2Fphotos%2Fconverted%2Fproduct%2FthumbUrl%2FCvKfTzV4TN5U8BTMF1Hl_266646_W5RvAbpnRicygag1V4nopPhtD8z2_OKoNHEBlk5zBuWP5vDCT.webp?alt=media&token=1ecb8fc6-42dd-4168-847f-c5df93e63c3a
IKI,"Grikių kruopos GALINTA (4 x 100 g), 400 g",1.27 €,https://storage.googleapis.com/download/storage/v1/b/lastmile-ui/o/images%2Fchain_products%2FIKI%2Fthumb_okBeQZciE9CYKjM9JMLB.jpg?generation=1631696114425508&alt=media
IKI,"Virtos GIMINIŲ DEŠRELĖS, aukščiausia rūšis, 260 g",1.34 €,https://www.googleapis.com/download/storage/v1/b/lastmile-ui/o/images%2Fproducts%2Fthumb_MMV1K1jeSuTjB2QL7HaP.jpg?generation=1582199161426619&alt=media
IKI,"Prancūziškas ilgasis batonas, 220 g",0.59 €,https://firebasestorage.googleapis.com/v0/b/lastmile-ui/o/import%2Fphotos%2Fconverted%2Fproduct%2FthumbUrl%2FCvKfTzV4TN5U8BTMF1Hl_221195_W5RvAbpnRicygag1V4nopPhtD8z2_riuasGUl0Jxhg3A8AzJY.webp?alt=media&token=47c1a0ee-d6a3-4ff7-ab33-5a5b3611d0a7
IKI,"Vytinta BERNŲ dešra, a. r., 200 g",4.54 €,https://storage.googleapis.com/download/storage/v1/b/lastmile-ui/o/images%2Fchain_products%2FIKI%2Fthumb_R7387WjVrjNadFkf8u2u.jpg?generation=1631696103723690&alt=media
IKI,"Plautų salotų mišinys FIT&EASY GOURMET, 150g",1.11 €,https://firebasestorage.googleapis.com/v0/b/lastmile-ui/o/import%2Fphotos%2Fconverted%2Fproduct%2FthumbUrl%2FCvKfTzV4TN5U8BTMF1Hl_265816_OrXUvGAuc2NCJDRvzNOTXOM3rsp1_GLc0xkop03tl5K1Zqqk3.webp?alt=media&token=64d80198-6c26-4876-9275-f4cfe4d759b0
IKI,"Skalbimo kapsulės PERSIL POWER CAPS Universal, 44 skalbimai",13.99 €,https://firebasestorage.googleapis.com/v0/b/lastmile-ui/o/import%2Fphotos%2Fconverted%2Fproduct%2FthumbUrl%2FCvKfTzV4TN5U8BTMF1Hl_284276_Y5wHCakiRVc8Kf1fJt96vh8Tr2I2_RMnrLwZvKqPoaYoby2fv.webp?alt=media&token=54e4b39b-7575-4971-80c8-18d680e21fe7
IKI,"Gazuotas gaivusis gėrimas SPRITE, 1,5 l",1.19 €,https://firebasestorage.googleapis.com/v0/b/lastmile-ui/o/import%2Fphotos%2Fconverted%2Fproduct%2FthumbUrl%2FCvKfTzV4TN5U8BTMF1Hl_234593_Y5wHCakiRVc8Kf1fJt96vh8Tr2I2_A5GgqaKufSRKBtMis2Fk.webp?alt=media&token=3b23d904-4dd3-488a-a0d9-366b5df71d32
IKI,"Automatinių indaplovių kapsulės FAIRY Platinum+ Lemon, 36vnt",14.49 €,https://firebasestorage.googleapis.com/v0/b/lastmile-ui/o/import%2Fphotos%2Fconverted%2Fproduct%2FthumbUrl%2FCvKfTzV4TN5U8BTMF1Hl_282879_Y5wHCakiRVc8Kf1fJt96vh8Tr2I2_USynpvSBX50U9iJQENfA.webp?alt=media&token=0d0c0bc0-1f7d-461d-b031-3805aca4919f
IKI,"Geltonieji kiviai fasuoti, 500 g",1.74 €,https://storage.googleapis.com/download/storage/v1/b/lastmile-ui/o/images%2Fproducts%2Fthumb_1B87Lgz86DFhuusZEUi5.jpg?generation=1638635213050060&alt=media
IKI,"Glaistytas varškės sūrelis PASAKA su avietėmis ir šokolado gabaliukais, 21% rieb., 40 g",0.59 €,https://firebasestorage.googleapis.com/v0/b/lastmile-ui/o/import%2Fphotos%2Fconverted%2Fproduct%2FthumbUrl%2FCvKfTzV4TN5U8BTMF1Hl_63485_OrXUvGAuc2NCJDRvzNOTXOM3rsp1_h8rDzw8Onq6oJ3SyHg9F.webp?alt=media&token=919c9344-2fe3-4eae-866a-549b4850d613
IKI,"Vytinta pjaustyta BERNŲ dešra, a. r., 90 g",2.23 €,https://storage.googleapis.com/download/storage/v1/b/lastmile-ui/o/images%2Fchain_products%2FIKI%2Fthumb_SJ0ZG6IrzpfuqkfQnOYw.jpg?generation=1631696095626440&alt=media
IKI,"Popieriniai rankšluosčiai RENOVA MAXI ABSORPTION, 4 vnt.",2.24 €,https://storage.googleapis.com/download/storage/v1/b/lastmile-ui/o/images%2Fproducts%2Fthumb_TlK12QlJdQrGRyfonzWn.jpg?generation=1631695794127908&alt=media
IKI,"Vatos lapeliai TODAY, 140 vnt.",0.67 €,https://storage.googleapis.com/download/storage/v1/b/lastmile-ui/o/images%2Fproducts%2Fthumb_b62T74B9rJw2rGwUafQk.jpg?generation=1582202572934578&alt=media
IKI,"Ausų krapštukai TODAY, 300 vnt.",0.59 €,https://storage.googleapis.com/download/storage/v1/b/lastmile-ui/o/images%2Fproducts%2Fthumb_L5S7eEQ358LZtjiWdNzE.jpg?generation=1644048403115333&alt=media
IKI,"Tualetinis popierius 3 sl. RENOVA SKIN CARE DERMA, 24 vnt.",7.99 €,https://storage.googleapis.com/download/storage/v1/b/lastmile-ui/o/import%2Fphotos%2Fconverted%2Fproduct%2Fglobal_OI9QbeK3AYan84eq1n5J_xGdb10o0VzY1SFD6eDjbpqgxmW02_ZjWgwA69ZgDWKTHzYd3W_thumb.jpg?generation=1676633493602213&alt=media
IKI,"Sūris IKI, 45%, 150 g",1.59 €,https://storage.googleapis.com/download/storage/v1/b/lastmile-ui/o/images%2Fproducts%2Fthumb_BRSntYFmiKrd22UHbuwl.jpg?generation=1631695766802713&alt=media
IKI,Popieriniai rankšluosčiai RENOVA GIGAROLL ULTRA POWER 3 sl.,3.74 €,https://storage.googleapis.com/download/storage/v1/b/lastmile-ui/o/import%2Fphotos%2Fconverted%2Fproduct%2FCvKfTzV4TN5U8BTMF1Hl_276616_CvKfTzV4TN5U8BTMF1Hl_W5RvAbpnRicygag1V4nopPhtD8z2_y71Tf7f4dhSbKF6bbjsg_thumb.jpg?generation=1694597251947667&alt=media
IKI,Obuoliai RED DELICIOUS,0.99 €,https://storage.googleapis.com/download/storage/v1/b/lastmile-ui/o/import%2Fphotos%2Fconverted%2Fproduct%2Fglobal_bhTi9FwLnRkjhWvhhORf_xGdb10o0VzY1SFD6eDjbpqgxmW02_t89EUYV1klOErOpdMIq7_thumb.jpg?generation=1646047339081139&alt=media
IKI,"Burrata sūris BILLA PREMIUM, 100 g",1.83 €,https://firebasestorage.googleapis.com/v0/b/lastmile-ui/o/import%2Fphotos%2Fconverted%2Fproduct%2FthumbUrl%2FCvKfTzV4TN5U8BTMF1Hl_278886_uF3DptJQvjXHqmno4Mal_nP6Yloc3jBgurfKWTEsZ.webp?alt=media&token=725bb18c-c5cb-4f1a-ab5c-30f5bcc5901a
IKI,"Šviežių kopūstų salotos IKI ŠEFAI, 300 g",1.29 €,https://firebasestorage.googleapis.com/v0/b/lastmile-ui/o/import%2Fphotos%2Fconverted%2Fproduct%2FthumbUrl%2FCvKfTzV4TN5U8BTMF1Hl_36374_W5RvAbpnRicygag1V4nopPhtD8z2_Ni1VovxIsNnhi3t1h4UY.webp?alt=media&token=7e4ba70d-83b9-48a4-8d30-00436827a69b
IKI,"Puskietis fermentinis sūris SVALIA, 45% r.s.m., 240 g",2.99 €,https://storage.googleapis.com/download/storage/v1/b/lastmile-ui/o/images%2Fchain_products%2FIKI%2Fthumb_LnpIbya8eF6dJan7tRR6.jpg?generation=1631696081949641&alt=media
IKI,"Tarkuotas sūris picai, 43% rieb. 200g",1.99 €,https://storage.googleapis.com/download/storage/v1/b/lastmile-ui/o/import%2Fphotos%2Fconverted%2Fproduct%2Fglobal_PqauNWkkXckv94kFDnZq_W5RvAbpnRicygag1V4nopPhtD8z2_UuzbQt7cYDLblPyW56FG_thumb.jpg?generation=1685538462373784&alt=media
IKI,Kininis kopūstas,1.59 €,https://storage.googleapis.com/download/storage/v1/b/lastmile-ui/o/images%2Fproducts%2Fthumb_yYjsokeI7oTdDEmwvLqk.jpg?generation=1631122853154302&alt=media
IKI,"Malta kava LAVAZZA CLUB, 250 g",5.69 €,https://firebasestorage.googleapis.com/v0/b/lastmile-ui/o/import%2Fphotos%2Fconverted%2Fproduct%2FthumbUrl%2FCvKfTzV4TN5U8BTMF1Hl_4284_OrXUvGAuc2NCJDRvzNOTXOM3rsp1_6Ng3QtQ659odXetlTuzH.webp?alt=media&token=0f048eca-376d-477d-ab6a-be335064f18d
IKI,Ananasas,0.99 €,https://www.googleapis.com/download/storage/v1/b/lastmile-ui/o/images%2Fproducts%2Fthumb_ULvfrY9c5FbydOHY4oGK.jpg?generation=1582200975309706&alt=media
IKI,"Pieninis šokoladas su akytojo baltojo šokolado įdaru MILKA, 90 g",1.29 €,https://firebasestorage.googleapis.com/v0/b/lastmile-ui/o/import%2Fphotos%2Fconverted%2Fproduct%2FthumbUrl%2FCvKfTzV4TN5U8BTMF1Hl_225369_Y5wHCakiRVc8Kf1fJt96vh8Tr2I2_XjIWyv0liiPcqXCxbRw8.webp?alt=media&token=6eb42f38-e335-44d3-a11d-569c305459c6
IKI,"Gazuotas apelsinų skonio gaivusis gėrimas FANTA ORANGE, 1,5 l",1.19 €,https://firebasestorage.googleapis.com/v0/b/lastmile-ui/o/import%2Fphotos%2Fconverted%2Fproduct%2FthumbUrl%2FCvKfTzV4TN5U8BTMF1Hl_236516_Y5wHCakiRVc8Kf1fJt96vh8Tr2I2_JG6llM1Sa7aQzrt5As57.webp?alt=media&token=d52a9726-31c3-4116-9334-d9d5d75f3a54
IKI,"Tepamasis sūris PHILADELPHIA su žolelėmis, 19,9% riebumo, 125 g",1.99 €,https://storage.googleapis.com/download/storage/v1/b/lastmile-ui/o/images%2Fchain_products%2FIKI%2Fthumb_vB2p9lrnI1OFpZSAQxU9.jpg?generation=1631696130870811&alt=media
IKI,"Indų kempinės VILEDA RAINBOW, 10 vnt.",1.67 €,https://storage.googleapis.com/download/storage/v1/b/lastmile-ui/o/images%2Fchain_products%2FIKI%2Fthumb_myDv4AEzD0pKE1U0oGyU.jpg?generation=1631696145997374&alt=media
IKI,"Tualetinis popierius RENOVA SKIN CARE DERMA, 8 vnt.",3.49 €,https://storage.googleapis.com/download/storage/v1/b/lastmile-ui/o/import%2Fphotos%2Fconverted%2Fproduct%2Fglobal_HiMoDzyB0gIsZDm02F3C_xGdb10o0VzY1SFD6eDjbpqgxmW02_n5w73Hj5TM9D97GO3n8f_thumb.jpg?generation=1674486739740497&alt=media
IKI,"Virtos giminių dešrelės UTENOS MĖSA, aukščiausia rūšis, 400 g",2.64 €,https://storage.googleapis.com/download/storage/v1/b/lastmile-ui/o/images%2Fproducts%2Fthumb_86yHL39wsFfGkYQEm9SM.jpg?generation=1631695755355773&alt=media
IKI,"Saldainiai TOFFIFEE, 125 g",2.39 €,https://storage.googleapis.com/download/storage/v1/b/lastmile-ui/o/images%2Fchain_products%2FIKI%2Fthumb_GfN3M15zbnnrYatW2CbH.jpg?generation=1631696151533362&alt=media
IKI,"Juoda duona AGOTA, 800 g",1.59 €,https://storage.googleapis.com/download/storage/v1/b/lastmile-ui/o/import%2Fphotos%2Fconverted%2Fproduct%2FCvKfTzV4TN5U8BTMF1Hl_RD0EQRJu4EBMR4NbgQuz_CvKfTzV4TN5U8BTMF1Hl_W5RvAbpnRicygag1V4nopPhtD8z2_QTUd1jrpmVWwXF4IrCwQ_thumb.jpg?generation=1693386988621257&alt=media
IKI,Plikyti sausainiai,7.79 €,https://storage.googleapis.com/download/storage/v1/b/lastmile-ui/o/images%2Fproducts%2Fthumb_d8lXZQlQL4H4sDuhMgkE.jpg?generation=1631695790377741&alt=media
IKI,"Sausainiai MILKA CHOCO JAFFA su aviečių skonio įdaru, 147 g",1.49 €,https://firebasestorage.googleapis.com/v0/b/lastmile-ui/o/import%2Fphotos%2Fconverted%2Fproduct%2FthumbUrl%2FCvKfTzV4TN5U8BTMF1Hl_46517_Y5wHCakiRVc8Kf1fJt96vh8Tr2I2_goeEVx2HrWYz9Ea7h3wC.webp?alt=media&token=30def704-735a-4e68-8e80-750f7288c011
IKI,"Šokoladas MILKA OREO SANDWICH, 92 g",1.29 €,https://firebasestorage.googleapis.com/v0/b/lastmile-ui/o/import%2Fphotos%2Fconverted%2Fproduct%2FthumbUrl%2FCvKfTzV4TN5U8BTMF1Hl_246242_Y5wHCakiRVc8Kf1fJt96vh8Tr2I2_AaiA9mL8usdYCeJ83N4b.webp?alt=media&token=c4fdea16-2ef9-4336-825d-02d16f35965f
IKI,"Makaronai PASAKA (sraigteliai), 400 g",0.59 €,https://storage.googleapis.com/download/storage/v1/b/lastmile-ui/o/images%2Fchain_products%2FIKI%2Fthumb_KNwyK6V7KGUscaJyvBYu.jpg?generation=1631696098873166&alt=media
IKI,Kriaušės LUKAS,1.49 €,https://storage.googleapis.com/download/storage/v1/b/lastmile-ui/o/images%2Fproducts%2Fthumb_7niCYgltFCBfDyFhUoE6.jpg?generation=1639147505298556&alt=media
IKI,"Jogurto skonio javinukai JAVINĖ, 150 g",0.97 €,https://storage.googleapis.com/download/storage/v1/b/lastmile-ui/o/images%2Fchain_products%2FIKI%2Fthumb_B1oyggdJ4bSj4i8rBsAf.jpg?generation=1631695796488464&alt=media
IKI,"Indų ploviklis FAIRY Lemon, 450ml",1.49 €,https://firebasestorage.googleapis.com/v0/b/lastmile-ui/o/import%2Fphotos%2Fconverted%2Fproduct%2FthumbUrl%2FCvKfTzV4TN5U8BTMF1Hl_235959_Y5wHCakiRVc8Kf1fJt96vh8Tr2I2_uedFzjOrOee7SM9kV2Kr.webp?alt=media&token=0285a922-2235-4b2b-80f6-51626b470237
IKI,Saldainiai NOMEDA,7.29 €,https://storage.googleapis.com/download/storage/v1/b/lastmile-ui/o/images%2Fproducts%2Fthumb_bboMkUrnwnGbdDsDtwGN.jpg?generation=1643133656638329&alt=media
IKI,"Šaldyta pica MANTINGA (PIZZA AMERICANA MAFFIA), 400 g",2.79 €,https://storage.googleapis.com/download/storage/v1/b/lastmile-ui/o/images%2Fchain_products%2FIKI%2Fthumb_vzTWFNPIrkssTI67cpAd.jpg?generation=1631695792032311&alt=media
IKI,Anakardžių riešutų branduoliaiI,10.79 €,https://storage.googleapis.com/download/storage/v1/b/lastmile-ui/o/images%2Fproducts%2Fthumb_rUnnXpouO1o8eQPBW5ks.jpg?generation=1631695725116128&alt=media
IKI,"Grikių kruopos GALINTA, 800 g",2.39 €,https://storage.googleapis.com/download/storage/v1/b/lastmile-ui/o/images%2Fchain_products%2FIKI%2Fthumb_jjF52Oko26oeBOyxRXfA.jpg?generation=1631696130849412&alt=media
IKI,"Ekologiškas jogurtas be laktozės BIOS su braškėmis, 3,1% rieb., 125 g",0.79 €,https://firebasestorage.googleapis.com/v0/b/lastmile-ui/o/import%2Fphotos%2Fconverted%2Fproduct%2FthumbUrl%2FCvKfTzV4TN5U8BTMF1Hl_23797_OrXUvGAuc2NCJDRvzNOTXOM3rsp1_EUHjRaWM48lh5AmoGWry.webp?alt=media&token=2202b612-49a4-4773-9e89-32a65621ed74
IKI,Mėlynosios vynuogės,1.95 €,https://storage.googleapis.com/download/storage/v1/b/lastmile-ui/o/import%2Fphotos%2Fconverted%2Fproduct%2Fglobal_G2avvKTWRVCObeSJ1Njk_xGdb10o0VzY1SFD6eDjbpqgxmW02_WdM3hWgNLZS1SlozaAai_thumb.jpg?generation=1645622914931344&alt=media
IKI,"Sunokę avokadai LIVING FLAVOUR, 4 vnt.",1.99 €,https://storage.googleapis.com/download/storage/v1/b/lastmile-ui/o/import%2Fphotos%2Fconverted%2Fproduct%2Fglobal_goMkoCOEIdCGTj3CCYwL_xGdb10o0VzY1SFD6eDjbpqgxmW02_UlnbnQCgSQmYYq65ifZz_thumb.jpg?generation=1656439160961560&alt=media
IKI,"Vatos lapeliai BELLA, 80 vnt.",0.69 €,https://storage.googleapis.com/download/storage/v1/b/lastmile-ui/o/images%2Fproducts%2Fthumb_FJZiPsHNOxQbzUppeKWm.jpg?generation=1631695805299324&alt=media
IKI,"Negazuotas natūralus mineralinis vanduo RASA LIGHT 1,5 l",0.45 €,https://storage.googleapis.com/download/storage/v1/b/lastmile-ui/o/import%2Fphotos%2Fconverted%2Fproduct%2FCvKfTzV4TN5U8BTMF1Hl_DZ89g9fbODSVGCitzeLo_xGdb10o0VzY1SFD6eDjbpqgxmW02_gnv3xgYlfXHuNoS23kdn_thumb.jpg?generation=1679554241555526&alt=media
IKI,"Vienkartinės nosinaitės ZEWA SOFTIS, 1 vnt.",0.19 €,https://storage.googleapis.com/download/storage/v1/b/lastmile-ui/o/import%2Fphotos%2Fconverted%2Fproduct%2FCvKfTzV4TN5U8BTMF1Hl_2xNOySxLLpXFzfrALiae_CvKfTzV4TN5U8BTMF1Hl_W5RvAbpnRicygag1V4nopPhtD8z2_oTUsO6BhFqiuzVLrnSEp_thumb.jpg?generation=1689833824531933&alt=media
IKI,"Ausų krapštukų papildymas TODAY, 160 vnt.",0.39 €,https://storage.googleapis.com/download/storage/v1/b/lastmile-ui/o/images%2Fproducts%2Fthumb_MEzkeBr7KAYZVP59N544.jpg?generation=1644048411602266&alt=media
IKI,"Ekologiškas jogurtas be laktozės BIOS su mėlynėmis, 3,1% rieb., 125 g",0.79 €,https://storage.googleapis.com/download/storage/v1/b/lastmile-ui/o/images%2Fproducts%2Fthumb_8TAJKLkOiTON6KkI3IDa.jpg?generation=1631696106736521&alt=media
IKI,Popierinis rankšluostis COLIBRI XXL,1.89 €,https://storage.googleapis.com/download/storage/v1/b/lastmile-ui/o/import%2Fphotos%2Fconverted%2Fproduct%2Fglobal_f3GLk53olIBl0UkupGSb_xGdb10o0VzY1SFD6eDjbpqgxmW02_VSVms27U0bAORCONZqHn_thumb.jpg?generation=1674486740414021&alt=media
IKI,"Šokoladas KINDER, 100 g",1.69 €,https://storage.googleapis.com/download/storage/v1/b/lastmile-ui/o/import%2Fphotos%2Fconverted%2Fproduct%2Fglobal_F8WGtNNosAwQOUMXRaqz_xGdb10o0VzY1SFD6eDjbpqgxmW02_ZU95UnJcedIOpvchl0Cb_thumb.jpg?generation=1667978454787510&alt=media
IKI,Saldainiai MIGLĖ,8.99 €,https://storage.googleapis.com/download/storage/v1/b/lastmile-ui/o/images%2Fproducts%2Fthumb_akTl5LDLD4Esu6DRaPVC.jpg?generation=1631696108820638&alt=media
IKI,"Grietinės ir svogūnų skonio bulvių traškučiai ESTRELLA, 180 g",2.29 €,https://storage.googleapis.com/download/storage/v1/b/lastmile-ui/o/import%2Fphotos%2Fconverted%2Fproduct%2FCvKfTzV4TN5U8BTMF1Hl_Clrn3Czw4JXPOpH5umVn_CvKfTzV4TN5U8BTMF1Hl_W5RvAbpnRicygag1V4nopPhtD8z2_Mn5BGl33wbdFimN77spl_thumb.jpg?generation=1692871402265971&alt=media
IKI,"Sausainiai MILKA CHOC&CHOC, 150 g",1.64 €,https://firebasestorage.googleapis.com/v0/b/lastmile-ui/o/import%2Fphotos%2Fconverted%2Fproduct%2FthumbUrl%2FCvKfTzV4TN5U8BTMF1Hl_251963_Y5wHCakiRVc8Kf1fJt96vh8Tr2I2_Izxi9hsl92Y0BCQKMZ2f.webp?alt=media&token=24725824-a308-472e-aa35-e8b67104953c
IKI,"Sūris ROKIŠKIO Mozzarella 45% rieb. riekutėmis, 150 g",2.07 €,https://firebasestorage.googleapis.com/v0/b/lastmile-ui/o/import%2Fphotos%2Fconverted%2Fproduct%2FthumbUrl%2FCvKfTzV4TN5U8BTMF1Hl_262193_Y5wHCakiRVc8Kf1fJt96vh8Tr2I2_qUj5pw1FImZ1A0BpXtNj.webp?alt=media&token=7fe76f23-a168-461c-b0d0-d85517676131
IKI,"Vafliai su pieniniu įdaru ROSHEN MILK, 216 g",1.39 €,https://firebasestorage.googleapis.com/v0/b/lastmile-ui/o/import%2Fphotos%2Fconverted%2Fproduct%2FthumbUrl%2FCvKfTzV4TN5U8BTMF1Hl_253856_W5RvAbpnRicygag1V4nopPhtD8z2_rdq3VsAnzGEUPKh3Ert7.webp?alt=media&token=c4b9ea0d-3f42-4640-a729-b96f23fef217
IKI,BROILERIŲ SPARNELIAI UŽAUGINTA BE ANTIBIOTIKŲ,2.99 €,https://storage.googleapis.com/download/storage/v1/b/lastmile-ui/o/import%2Fphotos%2Fconverted%2Fproduct%2FCvKfTzV4TN5U8BTMF1Hl_SoMK6YwdCAQLfCK6KNZX_CvKfTzV4TN5U8BTMF1Hl_W5RvAbpnRicygag1V4nopPhtD8z2_uj50Q4cJQNlgXpPtA3kt_thumb.jpg?generation=1687354215233320&alt=media
IKI,"Servetėlės RENOVA COLOR, 80 vnt.",1.89 €,https://storage.googleapis.com/download/storage/v1/b/lastmile-ui/o/images%2Fproducts%2Fthumb_wWhUJQyLjdKlrXX3zh2C.jpg?generation=1631695806724701&alt=media
IKI,"Natūralus ŽEMAITIJOS kefyras, 2,5%, 500 g",0.87 €,https://firebasestorage.googleapis.com/v0/b/lastmile-ui/o/import%2Fphotos%2Fconverted%2Fproduct%2FthumbUrl%2FCvKfTzV4TN5U8BTMF1Hl_10004_W5RvAbpnRicygag1V4nopPhtD8z2_IoWqVuOs9Sz2dR04HRT3.webp?alt=media&token=2d06aaea-e1f6-4310-b7c2-4d36faea9881
IKI,"Kiaušiniai ant kraiko laikomų vištų skirtingų dydžių, rudu lukštu, NR. 2, 10 vnt.",2.29 €,https://firebasestorage.googleapis.com/v0/b/lastmile-ui/o/import%2Fphotos%2Fconverted%2Fproduct%2FthumbUrl%2FCvKfTzV4TN5U8BTMF1Hl_280268_uF3DptJQvjXHqmno4Mal_XGfkfgrzT2Dvewok99VL.webp?alt=media&token=640dc040-5860-412c-8444-629419d59389
IKI,"Sausainiai MILKA CHOCOLILAS STICKS, 112 g",1.49 €,https://firebasestorage.googleapis.com/v0/b/lastmile-ui/o/import%2Fphotos%2Fconverted%2Fproduct%2FthumbUrl%2FCvKfTzV4TN5U8BTMF1Hl_31210_Y5wHCakiRVc8Kf1fJt96vh8Tr2I2_7GAC5XBsoMRpCjpwul0R.webp?alt=media&token=ca5ce570-c014-470a-91a1-900915444f2e
IKI,"Biskvitiniai pyragaičiai BARNI su pieniniu įdaru, 5 x 30 g",1.99 €,https://storage.googleapis.com/download/storage/v1/b/lastmile-ui/o/images%2Fchain_products%2FIKI%2Fthumb_JpmvG4pmCLSORFDD5Yp6.jpg?generation=1631696144772924&alt=media
IKI,"Salotų mišinys KLASIKINIS LEAFOOD, 70 g",0.99 €,https://firebasestorage.googleapis.com/v0/b/lastmile-ui/o/import%2Fphotos%2Fconverted%2Fproduct%2FthumbUrl%2FCvKfTzV4TN5U8BTMF1Hl_276270_OrXUvGAuc2NCJDRvzNOTXOM3rsp1_IFOHVWPyXSUEJvJCcove.webp?alt=media&token=78b1e440-0ce9-4c2a-97b8-c0632648c751
IKI,"Ekologiškas jogurtas be laktozės BIOS, 3,8% rieb., 125 g",0.79 €,https://firebasestorage.googleapis.com/v0/b/lastmile-ui/o/import%2Fphotos%2Fconverted%2Fproduct%2FthumbUrl%2FCvKfTzV4TN5U8BTMF1Hl_51695_uF3DptJQvjXHqmno4Mal_KwTpMzmff1g2KxMQP2h5.webp?alt=media&token=f9135316-fdf9-45a7-8ed6-c853652475bd
IKI,"Tepamasis sūris PHILADELPHIA LIGHT, 11% riebumo, 125 g",1.99 €,https://storage.googleapis.com/download/storage/v1/b/lastmile-ui/o/import%2Fphotos%2Fconverted%2Fproduct%2FCvKfTzV4TN5U8BTMF1Hl_x9G8ZG93gJEa3wjPjjMj_xGdb10o0VzY1SFD6eDjbpqgxmW02_jydUtTX4O6pmZrP9NfRo_thumb.jpg?generation=1673609268459082&alt=media
IKI,"Sausainiai MILKA CHOCO MINIS, 150 g",1.49 €,https://firebasestorage.googleapis.com/v0/b/lastmile-ui/o/import%2Fphotos%2Fconverted%2Fproduct%2FthumbUrl%2FCvKfTzV4TN5U8BTMF1Hl_73882_Y5wHCakiRVc8Kf1fJt96vh8Tr2I2_B1Lj3nrWmP8R6aqS9Izd.webp?alt=media&token=205d81c0-2c96-4680-8423-bf712eadfb54
IKI,"Lydytas sūris riekutėmis PRESIDENT CHEDDAR, 200 g",2.79 €,https://storage.googleapis.com/download/storage/v1/b/lastmile-ui/o/images%2Fproducts%2Fthumb_rkeuhfe2NwbvTdnVnw0o.jpg?generation=1659959963282886&alt=media
IKI,"Gazuotas citrinų skonio gėrimas SPRITE ZERO, 1,5l",1.19 €,https://firebasestorage.googleapis.com/v0/b/lastmile-ui/o/import%2Fphotos%2Fconverted%2Fproduct%2FthumbUrl%2FCvKfTzV4TN5U8BTMF1Hl_265426_Y5wHCakiRVc8Kf1fJt96vh8Tr2I2_FYcY4HyT518WjmDQMA3W.webp?alt=media&token=0adea5ca-f22f-43b3-ae03-5dc6a1a8af86
IKI,"Grikių kruopos SKANĖJA (4 x 125 g), 500 g",1.59 €,https://storage.googleapis.com/download/storage/v1/b/lastmile-ui/o/images%2Fproducts%2Fthumb_kfTfLcZsTcAtYLfSKaIS.jpg?generation=1631696136050327&alt=media
IKI,"Negazuotas gėrimas OSHEE VITAMIN WATER, 560 ml",1.11 €,https://firebasestorage.googleapis.com/v0/b/lastmile-ui/o/import%2Fphotos%2Fconverted%2Fproduct%2FthumbUrl%2FCvKfTzV4TN5U8BTMF1Hl_238611_uF3DptJQvjXHqmno4Mal_8x1qw6UUEnk8YOsWqgYw.webp?alt=media&token=59f5bdc6-6073-420a-a2ae-919da8174160
IKI,"Nealkoholinis alaus kokteilis UTENOS RADLER citrinų ir aviečių sk. (0,5%), 500 ml",0.89 €,https://storage.googleapis.com/download/storage/v1/b/lastmile-ui/o/import%2Fphotos%2Fconverted%2Fproduct%2FCvKfTzV4TN5U8BTMF1Hl_Rp6CVSYEHqifzGjbb98l_xGdb10o0VzY1SFD6eDjbpqgxmW02_2oHAK5nlg6mlzVSCOsmc_thumb.jpg?generation=1662021628310776&alt=media
IKI,"Sausainis MILKA Choco Pause, 260 g",1.64 €,https://firebasestorage.googleapis.com/v0/b/lastmile-ui/o/import%2Fphotos%2Fconverted%2Fproduct%2FthumbUrl%2FCvKfTzV4TN5U8BTMF1Hl_266650_Y5wHCakiRVc8Kf1fJt96vh8Tr2I2_DbNjKcFS9ymgGjxSE2kw.webp?alt=media&token=304e9582-1144-498a-a4c4-464280a93f2a
IKI,"Virtos šaldytos tigrinės krevetės NOWACO EXCLUSIVE be kiautų, 300 g",6.99 €,https://firebasestorage.googleapis.com/v0/b/lastmile-ui/o/import%2Fphotos%2Fconverted%2Fproduct%2FthumbUrl%2FCvKfTzV4TN5U8BTMF1Hl_20690_W5RvAbpnRicygag1V4nopPhtD8z2_5fiZ8fNpScfFfofuLdgb.webp?alt=media&token=86a06e54-0455-4297-b4aa-6330ce23bb7e
IKI,"Viso grūdo avižų dribsniai DOBELE, 500 g",1.19 €,https://storage.googleapis.com/download/storage/v1/b/lastmile-ui/o/images%2Fproducts%2Fthumb_U5y6uiG267q9uloS3RXr.jpg?generation=1631695901211934&alt=media
IKI,"Tualeto valiklis BREF HYGIENE&SHINE (FRESH MIST), 700 ml",1.89 €,https://storage.googleapis.com/download/storage/v1/b/lastmile-ui/o/images%2Fchain_products%2FIKI%2Fthumb_zE2MIpIwCaQFWNFj7s8W.jpg?generation=1631696132541859&alt=media
IKI,Jogurtas su braškėmis ACTIVIA 4x120g,2.29 €,https://storage.googleapis.com/download/storage/v1/b/lastmile-ui/o/images%2Fchain_products%2FIKI%2Fthumb_DKqIFwOShPKqEUjPeDwI.jpg?generation=1639123307018644&alt=media
IKI,"Nealkoholinis alaus kokteilis UTENOS RADLER MANGO, 0,5 l",0.89 €,https://storage.googleapis.com/download/storage/v1/b/lastmile-ui/o/import%2Fphotos%2Fconverted%2Fproduct%2FCvKfTzV4TN5U8BTMF1Hl_LG5VpZEW71oUcZYeVQwU_xGdb10o0VzY1SFD6eDjbpqgxmW02_epXQgj2Ae6Tiv4gII9z9_thumb.jpg?generation=1662021635907116&alt=media
IKI,"Saldainiai RAFFAELLO, 150 g",3.99 €,https://firebasestorage.googleapis.com/v0/b/lastmile-ui/o/import%2Fphotos%2Fconverted%2Fproduct%2FthumbUrl%2FCvKfTzV4TN5U8BTMF1Hl_1238_W5RvAbpnRicygag1V4nopPhtD8z2_Cuskp5B7EI5nr6ZRW9YT.webp?alt=media&token=e0d76abd-f77c-4524-82ef-4f7d1414a9ff
IKI,"Raikytas, pieniškas XXl batonas, 500 g",0.89 €,https://storage.googleapis.com/download/storage/v1/b/lastmile-ui/o/import%2Fphotos%2Fconverted%2Fproduct%2FCvKfTzV4TN5U8BTMF1Hl_278239_CvKfTzV4TN5U8BTMF1Hl_W5RvAbpnRicygag1V4nopPhtD8z2_9VIl4tanOJVN25piLxD7_thumb.webp?generation=1701760786702005&alt=media
IKI,"Krekeriai GAIDELIS Grietinė Ir Svogūnas grietinės ir svogūnų skonio, 72 g",0.79 €,https://storage.googleapis.com/download/storage/v1/b/lastmile-ui/o/import%2Fphotos%2Fconverted%2Fproduct%2FCvKfTzV4TN5U8BTMF1Hl_276512_CvKfTzV4TN5U8BTMF1Hl_W5RvAbpnRicygag1V4nopPhtD8z2_Me8CCijhvIE0p93uq8xf_thumb.jpg?generation=1687860225753714&alt=media
IKI,"Koldūnai PINIGĖLIAI su mėsos įdaru, 500 g",1.99 €,https://storage.googleapis.com/download/storage/v1/b/lastmile-ui/o/images%2Fproducts%2Fthumb_1hO519JruUv258gngZFD.jpg?generation=1631696133579823&alt=media
IKI,"Žemės riešutai JĖGA su sūriu ir svogūnais, 200 g",1.27 €,https://storage.googleapis.com/download/storage/v1/b/lastmile-ui/o/images%2Fchain_products%2FIKI%2Fthumb_f1ApVkeObJ8T6pmTSWc0.jpg?generation=1631695718943860&alt=media
IKI,"Ekologiškas indų ploviklis FROSCH GREEN LEMON, 1 l",1.39 €,https://storage.googleapis.com/download/storage/v1/b/lastmile-ui/o/images%2Fproducts%2Fthumb_aKTjMX25RtVUevx82Q8z.jpg?generation=1582202381221834&alt=media
IKI,"Greitai paruošiami makaronai vištienos skonio REEVA, 60 g",0.35 €,https://storage.googleapis.com/download/storage/v1/b/lastmile-ui/o/import%2Fphotos%2Fconverted%2Fproduct%2Fglobal_T73C8Bz7Bgtv0JYw5bse_W5RvAbpnRicygag1V4nopPhtD8z2_Vdg8xoDMIPbS2XiiTnnV_thumb.jpg?generation=1683206247537889&alt=media
IKI,"Spagečiai PASAKA, 400 g",0.59 €,https://storage.googleapis.com/download/storage/v1/b/lastmile-ui/o/import%2Fphotos%2Fconverted%2Fproduct%2FCvKfTzV4TN5U8BTMF1Hl_gz0vD0clT57Ev9VWXyje_xGdb10o0VzY1SFD6eDjbpqgxmW02_tiJpJN3CZET2qY9Np0tL_thumb.jpg?generation=1679554242549820&alt=media
IKI,"Glaistytas varškės sūrelis PASAKA su šokolado gabaliukais, 22% rieb., 40 g",0.59 €,https://firebasestorage.googleapis.com/v0/b/lastmile-ui/o/import%2Fphotos%2Fconverted%2Fproduct%2FthumbUrl%2FCvKfTzV4TN5U8BTMF1Hl_228234_OrXUvGAuc2NCJDRvzNOTXOM3rsp1_3kcXWZWfSvlIxGitlFbT.webp?alt=media&token=9c63b203-8787-4c71-82cc-5490bb5b2be5
IKI,"Šokoladas MILKA ALPENE MILK, 100 g",1.29 €,https://firebasestorage.googleapis.com/v0/b/lastmile-ui/o/import%2Fphotos%2Fconverted%2Fproduct%2FthumbUrl%2FCvKfTzV4TN5U8BTMF1Hl_16125_Y5wHCakiRVc8Kf1fJt96vh8Tr2I2_EZ10ghSgDCEfPgkmUxAa.webp?alt=media&token=031850d9-e16a-439e-9e3e-b73837adc077
IKI,"Ekologiškas jogurtas be laktozės BIOS su persikais, 3,1% rieb., 125 g",0.79 €,https://storage.googleapis.com/download/storage/v1/b/lastmile-ui/o/images%2Fproducts%2Fthumb_Gl0eTEMHeJ2fdY3MGOFy.jpg?generation=1631696107303213&alt=media
IKI,"Juoda ruginė raikyta AGOTOS duona su saulėgrąžomis, 375 g",1.43 €,https://storage.googleapis.com/download/storage/v1/b/lastmile-ui/o/import%2Fphotos%2Fconverted%2Fproduct%2FCvKfTzV4TN5U8BTMF1Hl_5FRg3cl9scCXvgw4jap4_xGdb10o0VzY1SFD6eDjbpqgxmW02_15LQDGTXko2lbsQY66gE_thumb.jpg?generation=1660117940041276&alt=media
IKI,"Raugintos GAMTOS pasukos su avietėmis ir linų sėmenimis, 0,8% rieb., 500 g",1.35 €,https://storage.googleapis.com/download/storage/v1/b/lastmile-ui/o/images%2Fproducts%2Fthumb_HkoRJeaJvLuJ9G8DQ06w.jpg?generation=1631696151671183&alt=media
IKI,"Troškinti balandėliai su mėsos įdaru IKI ŠEFAI, 1 kg",7.99 €,https://firebasestorage.googleapis.com/v0/b/lastmile-ui/o/import%2Fphotos%2Fconverted%2Fproduct%2FthumbUrl%2FCvKfTzV4TN5U8BTMF1Hl_261226_W5RvAbpnRicygag1V4nopPhtD8z2_Hxsv3P0YvIofop7EmjBE.webp?alt=media&token=11052564-0319-4c32-94ac-98c7b0f37f55
IKI,"Popierinis rankšluostis COLIBRI JUMBO, 1 vnt.",2.89 €,https://storage.googleapis.com/download/storage/v1/b/lastmile-ui/o/import%2Fphotos%2Fconverted%2Fproduct%2Fglobal_DhMOQeUsZYxsW5VRgWTU_xGdb10o0VzY1SFD6eDjbpqgxmW02_iUucbs91Wvyw1qfJoIAQ_thumb.jpg?generation=1646660451447043&alt=media
IKI,"Indų kempinės VILEDA TIP TOP, 3 vnt.",1.01 €,https://storage.googleapis.com/download/storage/v1/b/lastmile-ui/o/images%2Fproducts%2Fthumb_ybNUEd0EUlV1D7c3GVeD.jpg?generation=1631696146021486&alt=media
IKI,"Tualetinis popierius ZEWA WHITE CAMOMILE, 8 vnt.",3.39 €,https://storage.googleapis.com/download/storage/v1/b/lastmile-ui/o/import%2Fphotos%2Fconverted%2Fproduct%2FCvKfTzV4TN5U8BTMF1Hl_MEjFd3Av3GHTnWl5s6mV_CvKfTzV4TN5U8BTMF1Hl_W5RvAbpnRicygag1V4nopPhtD8z2_YQRx6EJHkIxpMmpVCLro_thumb.jpg?generation=1689833822613060&alt=media
IKI,"Virtuvinis rankšluostis ZEWA WISCH&WEG EXTRA LONG, 2 vnt.",2.74 €,https://storage.googleapis.com/download/storage/v1/b/lastmile-ui/o/import%2Fphotos%2Fconverted%2Fproduct%2FCvKfTzV4TN5U8BTMF1Hl_2HM0CsgYv6vGhWJu8hlQ_CvKfTzV4TN5U8BTMF1Hl_W5RvAbpnRicygag1V4nopPhtD8z2_HYTTYpU3dT6ZNIAn8OJz_thumb.jpg?generation=1689833825213534&alt=media
IKI,"Prieskoniai česnakų granulės SAUDA, 45 g",0.69 €,https://www.googleapis.com/download/storage/v1/b/lastmile-delivery.appspot.com/o/images%2Fproducts%2Fthumb_vndCkd5KcmumNMJVhQST?generation=1567153893789663&alt=media
IKI,"Tuno gabaliukai SUN&SEA, 240 g",3.74 €,https://storage.googleapis.com/download/storage/v1/b/lastmile-ui/o/images%2Fproducts%2Fthumb_UQ5XDqqt7CIEqSxooIFG.jpg?generation=1631696132360379&alt=media
IKI,"AGOTOS 45% sėklų duona, 350 g",1.75 €,https://firebasestorage.googleapis.com/v0/b/lastmile-ui/o/import%2Fphotos%2Fconverted%2Fproduct%2FthumbUrl%2FCvKfTzV4TN5U8BTMF1Hl_261366_uF3DptJQvjXHqmno4Mal_XVzCbkGGCxZ3INIn8osn.webp?alt=media&token=aa1b51c8-c888-4227-a5d5-6036fe171ddb
IKI,"Šokoladas MILKA WHOLENUTS, 250 g",3.14 €,https://firebasestorage.googleapis.com/v0/b/lastmile-ui/o/import%2Fphotos%2Fconverted%2Fproduct%2FthumbUrl%2FCvKfTzV4TN5U8BTMF1Hl_34271_uF3DptJQvjXHqmno4Mal_BYiNDNBiDrzz5DFYog4Z.webp?alt=media&token=1054743f-505f-4275-9e1e-f66a69052510
IKI,"Makaronai PASAKA (vamzdeliai), 400 g",0.59 €,https://storage.googleapis.com/download/storage/v1/b/lastmile-ui/o/import%2Fphotos%2Fconverted%2Fproduct%2FCvKfTzV4TN5U8BTMF1Hl_zTbbsrPnkLNGplfC6OJV_xGdb10o0VzY1SFD6eDjbpqgxmW02_sEKZhNNnkWeKIF5rP2P0_thumb.jpg?generation=1679554246398170&alt=media
IKI,"Gazuotas apelsinų skonio gėrimas FANTA ZERO, 1,5 l",1.19 €,https://firebasestorage.googleapis.com/v0/b/lastmile-ui/o/import%2Fphotos%2Fconverted%2Fproduct%2FthumbUrl%2FCvKfTzV4TN5U8BTMF1Hl_264041_Y5wHCakiRVc8Kf1fJt96vh8Tr2I2_GhNQYFr3YJvFAbuZ0ZW1.webp?alt=media&token=5e29c323-d843-4d8d-a63f-a6123da966df
IKI,"Sausainiai DU GAIDELIAI, 180 g",0.52 €,https://storage.googleapis.com/download/storage/v1/b/lastmile-ui/o/images%2Fchain_products%2FIKI%2Fthumb_ZrLSWsOymDvAPG3D1PvT.jpg?generation=1631695752466000&alt=media
IKI,"Saldintas sutirštintas pienas NOSTALGIJA, 397 g",1.99 €,https://storage.googleapis.com/download/storage/v1/b/lastmile-ui/o/images%2Fproducts%2Fthumb_EdANQ2WaQGj4Ix7oS1Lq.jpg?generation=1643097762729277&alt=media
IKI,"Nealkoholinis alaus kokteilis UTENOS RADLER GRAPEFRUIT (0,5%), 500 ml",0.89 €,https://storage.googleapis.com/download/storage/v1/b/lastmile-ui/o/import%2Fphotos%2Fconverted%2Fproduct%2FCvKfTzV4TN5U8BTMF1Hl_3uaL3I4rMFiK78M6y9eU_xGdb10o0VzY1SFD6eDjbpqgxmW02_rdEKhHrmAmKPsdRDRhm9_thumb.jpg?generation=1662021636013106&alt=media
IKI,"Virtos GIMINIŲ sardelės, a. r., 400 g",2.64 €,https://storage.googleapis.com/download/storage/v1/b/lastmile-ui/o/images%2Fchain_products%2FIKI%2Fthumb_tde8jjDPIyHjJI0hQ2v2.jpg?generation=1631696144442868&alt=media
IKI,"Pikantiškos salotos IKI ŠEFAI, 200 g",1.83 €,https://firebasestorage.googleapis.com/v0/b/lastmile-ui/o/import%2Fphotos%2Fconverted%2Fproduct%2FthumbUrl%2FCvKfTzV4TN5U8BTMF1Hl_49192_W5RvAbpnRicygag1V4nopPhtD8z2_NPf3KfT4DdGnxA9AcY8i.webp?alt=media&token=1ab21f61-9daa-4844-8844-a1ff9c6c6a6c
IKI,"Grikių kruopos IKI, 400 g",1.03 €,https://storage.googleapis.com/download/storage/v1/b/lastmile-ui/o/import%2Fphotos%2Fconverted%2Fproduct%2Fglobal_SKFOFt8tOHMYQMRhgLQF_xGdb10o0VzY1SFD6eDjbpqgxmW02_uO9zZHvPquodHqIrBY7Q_thumb.jpg?generation=1675259250609238&alt=media
IKI,"Pomidorų padažas KĖDAINIŲ TRADICINIS, 480 g",0.99 €,https://storage.googleapis.com/download/storage/v1/b/lastmile-ui/o/import%2Fphotos%2Fconverted%2Fproduct%2FCvKfTzV4TN5U8BTMF1Hl_nGguqYe9bSGSk7TKiuqB_W5RvAbpnRicygag1V4nopPhtD8z2_3R9hvInrQeAIolJVgi5x_thumb.jpg?generation=1687248590725319&alt=media
IKI,"Ekologiškas WC valiklis FROSCH WC GEL LAVENDER, 750 ml",1.49 €,https://firebasestorage.googleapis.com/v0/b/lastmile-ui/o/import%2Fphotos%2Fconverted%2Fproduct%2FthumbUrl%2FCvKfTzV4TN5U8BTMF1Hl_70770_uF3DptJQvjXHqmno4Mal_HEm8RKU1IadzCCLqijpC.webp?alt=media&token=c6ae6b56-ef10-4ddc-94b7-ad6b87ea7b9b
IKI,"Ožkų pieno sūris PGI riekelės GOAT FARM, 100g",1.99 €,https://storage.googleapis.com/download/storage/v1/b/lastmile-ui/o/import%2Fphotos%2Fconverted%2Fproduct%2Fglobal_xqcB4bDnunJFJlgQJTGY_xGdb10o0VzY1SFD6eDjbpqgxmW02_NXKZQxBq05Xjb2KMyqZ2_thumb.jpg?generation=1679315459571450&alt=media
IKI,"Tabletės su soda indų plovimo mašinai FROSCH, 30 vnt.",4.99 €,https://storage.googleapis.com/download/storage/v1/b/lastmile-ui/o/import%2Fphotos%2Fconverted%2Fproduct%2Fglobal_lz1bOrg3chZIc2CbtmNb_W5RvAbpnRicygag1V4nopPhtD8z2_OnYWceoR5wx7bclBcIku_thumb.jpg?generation=1686635261935182&alt=media
IKI,"Karštai rūkyta kiaulienos šoninė pirma rūšis NOO, 105 g",2.07 €,https://firebasestorage.googleapis.com/v0/b/lastmile-ui/o/import%2Fphotos%2Fconverted%2Fproduct%2FthumbUrl%2FCvKfTzV4TN5U8BTMF1Hl_219640_OrXUvGAuc2NCJDRvzNOTXOM3rsp1_D92okkpUcYxGfLD1Kzot.webp?alt=media&token=11cae837-97e1-458a-8032-6fd31ed5acaf
IKI,"Šviesi ruginė raikyta GUDOBELĖS duona, 700 g",1.59 €,https://storage.googleapis.com/download/storage/v1/b/lastmile-ui/o/images%2Fchain_products%2FIKI%2Fthumb_Ixxzf7JsaIHwLPRBUdxN.jpg?generation=1631695737743177&alt=media
IKI,"Saldainiai - guminukai rūgštūs sliekai FINI, 90 g",1.09 €,https://storage.googleapis.com/download/storage/v1/b/lastmile-ui/o/images%2Fproducts%2Fthumb_sdG9wQeBxqmmRaUD4gCx.jpg?generation=1631696109697138&alt=media
IKI,"Pieniniai javinukai JAVINĖ, 150 g",0.97 €,https://storage.googleapis.com/download/storage/v1/b/lastmile-ui/o/images%2Fchain_products%2FIKI%2Fthumb_JJydr3oTqgKMqQbFVTDL.jpg?generation=1631696106242004&alt=media
IKI,"Skystasis skalbiklis WOOLITE COLOR (15 skalbimų), 900 ml",2.89 €,https://storage.googleapis.com/download/storage/v1/b/lastmile-ui/o/import%2Fphotos%2Fconverted%2Fproduct%2FCvKfTzV4TN5U8BTMF1Hl_fssjtp4692f60shbQk9S_CvKfTzV4TN5U8BTMF1Hl_W5RvAbpnRicygag1V4nopPhtD8z2_hLkbLd5b0vmXrN7G1EKO_thumb.jpg?generation=1689684929068527&alt=media
IKI,"Guminukai FINI, 90 g",1.09 €,https://storage.googleapis.com/download/storage/v1/b/lastmile-ui/o/import%2Fphotos%2Fconverted%2Fproduct%2FCvKfTzV4TN5U8BTMF1Hl_vQgsxIplBgKEUEdSrkAs_CvKfTzV4TN5U8BTMF1Hl_W5RvAbpnRicygag1V4nopPhtD8z2_R8awxtlYEiN7yCvY7rem_thumb.webp?generation=1699527948014304&alt=media
IKI,"Gazuotas natūralus mineralinis vanduo RASA LIGHT, 1,5 l",0.45 €,https://storage.googleapis.com/download/storage/v1/b/lastmile-ui/o/import%2Fphotos%2Fconverted%2Fproduct%2FCvKfTzV4TN5U8BTMF1Hl_cyqjLe44eFSYDid9COoH_xGdb10o0VzY1SFD6eDjbpqgxmW02_5aQ8XnzVYBDb8st9vbPy_thumb.jpg?generation=1656399999178608&alt=media
IKI,"Tarkuotas kietas sūris salotoms, 40% rieb. 200g",1.99 €,https://storage.googleapis.com/download/storage/v1/b/lastmile-ui/o/import%2Fphotos%2Fconverted%2Fproduct%2Fglobal_0MtbWepaI2HEnCtVDg8p_W5RvAbpnRicygag1V4nopPhtD8z2_hcp3grUSQgsHaKrXcRqX_thumb.jpg?generation=1684847147590224&alt=media
IKI,"Žemės riešutai traškioje luobelėje grietinėlės ir svogūnų skonio JĖGA, 200 g",1.27 €,https://storage.googleapis.com/download/storage/v1/b/lastmile-ui/o/images%2Fchain_products%2FIKI%2Fthumb_ui7UZja207qSOuAzENPL.jpg?generation=1631695807148892&alt=media
IKI,"Pasukų jogurtas su mangais ir vitaminu D GAMTOS (1,2% rieb.), 900 g",1.91 €,https://firebasestorage.googleapis.com/v0/b/lastmile-ui/o/import%2Fphotos%2Fconverted%2Fproduct%2FthumbUrl%2FCvKfTzV4TN5U8BTMF1Hl_254593_OrXUvGAuc2NCJDRvzNOTXOM3rsp1_MrG2NI9J6WpYBK3VFYKE.webp?alt=media&token=b776f413-96b7-4aa2-abe7-11a5afce3134
IKI,"Pasukų varškė su slyvomis ir kviečių sėlenomis GAMTOS, 2% rieb., 130 g",1.11 €,https://storage.googleapis.com/download/storage/v1/b/lastmile-ui/o/images%2Fchain_products%2FIKI%2Fthumb_i1hjptPDVSA4EwPfhioD.jpg?generation=1631696126259481&alt=media
IKI,"Greitai paruošiami makaronai sūrio ir kumpio skonio REEVA, 60 g",0.35 €,https://storage.googleapis.com/download/storage/v1/b/lastmile-ui/o/import%2Fphotos%2Fconverted%2Fproduct%2Fglobal_dXpqJ0niNN3LQYfUUxVq_xGdb10o0VzY1SFD6eDjbpqgxmW02_EGPR0ZhmMHwI3BsyVPlw_thumb.jpg?generation=1679554249283757&alt=media
IKI,"Rūkytas kumpis NOO VALSTIEČIŲ, a. r., 105 g",2.55 €,https://firebasestorage.googleapis.com/v0/b/lastmile-ui/o/import%2Fphotos%2Fconverted%2Fproduct%2FthumbUrl%2FCvKfTzV4TN5U8BTMF1Hl_209233_OrXUvGAuc2NCJDRvzNOTXOM3rsp1_IdYp6nBSorCxALz8puz2.webp?alt=media&token=5def977b-17c3-4aa5-a459-d01b0da3721c
IKI,"Fermentinis sūris ROKIŠKIO Mozzarella 45% rieb., 200 g",2.55 €,https://firebasestorage.googleapis.com/v0/b/lastmile-ui/o/import%2Fphotos%2Fconverted%2Fproduct%2FthumbUrl%2FCvKfTzV4TN5U8BTMF1Hl_271967_Y5wHCakiRVc8Kf1fJt96vh8Tr2I2_4YlH0b0OeEeXDurKQRBv.webp?alt=media&token=49f7181f-36dd-4749-8d62-4cdf9d4216c7
IKI,"Gazuotas natūralus mineralinis vanduo RASA ETNO, 1,5 l",0.45 €,https://storage.googleapis.com/download/storage/v1/b/lastmile-ui/o/import%2Fphotos%2Fconverted%2Fproduct%2FCvKfTzV4TN5U8BTMF1Hl_LDBZEenKMUwdijTqxEwp_xGdb10o0VzY1SFD6eDjbpqgxmW02_olXOZphojgTbh0GDLubt_thumb.jpg?generation=1679554243821945&alt=media
IKI,"Šaldyta pica MANTINGA PIZZA AMERICANA PASSIONATA, 400 g",2.79 €,https://storage.googleapis.com/download/storage/v1/b/lastmile-ui/o/images%2Fchain_products%2FIKI%2Fthumb_eKlp7Jk8QMyEbzLiTrji.jpg?generation=1631695791183091&alt=media
IKI,"Vafliai su riešutiniu įdaru ROSHEN HAZELNUT, 216 g",1.39 €,https://firebasestorage.googleapis.com/v0/b/lastmile-ui/o/import%2Fphotos%2Fconverted%2Fproduct%2FthumbUrl%2FCvKfTzV4TN5U8BTMF1Hl_253854_W5RvAbpnRicygag1V4nopPhtD8z2_7b3eRSQQIJ045mRgo2l5.webp?alt=media&token=04b3fe8e-269f-4c43-b62b-0a25023056eb
IKI,"Ilgas prancūziškas batonas, 220 g",0.59 €,https://firebasestorage.googleapis.com/v0/b/lastmile-ui/o/import%2Fphotos%2Fconverted%2Fproduct%2FthumbUrl%2FCvKfTzV4TN5U8BTMF1Hl_217396_W5RvAbpnRicygag1V4nopPhtD8z2_DunCEOuFEp8ZJnxARzXE.webp?alt=media&token=6bed3ef6-fffa-44ad-bb50-7605c6734f83
IKI,"Natūraliai rauginta SMETONIŠKA gira, 1,5 l",0.99 €,https://storage.googleapis.com/download/storage/v1/b/lastmile-ui/o/images%2Fchain_products%2FIKI%2Fthumb_1znUFekMy7hghlCpY9Ll.jpg?generation=1631695827672651&alt=media
IKI,"Konservuoti, nesmulkinti pomidorai FIORINO, 425 ml",0.89 €,https://storage.googleapis.com/download/storage/v1/b/lastmile-ui/o/images%2Fproducts%2Fthumb_af4fKeT16PUbLwNVz9uT.jpg?generation=1639147452403076&alt=media
IKI,"Šokoladiniai sausainiai MILKA, 126 g",1.49 €,https://firebasestorage.googleapis.com/v0/b/lastmile-ui/o/import%2Fphotos%2Fconverted%2Fproduct%2FthumbUrl%2FCvKfTzV4TN5U8BTMF1Hl_74539_Y5wHCakiRVc8Kf1fJt96vh8Tr2I2_SThU17WFJG2ri2RkUg4e.webp?alt=media&token=91e40d2e-3488-481d-a02b-1993b0d06d9b
IKI,Karštai rūkyti atlantinių lašišų stuburų kaulai NORVELITA,3.19 €,https://storage.googleapis.com/download/storage/v1/b/lastmile-ui/o/images%2Fproducts%2Fthumb_ymtQLs7j6rrV8yYj8Qlt.jpg?generation=1582208112646078&alt=media
IKI,"Trikampis sumuštinis su lašišomis IKI ŠEFAI, 170 g",1.79 €,https://firebasestorage.googleapis.com/v0/b/lastmile-ui/o/import%2Fphotos%2Fconverted%2Fproduct%2FthumbUrl%2FCvKfTzV4TN5U8BTMF1Hl_83436_W5RvAbpnRicygag1V4nopPhtD8z2_oQk1oYPZrrQlDpZjq4FQ.webp?alt=media&token=1ae7605e-0cf1-4eb2-b823-e950b72cb8d1
IKI,"Sumuštinis DIDYSIS SUBMARINAS su kumpiu ir sūriu IKI ŠEFAI, 260 g",3.19 €,https://firebasestorage.googleapis.com/v0/b/lastmile-ui/o/import%2Fphotos%2Fconverted%2Fproduct%2FthumbUrl%2FCvKfTzV4TN5U8BTMF1Hl_263913_W5RvAbpnRicygag1V4nopPhtD8z2_gQystjKn7AsPpc3fXGqV.webp?alt=media&token=ac5c7668-656f-4436-b620-4d4385c88e1b
IKI,"Majonezas VILNIUS PIRMAS LIETUVIŠKAS, 475 ml",2.39 €,https://storage.googleapis.com/download/storage/v1/b/lastmile-ui/o/images%2Fchain_products%2FIKI%2Fthumb_h9NqdNi1IzFVcnalMCCX.jpg?generation=1631695879623873&alt=media
IKI,"Drėgnas tualetinis popierius RENOVA, 40 vnt.",1.59 €,https://storage.googleapis.com/download/storage/v1/b/lastmile-ui/o/import%2Fphotos%2Fconverted%2Fproduct%2Fglobal_selJ4VvtEn0ALZEvBQOb_xGdb10o0VzY1SFD6eDjbpqgxmW02_Mj1Hz5vA9WciaB5Mu0BW_thumb.jpg?generation=1646660359783633&alt=media
IKI,"Indų ploviklis FAIRY Sensitive Tea Tree&Mint, 450ml",1.49 €,https://firebasestorage.googleapis.com/v0/b/lastmile-ui/o/import%2Fphotos%2Fconverted%2Fproduct%2FthumbUrl%2FCvKfTzV4TN5U8BTMF1Hl_235962_Y5wHCakiRVc8Kf1fJt96vh8Tr2I2_CG5VCJiZl031ipv0eumI.webp?alt=media&token=1652e7a6-e741-4a2c-837c-b6ae130253d4
IKI,"Pieninis šokoladas su OREO sausainių gabaliukais MILKA, 100 g",1.29 €,https://firebasestorage.googleapis.com/v0/b/lastmile-ui/o/import%2Fphotos%2Fconverted%2Fproduct%2FthumbUrl%2FCvKfTzV4TN5U8BTMF1Hl_209443_Y5wHCakiRVc8Kf1fJt96vh8Tr2I2_Rw6XMGZrPyAkYGWpptaj.webp?alt=media&token=f338e63f-4d1c-4bd4-9f56-b3af13208906
IKI,"Tarpdančių siūlas JORDAN 3-IN-1 FLOSSER su laikikliu, 36 vnt.",1.49 €,https://firebasestorage.googleapis.com/v0/b/lastmile-ui/o/import%2Fphotos%2Fconverted%2Fproduct%2FthumbUrl%2FCvKfTzV4TN5U8BTMF1Hl_204426_OrXUvGAuc2NCJDRvzNOTXOM3rsp1_4ALy1BEZcJoH6pWdNXWx.webp?alt=media&token=bdd4683a-d05c-4cf9-928e-0f9b8abc7be6
IKI,"Koldūnai Pinigėliai Mini su mėsos įdaru TAUTŲ RECEPTAI, 500 g",1.89 €,https://storage.googleapis.com/download/storage/v1/b/lastmile-ui/o/images%2Fproducts%2Fthumb_d7gOdGxQWELZ81QLFtz5.jpg?generation=1639147491587549&alt=media
IKI,"Duonos traškučiai BON CHANCE su česnakais, 120 g",1.57 €,https://storage.googleapis.com/download/storage/v1/b/lastmile-ui/o/import%2Fphotos%2Fconverted%2Fproduct%2FCvKfTzV4TN5U8BTMF1Hl_dQEfoI1pNvn9IQktfTJ1_CvKfTzV4TN5U8BTMF1Hl_W5RvAbpnRicygag1V4nopPhtD8z2_kZAoU4enqM3nYA2eUZo4_thumb.jpg?generation=1695117370077398&alt=media
IKI,"Gazuotas gaivusis gėrimas SELITA KLASIKA TARCHUNAS, 1,5 l",0.89 €,https://firebasestorage.googleapis.com/v0/b/lastmile-ui/o/import%2Fphotos%2Fconverted%2Fproduct%2FthumbUrl%2FCvKfTzV4TN5U8BTMF1Hl_231505_W5RvAbpnRicygag1V4nopPhtD8z2_D5hnPyCU7wdcXTocD5ba.webp?alt=media&token=24e4cfbd-49b2-41b9-8a31-50bae9b03f3e
IKI,"Tualetinis popierius RENOVA SKIN CARE PLUS, 6 vnt",2.74 €,https://storage.googleapis.com/download/storage/v1/b/lastmile-ui/o/images%2Fproducts%2Fthumb_pQbGeaoZDbHqNz6wpi5r.jpg?generation=1639147482075836&alt=media
IKI,"Laurų lapai SAUDA, 40 g",0.55 €,https://storage.googleapis.com/download/storage/v1/b/lastmile-ui/o/images%2Fchain_products%2FIKI%2Fthumb_onOexUDhrzmidRGIaQDr.jpg?generation=1631696094871259&alt=media
IKI,"Mozzarella sūris MINI GALBANI, 150 g",2.31 €,https://storage.googleapis.com/download/storage/v1/b/lastmile-ui/o/import%2Fphotos%2Fconverted%2Fproduct%2FCvKfTzV4TN5U8BTMF1Hl_276651_CvKfTzV4TN5U8BTMF1Hl_W5RvAbpnRicygag1V4nopPhtD8z2_TWm42mqY0FMIn2iYNIcp_thumb.jpg?generation=1688536403709625&alt=media
IKI,"Lydytas sūris riekutėmis PRESIDENT EMMENTAL, 200 g",2.79 €,https://storage.googleapis.com/download/storage/v1/b/lastmile-ui/o/import%2Fphotos%2Fconverted%2Fproduct%2FCvKfTzV4TN5U8BTMF1Hl_sEX2OfPBttT1PWPZutu9_CvKfTzV4TN5U8BTMF1Hl_W5RvAbpnRicygag1V4nopPhtD8z2_DKXpo4i3jlvRt9yqvORg_thumb.jpg?generation=1693481681987021&alt=media
IKI,"Saldainiai FERRERO ROCHER, 200 g",6.63 €,https://storage.googleapis.com/download/storage/v1/b/lastmile-ui/o/import%2Fphotos%2Fconverted%2Fproduct%2FCvKfTzV4TN5U8BTMF1Hl_P3B0ySTtPH1Nu8L6eC8x_xGdb10o0VzY1SFD6eDjbpqgxmW02_b5uQQ0KPkF4PShA9sp0M_thumb.jpg?generation=1663697493871827&alt=media
IKI,"Pieninis šokoladas su akytojo pieninio šokolado įdaru MILKA, 90 g",1.29 €,https://firebasestorage.googleapis.com/v0/b/lastmile-ui/o/import%2Fphotos%2Fconverted%2Fproduct%2FthumbUrl%2FCvKfTzV4TN5U8BTMF1Hl_225366_Y5wHCakiRVc8Kf1fJt96vh8Tr2I2_oSI7sF20FRNtkmCsZjS8.webp?alt=media&token=2932ea03-c72b-4e4d-b83f-e80472061322
IKI,"Riešutų ir džiovintų vaisių mišinys STUDENTŲ Maistas ARIMEX PREMIUM, 300 g",3.49 €,https://storage.googleapis.com/download/storage/v1/b/lastmile-ui/o/import%2Fphotos%2Fconverted%2Fproduct%2FCvKfTzV4TN5U8BTMF1Hl_ffjdwLwx2QImPEb8jfYM_xGdb10o0VzY1SFD6eDjbpqgxmW02_mN4PDP4jIypfYeGryvxq_thumb.jpg?generation=1671102339139455&alt=media
IKI,"Zefyrai vanilės skonio LAIMA, 200 g",1.49 €,https://firebasestorage.googleapis.com/v0/b/lastmile-ui/o/import%2Fphotos%2Fconverted%2Fproduct%2FthumbUrl%2FCvKfTzV4TN5U8BTMF1Hl_13281_OrXUvGAuc2NCJDRvzNOTXOM3rsp1_svDVyLMBWZMNGLpH40YZ.webp?alt=media&token=e5ecb9a3-89c2-4c67-9e97-e138454eb691
IKI,"Sūdyta lietuviška silkių filė NORVELITA, 210 g",1.83 €,https://storage.googleapis.com/download/storage/v1/b/lastmile-ui/o/images%2Fchain_products%2FIKI%2Fthumb_BiE60absMPDS3I6jaD0p.jpg?generation=1631696131328974&alt=media
IKI,"Muilas PALMOLIVE NATURALS OLIVE MILK, 90 g",0.49 €,https://firebasestorage.googleapis.com/v0/b/lastmile-ui/o/import%2Fphotos%2Fconverted%2Fproduct%2FthumbUrl%2FCvKfTzV4TN5U8BTMF1Hl_1604_Y5wHCakiRVc8Kf1fJt96vh8Tr2I2_ZtOjgKVGBhCDvi7nCDcl.webp?alt=media&token=d0aea5a2-c4dd-4d8f-b522-2cf29b31977d
IKI,"Kapsulės DOLCE GUSTO FLATWHITE NESCAFE, 187 g",4.99 €,https://firebasestorage.googleapis.com/v0/b/lastmile-ui/o/import%2Fphotos%2Fconverted%2Fproduct%2FthumbUrl%2FCvKfTzV4TN5U8BTMF1Hl_250746_Pos12xpkYpPSKaVDW3jqu7xnlg23_FFakCzkVoHmhiWWGYgwa.webp?alt=media&token=7235211d-7e98-4169-ad72-4bd915b3e5c8
IKI,"Universalus skalbiklis su tulžimi 3in1 RINGUVA PLIUS, 2 l",5.09 €,https://firebasestorage.googleapis.com/v0/b/lastmile-ui/o/import%2Fphotos%2Fconverted%2Fproduct%2FthumbUrl%2FCvKfTzV4TN5U8BTMF1Hl_249444_W5RvAbpnRicygag1V4nopPhtD8z2_d3wNTcKPMVkW6QVzHUM6.webp?alt=media&token=f794b877-aa5c-49dc-ba6c-7b429b1c8ab0
IKI,"Migdolų branduoliai, 1 kg",11.39 €,https://storage.googleapis.com/download/storage/v1/b/lastmile-ui/o/images%2Fproducts%2Fthumb_Sp6F11lZyEHYMzQVFPif.jpg?generation=1631696106379093&alt=media
IKI,"Grikių kruopos TYRAS, 800 g",2.39 €,https://storage.googleapis.com/download/storage/v1/b/lastmile-ui/o/images%2Fproducts%2Fthumb_UWcmsOJTeJWHp3qwgTQg.jpg?generation=1631695881971608&alt=media
IKI,"Šalto rūkymo upėtakio filė, pjaustyta ZIGMAS, 100 g",2.99 €,https://storage.googleapis.com/download/storage/v1/b/lastmile-ui/o/import%2Fphotos%2Fconverted%2Fproduct%2Fglobal_DQTGyclNWckhAttlbGUp_xGdb10o0VzY1SFD6eDjbpqgxmW02_EAzeApRYGGgj2sf4s1fo_thumb.jpg?generation=1657596577936932&alt=media
IKI,"Kaktusų, obuolių, žaliųjų citrinų gėrimas TYMBARK, 1 l",1.29 €,https://firebasestorage.googleapis.com/v0/b/lastmile-ui/o/import%2Fphotos%2Fconverted%2Fproduct%2FthumbUrl%2FCvKfTzV4TN5U8BTMF1Hl_88548_W5RvAbpnRicygag1V4nopPhtD8z2_CpktTpHafGVJPwoc84O9.webp?alt=media&token=ff9fd88c-9140-454c-8462-25966bd14c3e
IKI,"WC valiklis-gaiviklis BREF POWER AKTIV LAVENDER, 100 g",2.59 €,https://storage.googleapis.com/download/storage/v1/b/lastmile-ui/o/import%2Fphotos%2Fconverted%2Fproduct%2FCvKfTzV4TN5U8BTMF1Hl_QuLZAa4MUWLkIJ15AAIp_xGdb10o0VzY1SFD6eDjbpqgxmW02_wBYpxwoxBVUHFrZ1TTxy_thumb.jpg?generation=1679554277382172&alt=media
IKI,"Jogurtas JO su avietėmis ir melionais, ir bifidobakterijomis, 2,4% riebumo, 900 g",2.19 €,https://storage.googleapis.com/download/storage/v1/b/lastmile-ui/o/images%2Fchain_products%2FIKI%2Fthumb_dEF7dx5tgqsJgwUFL8ZX.jpg?generation=1631695738485583&alt=media
IKI,"Sumuštinis trikampis su kepta šonine ir daržovėmis IKI ŠEFAI, 180 g",1.79 €,https://firebasestorage.googleapis.com/v0/b/lastmile-ui/o/import%2Fphotos%2Fconverted%2Fproduct%2FthumbUrl%2FCvKfTzV4TN5U8BTMF1Hl_202659_W5RvAbpnRicygag1V4nopPhtD8z2_gdYS11Yt0Dut5TwROTKg.webp?alt=media&token=58dfdc1b-1640-4574-99de-f8b2de778c5c
IKI,"Bulvių traškučiai su krapais ESTRELLA, 180 g",2.29 €,https://storage.googleapis.com/download/storage/v1/b/lastmile-ui/o/import%2Fphotos%2Fconverted%2Fproduct%2FCvKfTzV4TN5U8BTMF1Hl_1g7idm5P0zuHxXvR8Phx_CvKfTzV4TN5U8BTMF1Hl_W5RvAbpnRicygag1V4nopPhtD8z2_e086qqhVrIjMCqew50Zr_thumb.jpg?generation=1692871407090354&alt=media
IKI,"Biskvitiniai pyragaičiai BARNI su šokoladiniu įdaru, 5 x 30 g",1.99 €,https://storage.googleapis.com/download/storage/v1/b/lastmile-ui/o/images%2Fchain_products%2FIKI%2Fthumb_Sx24Aoycr9YTHtDbP97G.jpg?generation=1631696087948035&alt=media
IKI,"Vytintos ""Kai norisi Mėsos"" dešreles dujose 200g",3.69 €,https://firebasestorage.googleapis.com/v0/b/lastmile-ui/o/import%2Fphotos%2Fconverted%2Fproduct%2FthumbUrl%2FCvKfTzV4TN5U8BTMF1Hl_215999_OrXUvGAuc2NCJDRvzNOTXOM3rsp1_sg5xtl211mfmvk56qSlF.webp?alt=media&token=55da764c-c50b-41e4-8f5e-ffc17104c3ae
IKI,"VITAMIN PERFORMANCE Vitality 0,75",0.97 €,https://storage.googleapis.com/download/storage/v1/b/lastmile-ui/o/images%2Fproducts%2Fthumb_8EHkQRJaL0Y2dhPrUMVN.jpg?generation=1631695838964760&alt=media
IKI,"FROSCH spiritinis langų valiklis (purkštuvas), 500ml",1.59 €,https://storage.googleapis.com/download/storage/v1/b/lastmile-ui/o/images%2Fproducts%2Fthumb_h7pzbfKg1n8eQGANGDas.jpg?generation=1582203911706194&alt=media
IKI,"Šokoladas MILKA TRIPLE CARAMEL, 90 g",1.29 €,https://firebasestorage.googleapis.com/v0/b/lastmile-ui/o/import%2Fphotos%2Fconverted%2Fproduct%2FthumbUrl%2FCvKfTzV4TN5U8BTMF1Hl_102205_Y5wHCakiRVc8Kf1fJt96vh8Tr2I2_2A5liMmWk7CljoXLLjUz.webp?alt=media&token=c3fa1f0e-9584-42f7-a67d-1f2806e3900f
IKI,"Trikampis sumuštinis su kepta kalakutiena ir bruknių padažu IKI ŠEFAI, 165 g",1.79 €,https://firebasestorage.googleapis.com/v0/b/lastmile-ui/o/import%2Fphotos%2Fconverted%2Fproduct%2FthumbUrl%2FCvKfTzV4TN5U8BTMF1Hl_213842_W5RvAbpnRicygag1V4nopPhtD8z2_VcTle8VqDRXwCzvEcri0.webp?alt=media&token=d5de9e72-013a-42ff-a18d-ed8cdc24ce34
IKI,"Vienkartinės nosinaitės ZEWA FAMILY, 3 sl., 90 vnt.",1.74 €,https://storage.googleapis.com/download/storage/v1/b/lastmile-ui/o/images%2Fproducts%2Fthumb_lnQGkYi4hSz5tpcnVGXK.jpg?generation=1582205000051244&alt=media
IKI,"Pieniškos bandelės TREJOS GIRNOS, 350 g",2.39 €,https://storage.googleapis.com/download/storage/v1/b/lastmile-ui/o/images%2Fproducts%2Fthumb_maqxrNsZyhwcFkCpkDus.jpg?generation=1631696077436186&alt=media
IKI,"Apelsinų kvapo įvairių paviršių valiklis FROSCH, 500 ml",1.64 €,https://storage.googleapis.com/download/storage/v1/b/lastmile-ui/o/images%2Fproducts%2Fthumb_oZRVeD7zdehdPcbvYD2G.jpg?generation=1631695886972106&alt=media
IKI,"Sausainiai MILKA su pieninio šokolado gabaliukais ir pieninio šokolado įdaru, 156 g",1.64 €,https://firebasestorage.googleapis.com/v0/b/lastmile-ui/o/import%2Fphotos%2Fconverted%2Fproduct%2FthumbUrl%2FCvKfTzV4TN5U8BTMF1Hl_233562_Y5wHCakiRVc8Kf1fJt96vh8Tr2I2_F1aUmTEzmsTkUdGZhm3p.webp?alt=media&token=8bcb2453-e2a9-419c-bca0-c14c8dd03302
IKI,"Ančių kepenėlių paštetas NOO, 200 g",1.91 €,https://storage.googleapis.com/download/storage/v1/b/lastmile-ui/o/import%2Fphotos%2Fconverted%2Fproduct%2Fglobal_YK0IRUB3kvWg6udKkRI1_W5RvAbpnRicygag1V4nopPhtD8z2_sFp7Qvx4D3CuNk7QVDDK_thumb.jpg?generation=1683626280546362&alt=media
IKI,"Vaikiški makaronai PASAKA, 400 g",0.59 €,https://storage.googleapis.com/download/storage/v1/b/lastmile-ui/o/images%2Fchain_products%2FIKI%2Fthumb_D4e56hkztp3lCqcbbNV1.jpg?generation=1631696089217840&alt=media
IKI,"Skystas rankų muilas FROSCH POMEGRANATE, 500 ml",2.14 €,https://storage.googleapis.com/download/storage/v1/b/lastmile-ui/o/import%2Fphotos%2Fconverted%2Fproduct%2Fglobal_4acj8EXbpG1Pm48zTfrE_xGdb10o0VzY1SFD6eDjbpqgxmW02_8Xp8TpPJBYKiSdSCmpPM_thumb.jpg?generation=1649221305237374&alt=media
IKI,"Mini čeburekai, apkepti PREMIA, 400 g",2.09 €,https://storage.googleapis.com/download/storage/v1/b/lastmile-ui/o/images%2Fproducts%2Fthumb_8dZdysKpGkXIsbCN3TMu.jpg?generation=1641218427864179&alt=media
IKI,"Makaronai PASAKA (rageliai), 400 g",0.59 €,https://storage.googleapis.com/download/storage/v1/b/lastmile-ui/o/images%2Fchain_products%2FIKI%2Fthumb_4MbsWufyOIe44a5DWO8d.jpg?generation=1631696102488174&alt=media
IKI,"Čiobrelių su avietėmis arbata GAMTOS GURKŠNIS, 30 g",0.99 €,https://storage.googleapis.com/download/storage/v1/b/lastmile-ui/o/import%2Fphotos%2Fconverted%2Fproduct%2FCvKfTzV4TN5U8BTMF1Hl_ocaqGCc2k3kCFbx94SU0_xGdb10o0VzY1SFD6eDjbpqgxmW02_4bSqDaJJgQGD2bRoF2WY_thumb.jpg?generation=1679554246908190&alt=media
IKI,"Krekeriai GAIDELIS Klasika sūrūs sviesto skonio, 70 g",0.79 €,https://storage.googleapis.com/download/storage/v1/b/lastmile-ui/o/import%2Fphotos%2Fconverted%2Fproduct%2FCvKfTzV4TN5U8BTMF1Hl_276513_CvKfTzV4TN5U8BTMF1Hl_W5RvAbpnRicygag1V4nopPhtD8z2_X1Ak2z0aAlJhGWRRgrkm_thumb.jpg?generation=1687860224344134&alt=media
IKI,"Skalbiklis su tulžimi spalvotiems audiniams RINGUVA PLIUS, 2 l",4.79 €,https://firebasestorage.googleapis.com/v0/b/lastmile-ui/o/import%2Fphotos%2Fconverted%2Fproduct%2FthumbUrl%2FCvKfTzV4TN5U8BTMF1Hl_249442_W5RvAbpnRicygag1V4nopPhtD8z2_z8VS60Uwx7NWrhm4TtZK.webp?alt=media&token=3b88a566-59f0-41b0-a779-9ed1a4c1ad5e
IKI,"Kačių ėdalo rinkinys WHISKAS suaugusioms katėms, 4x85 g",1.49 €,https://storage.googleapis.com/download/storage/v1/b/lastmile-ui/o/import%2Fphotos%2Fconverted%2Fproduct%2FCvKfTzV4TN5U8BTMF1Hl_VGSk632Uu3YpBCrPLI0m_W5RvAbpnRicygag1V4nopPhtD8z2_uZgbOCziqaEFQXs157p2_thumb.jpg?generation=1683206237522828&alt=media
IKI,"Tualetinis popierius COLIBRI FAMILY PACK, 24 vnt.",7.49 €,https://storage.googleapis.com/download/storage/v1/b/lastmile-ui/o/import%2Fphotos%2Fconverted%2Fproduct%2FCvKfTzV4TN5U8BTMF1Hl_98XbPqyoVA1QdrksjTDL_CvKfTzV4TN5U8BTMF1Hl_W5RvAbpnRicygag1V4nopPhtD8z2_c2JCWjn3QJyIOO4ziKsF_thumb.jpg?generation=1694670835831657&alt=media
IKI,"Sauskelnės-kelnaitės PAMPERS PANTS 5 (12-17 kg), 48 vnt",14.99 €,https://firebasestorage.googleapis.com/v0/b/lastmile-ui/o/import%2Fphotos%2Fconverted%2Fproduct%2FthumbUrl%2FCvKfTzV4TN5U8BTMF1Hl_99597_Y5wHCakiRVc8Kf1fJt96vh8Tr2I2_ufGGQSTRvn93XPvXzXUd.webp?alt=media&token=f9dcb7e0-9c64-40cb-a98f-a697b08d8bdf
IKI,"Sausainiai MILKA Choco Cookies MILKA, 135 g",1.49 €,https://firebasestorage.googleapis.com/v0/b/lastmile-ui/o/import%2Fphotos%2Fconverted%2Fproduct%2FthumbUrl%2FCvKfTzV4TN5U8BTMF1Hl_202643_Y5wHCakiRVc8Kf1fJt96vh8Tr2I2_Mcquq60yseD9JAofRqpe.webp?alt=media&token=e37de3a7-4ec0-42be-bd3e-aa4445ec5125
IKI,"Traškus žemės riešutų kremas ULDUKAS, 300 g",2.99 €,https://firebasestorage.googleapis.com/v0/b/lastmile-ui/o/import%2Fphotos%2Fconverted%2Fproduct%2FthumbUrl%2FCvKfTzV4TN5U8BTMF1Hl_250906_uF3DptJQvjXHqmno4Mal_BzNOVQZ2vgBYzE6KFKwN.webp?alt=media&token=6b95712d-6511-4690-8066-9d114abd63ec
IKI,"Koncentruota citrinos kvapo indų plovimo priemonė FROSCH, 500 ml",0.89 €,https://storage.googleapis.com/download/storage/v1/b/lastmile-ui/o/images%2Fproducts%2Fthumb_1HNhucUYqkPlEVGi5avS.jpg?generation=1631695737947467&alt=media
IKI,"Varškės sūris ILZENBERGO DVARAS, 400 g",5.99 €,https://storage.googleapis.com/download/storage/v1/b/lastmile-ui/o/images%2Fchain_products%2FIKI%2Fthumb_LY4XKemRvO5UTUQwhuDQ.jpg?generation=1631695976605403&alt=media
IKI,"Skystas skalbiklis WOOLITE Color, 1,8l",4.99 €,https://storage.googleapis.com/download/storage/v1/b/lastmile-ui/o/import%2Fphotos%2Fconverted%2Fproduct%2Fglobal_t2w763ysUM2CF6jQyl6c_xGdb10o0VzY1SFD6eDjbpqgxmW02_8yUvHSr4toiBNix6ZiHR_thumb.jpg?generation=1651640253194184&alt=media
IKI,"Vienkartinės nosinaitės ZEWA SOFTIS MENTHOL, 10 vnt.",0.19 €,https://storage.googleapis.com/download/storage/v1/b/lastmile-ui/o/import%2Fphotos%2Fconverted%2Fproduct%2FCvKfTzV4TN5U8BTMF1Hl_qgCL9uEntTKTYnozI0dK_CvKfTzV4TN5U8BTMF1Hl_W5RvAbpnRicygag1V4nopPhtD8z2_XpXvVgfv8Uxn64sTQBqB_thumb.jpg?generation=1693481676148290&alt=media
IKI,"Panko džiūvėsėliai AJI, 200 g",2.09 €,https://storage.googleapis.com/download/storage/v1/b/lastmile-ui/o/import%2Fphotos%2Fconverted%2Fproduct%2Fglobal_VZ4UkngL7xc0N3CJYCci_xGdb10o0VzY1SFD6eDjbpqgxmW02_Au47RYcH7tYszuOpGQAF_thumb.jpg?generation=1679554246939764&alt=media
IKI,"Pasukų jogurtas su mėlynėmis GAMTOS, 1,2% rieb., 900 g",1.91 €,https://firebasestorage.googleapis.com/v0/b/lastmile-ui/o/import%2Fphotos%2Fconverted%2Fproduct%2FthumbUrl%2FCvKfTzV4TN5U8BTMF1Hl_102874_OrXUvGAuc2NCJDRvzNOTXOM3rsp1_l0riHQRR8eVqlfTFSYJh.webp?alt=media&token=9f3131fe-86bd-4e39-ba49-09fafed1eff3
IKI,"Žemės riešutai JĖGA su svogūnais, 200 g",1.27 €,https://storage.googleapis.com/download/storage/v1/b/lastmile-ui/o/images%2Fchain_products%2FIKI%2Fthumb_HIZJMDjvhIk4rgsaN9nx.jpg?generation=1631695851625840&alt=media
IKI,Jogurtas su persikais ir dribsniais ACTIVIA 4x120g,2.29 €,https://storage.googleapis.com/download/storage/v1/b/lastmile-ui/o/images%2Fchain_products%2FIKI%2Fthumb_pVJUVwzKLguHZt95c11t.jpg?generation=1631696145116915&alt=media
IKI,"Skalbinių minkštiklis su alijošiumi FROSCH, 750 ml",1.59 €,https://storage.googleapis.com/download/storage/v1/b/lastmile-ui/o/images%2Fproducts%2Fthumb_L2tJt5pNVLFaGRpJYm7n.jpg?generation=1582198847235136&alt=media
IKI,"Ekologiškas Migdolų Gėrimas, UAT, 1 l",1.79 €,https://storage.googleapis.com/download/storage/v1/b/lastmile-ui/o/images%2Fproducts%2Fthumb_jgsMdLOVVyxoPiu5KbLh.jpg?generation=1639147554094856&alt=media
IKI,"Tualetų valiklis HARPIC POWER PLUS SPRING, 750 ml",2.39 €,https://storage.googleapis.com/download/storage/v1/b/lastmile-ui/o/import%2Fphotos%2Fconverted%2Fproduct%2FCvKfTzV4TN5U8BTMF1Hl_Rbh7N7uBU5Uti8voFxQY_CvKfTzV4TN5U8BTMF1Hl_kgpjANKEn1eRogaXoIPCJKbg1243_dx92U7XuMcmn5qv8BQN6_thumb.webp?generation=1698320236083257&alt=media
IKI,"Virtas liežuvio vyniotinis, aukščiausia rūšis",9.99 €,https://storage.googleapis.com/download/storage/v1/b/lastmile-ui/o/images%2Fproducts%2Fthumb_U0woSZemEKWqEXqG8LuI.jpg?generation=1631695885183226&alt=media
IKI,"Graikinių riešutų šviesios puselės, 1 kg",7.79 €,https://storage.googleapis.com/download/storage/v1/b/lastmile-ui/o/images%2Fproducts%2Fthumb_1t8Lu6D14tQv0LXnZoAw.jpg?generation=1639147507107774&alt=media
IKI,"Universalieji prieskoniai VEGETA, 75 g",0.59 €,https://storage.googleapis.com/download/storage/v1/b/lastmile-ui/o/images%2Fchain_products%2FIKI%2Fthumb_O73u1vDxmz8ZklW8kVy1.jpg?generation=1631696094839271&alt=media
IKI,"Kavos gėrimas JACOBS 3IN1, 152 g",1.79 €,https://firebasestorage.googleapis.com/v0/b/lastmile-ui/o/import%2Fphotos%2Fconverted%2Fproduct%2FthumbUrl%2FCvKfTzV4TN5U8BTMF1Hl_53211_uF3DptJQvjXHqmno4Mal_FilsDuczeRVSX0fUPgAT.webp?alt=media&token=7972938a-59f1-4676-840a-bea959c7923d
IKI,"PIKANTIŠKOS salotos IKI ŠEFAI, 300 g",2.23 €,https://firebasestorage.googleapis.com/v0/b/lastmile-ui/o/import%2Fphotos%2Fconverted%2Fproduct%2FthumbUrl%2FCvKfTzV4TN5U8BTMF1Hl_258341_W5RvAbpnRicygag1V4nopPhtD8z2_ZM830YnWIW4L5D11mVt5.webp?alt=media&token=443e51eb-4b89-4ce6-ab50-f0d59986ba01
IKI,"Indaplovių druska SOMAT SALT, 1,5 kg",2.74 €,https://storage.googleapis.com/download/storage/v1/b/lastmile-ui/o/import%2Fphotos%2Fconverted%2Fproduct%2FCvKfTzV4TN5U8BTMF1Hl_VuA2mLxJPuNsvpXaVKz4_CvKfTzV4TN5U8BTMF1Hl_W5RvAbpnRicygag1V4nopPhtD8z2_GvxDerDo2bVPk02tfpP3_thumb.jpg?generation=1690376602217212&alt=media
IKI,"Kietasis sūris, 12 mėnesių brandinimo DŽIUGAS MILD, 40% riebumo, 180 g",3.19 €,https://firebasestorage.googleapis.com/v0/b/lastmile-ui/o/import%2Fphotos%2Fconverted%2Fproduct%2FthumbUrl%2FCvKfTzV4TN5U8BTMF1Hl_9709_W5RvAbpnRicygag1V4nopPhtD8z2_L5x0v2lFaQ3SkcGHQMpF.webp?alt=media&token=a8658c1a-e41d-49ca-b75f-e1e8c7099ed1
IKI,"Traškučiai TAFFEL SAN DIEGO Mega Pack, 250 g",1.99 €,https://storage.googleapis.com/download/storage/v1/b/lastmile-ui/o/import%2Fphotos%2Fconverted%2Fproduct%2Fglobal_MzYFEJBSW5283No9TqBv_xGdb10o0VzY1SFD6eDjbpqgxmW02_jOvI5bQcNxm4sNSapVFK_thumb.jpg?generation=1667978460836565&alt=media
IKI,"Vatos diskeliai CLEANIC PURE EFFECT, 120 vnt.",1.14 €,https://firebasestorage.googleapis.com/v0/b/lastmile-ui/o/import%2Fphotos%2Fconverted%2Fproduct%2FthumbUrl%2FCvKfTzV4TN5U8BTMF1Hl_1207_uF3DptJQvjXHqmno4Mal_s6MTodhmYPL1CpKOSyRE.webp?alt=media&token=423d6b5a-c280-4405-beda-708535d12ef3
IKI,"Negazuotas gėrimas VITAMIN PERFORMANCE POWER, 0,75 l",0.97 €,https://storage.googleapis.com/download/storage/v1/b/lastmile-ui/o/images%2Fproducts%2Fthumb_0yg3dFMkDbsTv9XOr1cd.jpg?generation=1631695839067557&alt=media
IKI,LIETUVIŠKI FASUOTI OBUOLIAI,1.59 €,https://storage.googleapis.com/download/storage/v1/b/lastmile-ui/o/images%2Fproducts%2Fthumb_y8eS3ylBsYUZlEGfM7ZV.jpg?generation=1589636343969511&alt=media
IKI,"SENOJO DVARO sūris 45% r.s.m.. brandintas 6 mėn, raikytas, 150 g",2.31 €,https://storage.googleapis.com/download/storage/v1/b/lastmile-ui/o/import%2Fphotos%2Fconverted%2Fproduct%2Fglobal_eLxtoQ7fJBewn0TiWaQe_xGdb10o0VzY1SFD6eDjbpqgxmW02_ZefWbHrJx9ibgpgmCkwm_thumb.jpg?generation=1644326726656581&alt=media
IKI,"Keptas vištų kepenėlių paštetas su pistacijomis IKI ŠEFAI, 200 g",3.39 €,https://firebasestorage.googleapis.com/v0/b/lastmile-ui/o/import%2Fphotos%2Fconverted%2Fproduct%2FthumbUrl%2FCvKfTzV4TN5U8BTMF1Hl_202646_W5RvAbpnRicygag1V4nopPhtD8z2_mVj4V5szmNx6HSTg1lba.webp?alt=media&token=9fc591f3-50d1-41f3-be4a-08321b223dd7
IKI,"Lukštentos saulėgrąžų sėklos, 1 kg",2.39 €,https://storage.googleapis.com/download/storage/v1/b/lastmile-ui/o/images%2Fproducts%2Fthumb_aAiq0vdlEifKiKR7l0z0.jpg?generation=1631696077974067&alt=media
IKI,"Švelniai gazuotas natūralus mineralinis vanduo RASA ETNO, 1,5 l",0.45 €,https://storage.googleapis.com/download/storage/v1/b/lastmile-ui/o/import%2Fphotos%2Fconverted%2Fproduct%2FCvKfTzV4TN5U8BTMF1Hl_K1J18iiLOng74U7H6jtC_xGdb10o0VzY1SFD6eDjbpqgxmW02_kpViBJCGIFviKSED0Npb_thumb.jpg?generation=1671102700364110&alt=media
IKI,"Vafliai su šokoladiniu įdaru ROSHEN, 216 g",1.39 €,https://firebasestorage.googleapis.com/v0/b/lastmile-ui/o/import%2Fphotos%2Fconverted%2Fproduct%2FthumbUrl%2FCvKfTzV4TN5U8BTMF1Hl_253855_W5RvAbpnRicygag1V4nopPhtD8z2_47miLBB2uWlbaLjnciTz.webp?alt=media&token=fd1ad61d-1caa-4220-886d-5c56b078b348
IKI,"Popieriniai rankšluosčiai ZEWA KLASSIK (2 sluoksnių), 2 vnt.",1.49 €,https://storage.googleapis.com/download/storage/v1/b/lastmile-ui/o/images%2Fproducts%2Fthumb_tvEf2PThcquMgup5xdNF.jpg?generation=1631696151228374&alt=media
IKI,"Biskvitiniai sausainiai su apelsinų skonio želiniu įdaru MILKA, 147 g",1.49 €,https://firebasestorage.googleapis.com/v0/b/lastmile-ui/o/import%2Fphotos%2Fconverted%2Fproduct%2FthumbUrl%2FCvKfTzV4TN5U8BTMF1Hl_46429_Y5wHCakiRVc8Kf1fJt96vh8Tr2I2_ttp1lGOnmR8GKooUvZdQ.webp?alt=media&token=ba84ae18-5de0-427f-bbda-545fd9eae8b3
IKI,"Skalbiamasis muilas su tulžimi RINGUVA, 150 g",0.95 €,https://storage.googleapis.com/download/storage/v1/b/lastmile-ui/o/images%2Fproducts%2Fthumb_AIGiOWFyqgggnEUHoATB.jpg?generation=1594714696101978&alt=media
IKI,"Pistacijos kepintos, sūdytos ALVO, 100 g",1.49 €,https://storage.googleapis.com/download/storage/v1/b/lastmile-ui/o/import%2Fphotos%2Fconverted%2Fproduct%2Fglobal_rpKHmHZlBBmmiZlBNl3u_xGdb10o0VzY1SFD6eDjbpqgxmW02_8Wmbk47vc6rYNxSnnN3g_thumb.jpg?generation=1667978457458543&alt=media
IKI,"Vaisinis kepinėlis PAGAMINTA IKI, 130 g",2.87 €,https://firebasestorage.googleapis.com/v0/b/lastmile-ui/o/import%2Fphotos%2Fconverted%2Fproduct%2FthumbUrl%2FCvKfTzV4TN5U8BTMF1Hl_221037_W5RvAbpnRicygag1V4nopPhtD8z2_m6XWZWqZ6FcnAJ2Z6RTS.webp?alt=media&token=2f31b66b-f5de-4371-9adf-23cfe10e9780
IKI,"WC valiklis DOMESTOS CITRUS FRESH, 750 ml",1.74 €,https://storage.googleapis.com/download/storage/v1/b/lastmile-ui/o/images%2Fchain_products%2FIKI%2Fthumb_ZtgSc5m1SDnknXmHSRDr.jpg?generation=1631696113198369&alt=media
IKI,"Jogurtas su mėlynėmis ACTIVIA, 4x120g",2.29 €,https://storage.googleapis.com/download/storage/v1/b/lastmile-ui/o/images%2Fproducts%2Fthumb_b4be5f7X2IzN38toG4E2.jpg?generation=1639123296198711&alt=media
IKI,"Tuno gabaliukai savo sultyse SUN&SEA, 80 g",1.49 €,https://storage.googleapis.com/download/storage/v1/b/lastmile-ui/o/images%2Fproducts%2Fthumb_xTnFbU7Of0DKKVTSKJxr.jpg?generation=1631695764740535&alt=media
IKI,"Basmati ryžiai HIMALAYAN CROWN, 800 g",2.99 €,https://storage.googleapis.com/download/storage/v1/b/lastmile-ui/o/images%2Fproducts%2Fthumb_T5XiNH3SSxNdWh8kgi56.jpg?generation=1631695902860473&alt=media
IKI,"Ekologiškas nesmulkintų avižų gėrimas BILLA BIO, 1 l",1.79 €,https://storage.googleapis.com/download/storage/v1/b/lastmile-ui/o/images%2Fproducts%2Fthumb_TC8GOaBnsTiLFAjq0BXw.jpg?generation=1639147620653245&alt=media
IKI,"Ekologiška kriaušių, bananų ir kivių tyrelė nuo 6 mėn. HIPP, 100 g",1.42 €,https://storage.googleapis.com/download/storage/v1/b/lastmile-ui/o/import%2Fphotos%2Fconverted%2Fproduct%2Fglobal_vpyWBjCTqFxvPjwAJ17B_xGdb10o0VzY1SFD6eDjbpqgxmW02_TtejMI6RKF6g3q1PAniP_thumb.jpg?generation=1644428187348647&alt=media
IKI,"Negazuotas gėrimas su magniu ir vitaminu b6 VITAMIN H20, 555 ml",1.11 €,https://firebasestorage.googleapis.com/v0/b/lastmile-ui/o/import%2Fphotos%2Fconverted%2Fproduct%2FthumbUrl%2FCvKfTzV4TN5U8BTMF1Hl_231475_OrXUvGAuc2NCJDRvzNOTXOM3rsp1_9q9sbCzak2CFQF2mwaJr.webp?alt=media&token=88a0f8bb-f048-42f5-ae9b-224ab64c05de
IKI,"Trikampis sumuštinis su vištienos įdaru IKI ŠEFAI, 150 g",1.79 €,https://firebasestorage.googleapis.com/v0/b/lastmile-ui/o/import%2Fphotos%2Fconverted%2Fproduct%2FthumbUrl%2FCvKfTzV4TN5U8BTMF1Hl_83431_W5RvAbpnRicygag1V4nopPhtD8z2_3VctWTrnew2wTaxXMexr.webp?alt=media&token=69232b3b-6bb8-44db-9ad5-0d6d36fe2d0d
IKI,"Virta dešra EKSTRA DAKTARIŠKA, aukščiausia rūšis, 400 g",5.43 €,https://firebasestorage.googleapis.com/v0/b/lastmile-ui/o/import%2Fphotos%2Fconverted%2Fproduct%2FthumbUrl%2FCvKfTzV4TN5U8BTMF1Hl_243106_OrXUvGAuc2NCJDRvzNOTXOM3rsp1_984mDeRN5kJnna2SSoYM.webp?alt=media&token=7faf3f98-6832-464a-aeb1-2a346643bc41
IKI,"Dantų pasta LACALUT AKTIV, 75 ml",2.09 €,https://storage.googleapis.com/download/storage/v1/b/lastmile-ui/o/images%2Fchain_products%2FIKI%2Fthumb_mfnNwj9fCsmV0dFcxqI0.jpg?generation=1631695741828994&alt=media
IKI,"Glotnus žemės riešutų kremas ULDUKAS, 300 g",2.99 €,https://firebasestorage.googleapis.com/v0/b/lastmile-ui/o/import%2Fphotos%2Fconverted%2Fproduct%2FthumbUrl%2FCvKfTzV4TN5U8BTMF1Hl_250905_uF3DptJQvjXHqmno4Mal_sYdHIXs7WY3FJPC13Fqv.webp?alt=media&token=f3c25187-e962-44c1-89dc-27ef4a449929
IKI,"Rauginto pieno gėrimas RIAŽENKA su bifidobakterijomis, 3,2% rieb., 500 g",1.35 €,https://storage.googleapis.com/download/storage/v1/b/lastmile-ui/o/images%2Fproducts%2Fthumb_FOR5tzAUbaixGgJ6n2CV.jpg?generation=1631696115041415&alt=media
IKI,"Duonos traškučiai BON CHANCE su grietine ir svogūnais, 120 g",1.57 €,https://storage.googleapis.com/download/storage/v1/b/lastmile-ui/o/import%2Fphotos%2Fconverted%2Fproduct%2FCvKfTzV4TN5U8BTMF1Hl_sTMOtAk8Xl0nTBCFbeVa_CvKfTzV4TN5U8BTMF1Hl_W5RvAbpnRicygag1V4nopPhtD8z2_34Gmu3Y2fg9AjDPvc1Pn_thumb.jpg?generation=1695117371269663&alt=media
IKI,"Šokoladas iš alpių pieno su smulkintais lazdynų riešutais MILKA, 100 g",1.29 €,https://firebasestorage.googleapis.com/v0/b/lastmile-ui/o/import%2Fphotos%2Fconverted%2Fproduct%2FthumbUrl%2FCvKfTzV4TN5U8BTMF1Hl_102207_Y5wHCakiRVc8Kf1fJt96vh8Tr2I2_4drPadcy7WtTnUmzcmeC.webp?alt=media&token=256c103a-9baa-42e4-b956-9a6ba43244e1
IKI,"Guminukai dantukai FINI, 90 g",1.09 €,https://storage.googleapis.com/download/storage/v1/b/lastmile-ui/o/images%2Fproducts%2Fthumb_I2xMkQGEApD6Fb2Bjkvz.jpg?generation=1631696146731427&alt=media
IKI,Plonosios kiaulienos dešrelės su šonine,6.37 €,https://storage.googleapis.com/download/storage/v1/b/lastmile-ui/o/images%2Fproducts%2Fthumb_DcgxuDYF4XYQ21PeHfUU.jpg?generation=1639123460471902&alt=media
IKI,"Sūrio skonio bulvių traškučiai ESTRELLA, 180 g",2.29 €,https://storage.googleapis.com/download/storage/v1/b/lastmile-ui/o/import%2Fphotos%2Fconverted%2Fproduct%2FCvKfTzV4TN5U8BTMF1Hl_RjdO2T9fjlCxwAssXCxm_CvKfTzV4TN5U8BTMF1Hl_W5RvAbpnRicygag1V4nopPhtD8z2_reMB9haw6GizgVLcePtU_thumb.jpg?generation=1692871406811665&alt=media
IKI,"Saldainių rinkinys RAFFAELLO, 230g",4.95 €,https://storage.googleapis.com/download/storage/v1/b/lastmile-ui/o/import%2Fphotos%2Fconverted%2Fproduct%2FCvKfTzV4TN5U8BTMF1Hl_IwjbJ9BXzAjyhMp2EF2R_W5RvAbpnRicygag1V4nopPhtD8z2_X4j0uHLJROPmmA3HOKe7_thumb.jpg?generation=1685087751316069&alt=media
IKI,"WC valiklis BREF HYGIENE&SHINE FLORAL DELIGHT, 700 ml",1.89 €,https://storage.googleapis.com/download/storage/v1/b/lastmile-ui/o/images%2Fproducts%2Fthumb_tBRliwepNIH0xcI4n4N8.jpg?generation=1631695869583952&alt=media
IKI,"Mažesni aviečių skonio javinukai JAVINĖ, 150 g",1.04 €,https://storage.googleapis.com/download/storage/v1/b/lastmile-ui/o/images%2Fproducts%2Fthumb_HeIo1PnGIfUmuXQHbv2z.jpg?generation=1631695981331865&alt=media
IKI,"Greitai paruošiami makaronai aštrios vištienos skonio REEVA, 60 g",0.35 €,https://firebasestorage.googleapis.com/v0/b/lastmile-ui/o/import%2Fphotos%2Fconverted%2Fproduct%2FthumbUrl%2FCvKfTzV4TN5U8BTMF1Hl_274264_OrXUvGAuc2NCJDRvzNOTXOM3rsp1_6EugIrUoVsgtkyhGhWy1.webp?alt=media&token=572773d5-1958-45a6-ae18-21d70a2af37e
IKI,"Kalkių valiklis su aviečių actu FROSCH, 500 ml",1.89 €,https://storage.googleapis.com/download/storage/v1/b/lastmile-ui/o/images%2Fproducts%2Fthumb_83GhrCW51borylshYrdb.jpg?generation=1631695889915973&alt=media
IKI,"Popierinės nosinaitės RENOVA GREEN, 1 vnt.",0.14 €,https://storage.googleapis.com/download/storage/v1/b/lastmile-ui/o/images%2Fproducts%2Fthumb_yYqKumyKL7vJDyvuAbxm.jpg?generation=1631695788314434&alt=media
IKI,"Prieskoniai bulvėms VEGETA NATUR, 20 g",0.59 €,https://storage.googleapis.com/download/storage/v1/b/lastmile-ui/o/import%2Fphotos%2Fconverted%2Fproduct%2Fglobal_BCtZAmrreM3P2nwEh3eh_xGdb10o0VzY1SFD6eDjbpqgxmW02_YF8bJXTgiMEyFgdugsXC_thumb.jpg?generation=1646047340735263&alt=media
IKI,Pyragas Napoleonas,9.99 €,https://firebasestorage.googleapis.com/v0/b/lastmile-ui/o/import%2Fphotos%2Fconverted%2Fproduct%2FthumbUrl%2FCvKfTzV4TN5U8BTMF1Hl_221070_OrXUvGAuc2NCJDRvzNOTXOM3rsp1_Ta3poSRi2OEyklkODNNX.webp?alt=media&token=f63f12c5-2c63-4769-8e2e-16df29a1ac0e
IKI,"Kepimo milteliai SAUDA, 100 g",0.41 €,https://storage.googleapis.com/download/storage/v1/b/lastmile-ui/o/import%2Fphotos%2Fconverted%2Fproduct%2Fglobal_RL8PtoFINf3PmWwJ60Hj_xGdb10o0VzY1SFD6eDjbpqgxmW02_0A27pWbxcNynBByWgnof_thumb.jpg?generation=1644326726109794&alt=media
IKI,"Šokolado skonio javinukai JAVINĖ, 150 g",1.04 €,https://storage.googleapis.com/download/storage/v1/b/lastmile-ui/o/images%2Fchain_products%2FIKI%2Fthumb_Lok6Ahyq5rWfzwHTvVDE.jpg?generation=1631696105738824&alt=media
IKI,"Vaniliniai, švelnūs bučinukai aplieti šokoladu LAIMA, 175 g",2.47 €,https://firebasestorage.googleapis.com/v0/b/lastmile-ui/o/import%2Fphotos%2Fconverted%2Fproduct%2FthumbUrl%2FCvKfTzV4TN5U8BTMF1Hl_66194_OrXUvGAuc2NCJDRvzNOTXOM3rsp1_z0s64LMYTkGgJQAInceB.webp?alt=media&token=9fef61a7-db67-40a1-b6bf-9bebcc53e5b9
IKI,"Kačių ėdalo rinkinys WHISKAS SKANUMĖLIS, 400 g",1.55 €,https://storage.googleapis.com/download/storage/v1/b/lastmile-ui/o/import%2Fphotos%2Fconverted%2Fproduct%2FCvKfTzV4TN5U8BTMF1Hl_NENGP5Xz6YWzNtRh8iyL_xGdb10o0VzY1SFD6eDjbpqgxmW02_vY34NL1JofIWjp5Fwdc4_thumb.jpg?generation=1679554240850147&alt=media
IKI,Lietuviškas varškės sūris DVARO su kmynais,14.71 €,https://firebasestorage.googleapis.com/v0/b/lastmile-ui/o/import%2Fphotos%2Fconverted%2Fproduct%2FthumbUrl%2FCvKfTzV4TN5U8BTMF1Hl_267334_uF3DptJQvjXHqmno4Mal_Js96OSbFxYcCYCLb4w6T.webp?alt=media&token=5399ca48-7e4c-4e3d-8741-39ab0d2dfcef
IKI,"Universalieji prieskoniai VEGETA NATUR be maisto priedų, 150 g",1.49 €,https://storage.googleapis.com/download/storage/v1/b/lastmile-ui/o/images%2Fchain_products%2FIKI%2Fthumb_v7GUtds1V3xlvQoCNfaX.jpg?generation=1631696148187288&alt=media
IKI,"Kava NESCAFE DOLCE GUSTO BUONGIORNO GRANDE INTENSO, 160 g",4.99 €,https://firebasestorage.googleapis.com/v0/b/lastmile-ui/o/import%2Fphotos%2Fconverted%2Fproduct%2FthumbUrl%2FCvKfTzV4TN5U8BTMF1Hl_208366_Y5wHCakiRVc8Kf1fJt96vh8Tr2I2_0rEJmN59n4vo02tLwRoW.webp?alt=media&token=b5ef846d-98cb-4fb5-a5e2-3211fccef617
IKI,"Skalbinių minkštiklis FROSCH, 1 l",1.74 €,https://storage.googleapis.com/download/storage/v1/b/lastmile-ui/o/images%2Fproducts%2Fthumb_NHQycBEdPIEC38YAaIib.jpg?generation=1631695855209964&alt=media
IKI,"Vytinta dešra aukščiausia rūšis JUBILIEJAUS, 200 g",5.17 €,https://storage.googleapis.com/download/storage/v1/b/lastmile-ui/o/images%2Fchain_products%2FIKI%2Fthumb_BVivOfS4JxyCE2Sdtymz.jpg?generation=1631695900510149&alt=media
IKI,"Tualetinis popierius RENOVA SKIN CARE LOTION, 4 vnt.",2.14 €,https://firebasestorage.googleapis.com/v0/b/lastmile-ui/o/import%2Fphotos%2Fconverted%2Fproduct%2FthumbUrl%2FCvKfTzV4TN5U8BTMF1Hl_258914_uF3DptJQvjXHqmno4Mal_AuHZJxRtFYgDelJrbN7P.webp?alt=media&token=0920e1a0-f42e-4ca6-adcd-b42d41bdb902
IKI,Popierinis rankšluostis DIONA 2 sluoksnių,3.14 €,https://storage.googleapis.com/download/storage/v1/b/lastmile-ui/o/import%2Fphotos%2Fconverted%2Fproduct%2FCvKfTzV4TN5U8BTMF1Hl_wELoyPrzRSxlmAJnPUvd_xGdb10o0VzY1SFD6eDjbpqgxmW02_jFyZV5AEvR2VjaCaCAmf_thumb.jpg?generation=1646660360033932&alt=media
IKI,"Grikių kruopos SKANĖJA, 800 g",2.39 €,https://storage.googleapis.com/download/storage/v1/b/lastmile-ui/o/images%2Fproducts%2Fthumb_Azwp4VMOiI48ihvQJV3c.jpg?generation=1631696105358005&alt=media
IKI,"Duonos traškučiai BON CHANCE su sūriu ir česnakais, 240 g",2.39 €,https://storage.googleapis.com/download/storage/v1/b/lastmile-ui/o/import%2Fphotos%2Fconverted%2Fproduct%2FCvKfTzV4TN5U8BTMF1Hl_5yY36XsSqje0fgdpbBap_CvKfTzV4TN5U8BTMF1Hl_W5RvAbpnRicygag1V4nopPhtD8z2_OQjBZsIEmOky4QnpI4MP_thumb.jpg?generation=1695117374967894&alt=media
IKI,"Malti juodieji pipirai SAUDA, 100 g",1.60 €,https://storage.googleapis.com/download/storage/v1/b/lastmile-ui/o/images%2Fproducts%2Fthumb_KeCmvsY8U0akmaxT1Ve2.jpg?generation=1631695740762554&alt=media
IKI,"PAGALVĖ 50X70 CM, poliesterio užpildas 550 g/m",3.99 €,https://storage.googleapis.com/download/storage/v1/b/lastmile-ui/o/import%2Fphotos%2Fconverted%2Fproduct%2FCvKfTzV4TN5U8BTMF1Hl_277262_CvKfTzV4TN5U8BTMF1Hl_W5RvAbpnRicygag1V4nopPhtD8z2_6dZjwyBKmMGpGaphupOE_thumb.jpg?generation=1694670835011607&alt=media
IKI,Raudonieji greipfrutai POMELO,1.39 €,https://storage.googleapis.com/download/storage/v1/b/lastmile-ui/o/images%2Fproducts%2Fthumb_8eH8OrL8PC5YMOTmujnn.jpg?generation=1639147508140146&alt=media
IKI,Varškė liesa ŽEMAITIJOS,4.99 €,https://firebasestorage.googleapis.com/v0/b/lastmile-ui/o/import%2Fphotos%2Fconverted%2Fproduct%2FthumbUrl%2FCvKfTzV4TN5U8BTMF1Hl_206301_Y5wHCakiRVc8Kf1fJt96vh8Tr2I2_tYBKJUez8y0yYfzWCJbD.webp?alt=media&token=7c3a61e1-1703-483a-9f84-e4d543f09781
IKI,"Minkšti pyragaičiai su šokoladu MILKA CHOCO BROWNIE, 150 g",1.99 €,https://firebasestorage.googleapis.com/v0/b/lastmile-ui/o/import%2Fphotos%2Fconverted%2Fproduct%2FthumbUrl%2FCvKfTzV4TN5U8BTMF1Hl_272821_Y5wHCakiRVc8Kf1fJt96vh8Tr2I2_vRDNI8cO1oZWFZUTeXAL.webp?alt=media&token=34088a2d-260d-41ec-93f3-96c4808633f3
IKI,"Biskvitiniai pyragaičiai MILKA TENDER MOO, 140 g",1.74 €,https://firebasestorage.googleapis.com/v0/b/lastmile-ui/o/import%2Fphotos%2Fconverted%2Fproduct%2FthumbUrl%2FCvKfTzV4TN5U8BTMF1Hl_267268_Y5wHCakiRVc8Kf1fJt96vh8Tr2I2_4yWw5f8Qlc2CFDG31tW3.webp?alt=media&token=39b1b0f3-c6a0-4437-aef1-ac406b02f921
IKI,"Ekologiški greito paruošimo avižų dribsniai EKO DOBELE, 500 g",1.19 €,https://storage.googleapis.com/download/storage/v1/b/lastmile-ui/o/import%2Fphotos%2Fconverted%2Fproduct%2FCvKfTzV4TN5U8BTMF1Hl_AzbSIS35H3WvCKenYHhG_CvKfTzV4TN5U8BTMF1Hl_W5RvAbpnRicygag1V4nopPhtD8z2_UGtQBWZ6ygHl5yXgDF9U_thumb.jpg?generation=1693481696750577&alt=media
IKI,"Skystas muilas PALMOLIVE ALMOND REFILL, 500 ml",1.64 €,https://firebasestorage.googleapis.com/v0/b/lastmile-ui/o/import%2Fphotos%2Fconverted%2Fproduct%2FthumbUrl%2FCvKfTzV4TN5U8BTMF1Hl_216113_W5RvAbpnRicygag1V4nopPhtD8z2_Of2067366z60QfjWjkef.webp?alt=media&token=60d088ca-b682-4e74-8a1c-bc3e6fb4cf65
IKI,"Gazuotas kriaušių skonio gaivusis gėrimas SELITA KLASIKA, 1,5 l",0.89 €,https://firebasestorage.googleapis.com/v0/b/lastmile-ui/o/import%2Fphotos%2Fconverted%2Fproduct%2FthumbUrl%2FCvKfTzV4TN5U8BTMF1Hl_231502_W5RvAbpnRicygag1V4nopPhtD8z2_VCWC7hv6FYFP4tYp6w81.webp?alt=media&token=c39cee60-a1b4-4250-9cdb-9534873c0afa
IKI,"Vištienos faršas be E, šviežias NKP/VP, 400 g",1.99 €,https://firebasestorage.googleapis.com/v0/b/lastmile-ui/o/import%2Fphotos%2Fconverted%2Fproduct%2FthumbUrl%2FCvKfTzV4TN5U8BTMF1Hl_284600_OrXUvGAuc2NCJDRvzNOTXOM3rsp1_yzEdWlUPBvkAUUiDv9Lj.webp?alt=media&token=9326a638-5f8a-4ebe-854b-5011896e88ae
IKI,"Ekologiškas dušo ir vonios valiklis FROSCH, 500 ml",1.59 €,https://storage.googleapis.com/download/storage/v1/b/lastmile-ui/o/import%2Fphotos%2Fconverted%2Fproduct%2Fglobal_FpTMNgOq7zWprGuiIsTY_xGdb10o0VzY1SFD6eDjbpqgxmW02_Bmw3TQgd6V9A5rh7kOaE_thumb.jpg?generation=1649221297470977&alt=media
IKI,"Sauskelnės-kelnaitės PAMPERS PANTS 6 (15+ kg), 44 vnt",14.99 €,https://firebasestorage.googleapis.com/v0/b/lastmile-ui/o/import%2Fphotos%2Fconverted%2Fproduct%2FthumbUrl%2FCvKfTzV4TN5U8BTMF1Hl_235371_Y5wHCakiRVc8Kf1fJt96vh8Tr2I2_JB1P1MghKTvOsY9apE33.webp?alt=media&token=d5d9a344-6279-4348-9a0d-c8b47b9739aa
IKI,"Raikyta, plikyta KLAIPĖDOS DUONA su saulėgrąžomis, 400 g",1.19 €,https://firebasestorage.googleapis.com/v0/b/lastmile-ui/o/import%2Fphotos%2Fconverted%2Fproduct%2FthumbUrl%2FCvKfTzV4TN5U8BTMF1Hl_58480_uF3DptJQvjXHqmno4Mal_LtipBysh60NmgugS12lS.webp?alt=media&token=65aa3bee-abfb-4fea-bd0c-fc6235f9cafe
IKI,"Biri cukraus pudra SAUDA, 300 g",1.32 €,https://storage.googleapis.com/download/storage/v1/b/lastmile-ui/o/images%2Fproducts%2Fthumb_2pZkiee1aIruTyNfNwwX.jpg?generation=1640008847222252&alt=media
IKI,"Kepinti jūros dumblių lapai AJI, 25 g",2.09 €,https://storage.googleapis.com/download/storage/v1/b/lastmile-ui/o/images%2Fchain_products%2FIKI%2Fthumb_6lojxoJm5GjWN7J5mBRS.jpg?generation=1631695839726024&alt=media
IKI,"Saulėgrąžų aliejus NATURA, 1,5 l",3.59 €,https://storage.googleapis.com/download/storage/v1/b/lastmile-ui/o/images%2Fproducts%2Fthumb_alpo8agRiJdHDa8yQUNN.jpg?generation=1631695804821391&alt=media
IKI,"Džiovintos slyvos, 1 kg",4.79 €,https://storage.googleapis.com/download/storage/v1/b/lastmile-ui/o/images%2Fproducts%2Fthumb_eqjfdKUjI3dgHlgE13oT.jpg?generation=1631696136449234&alt=media
IKI,"Drėgnos antibakterinės servetėles CLEANIC ANTISEPTIC, 15 vnt.",0.49 €,https://storage.googleapis.com/download/storage/v1/b/lastmile-ui/o/import%2Fphotos%2Fconverted%2Fproduct%2FCvKfTzV4TN5U8BTMF1Hl_s2qxtO9ETXL8VTZW8hiP_xGdb10o0VzY1SFD6eDjbpqgxmW02_YbC6ZtkHuZU1PAh83RAV_thumb.jpg?generation=1646660354285206&alt=media
IKI,"Bekono skonio bulvių traškučiai ESTRELLA, 180 g",2.29 €,https://storage.googleapis.com/download/storage/v1/b/lastmile-ui/o/import%2Fphotos%2Fconverted%2Fproduct%2FCvKfTzV4TN5U8BTMF1Hl_ih5lRvtd8Yl06b7swrFI_CvKfTzV4TN5U8BTMF1Hl_W5RvAbpnRicygag1V4nopPhtD8z2_cSVicTUP2v58ZopH5Ort_thumb.jpg?generation=1692871406821804&alt=media
IKI,"Vanilinio skonio saldainiai PAUKŠČIŲ PIENAS, 160 g",3.51 €,https://storage.googleapis.com/download/storage/v1/b/lastmile-ui/o/images%2Fchain_products%2FIKI%2Fthumb_KiJYQxzrc1jome7vREDG.jpg?generation=1643133648997019&alt=media
IKI,"Saldainiai - guminukai FINI RYKLIAI, 90 g",1.09 €,https://storage.googleapis.com/download/storage/v1/b/lastmile-ui/o/images%2Fproducts%2Fthumb_LLqvQylL9vm10appD6XE.jpg?generation=1631695744541905&alt=media
IKI,"Indų ploviklis FAIRY Lemon, 900ml",2.63 €,https://firebasestorage.googleapis.com/v0/b/lastmile-ui/o/import%2Fphotos%2Fconverted%2Fproduct%2FthumbUrl%2FCvKfTzV4TN5U8BTMF1Hl_235963_Y5wHCakiRVc8Kf1fJt96vh8Tr2I2_s0pVlA49YW9gREI0Nstj.webp?alt=media&token=3a9b7f5d-8083-4396-971c-b8a5c2991af3
IKI,Jogurtas su miško uogomis ACTIVIA 4x120 g,2.29 €,https://storage.googleapis.com/download/storage/v1/b/lastmile-ui/o/import%2Fphotos%2Fconverted%2Fproduct%2Fglobal_UWbDoUfaIx56do8Nngis_xGdb10o0VzY1SFD6eDjbpqgxmW02_0M4r3fwIyEQsaFJZgUlK_thumb.jpg?generation=1646047341617819&alt=media
IKI,"Kibinas su kiaulienos įdaru, 105 g",0.69 €,https://firebasestorage.googleapis.com/v0/b/lastmile-ui/o/import%2Fphotos%2Fconverted%2Fproduct%2FthumbUrl%2FCvKfTzV4TN5U8BTMF1Hl_284571_W5RvAbpnRicygag1V4nopPhtD8z2_Fq3Rsrz5qMFF5qE5pDPz.webp?alt=media&token=5300e902-828f-4fae-a3e8-d5f87ba1ca59
IKI,"Žemės riešutai JĖGA su paprikomis, 200 g",1.27 €,https://storage.googleapis.com/download/storage/v1/b/lastmile-ui/o/images%2Fchain_products%2FIKI%2Fthumb_nG5dq2Ryr7veF7FhI0h7.jpg?generation=1631695718558885&alt=media
IKI,"Duonos traškučiai BON CHANCE, 240 g",2.39 €,https://storage.googleapis.com/download/storage/v1/b/lastmile-ui/o/import%2Fphotos%2Fconverted%2Fproduct%2FCvKfTzV4TN5U8BTMF1Hl_7UoKkvjoFGexQGMZ6BpO_CvKfTzV4TN5U8BTMF1Hl_W5RvAbpnRicygag1V4nopPhtD8z2_YHMmTMTLbWTNpKHcTGYV_thumb.jpg?generation=1695117370086806&alt=media
IKI,"Ekologiška obuolių, bananų, aviečių tyrelė su grūdais HIPP nio 6 mėn., 100 g",1.42 €,https://storage.googleapis.com/download/storage/v1/b/lastmile-ui/o/images%2Fproducts%2Fthumb_wRgB0tAIhH72GB7l2CSM.jpg?generation=1644059267959294&alt=media
IKI,"Ekologiškas universalusis valiklis FROSCH SODA, 500 ml",1.89 €,https://storage.googleapis.com/download/storage/v1/b/lastmile-ui/o/images%2Fproducts%2Fthumb_kBgfoKw3TfN45w9p04Bm.jpg?generation=1582204624214015&alt=media
IKI,"Kava NESCAFE DOLCE GUSTO CARAMEL LATTE MACCHIATO, 169 g",4.99 €,https://firebasestorage.googleapis.com/v0/b/lastmile-ui/o/import%2Fphotos%2Fconverted%2Fproduct%2FthumbUrl%2FCvKfTzV4TN5U8BTMF1Hl_216003_Y5wHCakiRVc8Kf1fJt96vh8Tr2I2_hDyt77MVilQTkw8VHagv.webp?alt=media&token=1f4ec2d5-a91f-4ebd-9909-cda9df00f95b
IKI,"Kepti ŽEMAIČIŲ blynai su kumpiu ir sūriu IKI ŠEFAI, 200 g",1.99 €,https://firebasestorage.googleapis.com/v0/b/lastmile-ui/o/import%2Fphotos%2Fconverted%2Fproduct%2FthumbUrl%2FCvKfTzV4TN5U8BTMF1Hl_278005_W5RvAbpnRicygag1V4nopPhtD8z2_0rPYCLALUSmQKbhmbMpr.webp?alt=media&token=671e683a-242f-42e9-b284-1e4249c44327
IKI,"Viso grūdo tamsi duona su raugu AGOTA, 300 g",0.95 €,https://firebasestorage.googleapis.com/v0/b/lastmile-ui/o/import%2Fphotos%2Fconverted%2Fproduct%2FthumbUrl%2FCvKfTzV4TN5U8BTMF1Hl_281454_uF3DptJQvjXHqmno4Mal_BpiRCceqtRGqCtJvnxLb.webp?alt=media&token=541415fa-230e-4a68-8a64-4616bbf0be8d
IKI,"Kepinti ir sūdyti žemės riešutų branduoliai, 1 kg",2.39 €,https://storage.googleapis.com/download/storage/v1/b/lastmile-ui/o/images%2Fproducts%2Fthumb_VVhtTV2VmO5bqKXfL5zr.jpg?generation=1631696108716082&alt=media
IKI,"Pieninis šokoladas su karameliniu įdaru ir lazdynų riešutais MILKA, 300 g",3.14 €,https://firebasestorage.googleapis.com/v0/b/lastmile-ui/o/import%2Fphotos%2Fconverted%2Fproduct%2FthumbUrl%2FCvKfTzV4TN5U8BTMF1Hl_208963_Y5wHCakiRVc8Kf1fJt96vh8Tr2I2_8r5xdxqnQy4P4TITKTv0.webp?alt=media&token=2c4b9da2-da43-4a3c-8a71-dbfcd4ede86d
IKI,"Vanilinis cukrus SAUDA, 100 g",0.48 €,https://storage.googleapis.com/download/storage/v1/b/lastmile-ui/o/images%2Fproducts%2Fthumb_AAQrvjqFC1LGW9uyp9tn.jpg?generation=1582196481812210&alt=media
IKI,"Sauskelnės-kelnaitės PAMPERS PANTS 4 (9-15 kg), 52 vnt",14.99 €,https://firebasestorage.googleapis.com/v0/b/lastmile-ui/o/import%2Fphotos%2Fconverted%2Fproduct%2FthumbUrl%2FCvKfTzV4TN5U8BTMF1Hl_99594_Y5wHCakiRVc8Kf1fJt96vh8Tr2I2_lyckLLJOqRqmheKsglG7.webp?alt=media&token=b78e5157-fe2b-4f50-b565-5917043ac863
IKI,"Mangų, obuolių, apelsinų gėrimas TYMBARK, 1 l",1.29 €,https://storage.googleapis.com/download/storage/v1/b/lastmile-ui/o/images%2Fchain_products%2FIKI%2Fthumb_5JJvo8dAiCWq6EU39Ffc.jpg?generation=1631696105421269&alt=media
IKI,"Virtas pjaustytas karštai rūkytas saliamis VALSTIETIS, a.r., 105 g",2.55 €,https://storage.googleapis.com/download/storage/v1/b/lastmile-ui/o/import%2Fphotos%2Fconverted%2Fproduct%2Fglobal_2wyRple7cKisHzKZHeuh_W5RvAbpnRicygag1V4nopPhtD8z2_96yCspQ7j4vbVfh1N3Rh_thumb.jpg?generation=1683626275676673&alt=media
IKI,"Dolce gusto latte macchiato kava NESCAFE, 194 g",4.99 €,https://firebasestorage.googleapis.com/v0/b/lastmile-ui/o/import%2Fphotos%2Fconverted%2Fproduct%2FthumbUrl%2FCvKfTzV4TN5U8BTMF1Hl_10634_Y5wHCakiRVc8Kf1fJt96vh8Tr2I2_2xp1qJJnfGXeAhPDQNwo.webp?alt=media&token=727c27f1-3cdd-42fd-8b66-93aa224ccc79
IKI,"Sezamo sėklos SAUDA, 100 g",0.83 €,https://storage.googleapis.com/download/storage/v1/b/lastmile-ui/o/images%2Fproducts%2Fthumb_3LiTwHsUL3lBTNNltkpg.jpg?generation=1582194978901979&alt=media
IKI,"Konservuotas paukštienos rinkinys WHISKAS 7+, 340 g",1.43 €,https://storage.googleapis.com/download/storage/v1/b/lastmile-ui/o/import%2Fphotos%2Fconverted%2Fproduct%2FCvKfTzV4TN5U8BTMF1Hl_l9wI9iODG6luQNtbjolj_xGdb10o0VzY1SFD6eDjbpqgxmW02_eSw9Vw8cJY2LDLUarwk5_thumb.jpg?generation=1679554244336801&alt=media
IKI,"Tualetinis muilas PALMOLIVE NATURALS CHAMOMILE&VITAMINS, 90 g",0.49 €,https://firebasestorage.googleapis.com/v0/b/lastmile-ui/o/import%2Fphotos%2Fconverted%2Fproduct%2FthumbUrl%2FCvKfTzV4TN5U8BTMF1Hl_1605_Y5wHCakiRVc8Kf1fJt96vh8Tr2I2_XNyV4e8ubm4Aa1ynpjbP.webp?alt=media&token=5a303241-bdd6-4eae-bb08-9acf7f713a68
IKI,"Izotoninis gėrimas OSHEE MULTIFRUIT, 750 ml",1.04 €,https://firebasestorage.googleapis.com/v0/b/lastmile-ui/o/import%2Fphotos%2Fconverted%2Fproduct%2FthumbUrl%2FCvKfTzV4TN5U8BTMF1Hl_231479_OrXUvGAuc2NCJDRvzNOTXOM3rsp1_huNkX9n3GyVetQ5b8Lc2.webp?alt=media&token=683f241e-10c9-4d32-8621-4a01c3f936e1
IKI,"Šokoladas MILKA ALMOND PEANUT CARAMEL, 276 g",3.14 €,https://firebasestorage.googleapis.com/v0/b/lastmile-ui/o/import%2Fphotos%2Fconverted%2Fproduct%2FthumbUrl%2FCvKfTzV4TN5U8BTMF1Hl_266074_Y5wHCakiRVc8Kf1fJt96vh8Tr2I2_ZbTjUTN1J3dojpDcQvZd.webp?alt=media&token=7deb100e-4d03-4c13-adc2-6532481e3792
IKI,"Ekologiški ryžių-mėlynių paplotėliai HIPP, 30 g",1.87 €,https://storage.googleapis.com/download/storage/v1/b/lastmile-ui/o/images%2Fproducts%2Fthumb_XQmWg8giEYXGo8UypKfK.jpg?generation=1582201721951908&alt=media
IKI,"Dražė M&M'S PEANUT su žemės riešutais, 90 g",1.09 €,https://firebasestorage.googleapis.com/v0/b/lastmile-ui/o/import%2Fphotos%2Fconverted%2Fproduct%2FthumbUrl%2FCvKfTzV4TN5U8BTMF1Hl_206170_OrXUvGAuc2NCJDRvzNOTXOM3rsp1_flGqTdVanVj7zj7hPnwm.webp?alt=media&token=9c9eaab4-d775-4c47-bffb-9f92eb971fb9
IKI,"Balinamoji dantų pasta ECODENTA, 100 ml",1.72 €,https://storage.googleapis.com/download/storage/v1/b/lastmile-ui/o/import%2Fphotos%2Fconverted%2Fproduct%2FCvKfTzV4TN5U8BTMF1Hl_duWrcuo3rdCt9A4lJLrz_xGdb10o0VzY1SFD6eDjbpqgxmW02_Sd8sc6X5RbkwXwAR8u1r_thumb.jpg?generation=1679554245917712&alt=media
IKI,"Šokoladiniai kamuoliukai su traškučiais MALTESERS, 85 g",1.09 €,https://storage.googleapis.com/download/storage/v1/b/lastmile-ui/o/import%2Fphotos%2Fconverted%2Fproduct%2FCvKfTzV4TN5U8BTMF1Hl_eEztrh2XOk8BHmyPIDXo_xGdb10o0VzY1SFD6eDjbpqgxmW02_y49FX8POo2nRzoeP5X5y_thumb.jpg?generation=1671102701500014&alt=media
IKI,"WC valiklis HARPIC ORIGINAL, 750 ml",1.89 €,https://storage.googleapis.com/download/storage/v1/b/lastmile-ui/o/images%2Fchain_products%2FIKI%2Fthumb_DoNjFycVPe52Uxbledrz.jpg?generation=1631695818584766&alt=media
IKI,"Tirpi kava NESCAFE DOLCE GUSTO CAFE AU LAIT, 160 g",4.99 €,https://firebasestorage.googleapis.com/v0/b/lastmile-ui/o/import%2Fphotos%2Fconverted%2Fproduct%2FthumbUrl%2FCvKfTzV4TN5U8BTMF1Hl_228478_Y5wHCakiRVc8Kf1fJt96vh8Tr2I2_w3ylzc3LAHQRHSPuAgBP.webp?alt=media&token=52424695-72f1-4a68-9355-30f1c7e04650
IKI,"Šveičiamasis pienelis CIF LEMON, 540 g",1.99 €,https://storage.googleapis.com/download/storage/v1/b/lastmile-ui/o/images%2Fchain_products%2FIKI%2Fthumb_dmA1VzAYNQ5U0nfxjMEN.jpg?generation=1631696149715176&alt=media
IKI,"Baltyminis batonėlis su riešutais SANTE GO ON, 50 g",0.97 €,https://firebasestorage.googleapis.com/v0/b/lastmile-ui/o/import%2Fphotos%2Fconverted%2Fproduct%2FthumbUrl%2FCvKfTzV4TN5U8BTMF1Hl_261753_OrXUvGAuc2NCJDRvzNOTXOM3rsp1_MkiATZkOfA3wdwpFiXoS.webp?alt=media&token=3a93c85c-ceaa-4a9a-a68b-a010068a71c2
IKI,"Dantų pasta vaikams ECODENTA KAKĖ MAKĖ, 75 ml",1.49 €,https://firebasestorage.googleapis.com/v0/b/lastmile-ui/o/import%2Fphotos%2Fconverted%2Fproduct%2FthumbUrl%2FCvKfTzV4TN5U8BTMF1Hl_232950_Y5wHCakiRVc8Kf1fJt96vh8Tr2I2_v7GkF2y5WwWadqW9US5Y.webp?alt=media&token=5f5b862e-203b-4ecb-9d05-d1142a8e3e26
IKI,"Dražė su žemės riešutais M&M'S PEANUT, 200 g",1.99 €,https://storage.googleapis.com/download/storage/v1/b/lastmile-ui/o/images%2Fchain_products%2FIKI%2Fthumb_UsywVZzzjNEGBsYLiGWX.jpg?generation=1631695755484814&alt=media
IKI,"Šaldyti kalmarų žiedai NOWACO tešloje, 500 g",3.35 €,https://firebasestorage.googleapis.com/v0/b/lastmile-ui/o/import%2Fphotos%2Fconverted%2Fproduct%2FthumbUrl%2FCvKfTzV4TN5U8BTMF1Hl_87659_W5RvAbpnRicygag1V4nopPhtD8z2_B7TGRdeEDgbsgd9A74RY.webp?alt=media&token=589c580f-8c70-4d6f-8899-aa4140ff0d22
IKI,"Riešutai traškioje luobelėje lydyto sūrio skonio JĖGA, 200 g",1.27 €,https://storage.googleapis.com/download/storage/v1/b/lastmile-ui/o/import%2Fphotos%2Fconverted%2Fproduct%2FCvKfTzV4TN5U8BTMF1Hl_Cm6SEhYpAZFdIa3ALBR1_xGdb10o0VzY1SFD6eDjbpqgxmW02_kQQL5UBkG7UKmzukNKtq_thumb.jpg?generation=1646660356551398&alt=media
IKI,"Ekologiškas bananų, obuolių sulčių ir aviečių batonėlis (nuo 1 metų ) HIPP, 20 g",1.42 €,https://storage.googleapis.com/download/storage/v1/b/lastmile-ui/o/import%2Fphotos%2Fconverted%2Fproduct%2Fglobal_lYxJiC2Gr5OcpDMKLXA6_xGdb10o0VzY1SFD6eDjbpqgxmW02_SItk7ie4AKawETjK2rO5_thumb.jpg?generation=1679554244022848&alt=media
IKI,"Ryžių makaronai AJI, 200 g",1.81 €,https://storage.googleapis.com/download/storage/v1/b/lastmile-ui/o/import%2Fphotos%2Fconverted%2Fproduct%2Fglobal_l0AWhjp7JskqrD3lL4LE_xGdb10o0VzY1SFD6eDjbpqgxmW02_1CQBqPfBgN6RC11JCAti_thumb.jpg?generation=1679554248029416&alt=media
IKI,"Ekologiška obuolių ir bananų tyrelė su sausainiais nuo 4 mėn. HIPP, 100 g",1.42 €,https://storage.googleapis.com/download/storage/v1/b/lastmile-ui/o/images%2Fproducts%2Fthumb_tw7BgXw0n6hQa0Fx3p4V.jpg?generation=1644059270747326&alt=media
IKI,Lietuviškas varškės sūris DVARO 22% rieb.,14.71 €,https://storage.googleapis.com/download/storage/v1/b/lastmile-ui/o/import%2Fphotos%2Fconverted%2Fproduct%2Fglobal_mYHxmcvr1rQqTQBGn4Hr_W5RvAbpnRicygag1V4nopPhtD8z2_Emq4uc9cTmcH10doNvLe_thumb.jpg?generation=1687181641940819&alt=media
IKI,"Dėmių valiklis VANISH OXIACTION PINK, 1 l",3.74 €,https://storage.googleapis.com/download/storage/v1/b/lastmile-ui/o/import%2Fphotos%2Fconverted%2Fproduct%2FCvKfTzV4TN5U8BTMF1Hl_zdywHDdQaKjHcW1uizWI_CvKfTzV4TN5U8BTMF1Hl_W5RvAbpnRicygag1V4nopPhtD8z2_BN7pfFZolbQliSDBaMXl_thumb.jpg?generation=1689684929287367&alt=media
IKI,"Pieninis šokoladas iš Alpių pieno su sūrio pyrago skonio įdaru, braškių įdaru ir sausainiu MILKA, 300 g",3.14 €,https://firebasestorage.googleapis.com/v0/b/lastmile-ui/o/import%2Fphotos%2Fconverted%2Fproduct%2FthumbUrl%2FCvKfTzV4TN5U8BTMF1Hl_255303_Y5wHCakiRVc8Kf1fJt96vh8Tr2I2_WBxuJzKUu0PXk54SM5yy.webp?alt=media&token=93a10b9d-a4e7-4f05-aa3d-ece2e110a4b0
IKI,"Sunokę kiviai, 350 g",2.09 €,https://storage.googleapis.com/download/storage/v1/b/lastmile-ui/o/import%2Fphotos%2Fconverted%2Fproduct%2Fglobal_9tafc8QELQxTRWRBdnh0_xGdb10o0VzY1SFD6eDjbpqgxmW02_ttbcE53fcazVWNEzf0EA_thumb.jpg?generation=1662614302305845&alt=media
IKI,"Kapsulės CAPPUCCINO DOLCE GUSTO NESCAFE, 186,4 g",4.99 €,https://firebasestorage.googleapis.com/v0/b/lastmile-ui/o/import%2Fphotos%2Fconverted%2Fproduct%2FthumbUrl%2FCvKfTzV4TN5U8BTMF1Hl_46682_Y5wHCakiRVc8Kf1fJt96vh8Tr2I2_8BuBW2sa1TPYrc7kJpER.webp?alt=media&token=c06abe6b-4f7c-4d57-8c3c-79af75d51678
IKI,"Higieniniai paketai NATURELLA Classic Normal, S2, 10 vnt.",1.46 €,https://firebasestorage.googleapis.com/v0/b/lastmile-ui/o/import%2Fphotos%2Fconverted%2Fproduct%2FthumbUrl%2FCvKfTzV4TN5U8BTMF1Hl_6706_Y5wHCakiRVc8Kf1fJt96vh8Tr2I2_C0WS2WkD1qznDHVF08Sz.webp?alt=media&token=efbed0de-ac70-4c38-b2dd-a5f816be7497
IKI,"Skystasis skalbiklis WOOLITE DARK (15 skalbimų), 900 ml",2.89 €,https://storage.googleapis.com/download/storage/v1/b/lastmile-ui/o/import%2Fphotos%2Fconverted%2Fproduct%2Fglobal_FfL92K7ijgtdE79eGZOT_xGdb10o0VzY1SFD6eDjbpqgxmW02_kN9jVSNn4ag0w5pmX4fD_thumb.jpg?generation=1651640249933334&alt=media
IKI,"Konservuotas ėdalas katėms žuvies rinkinys WHISKAS, 400 g",1.55 €,https://storage.googleapis.com/download/storage/v1/b/lastmile-ui/o/import%2Fphotos%2Fconverted%2Fproduct%2FCvKfTzV4TN5U8BTMF1Hl_1HyFwmVrmndH9R65Gh9B_xGdb10o0VzY1SFD6eDjbpqgxmW02_h5WJoLcKinbRqyYkpeRc_thumb.jpg?generation=1679554244988812&alt=media
IKI,"Grietinės ir svogūnų skonio duonos traškučiai MARETTI, 70 g",0.89 €,https://firebasestorage.googleapis.com/v0/b/lastmile-ui/o/import%2Fphotos%2Fconverted%2Fproduct%2FthumbUrl%2FCvKfTzV4TN5U8BTMF1Hl_254627_Y5wHCakiRVc8Kf1fJt96vh8Tr2I2_uHecEI9B8sgftSxcGLre.webp?alt=media&token=15f0f4bb-fb8d-4554-ae0c-f35e3de7d40f
IKI,"Higieninis skalbimo mašinų valiklis DR.BECKMANN, 250 g",1.99 €,https://storage.googleapis.com/download/storage/v1/b/lastmile-ui/o/images%2Fproducts%2Fthumb_QQpSrEWxD4NG26FOgwhk.jpg?generation=1631695832298688&alt=media
IKI,"Vyšniniai pomidorai FIORINO, 425 ml",0.89 €,https://storage.googleapis.com/download/storage/v1/b/lastmile-ui/o/import%2Fphotos%2Fconverted%2Fproduct%2Fglobal_hK6jtGbapkKSOKLAO7w0_xGdb10o0VzY1SFD6eDjbpqgxmW02_bWTxlOiLWhIEV9wOySdY_thumb.jpg?generation=1675259626698005&alt=media
IKI,"Prieskonių mišinys SAUDA (PERSILADAS), 80 g",0.69 €,https://firebasestorage.googleapis.com/v0/b/lastmile-ui/o/import%2Fphotos%2Fconverted%2Fproduct%2FthumbUrl%2FCvKfTzV4TN5U8BTMF1Hl_255889_uF3DptJQvjXHqmno4Mal_VAG1c5JHtaRoWjKipzsF.webp?alt=media&token=d1cd991e-d2e3-41dd-858b-e3652b7e0008
IKI,"Ekologiška daržovių sriuba AUGA MINESTRONE, 400 g",1.81 €,https://firebasestorage.googleapis.com/v0/b/lastmile-ui/o/import%2Fphotos%2Fconverted%2Fproduct%2FthumbUrl%2FCvKfTzV4TN5U8BTMF1Hl_247701_Y5wHCakiRVc8Kf1fJt96vh8Tr2I2_KXp9yXVMtpLZgMcGjgEd.webp?alt=media&token=34548e1d-784d-4f2f-b52b-43eb21eac5b2
IKI,"Ekologiškas skystas universalus skalbiklis BALANCE, 1,5L",4.99 €,https://firebasestorage.googleapis.com/v0/b/lastmile-ui/o/import%2Fphotos%2Fconverted%2Fproduct%2FthumbUrl%2FCvKfTzV4TN5U8BTMF1Hl_61069_W5RvAbpnRicygag1V4nopPhtD8z2_4B97ZKSBh2Ds3h2rmYLY.webp?alt=media&token=18b2e5b1-d45c-4937-8f4d-2b98c0d31165
IKI,"Klementinai dėžutėje, 2,3 kg",4.99 €,https://storage.googleapis.com/download/storage/v1/b/lastmile-ui/o/images%2Fproducts%2Fthumb_SQ2k1cTy5dIB0WM6yg9J.jpg?generation=1639147504783959&alt=media
IKI,"Razinos, 1 kg",2.99 €,https://firebasestorage.googleapis.com/v0/b/lastmile-ui/o/import%2Fphotos%2Fconverted%2Fproduct%2FthumbUrl%2FCvKfTzV4TN5U8BTMF1Hl_65610_OrXUvGAuc2NCJDRvzNOTXOM3rsp1_mvELLvulgKyvZZPaIdPY.webp?alt=media&token=ddadb544-ae85-4b9d-b523-b4d714f2a9b6
IKI,"Virtos sardelės EKSTRA, 500 g",3.35 €,https://firebasestorage.googleapis.com/v0/b/lastmile-ui/o/import%2Fphotos%2Fconverted%2Fproduct%2FthumbUrl%2FCvKfTzV4TN5U8BTMF1Hl_266965_OrXUvGAuc2NCJDRvzNOTXOM3rsp1_Pkxybp6Hz5HkZWyyfNG7.webp?alt=media&token=88ab815b-0202-4711-b8bb-38677b179925
IKI,"Sumuštinis CEZARIS IKI ŠEFAI, 160 g",1.79 €,https://firebasestorage.googleapis.com/v0/b/lastmile-ui/o/import%2Fphotos%2Fconverted%2Fproduct%2FthumbUrl%2FCvKfTzV4TN5U8BTMF1Hl_271430_W5RvAbpnRicygag1V4nopPhtD8z2_NVFqa8DjbMV0ZTP3qHEr.webp?alt=media&token=d5f24534-8acc-4bd0-8c3f-16c7d16193bf
IKI,"Šokoladas su karamelės įdaru MILKA, 100 g",1.29 €,https://firebasestorage.googleapis.com/v0/b/lastmile-ui/o/import%2Fphotos%2Fconverted%2Fproduct%2FthumbUrl%2FCvKfTzV4TN5U8BTMF1Hl_202365_Y5wHCakiRVc8Kf1fJt96vh8Tr2I2_uwoeShNLL7jnWswEYdva.webp?alt=media&token=2636fc1b-97fd-472f-a03a-16bafc0fe8b1
IKI,"Tuno gabaliukai su citrina SUN&SEA, 240 g",3.74 €,https://storage.googleapis.com/download/storage/v1/b/lastmile-ui/o/images%2Fproducts%2Fthumb_tWQRvkoh3JS8dygbOj3d.jpg?generation=1631696133788425&alt=media
IKI,"Krapai SAUDA, 50 g",0.62 €,https://storage.googleapis.com/download/storage/v1/b/lastmile-ui/o/import%2Fphotos%2Fconverted%2Fproduct%2Fglobal_tNBGtRzJ7LecMoU7cCT2_xGdb10o0VzY1SFD6eDjbpqgxmW02_2rmsBLGzkhJKAMo1KDPz_thumb.jpg?generation=1664192245842950&alt=media
IKI,"Grindų valiklis AJAX FLORAL FIESTA LILAC BREEZE, 1 l",1.99 €,https://firebasestorage.googleapis.com/v0/b/lastmile-ui/o/import%2Fphotos%2Fconverted%2Fproduct%2FthumbUrl%2FCvKfTzV4TN5U8BTMF1Hl_49527_Y5wHCakiRVc8Kf1fJt96vh8Tr2I2_JZdbSee6KqVoIOwpEtTh.webp?alt=media&token=e55d5436-6606-4b73-ab57-e634896bd946
IKI,"Rūkytos menkių kepenėlės SUN&SEA, 120 g",2.62 €,https://storage.googleapis.com/download/storage/v1/b/lastmile-ui/o/images%2Fproducts%2Fthumb_nLYw1LJFRXM7TZuQlvbC.jpg?generation=1631695750811792&alt=media
IKI,"Prancūziška duonelė su grūdais ir sėklomis, 65 g",0.29 €,https://firebasestorage.googleapis.com/v0/b/lastmile-ui/o/import%2Fphotos%2Fconverted%2Fproduct%2FthumbUrl%2FCvKfTzV4TN5U8BTMF1Hl_272668_W5RvAbpnRicygag1V4nopPhtD8z2_REs62v4aANwh6CKWEOcL.webp?alt=media&token=78351664-32d4-4f57-8353-94fde67ae389
IKI,"Ekologiškas bananų, obuolių sulčių ir avižų batonėlis HIPP (nuo 1m.), 23 g",1.42 €,https://storage.googleapis.com/download/storage/v1/b/lastmile-ui/o/import%2Fphotos%2Fconverted%2Fproduct%2FCvKfTzV4TN5U8BTMF1Hl_GayHmqsD3xHNgirZPStb_CvKfTzV4TN5U8BTMF1Hl_W5RvAbpnRicygag1V4nopPhtD8z2_JwmzJrpfKkIuv10zsfGZ_thumb.jpg?generation=1694670835366771&alt=media
IKI,"Šokoladinis batonėlis su žemės riešutais MANIJA, 49 g",0.69 €,https://storage.googleapis.com/download/storage/v1/b/lastmile-ui/o/import%2Fphotos%2Fconverted%2Fproduct%2Fglobal_xTSG8yiwHTOgqvKFUR4v_xGdb10o0VzY1SFD6eDjbpqgxmW02_ooOtEH0BweVxLWf2zle5_thumb.jpg?generation=1655385621099994&alt=media
IKI,"Šaldyta glazūruota nilinių tilapijų filė be odos NOWACO EXCLUSIVE, 400 g",3.91 €,https://storage.googleapis.com/download/storage/v1/b/lastmile-ui/o/import%2Fphotos%2Fconverted%2Fproduct%2FCvKfTzV4TN5U8BTMF1Hl_iH27cyMW7F7ADTN9FlkO_CvKfTzV4TN5U8BTMF1Hl_W5RvAbpnRicygag1V4nopPhtD8z2_MERzKPeOtjCbpZkC431h_thumb.webp?generation=1699528042391280&alt=media
IKI,"Plikyti pyragaičiai KARAMELINIAI DEBESĖLIAI, 250 g",3.99 €,https://firebasestorage.googleapis.com/v0/b/lastmile-ui/o/import%2Fphotos%2Fconverted%2Fproduct%2FthumbUrl%2FCvKfTzV4TN5U8BTMF1Hl_274567_W5RvAbpnRicygag1V4nopPhtD8z2_34LIogmURNjjBAqsBk77.webp?alt=media&token=39a50157-c80a-4afe-aea1-b9cd2d6ea10e
IKI,"Ekologiški fasuoti apelsinai BILLA BIO, 1 kg",1.67 €,https://storage.googleapis.com/download/storage/v1/b/lastmile-ui/o/images%2Fproducts%2Fthumb_bxgSkY2ij0FWTW9jbwDf.jpg?generation=1642752031961341&alt=media
IKI,"WC valiklis-gaiviklis BREF POWER AKTIV LAVENDER, 150 g",3.24 €,https://storage.googleapis.com/download/storage/v1/b/lastmile-ui/o/import%2Fphotos%2Fconverted%2Fproduct%2FCvKfTzV4TN5U8BTMF1Hl_BVXIvmWOHFqT4pfL3Pza_CvKfTzV4TN5U8BTMF1Hl_W5RvAbpnRicygag1V4nopPhtD8z2_s7biK5ySN5oGqprEkr2K_thumb.jpg?generation=1690376601732606&alt=media
IKI,"Šokoladiniai saldainiai VILNIUS, 170 g",3.99 €,https://storage.googleapis.com/download/storage/v1/b/lastmile-ui/o/images%2Fchain_products%2FIKI%2Fthumb_Jpznyyi9ZoIcUzT3JN3N.jpg?generation=1643133680919199&alt=media
IKI,"FROSCH spiritinis langų valiklis (papildymas), 1000ml",1.49 €,https://firebasestorage.googleapis.com/v0/b/lastmile-ui/o/import%2Fphotos%2Fconverted%2Fproduct%2FthumbUrl%2FCvKfTzV4TN5U8BTMF1Hl_12882_uF3DptJQvjXHqmno4Mal_tw8ne2xxM5xhWEB6ORHQ.webp?alt=media&token=7fe78d1b-e4f5-4ac5-a422-9fe49afef6cb
IKI,"Pieninis šokoladas iš alpių pieno MILKA, 250 g",3.14 €,https://firebasestorage.googleapis.com/v0/b/lastmile-ui/o/import%2Fphotos%2Fconverted%2Fproduct%2FthumbUrl%2FCvKfTzV4TN5U8BTMF1Hl_208962_uF3DptJQvjXHqmno4Mal_r1NKtINScVtmJVmdoGaF.webp?alt=media&token=6ee4b78d-2ad9-4b1c-be28-e7f0edec395c
IKI,"Rutulinis dezodorantas moterims NIVEA BLACK&WHITE CLEAR, 50 ml",2.39 €,https://storage.googleapis.com/download/storage/v1/b/lastmile-ui/o/import%2Fphotos%2Fconverted%2Fproduct%2FCvKfTzV4TN5U8BTMF1Hl_UW8eDwU8IFW3qKKheyAJ_r9n5kqSjCnW7eMWy9cQs7lSXyPx2_xxVSUWQRof4Mph8WkzZ8_thumb.jpg?generation=1653663069176293&alt=media
IKI,Džiovintas varškės sūris DVARO,23.35 €,https://storage.googleapis.com/download/storage/v1/b/lastmile-ui/o/images%2Fproducts%2Fthumb_JXlzsxFHJ5FjAo2DUHme.jpg?generation=1631696092264972&alt=media
IKI,"Jautienos kepenėlių paštetas pirma rūšis NOO, 200 g",1.91 €,https://storage.googleapis.com/download/storage/v1/b/lastmile-ui/o/import%2Fphotos%2Fconverted%2Fproduct%2FCvKfTzV4TN5U8BTMF1Hl_xGbQr7J11Yfvhgcjz0LN_CvKfTzV4TN5U8BTMF1Hl_W5RvAbpnRicygag1V4nopPhtD8z2_gYHqsXHxqgWZaqgL6Zmd_thumb.jpg?generation=1690807129722301&alt=media
IKI,"Šaltos kavos gėrimas HOCHWALD EISKAFFEE, 0,25 l",0.79 €,https://storage.googleapis.com/download/storage/v1/b/lastmile-ui/o/images%2Fproducts%2Fthumb_jv83dF25WQTaRnrRpidk.jpg?generation=1638635143831653&alt=media
IKI,"Kraikas Ultra Clump ypatingai gaivus ZOOROYAL, 6 l",5.99 €,https://storage.googleapis.com/download/storage/v1/b/lastmile-ui/o/import%2Fphotos%2Fconverted%2Fproduct%2Fglobal_q7U2MMvADYeJGYBLGNA8_xGdb10o0VzY1SFD6eDjbpqgxmW02_x7OElCQzpu5uK2ADzAEG_thumb.jpg?generation=1664192247054197&alt=media
IKI,"Silkių filė EGLUTĖ, 300 g",2.39 €,https://storage.googleapis.com/download/storage/v1/b/lastmile-ui/o/import%2Fphotos%2Fconverted%2Fproduct%2FCvKfTzV4TN5U8BTMF1Hl_Azpijcone2j79uXtius8_xGdb10o0VzY1SFD6eDjbpqgxmW02_lPmu4T1TKfzj0NgTwowm_thumb.jpg?generation=1679554241676218&alt=media
IKI,"WC valiklis-gaiviklis BREF POWER AKTIV LEMON, 100 g",2.59 €,https://storage.googleapis.com/download/storage/v1/b/lastmile-ui/o/import%2Fphotos%2Fconverted%2Fproduct%2FCvKfTzV4TN5U8BTMF1Hl_yebS6GUhojeCrk2GnbPr_r9n5kqSjCnW7eMWy9cQs7lSXyPx2_9awf19jGYel3DgXSDB52_thumb.jpg?generation=1653663071648564&alt=media
IKI,"Ekologiškas skystasis vaikų drabužių skalbiklis BALANCE, 1 l",3.49 €,https://firebasestorage.googleapis.com/v0/b/lastmile-ui/o/import%2Fphotos%2Fconverted%2Fproduct%2FthumbUrl%2FCvKfTzV4TN5U8BTMF1Hl_249445_W5RvAbpnRicygag1V4nopPhtD8z2_uG5yTsluAX7xSmxFq7Zn.webp?alt=media&token=8fc79909-94a2-483c-8d5c-b5c9b1645998
IKI,"Arbūzų skonio kramtoma guma FINI, 90 g",1.09 €,https://storage.googleapis.com/download/storage/v1/b/lastmile-ui/o/images%2Fproducts%2Fthumb_VWSOlCqK9skwfP4TlkAm.jpg?generation=1631696092147790&alt=media
IKI,"Ekologiškas kokosų gėrimas BILLA Bio, 1 l",1.79 €,https://storage.googleapis.com/download/storage/v1/b/lastmile-ui/o/import%2Fphotos%2Fconverted%2Fproduct%2Fglobal_SWU6l8Fk8iZsujs8A0ab_xGdb10o0VzY1SFD6eDjbpqgxmW02_PomWZg6qyIvXHLcPYS47_thumb.jpg?generation=1656439167981522&alt=media
IKI,Klementinai su lapeliais PARADISO,2.09 €,https://storage.googleapis.com/download/storage/v1/b/lastmile-ui/o/import%2Fphotos%2Fconverted%2Fproduct%2Fglobal_e8Feadgvb1WZm2cPg85i_xGdb10o0VzY1SFD6eDjbpqgxmW02_8luShIBz8jwbUH3QfG6T_thumb.jpg?generation=1668506572609043&alt=media
IKI,"Traškučiai TAFFEL SOUR CREAM & ONION Mega Pack, 250 g",1.99 €,https://storage.googleapis.com/download/storage/v1/b/lastmile-ui/o/import%2Fphotos%2Fconverted%2Fproduct%2Fglobal_dQT78C0QrHpjUjFDwVJz_xGdb10o0VzY1SFD6eDjbpqgxmW02_Q2f5HlBzv8HbFmWRz2Sn_thumb.jpg?generation=1667978456574229&alt=media
IKI,"Riebalų ir purvo valiklis su natūraliu greipfruto ekstraktu FROSCH, 500 ml",1.99 €,https://storage.googleapis.com/download/storage/v1/b/lastmile-ui/o/images%2Fproducts%2Fthumb_ePHXuK9lvz7aYQTxX7Zw.jpg?generation=1631696026317713&alt=media
IKI,"Picos skonio duonos traškučiai MARETTI, 70 g",0.89 €,https://firebasestorage.googleapis.com/v0/b/lastmile-ui/o/import%2Fphotos%2Fconverted%2Fproduct%2FthumbUrl%2FCvKfTzV4TN5U8BTMF1Hl_224547_Y5wHCakiRVc8Kf1fJt96vh8Tr2I2_kPVpcl1zQgOkwAe3vCHW.webp?alt=media&token=2a0a4160-fa5d-4885-bde1-0118c192a9a7
IKI,"Kačių ėdalas WHISKAS (CASSEROLE), 4 vnt.",1.49 €,https://storage.googleapis.com/download/storage/v1/b/lastmile-ui/o/import%2Fphotos%2Fconverted%2Fproduct%2FCvKfTzV4TN5U8BTMF1Hl_X05ckGsUByuqcDnP4mZd_xGdb10o0VzY1SFD6eDjbpqgxmW02_Lo5MeYNc7riGY6cmRaNw_thumb.jpg?generation=1679554248980348&alt=media
IKI,"Ekologiška kriaušių, slyvų, juodųjų serbentų tyrelė nuo 6 mėn. HIPP, 100 g",1.42 €,https://storage.googleapis.com/download/storage/v1/b/lastmile-ui/o/images%2Fproducts%2Fthumb_5fr6LiASL4xIl0uwuN0C.jpg?generation=1644048347512134&alt=media
IKI,"Langų valiklis AJAX OPTIMAL 7 MULTI ACTION, 500 ml",1.49 €,https://firebasestorage.googleapis.com/v0/b/lastmile-ui/o/import%2Fphotos%2Fconverted%2Fproduct%2FthumbUrl%2FCvKfTzV4TN5U8BTMF1Hl_102679_Y5wHCakiRVc8Kf1fJt96vh8Tr2I2_IcMW66PTYT1gaIqeHrJL.webp?alt=media&token=195dbedd-7a3f-49cb-b813-5944e8c60a76
IKI,"Didysis submarinas su kebabų mėsa IKI ŠEFAI, 310 g",3.19 €,https://firebasestorage.googleapis.com/v0/b/lastmile-ui/o/import%2Fphotos%2Fconverted%2Fproduct%2FthumbUrl%2FCvKfTzV4TN5U8BTMF1Hl_252849_W5RvAbpnRicygag1V4nopPhtD8z2_hqJd4Eryai8rGnyK3DVO.webp?alt=media&token=c2de7076-656f-43f6-bd41-fc0297d17bc4
IKI,"Skystas muilas su argano aliejumi DERMOMED, 1 l",2.49 €,https://storage.googleapis.com/download/storage/v1/b/lastmile-ui/o/images%2Fproducts%2Fthumb_R2ml2Z5LgbIl7EWrarqF.jpg?generation=1582200165399712&alt=media
IKI,"Virtas, karštai rūkytas saliamis su juodaisiais pipirais VALSTIETIS, 90 g",2.79 €,https://firebasestorage.googleapis.com/v0/b/lastmile-ui/o/import%2Fphotos%2Fconverted%2Fproduct%2FthumbUrl%2FCvKfTzV4TN5U8BTMF1Hl_209231_OrXUvGAuc2NCJDRvzNOTXOM3rsp1_E4b48xRLjtfXTCIn8aAP.webp?alt=media&token=a190502b-9a15-474c-9ea2-61617bf6e253
IKI,"Šokoladas su kakaviniais sausainiais ir vanilės skonio kreminiu įdaru MILKA, 300 g",3.14 €,https://firebasestorage.googleapis.com/v0/b/lastmile-ui/o/import%2Fphotos%2Fconverted%2Fproduct%2FthumbUrl%2FCvKfTzV4TN5U8BTMF1Hl_218331_Y5wHCakiRVc8Kf1fJt96vh8Tr2I2_2JoJiWhLSHMB3Ud7ZnLe.webp?alt=media&token=660fdc9a-544d-48f9-bc66-a1ed56abf113
IKI,"Dantų pasta COLGATE TOTAL ORIGINAL, 75ml",2.24 €,https://firebasestorage.googleapis.com/v0/b/lastmile-ui/o/import%2Fphotos%2Fconverted%2Fproduct%2FthumbUrl%2FCvKfTzV4TN5U8BTMF1Hl_253199_OrXUvGAuc2NCJDRvzNOTXOM3rsp1_LAgc57gvrZdxCX3kYy9s.webp?alt=media&token=d071f659-7f7d-436d-8c61-06276f0acc1f
IKI,"Prieskoniai auksinei vištienai VEGETA NATUR, 20 g",0.59 €,https://storage.googleapis.com/download/storage/v1/b/lastmile-ui/o/images%2Fproducts%2Fthumb_TrXcpRjM2vesxONH9Re1.jpg?generation=1639147423346141&alt=media
IKI,"WC valomieji kubeliai BREF DUO-CUBES HYGIENE, 100 g",2.49 €,https://storage.googleapis.com/download/storage/v1/b/lastmile-ui/o/images%2Fchain_products%2FIKI%2Fthumb_UqcHvPuCB0jJ7sHor1tL.jpg?generation=1631695741514481&alt=media
IKI,"Pieninis šokoladas su vanilės skonio pieniniu įdaru ir kakavinių sausainių gabalėliais MILKA, 37 g",0.49 €,https://storage.googleapis.com/download/storage/v1/b/lastmile-ui/o/import%2Fphotos%2Fconverted%2Fproduct%2FCvKfTzV4TN5U8BTMF1Hl_jnrPP5toFC0emLMJ65Do_xGdb10o0VzY1SFD6eDjbpqgxmW02_d5RDO6xgTcriyuNa1iua_thumb.jpg?generation=1679554243777866&alt=media
IKI,"Razinos ALVO, 200 g",0.89 €,https://storage.googleapis.com/download/storage/v1/b/lastmile-ui/o/import%2Fphotos%2Fconverted%2Fproduct%2FCvKfTzV4TN5U8BTMF1Hl_6F4lTWj0yZUzliQUqigT_CvKfTzV4TN5U8BTMF1Hl_W5RvAbpnRicygag1V4nopPhtD8z2_xm0wrVmqYVaL6N0SMBuH_thumb.jpg?generation=1693481678619271&alt=media
IKI,"Klasikinis kečupas SUSLAVUČIAUS, 1 kg",2.79 €,https://storage.googleapis.com/download/storage/v1/b/lastmile-ui/o/import%2Fphotos%2Fconverted%2Fproduct%2FCvKfTzV4TN5U8BTMF1Hl_nCo0oZgssfFQAD2yukvy_xGdb10o0VzY1SFD6eDjbpqgxmW02_Qro8Ya143bqxXsA7oWN9_thumb.jpg?generation=1648128102720371&alt=media
IKI,"Dantų pasta SENSODYNE REPAIR & PROTECT WHITENING, 75 ml",3.74 €,https://firebasestorage.googleapis.com/v0/b/lastmile-ui/o/import%2Fphotos%2Fconverted%2Fproduct%2FthumbUrl%2FCvKfTzV4TN5U8BTMF1Hl_204632_Y5wHCakiRVc8Kf1fJt96vh8Tr2I2_UiCMdzl5EOYfVhXSd3aj.webp?alt=media&token=5beda8f8-76fe-4ff0-b3ce-2981fde27df2
IKI,"Šokoladiniai saldainiai MILKA ALPINE MILK HAPPY COWS, 330 g",3.39 €,https://firebasestorage.googleapis.com/v0/b/lastmile-ui/o/import%2Fphotos%2Fconverted%2Fproduct%2FthumbUrl%2FCvKfTzV4TN5U8BTMF1Hl_218515_Y5wHCakiRVc8Kf1fJt96vh8Tr2I2_8xz28pCca2xeYyzdZ9Jt.webp?alt=media&token=400a07b5-b0fa-4b55-b9cc-a6a02769a978
IKI,Karštai rūkyta kiaulienos karka pirma rūšis NOO,6.79 €,https://firebasestorage.googleapis.com/v0/b/lastmile-ui/o/import%2Fphotos%2Fconverted%2Fproduct%2FthumbUrl%2FCvKfTzV4TN5U8BTMF1Hl_214594_OrXUvGAuc2NCJDRvzNOTXOM3rsp1_sE2lS7NqqsgkrER4krCs.webp?alt=media&token=ded58583-6bc1-4ac8-8669-337dab2abd2f
IKI,"WC valiklis DOMESTOS PINE FRESH, 750 ml",1.74 €,https://storage.googleapis.com/download/storage/v1/b/lastmile-ui/o/images%2Fproducts%2Fthumb_wFMkyIiB3oEZF1HMKKqq.jpg?generation=1623061299516838&alt=media
IKI,"Ekologiška slyvų tyrelė HIPP (nuo 4 mėn.), 125 g",1.27 €,https://storage.googleapis.com/download/storage/v1/b/lastmile-ui/o/import%2Fphotos%2Fconverted%2Fproduct%2Fglobal_y1X4Xf2Egh4SdRAkpBbi_xGdb10o0VzY1SFD6eDjbpqgxmW02_flrRQFHHNAcPWxR3jnEt_thumb.jpg?generation=1644428186536256&alt=media
IKI,Indų ploviklis BALANCE. 450 ml,0.99 €,https://firebasestorage.googleapis.com/v0/b/lastmile-ui/o/import%2Fphotos%2Fconverted%2Fproduct%2FthumbUrl%2FCvKfTzV4TN5U8BTMF1Hl_280225_W5RvAbpnRicygag1V4nopPhtD8z2_UTYVcJCIH0SEHs1vY9cf.webp?alt=media&token=e900afd2-1a80-4bcd-ae17-776250046def
IKI,"Rūkytas varškės sūris su česnakais DVARO, 22% rieb.",17.03 €,https://storage.googleapis.com/download/storage/v1/b/lastmile-ui/o/images%2Fproducts%2Fthumb_oiiW8LOlTvyeT3wkkB1y.jpg?generation=1631696098168568&alt=media
IKI,"Grikių kruopos IKI, 1 kg",2.23 €,https://storage.googleapis.com/download/storage/v1/b/lastmile-ui/o/import%2Fphotos%2Fconverted%2Fproduct%2FCvKfTzV4TN5U8BTMF1Hl_KYzIcWTFgaT7Ud5UtdkZ_CvKfTzV4TN5U8BTMF1Hl_W5RvAbpnRicygag1V4nopPhtD8z2_B8r98LzVJhyVs0EQ7S9u_thumb.jpg?generation=1691655098817097&alt=media
IKI,"Skystas skalbiklis spalvotiems audiniams BALANCE, 1,5 l",4.99 €,https://firebasestorage.googleapis.com/v0/b/lastmile-ui/o/import%2Fphotos%2Fconverted%2Fproduct%2FthumbUrl%2FCvKfTzV4TN5U8BTMF1Hl_208155_W5RvAbpnRicygag1V4nopPhtD8z2_TEDrrDwTKiQCvqI6VNz2.webp?alt=media&token=31f1560b-f976-4a7e-b52f-08e976b2f839
IKI,"Argentininių jūros lydekos be galvų ESVA, 595 g",3.99 €,https://storage.googleapis.com/download/storage/v1/b/lastmile-ui/o/import%2Fphotos%2Fconverted%2Fproduct%2Fglobal_7NCxdBRssq4DgO8CL5vo_W5RvAbpnRicygag1V4nopPhtD8z2_BG5DB3GCLgdHb95QGJry_thumb.jpg?generation=1684391146281407&alt=media
IKI,"Energinis gėrimas DYNAMIT:T, 500 ml PET",0.59 €,https://storage.googleapis.com/download/storage/v1/b/lastmile-ui/o/images%2Fchain_products%2FIKI%2Fthumb_LAXb1zoVgXwgxqQMImv6.jpg?generation=1631695827626306&alt=media
IKI,"Skystasis muilas MARGARITA su medumi (papildas), 400 ml",1.74 €,https://storage.googleapis.com/download/storage/v1/b/lastmile-ui/o/images%2Fproducts%2Fthumb_bcnUH9zeUIa2LcCBNHVL.jpg?generation=1623061307365940&alt=media
IKI,"Indaplovių druska FINISH SPECIAL SALT, 1,5 kg",2.99 €,https://storage.googleapis.com/download/storage/v1/b/lastmile-ui/o/import%2Fphotos%2Fconverted%2Fproduct%2FCvKfTzV4TN5U8BTMF1Hl_vuiERF2hypzkrhNhNxus_CvKfTzV4TN5U8BTMF1Hl_W5RvAbpnRicygag1V4nopPhtD8z2_5aPCyql90nwlYmKG0MGn_thumb.jpg?generation=1689684927468893&alt=media
IKI,"Kepinti, sūdyti žemės riešutai ALVO, 200 g",1.19 €,https://storage.googleapis.com/download/storage/v1/b/lastmile-ui/o/import%2Fphotos%2Fconverted%2Fproduct%2Fglobal_YOxQaaQOp4mpE1Sv3ywU_xGdb10o0VzY1SFD6eDjbpqgxmW02_qIO1GaQShWB4BSxX0fPT_thumb.jpg?generation=1667978462100879&alt=media
IKI,"Dažus ir purvą sulaikantys skudurėliai DR.BECKMANN, 40 vnt",3.39 €,https://firebasestorage.googleapis.com/v0/b/lastmile-ui/o/import%2Fphotos%2Fconverted%2Fproduct%2FthumbUrl%2FCvKfTzV4TN5U8BTMF1Hl_247813_uF3DptJQvjXHqmno4Mal_9tSW6quGqxRyydtkLzSa.webp?alt=media&token=ea4c8f84-ca76-49cd-8c96-f907dc7cd95b
IKI,"Indaplovių kapsulės FINISH POWERBALL ULTIMATE PLUS, 62 vnt",19.99 €,https://firebasestorage.googleapis.com/v0/b/lastmile-ui/o/import%2Fphotos%2Fconverted%2Fproduct%2FthumbUrl%2FCvKfTzV4TN5U8BTMF1Hl_282857_OrXUvGAuc2NCJDRvzNOTXOM3rsp1_qfF5kIcYGPTrVcmhhDby.webp?alt=media&token=1c0800ed-f41f-49a0-a375-23a83a1a2163
IKI,"Pieštukinis dezodorantas OLD SPICE WOLFTHORN, 50ml",2.64 €,https://firebasestorage.googleapis.com/v0/b/lastmile-ui/o/import%2Fphotos%2Fconverted%2Fproduct%2FthumbUrl%2FCvKfTzV4TN5U8BTMF1Hl_206076_Y5wHCakiRVc8Kf1fJt96vh8Tr2I2_7psu9642KJxxidBRzodq.webp?alt=media&token=36fc9dd0-5b2a-4978-9c35-9c4c9428a721
IKI,"Šokoladas MILKA MIX SINGLE, 138 g",2.09 €,https://storage.googleapis.com/download/storage/v1/b/lastmile-ui/o/images%2Fchain_products%2FIKI%2Fthumb_uBUbS4PBJhx8oJsELVOD.jpg?generation=1631696151160351&alt=media
IKI,"Tualetų valiklis HARPIC POWER PLUS CITRUS, 750 ml",2.39 €,https://storage.googleapis.com/download/storage/v1/b/lastmile-ui/o/import%2Fphotos%2Fconverted%2Fproduct%2FCvKfTzV4TN5U8BTMF1Hl_apLsSHxjqy1uqP2FLLrb_CvKfTzV4TN5U8BTMF1Hl_kgpjANKEn1eRogaXoIPCJKbg1243_Fu47TfobytTNV0KvJORO_thumb.webp?generation=1698320240394452&alt=media
IKI,"Saldainiai MERCI GROSSE, 250 g",5.99 €,https://storage.googleapis.com/download/storage/v1/b/lastmile-ui/o/images%2Fchain_products%2FIKI%2Fthumb_4uGbaoKHzr7ctwaZYuZW.jpg?generation=1631695741228365&alt=media
IKI,"Drėgnos servetėlės VORTEX WET WIPES KITCHEN, 48 vnt.",1.34 €,https://firebasestorage.googleapis.com/v0/b/lastmile-ui/o/import%2Fphotos%2Fconverted%2Fproduct%2FthumbUrl%2FCvKfTzV4TN5U8BTMF1Hl_277919_W5RvAbpnRicygag1V4nopPhtD8z2_rzcbhSSTXPqDJDZ8nyTM.webp?alt=media&token=c154d5dd-393f-4b0d-8aba-c7f759a47f63
IKI,Virta Ekstra dešra vakuume 570g,2.95 €,https://firebasestorage.googleapis.com/v0/b/lastmile-ui/o/import%2Fphotos%2Fconverted%2Fproduct%2FthumbUrl%2FCvKfTzV4TN5U8BTMF1Hl_247569_OrXUvGAuc2NCJDRvzNOTXOM3rsp1_gnhrSih5jWRk5wmzHIwA.webp?alt=media&token=9fffa322-c5b5-45d7-90e3-a23b904d80bd
IKI,"Ekologiškas avižų gėrimas UAT, 1 l",1.79 €,https://storage.googleapis.com/download/storage/v1/b/lastmile-ui/o/import%2Fphotos%2Fconverted%2Fproduct%2Fglobal_Hqn2lHz92uXSmKyOqxcN_xGdb10o0VzY1SFD6eDjbpqgxmW02_BgB7fcmRHBUVYGrvSgCm_thumb.jpg?generation=1661774354612953&alt=media
IKI,"Dantų siūlas ORAL-B Essential, Mint, 50 m",1.89 €,https://firebasestorage.googleapis.com/v0/b/lastmile-ui/o/import%2Fphotos%2Fconverted%2Fproduct%2FthumbUrl%2FCvKfTzV4TN5U8BTMF1Hl_55389_Y5wHCakiRVc8Kf1fJt96vh8Tr2I2_jmY8GaITEPImBgvSkMeZ.webp?alt=media&token=9f26f2a9-9316-479a-99cf-dd3b64b0ab2b
IKI,"Dantų šepetėlis JORDAN CLEAN SMILE (minkštas), 1 vnt.",0.99 €,https://storage.googleapis.com/download/storage/v1/b/lastmile-ui/o/images%2Fproducts%2Fthumb_xPhjdulobhg85Y5kWE8U.jpg?generation=1623061295726344&alt=media
IKI,"Saldainiai PERGALĖ SOSTINĖS CREAM AND LIQUEUR, 170 g",3.99 €,https://storage.googleapis.com/download/storage/v1/b/lastmile-ui/o/images%2Fchain_products%2FIKI%2Fthumb_CEkgEijQMSOlKVgbGRCB.jpg?generation=1643133699135746&alt=media
IKI,"Rutulinis dezodorantas vyrams NIVEA BLACK&WHITE POWER, 50 ml",2.39 €,https://storage.googleapis.com/download/storage/v1/b/lastmile-ui/o/import%2Fphotos%2Fconverted%2Fproduct%2FCvKfTzV4TN5U8BTMF1Hl_9oKnCThKx33TIX3vq46K_r9n5kqSjCnW7eMWy9cQs7lSXyPx2_Q8zWsRk9v4hu5fWGStIQ_thumb.jpg?generation=1653663072158615&alt=media
IKI,"Tualetinis muilas PALMOLIVE hygiene aloe, 90 g",0.49 €,https://storage.googleapis.com/download/storage/v1/b/lastmile-ui/o/import%2Fphotos%2Fconverted%2Fproduct%2Fglobal_QXpQlhHeAwmqvAr3RxJ9_xGdb10o0VzY1SFD6eDjbpqgxmW02_GzSPiA2uHwBT3tGSZ9re_thumb.jpg?generation=1674560117972194&alt=media
IKI,"Šokoladas MILKA WHITE OREO COOKIES, 100 g",1.29 €,https://firebasestorage.googleapis.com/v0/b/lastmile-ui/o/import%2Fphotos%2Fconverted%2Fproduct%2FthumbUrl%2FCvKfTzV4TN5U8BTMF1Hl_272882_Y5wHCakiRVc8Kf1fJt96vh8Tr2I2_3cfViFNjMkY48QqQ1DNp.webp?alt=media&token=54a008f2-9513-4c3e-9373-0ce4cdf64f36
IKI,"Migdolų riešutai ALVO, 100 g",1.44 €,https://firebasestorage.googleapis.com/v0/b/lastmile-ui/o/import%2Fphotos%2Fconverted%2Fproduct%2FthumbUrl%2FCvKfTzV4TN5U8BTMF1Hl_213933_uF3DptJQvjXHqmno4Mal_pHNs5uZNr5qTSMB5vTpN.webp?alt=media&token=3c203b16-b24e-4f57-bf2f-d1bba42dfb9d
IKI,"Ekologiški grikiai BIORINA, 500 g",1.99 €,https://storage.googleapis.com/download/storage/v1/b/lastmile-ui/o/import%2Fphotos%2Fconverted%2Fproduct%2Fglobal_uiHlCui3UlNzNmHLS4Sw_W5RvAbpnRicygag1V4nopPhtD8z2_eiAeG43MwpGxb37ZVmY6_thumb.jpg?generation=1687181628888829&alt=media
IKI,"WC valikliai-gaivikliai BREF COLOR AKTIV FRESH FLOWERS,2vnt., 100 g",2.49 €,https://storage.googleapis.com/download/storage/v1/b/lastmile-ui/o/import%2Fphotos%2Fconverted%2Fproduct%2FCvKfTzV4TN5U8BTMF1Hl_DSOYiPEhVQKunPUcZaVo_CvKfTzV4TN5U8BTMF1Hl_W5RvAbpnRicygag1V4nopPhtD8z2_qYeHR6u9NLQmGRd2SPu7_thumb.jpg?generation=1690376601657791&alt=media
IKI,"Dribsnių kvadratėliai NESTLE CINI MINIS, 645 g",4.49 €,https://firebasestorage.googleapis.com/v0/b/lastmile-ui/o/import%2Fphotos%2Fconverted%2Fproduct%2FthumbUrl%2FCvKfTzV4TN5U8BTMF1Hl_234152_uF3DptJQvjXHqmno4Mal_DXZN7wcsrYylq4TmW5AP.webp?alt=media&token=543fa7d1-c86a-4a95-9631-9f28b7d6deee
IKI,"Tualetinis muilas NEUTRAL, 100 g",0.64 €,https://www.googleapis.com/download/storage/v1/b/lastmile-ui/o/images%2Fproducts%2Fthumb_cZwfDvbsEf8DCGpIhKST.jpg?generation=1582202895025982&alt=media
IKI,"Ajurvedinis vaistažolių muilas MEDIMIX, 75 g",0.74 €,https://storage.googleapis.com/download/storage/v1/b/lastmile-ui/o/images%2Fproducts%2Fthumb_PtW5oGnEjQoDi46IimrT.jpg?generation=1594714696987890&alt=media
IKI,"Grikių kruopos GALINTA (8x125g), 1 kg",3.19 €,https://firebasestorage.googleapis.com/v0/b/lastmile-ui/o/import%2Fphotos%2Fconverted%2Fproduct%2FthumbUrl%2FCvKfTzV4TN5U8BTMF1Hl_7790_Y5wHCakiRVc8Kf1fJt96vh8Tr2I2_PsRRmRCmNPVeDz6Rbidc.webp?alt=media&token=9db87c98-270d-4cc8-80a2-898aec0b9fd9
IKI,"Saldainių dėžutė GEISHA, 150 g",4.47 €,https://storage.googleapis.com/download/storage/v1/b/lastmile-ui/o/import%2Fphotos%2Fconverted%2Fproduct%2FCvKfTzV4TN5U8BTMF1Hl_AczqZCsvj7mvczqw8kCu_W5RvAbpnRicygag1V4nopPhtD8z2_MeKrEypKYsf8YJ0H8W0I_thumb.jpg?generation=1683206238069049&alt=media
IKI,"SENOJO DVARO sūris, brandintas 9 mėn., 45 % rieb. s. m., 200 g",2.95 €,https://firebasestorage.googleapis.com/v0/b/lastmile-ui/o/import%2Fphotos%2Fconverted%2Fproduct%2FthumbUrl%2FCvKfTzV4TN5U8BTMF1Hl_267574_Y5wHCakiRVc8Kf1fJt96vh8Tr2I2_e2Bgja9vh7Ai9BdVkItL.webp?alt=media&token=0f3fe53e-bf75-42c5-8e14-3fd1b5d37e8f
IKI,"Skystasis skalbiklis PERWOLL COLOR, 20 skalbimų, 1000 ml",4.24 €,https://firebasestorage.googleapis.com/v0/b/lastmile-ui/o/import%2Fphotos%2Fconverted%2Fproduct%2FthumbUrl%2FCvKfTzV4TN5U8BTMF1Hl_281181_W5RvAbpnRicygag1V4nopPhtD8z2_FAhLBsJDlxz1WFLc41ux.webp?alt=media&token=698582c7-d7e3-4130-a364-ac29e725c8c8
IKI,"Drėgnos šluostės - kempinės VILEDA EXTRA, 3 vnt.",2.39 €,https://storage.googleapis.com/download/storage/v1/b/lastmile-ui/o/import%2Fphotos%2Fconverted%2Fproduct%2Fglobal_Yttx3WVAFBzoeicyvWkt_xGdb10o0VzY1SFD6eDjbpqgxmW02_brcjE7PJWvMc5jKNueRW_thumb.jpg?generation=1679554246198086&alt=media
IKI,"Sausainiai IMBIERINIAI, 250 g",1.39 €,https://firebasestorage.googleapis.com/v0/b/lastmile-ui/o/import%2Fphotos%2Fconverted%2Fproduct%2FthumbUrl%2FCvKfTzV4TN5U8BTMF1Hl_80385_uF3DptJQvjXHqmno4Mal_DaxhaZ8FXtceR6sAjwqz.webp?alt=media&token=06a09087-ae22-47f8-bf53-017e8b124ed8
IKI,"Virta-rūkyta dešra aukščiausia rūšis KRIVIO, 400 g",5.43 €,https://firebasestorage.googleapis.com/v0/b/lastmile-ui/o/import%2Fphotos%2Fconverted%2Fproduct%2FthumbUrl%2FCvKfTzV4TN5U8BTMF1Hl_244311_OrXUvGAuc2NCJDRvzNOTXOM3rsp1_I5w449n3sTX7b0hfThQV.webp?alt=media&token=d68c5779-8461-4ec6-b197-40cac4499d85
IKI,"Spaghetti makaronai DOBELE, 500 g",0.99 €,https://storage.googleapis.com/download/storage/v1/b/lastmile-ui/o/images%2Fproducts%2Fthumb_BCrvhqwVVDsaiSsMPCE4.jpg?generation=1631695764547835&alt=media
IKI,"Saldus ryžių actas sušiui AJI, 150 ml",1.39 €,https://storage.googleapis.com/download/storage/v1/b/lastmile-ui/o/images%2Fproducts%2Fthumb_QKJNIRxL7PqCfww7fFJ1.jpg?generation=1582200031992096&alt=media
IKI,"Sauskelnės PAMPERS PANTS Jumbo Pants 7 dydis, 38 vnt.",14.99 €,https://firebasestorage.googleapis.com/v0/b/lastmile-ui/o/import%2Fphotos%2Fconverted%2Fproduct%2FthumbUrl%2FCvKfTzV4TN5U8BTMF1Hl_263465_Y5wHCakiRVc8Kf1fJt96vh8Tr2I2_Qstvf2zOMThjvSehHaGo.webp?alt=media&token=31d25b5d-97e6-486f-9664-f741083c0202
IKI,"Termiskai apdorotas jogurtas ZOTT Zottis, 115 g",0.39 €,https://storage.googleapis.com/download/storage/v1/b/lastmile-ui/o/import%2Fphotos%2Fconverted%2Fproduct%2FCvKfTzV4TN5U8BTMF1Hl_YqdMWyPF8Wq0jAGcCZo9_CvKfTzV4TN5U8BTMF1Hl_W5RvAbpnRicygag1V4nopPhtD8z2_mEwQJKXk6Pdy1mlsZOEx_thumb.webp?generation=1705079138951812&alt=media
IKI,"Šaltos kavos gėrimas HOCHWALD EISMACCHIATO, 0,25 l",0.79 €,https://storage.googleapis.com/download/storage/v1/b/lastmile-ui/o/images%2Fproducts%2Fthumb_jF4We7bjg1lHBOgIpOJL.jpg?generation=1638635151706610&alt=media
IKI,"Traškučiai TAFFEL CREAMY ONION Mega Pack, 250 g",1.99 €,https://storage.googleapis.com/download/storage/v1/b/lastmile-ui/o/import%2Fphotos%2Fconverted%2Fproduct%2Fglobal_J38tf4s55phIunsKU9xg_xGdb10o0VzY1SFD6eDjbpqgxmW02_INEPyx6bpCWt2fTiCVQx_thumb.jpg?generation=1667978456716822&alt=media
IKI,"Moteriški vienkartiniai skustuvai BIC TWIN LADY SENSITIVE, 5 vnt.",1.74 €,https://storage.googleapis.com/download/storage/v1/b/lastmile-ui/o/images%2Fproducts%2Fthumb_LjZN7ONzXkZsdCZ48t0i.jpg?generation=1594714695539936&alt=media
IKI,"Grikiai BIORINA, 800 g",2.07 €,https://storage.googleapis.com/download/storage/v1/b/lastmile-ui/o/import%2Fphotos%2Fconverted%2Fproduct%2Fglobal_L24iINmJjNa9L6MwjLXy_xGdb10o0VzY1SFD6eDjbpqgxmW02_RkIm0DFn8B00WsX6yK15_thumb.jpg?generation=1679554244442502&alt=media
IKI,"Tepamas sūris PHILADELPHIA su česnakais, 125 g",1.99 €,https://storage.googleapis.com/download/storage/v1/b/lastmile-ui/o/import%2Fphotos%2Fconverted%2Fproduct%2Fglobal_yvNBDecNIxYI4c8pgPpx_W5RvAbpnRicygag1V4nopPhtD8z2_simGjOpnmqbZKUPjHN65_thumb.jpg?generation=1684847134139519&alt=media
IKI,"Ekologiška persikų, bananų, mangų tyrelė su jogurtu nuo 6 mėn. HIPP BIO, 100 g",1.42 €,https://storage.googleapis.com/download/storage/v1/b/lastmile-ui/o/images%2Fproducts%2Fthumb_9qhVlUbUsfV5oYxDkoW6.jpg?generation=1644048476389936&alt=media
IKI,"Prieskoniai VEGETA, 250 g",1.87 €,https://storage.googleapis.com/download/storage/v1/b/lastmile-ui/o/images%2Fchain_products%2FIKI%2Fthumb_k3NkUr2e5YQbhlKpcguL.jpg?generation=1631696097196573&alt=media
IKI,"Šaldyta žuvies filė tešloje su česnakiniu padažu NOWACO, 800 g",6.29 €,https://firebasestorage.googleapis.com/v0/b/lastmile-ui/o/import%2Fphotos%2Fconverted%2Fproduct%2FthumbUrl%2FCvKfTzV4TN5U8BTMF1Hl_238574_W5RvAbpnRicygag1V4nopPhtD8z2_uoHqtylKlp4UXwHRGKkA.webp?alt=media&token=dac96035-9443-4ddc-b52b-74c3232a7b16
IKI,"Greitai paruošiami makaronai jautienos skonio REEVA, 60 g",0.35 €,https://storage.googleapis.com/download/storage/v1/b/lastmile-ui/o/import%2Fphotos%2Fconverted%2Fproduct%2Fglobal_auAA0RNuh1iizUiSsJbo_W5RvAbpnRicygag1V4nopPhtD8z2_bR15pLwHMj4riIkcgefz_thumb.jpg?generation=1684494382586795&alt=media
IKI,"Grybų ir grietinės skonio duonos traškučiai MARETTI, 70 g",0.89 €,https://firebasestorage.googleapis.com/v0/b/lastmile-ui/o/import%2Fphotos%2Fconverted%2Fproduct%2FthumbUrl%2FCvKfTzV4TN5U8BTMF1Hl_220764_Y5wHCakiRVc8Kf1fJt96vh8Tr2I2_bcNwC0364MGPbIp0I1cs.webp?alt=media&token=b6282f25-5a5e-426c-8fa3-ec39b39703b7
IKI,"Ekologiška obuolių, braškių, bananų tyrelė HIPP (nuo 4 mėn.), 100 g",1.42 €,https://storage.googleapis.com/download/storage/v1/b/lastmile-ui/o/import%2Fphotos%2Fconverted%2Fproduct%2FCvKfTzV4TN5U8BTMF1Hl_ZGNNuEZLs8DsC3tHXX59_CvKfTzV4TN5U8BTMF1Hl_W5RvAbpnRicygag1V4nopPhtD8z2_jh5bBiEvYzk5krN2qBXv_thumb.jpg?generation=1694670835839167&alt=media
IKI,"4 grūdų dribsniai DOBELE, 500 g",1.42 €,https://storage.googleapis.com/download/storage/v1/b/lastmile-ui/o/images%2Fproducts%2Fthumb_gBfC7A0xeD15HvUASBA3.jpg?generation=1631695926185226&alt=media
IKI,"Higieniniai įklotai DISCREET AIR MULTIFORM, 100 vnt.",5.19 €,https://firebasestorage.googleapis.com/v0/b/lastmile-ui/o/import%2Fphotos%2Fconverted%2Fproduct%2FthumbUrl%2FCvKfTzV4TN5U8BTMF1Hl_244594_Y5wHCakiRVc8Kf1fJt96vh8Tr2I2_y0MXxTS1YXKLD6wRnue7.webp?alt=media&token=b2232769-9ac8-4449-8508-5bccb849bc3f
IKI,Karštai rūkyta atlantinė skumbrė be galvos,10.39 €,https://storage.googleapis.com/download/storage/v1/b/lastmile-ui/o/import%2Fphotos%2Fconverted%2Fproduct%2Fglobal_tFMbU6jkZcnkYbkFhZgt_xGdb10o0VzY1SFD6eDjbpqgxmW02_uJIwLeiXOUGCdqAdl5ON_thumb.jpg?generation=1658133194263851&alt=media
IKI,"Kietasis sūris 24 mėnesių brandinimo DŽIUGAS DELICATE, 40% riebumo, 180 g",3.75 €,https://firebasestorage.googleapis.com/v0/b/lastmile-ui/o/import%2Fphotos%2Fconverted%2Fproduct%2FthumbUrl%2FCvKfTzV4TN5U8BTMF1Hl_206305_uF3DptJQvjXHqmno4Mal_IV8pmQ2m1zkDaQ4EBQia.webp?alt=media&token=27466be6-ace9-4923-b5fc-c9e43493d523
IKI,"Pieštukinis dezodorantas OLD SPICE Whitewater, 50ml",2.64 €,https://firebasestorage.googleapis.com/v0/b/lastmile-ui/o/import%2Fphotos%2Fconverted%2Fproduct%2FthumbUrl%2FCvKfTzV4TN5U8BTMF1Hl_226260_Y5wHCakiRVc8Kf1fJt96vh8Tr2I2_IVpeziCOBA6feZMB4sBl.webp?alt=media&token=67a6c1a6-139f-4080-9f6c-09efa8b6959f
IKI,"Popierinis rankšluostis RENOVA GREEN GIGA, 1 vnt.",2.89 €,https://storage.googleapis.com/download/storage/v1/b/lastmile-ui/o/images%2Fproducts%2Fthumb_NGBc8WGya57Opo9MAH9A.jpg?generation=1632927100676127&alt=media
IKI,"Skalbinių minkštiklis SILAN SENSITIVE, 880 ml",2.49 €,https://storage.googleapis.com/download/storage/v1/b/lastmile-ui/o/import%2Fphotos%2Fconverted%2Fproduct%2FCvKfTzV4TN5U8BTMF1Hl_277065_CvKfTzV4TN5U8BTMF1Hl_W5RvAbpnRicygag1V4nopPhtD8z2_UPLLQhS7fnSX4nhmwwZw_thumb.jpg?generation=1695364988715524&alt=media
IKI,"Dantų šepetėlis COLGATE (ZIG ZAG MEDIUM), 1 vnt.",0.84 €,https://firebasestorage.googleapis.com/v0/b/lastmile-ui/o/import%2Fphotos%2Fconverted%2Fproduct%2FthumbUrl%2FCvKfTzV4TN5U8BTMF1Hl_6359_uF3DptJQvjXHqmno4Mal_0aSkJga2xs53F2CiI3xn.webp?alt=media&token=ca10dc4f-b0e0-4677-bbb2-9c700d508cb5
IKI,"Žemės riešutai traškioje luobelėje aštraus padažo salsa skonio JĖGA, 200 g",1.27 €,https://storage.googleapis.com/download/storage/v1/b/lastmile-ui/o/images%2Fchain_products%2FIKI%2Fthumb_SLStb2KDR8bjMd4itwrI.jpg?generation=1631695806804211&alt=media
IKI,"Konsentruota indų plovimo priemonė su soda FROSCH, 500 ml",1.39 €,https://storage.googleapis.com/download/storage/v1/b/lastmile-ui/o/images%2Fproducts%2Fthumb_zRvr4lzzpSrrrhO7xwI1.jpg?generation=1631696140976893&alt=media
IKI,"Skalbinių minkštiklis SILAN RELAXING MALDIVES, 770 ml",2.49 €,https://storage.googleapis.com/download/storage/v1/b/lastmile-ui/o/import%2Fphotos%2Fconverted%2Fproduct%2FCvKfTzV4TN5U8BTMF1Hl_277056_CvKfTzV4TN5U8BTMF1Hl_W5RvAbpnRicygag1V4nopPhtD8z2_CQXJqgdISmaM4Ec4ZOG7_thumb.jpg?generation=1695364988520022&alt=media
IKI,"Grikių kruopos GALINTA (neskrudintos), 800 g",2.39 €,https://storage.googleapis.com/download/storage/v1/b/lastmile-ui/o/images%2Fproducts%2Fthumb_pig1EPqjG5WGwhh8KqT7.jpg?generation=1623061182916877&alt=media
IKI,"Visavertis ėdalas suaugusioms katėms su jautiena, vištiena ir pridėtomis daržovėmis FRISKIES, 1 kg",3.28 €,https://firebasestorage.googleapis.com/v0/b/lastmile-ui/o/import%2Fphotos%2Fconverted%2Fproduct%2FthumbUrl%2FCvKfTzV4TN5U8BTMF1Hl_42437_Y5wHCakiRVc8Kf1fJt96vh8Tr2I2_3eqrgVbqFhUO5lYHMmUE.webp?alt=media&token=d2bcb6c7-58d9-483e-b26f-e5d33b1f0e0c
IKI,Karštai rūkytas Žagarės kiaulienos kumpelis,9.99 €,https://storage.googleapis.com/download/storage/v1/b/lastmile-ui/o/import%2Fphotos%2Fconverted%2Fproduct%2Fglobal_bEtGFpQHJKGUQwfTQneP_W5RvAbpnRicygag1V4nopPhtD8z2_HVbOfJ54JAhRd1DcHtCo_thumb.jpg?generation=1683206250598264&alt=media
IKI,"Švelnus kečupas SUSLAVIČIAUS, 1 kg",2.79 €,https://storage.googleapis.com/download/storage/v1/b/lastmile-ui/o/import%2Fphotos%2Fconverted%2Fproduct%2FCvKfTzV4TN5U8BTMF1Hl_ninKk00hzX3pYTT9SSSL_xGdb10o0VzY1SFD6eDjbpqgxmW02_n5BexlzwSi1uQkWW3pT4_thumb.jpg?generation=1648128100116013&alt=media
IKI,"Šampūnas SYOSS Keratin, 440 ml",3.84 €,https://firebasestorage.googleapis.com/v0/b/lastmile-ui/o/import%2Fphotos%2Fconverted%2Fproduct%2FthumbUrl%2FCvKfTzV4TN5U8BTMF1Hl_262376_W5RvAbpnRicygag1V4nopPhtD8z2_mjNGu52qinePwvoTuz6D.webp?alt=media&token=00515723-168d-4d0d-bfdd-de436c3e42d1
IKI,"Šokoladinis kremas MILKA, 350 g",2.74 €,https://storage.googleapis.com/download/storage/v1/b/lastmile-ui/o/import%2Fphotos%2Fconverted%2Fproduct%2FCvKfTzV4TN5U8BTMF1Hl_qQi2x93SjEHkebvuti9Y_xGdb10o0VzY1SFD6eDjbpqgxmW02_jV4aKSZjrN7E8FrGaSuw_thumb.jpg?generation=1644326726069228&alt=media
IKI,"Vitaminizuotas gėrimas VITAMINERAL WELLNESS, 0,75 l",0.97 €,https://storage.googleapis.com/download/storage/v1/b/lastmile-ui/o/import%2Fphotos%2Fconverted%2Fproduct%2FCvKfTzV4TN5U8BTMF1Hl_276837_CvKfTzV4TN5U8BTMF1Hl_W5RvAbpnRicygag1V4nopPhtD8z2_yophqn79qsMtFU1ReBN4_thumb.jpg?generation=1688035404409261&alt=media
IKI,"Sausas kačių ėdalas su tunais WHISKAS , 800 g",2.69 €,https://storage.googleapis.com/download/storage/v1/b/lastmile-ui/o/import%2Fphotos%2Fconverted%2Fproduct%2FCvKfTzV4TN5U8BTMF1Hl_7mKz7S5xRq3T15Pr5QSk_xGdb10o0VzY1SFD6eDjbpqgxmW02_W9xAGIPsZksYCD81WUck_thumb.jpg?generation=1679554247095228&alt=media
IKI,"Universalusis burnos skalavimo skystis ECODENTA, 500 ml",2.89 €,https://storage.googleapis.com/download/storage/v1/b/lastmile-ui/o/images%2Fproducts%2Fthumb_MRG7MpFVd1Zr1SvOnHBP.jpg?generation=1623061297467163&alt=media
IKI,"Tualetinis popierius, 8 vnt.",3.49 €,https://storage.googleapis.com/download/storage/v1/b/lastmile-ui/o/import%2Fphotos%2Fconverted%2Fproduct%2Fglobal_DMMiWkjJ5rBlWfNUFxtu_xGdb10o0VzY1SFD6eDjbpqgxmW02_OlaPHWv81oXlzwCPjlE8_thumb.jpg?generation=1676633489757318&alt=media
IKI,"Gaivinamoji dantų pasta ECODENTA 2 IN 1 nuo apnašų, 100 ml",1.72 €,https://storage.googleapis.com/download/storage/v1/b/lastmile-ui/o/images%2Fproducts%2Fthumb_m1T5UShcsVmjy1FiMRK3.jpg?generation=1623061297125944&alt=media
IKI,"WC valiklis BREF HYGIENE&SHINE ( LEMONITTA POWER), 700 ml",1.89 €,https://storage.googleapis.com/download/storage/v1/b/lastmile-ui/o/images%2Fchain_products%2FIKI%2Fthumb_G2bYTevlcp0XqiFIphzt.jpg?generation=1631696145996032&alt=media
IKI,"Aktyvios balinimo servetelės DR.BECKMANN, 15 vnt.",2.24 €,https://storage.googleapis.com/download/storage/v1/b/lastmile-ui/o/images%2Fproducts%2Fthumb_1r7i4QYiVAjJ2Gv5bBSJ.jpg?generation=1631695877611662&alt=media
IKI,"Karštai rūkytos dešrelės, a.r., EKSTRA, 300 g",4.63 €,https://firebasestorage.googleapis.com/v0/b/lastmile-ui/o/import%2Fphotos%2Fconverted%2Fproduct%2FthumbUrl%2FCvKfTzV4TN5U8BTMF1Hl_241390_OrXUvGAuc2NCJDRvzNOTXOM3rsp1_H2v5vrvZi1ZvYFlA8U5K.webp?alt=media&token=d913cd59-9bda-44fd-bd39-8bc5940b35a9
IKI,"Ekologiškas bananų, vyšnių sulčių batonėlis su jogurtu (nuo 1m.) HIPP, 23 g",1.42 €,https://storage.googleapis.com/download/storage/v1/b/lastmile-ui/o/images%2Fproducts%2Fthumb_IE1DBXMyMEhdWj2DsOx9.jpg?generation=1582198229876339&alt=media
IKI,"Langų valiklis CLIN CITRUS, 500 ml",1.79 €,https://storage.googleapis.com/download/storage/v1/b/lastmile-ui/o/import%2Fphotos%2Fconverted%2Fproduct%2FCvKfTzV4TN5U8BTMF1Hl_XbIzum6yS1tlBpkSl9JN_CvKfTzV4TN5U8BTMF1Hl_W5RvAbpnRicygag1V4nopPhtD8z2_ERUM6rpRDqtvHKZUK8vU_thumb.jpg?generation=1690376598989336&alt=media
IKI,"Pieninis šokoladas MILKA CHOCO JELLY, 250 g",3.14 €,https://firebasestorage.googleapis.com/v0/b/lastmile-ui/o/import%2Fphotos%2Fconverted%2Fproduct%2FthumbUrl%2FCvKfTzV4TN5U8BTMF1Hl_215979_Y5wHCakiRVc8Kf1fJt96vh8Tr2I2_1v2MxeW3I6lWgvV9zGKQ.webp?alt=media&token=eed7fe1a-fbe4-44db-a6f6-f8d3f7c436c5
IKI,"Kreminė dušo želė su miško uogų ekstraktu MARGARITA, 500 ml",2.14 €,https://storage.googleapis.com/download/storage/v1/b/lastmile-ui/o/images%2Fproducts%2Fthumb_B52tXU47yz0o90kgXu8U.jpg?generation=1644048305401459&alt=media
IKI,"Dantų pasta LACALUT WHITE, 75 ml",2.44 €,https://storage.googleapis.com/download/storage/v1/b/lastmile-ui/o/images%2Fchain_products%2FIKI%2Fthumb_UMDfzsfxX7CtBcFFV9qx.jpg?generation=1631695720995909&alt=media
IKI,"Dražė M&M'S CHOCO, 90 g",1.09 €,https://storage.googleapis.com/download/storage/v1/b/lastmile-ui/o/import%2Fphotos%2Fconverted%2Fproduct%2FCvKfTzV4TN5U8BTMF1Hl_t8f8hBnjtr8tmEcuO4An_W5RvAbpnRicygag1V4nopPhtD8z2_nbfHWMOCyCTIJdHMgMcK_thumb.jpg?generation=1683206242904199&alt=media
IKI,"Dušo želė NIVEA Creme Soft, 500 ml",3.44 €,https://storage.googleapis.com/download/storage/v1/b/lastmile-ui/o/images%2Fproducts%2Fthumb_yVF5nvkV5CABGVnlyPvl.jpg?generation=1644059046831942&alt=media
IKI,Žuvis Didysis jūrinis ešerys,6.99 €,https://storage.googleapis.com/download/storage/v1/b/lastmile-ui/o/images%2Fproducts%2Fthumb_I1btqyVsROSOpgsDJdjE.jpg?generation=1639663427385136&alt=media
IKI,"Vienkartiniai skustuvai VENUS Simply 2, 6vnt.",2.24 €,https://firebasestorage.googleapis.com/v0/b/lastmile-ui/o/import%2Fphotos%2Fconverted%2Fproduct%2FthumbUrl%2FCvKfTzV4TN5U8BTMF1Hl_227311_Y5wHCakiRVc8Kf1fJt96vh8Tr2I2_sOdf0yNOnEg4W03CmRV4.webp?alt=media&token=c862d7e8-3c92-4498-abd2-74069bfa2364
IKI,"Higieniniai įklotai NATURELLA Camomile Light, 20 vnt.",1.46 €,https://firebasestorage.googleapis.com/v0/b/lastmile-ui/o/import%2Fphotos%2Fconverted%2Fproduct%2FthumbUrl%2FCvKfTzV4TN5U8BTMF1Hl_6707_Y5wHCakiRVc8Kf1fJt96vh8Tr2I2_GLox1u7VXYtpIU0HS2Xo.webp?alt=media&token=0a0139fb-6ab6-4817-b76a-bc57221170aa
IKI,Vytinta Aukštaičių dešra dujose 200g,2.51 €,https://firebasestorage.googleapis.com/v0/b/lastmile-ui/o/import%2Fphotos%2Fconverted%2Fproduct%2FthumbUrl%2FCvKfTzV4TN5U8BTMF1Hl_273273_OrXUvGAuc2NCJDRvzNOTXOM3rsp1_Rq1D9WUJ0SlDPsctJ6hC.webp?alt=media&token=17d00229-999c-4776-a6d1-e3708ae3f41b
IKI,"Dantų pasta LACALUT SENSITIVE, 75 ml",2.09 €,https://storage.googleapis.com/download/storage/v1/b/lastmile-ui/o/images%2Fproducts%2Fthumb_NWwHlVbnXNVLN6qQQpXq.jpg?generation=1594714692965288&alt=media
IKI,"Kava NESCAFE DOLCE GUSTO LUNGO, 112 g",4.99 €,https://firebasestorage.googleapis.com/v0/b/lastmile-ui/o/import%2Fphotos%2Fconverted%2Fproduct%2FthumbUrl%2FCvKfTzV4TN5U8BTMF1Hl_209703_Y5wHCakiRVc8Kf1fJt96vh8Tr2I2_52N1PhMPTtCwHqNJG8WI.webp?alt=media&token=c2d6ab79-765a-4fc3-9996-f22f57ef0918
IKI,"Ekologiški aviečių skonio ryžių paplotėliai nuo 8 mėn. HIPP, 33 g",2.09 €,https://firebasestorage.googleapis.com/v0/b/lastmile-ui/o/import%2Fphotos%2Fconverted%2Fproduct%2FthumbUrl%2FCvKfTzV4TN5U8BTMF1Hl_242144_Y5wHCakiRVc8Kf1fJt96vh8Tr2I2_lVZLSsPPOr6vTJO2XLp8.webp?alt=media&token=86c26046-f0a6-4d21-b86d-3079e33d623f
IKI,"Grikių kruopos IKI, 800 g",1.83 €,https://storage.googleapis.com/download/storage/v1/b/lastmile-ui/o/images%2Fproducts%2Fthumb_bDTkCRzXqlgK0JNt5yZY.jpg?generation=1631695984033647&alt=media
IKI,"Indų ploviklis FAIRY Sensitive Tea Tree&Mint, 900ml",2.63 €,https://firebasestorage.googleapis.com/v0/b/lastmile-ui/o/import%2Fphotos%2Fconverted%2Fproduct%2FthumbUrl%2FCvKfTzV4TN5U8BTMF1Hl_264826_Y5wHCakiRVc8Kf1fJt96vh8Tr2I2_PkvXiP08MJxg5nuHSP0X.webp?alt=media&token=95bc1a40-f394-4f97-96eb-78b1e123d47c
IKI,"Biskvitinis pyragaitis MILKA CAKE & CHOC, 175 g",1.74 €,https://storage.googleapis.com/download/storage/v1/b/lastmile-ui/o/images%2Fchain_products%2FIKI%2Fthumb_fie9uAaCZ1ZXIkpFje01.jpg?generation=1631695784558221&alt=media
IKI,"WC valikliai-gaivikliai BREF COLOR AKTIV EUCALYPTUS (2 vnt.), 100 g",2.49 €,https://storage.googleapis.com/download/storage/v1/b/lastmile-ui/o/import%2Fphotos%2Fconverted%2Fproduct%2FCvKfTzV4TN5U8BTMF1Hl_LZ31xov6CEtaOmUmMh3y_CvKfTzV4TN5U8BTMF1Hl_W5RvAbpnRicygag1V4nopPhtD8z2_lvr6ADWYoWxgBXofCwID_thumb.jpg?generation=1690376599436468&alt=media
IKI,"Ekologiška aštri kario sriuba AUGA, 400 g",1.81 €,https://firebasestorage.googleapis.com/v0/b/lastmile-ui/o/import%2Fphotos%2Fconverted%2Fproduct%2FthumbUrl%2FCvKfTzV4TN5U8BTMF1Hl_256296_Y5wHCakiRVc8Kf1fJt96vh8Tr2I2_g2dcD8hbk2lwdqNGdUwr.webp?alt=media&token=c4059baf-e120-40e6-a9b3-7f16d6ebbc9c
IKI,"Malta kava PELLINI TOP, 250 g",6.99 €,https://storage.googleapis.com/download/storage/v1/b/lastmile-ui/o/images%2Fchain_products%2FIKI%2Fthumb_jMb3qRdA6Cwdj22EFY0d.jpg?generation=1631696148934216&alt=media
IKI,"Citrinų ir žaliųjų citrinų skonio gazuotas stalo vanduo RASA LIGHT, 1,5 l",0.45 €,https://firebasestorage.googleapis.com/v0/b/lastmile-ui/o/import%2Fphotos%2Fconverted%2Fproduct%2FthumbUrl%2FCvKfTzV4TN5U8BTMF1Hl_231445_uF3DptJQvjXHqmno4Mal_HYvOZp3Xlo7Wmm0macLH.webp?alt=media&token=745a3a4c-2240-44d8-8253-762e91acd074
IKI,"Avižų dribsniai DOBELE, 500 g",0.94 €,https://storage.googleapis.com/download/storage/v1/b/lastmile-ui/o/images%2Fproducts%2Fthumb_HizsN71FrhkU3N3hRV8X.jpg?generation=1582198110734149&alt=media
IKI,"Konservuotas kačių ėdalas WHISKAS CASSEROLE su paukštiena (4x85 g), 340 g",1.55 €,https://storage.googleapis.com/download/storage/v1/b/lastmile-ui/o/import%2Fphotos%2Fconverted%2Fproduct%2Fglobal_ZpmWeoTqgMM86O8b1Ds6_xGdb10o0VzY1SFD6eDjbpqgxmW02_AebOU6OBfvpUL2K9Dqtw_thumb.jpg?generation=1679554246530860&alt=media
IKI,"Ekologiška bananų, kriaušių, mangų tyrelė nuo 4 mėn. HIPP, 100 g",1.42 €,https://firebasestorage.googleapis.com/v0/b/lastmile-ui/o/import%2Fphotos%2Fconverted%2Fproduct%2FthumbUrl%2FCvKfTzV4TN5U8BTMF1Hl_242138_uF3DptJQvjXHqmno4Mal_lTKbgtUwqeZsYttiRJDu.webp?alt=media&token=5ef742c4-33ed-41c6-b561-f1066501df3c
IKI,"Šokoladas su karamelės ir akytojo pieninio šokolado įdaru MILKA, 250 g",3.14 €,https://firebasestorage.googleapis.com/v0/b/lastmile-ui/o/import%2Fphotos%2Fconverted%2Fproduct%2FthumbUrl%2FCvKfTzV4TN5U8BTMF1Hl_212958_Y5wHCakiRVc8Kf1fJt96vh8Tr2I2_sFpeH2sHYx04NsdLquyF.webp?alt=media&token=d846cfbe-d9d8-4b57-93eb-3d8592a3d1c6
IKI,"Juodasis šokoladas VILNIUS, 90 g",1.87 €,https://firebasestorage.googleapis.com/v0/b/lastmile-ui/o/import%2Fphotos%2Fconverted%2Fproduct%2FthumbUrl%2FCvKfTzV4TN5U8BTMF1Hl_19037_OrXUvGAuc2NCJDRvzNOTXOM3rsp1_b2mK12kHMU1zoZpQCszG.webp?alt=media&token=081c19e7-f649-4818-8f45-bede637176b4
IKI,"Lazdyno riešutų branduoliai, 1 kg",11.39 €,https://www.googleapis.com/download/storage/v1/b/lastmile-ui/o/images%2Fproducts%2Fthumb_qrWlY5KFK6B6Sb1Ozfum.jpg?generation=1582206158401079&alt=media
IKI,"Laimo ir mėtų skonio izotoninis gėrimas OSHEE BIKERIDERS, 0,75 l",1.04 €,https://firebasestorage.googleapis.com/v0/b/lastmile-ui/o/import%2Fphotos%2Fconverted%2Fproduct%2FthumbUrl%2FCvKfTzV4TN5U8BTMF1Hl_267307_OrXUvGAuc2NCJDRvzNOTXOM3rsp1_oURFlp4qcFd87YmIqtGT.webp?alt=media&token=a395b3eb-0814-4c2f-86d2-80e4766500d6
IKI,"Virta dešra DAKTARIŠKA, 600 g",6.71 €,https://firebasestorage.googleapis.com/v0/b/lastmile-ui/o/import%2Fphotos%2Fconverted%2Fproduct%2FthumbUrl%2FCvKfTzV4TN5U8BTMF1Hl_241395_OrXUvGAuc2NCJDRvzNOTXOM3rsp1_fQJpV1kGmCemdhUiha58.webp?alt=media&token=d8c2a8ae-7d32-40e2-84a7-b6f791516534
IKI,"Šaldytos virtos paprast. šiaurinės krevetės NOWACO su kiautais, 700 g",6.29 €,https://firebasestorage.googleapis.com/v0/b/lastmile-ui/o/import%2Fphotos%2Fconverted%2Fproduct%2FthumbUrl%2FCvKfTzV4TN5U8BTMF1Hl_74050_W5RvAbpnRicygag1V4nopPhtD8z2_V2dgry5tng6uw4eHqqZ4.webp?alt=media&token=a02d8467-029a-43de-8627-6e57c2014784
IKI,"Anakardžių riešutai ALVO, 400 g",4.49 €,https://storage.googleapis.com/download/storage/v1/b/lastmile-ui/o/import%2Fphotos%2Fconverted%2Fproduct%2Fglobal_OtZfmd8d3itXaKFhTMWl_xGdb10o0VzY1SFD6eDjbpqgxmW02_t16GH0m2OZaNYmcXO7WL_thumb.jpg?generation=1667978456590783&alt=media
IKI,"IKI ŪKIS vynuoginiai pomidorai, 300 g",1.99 €,https://storage.googleapis.com/download/storage/v1/b/lastmile-ui/o/import%2Fphotos%2Fconverted%2Fproduct%2Fglobal_A9P9ShcauXQrz3Sm32bk_xGdb10o0VzY1SFD6eDjbpqgxmW02_Wf9QbjpYh6esfJJJNxwE_thumb.jpg?generation=1655118542736314&alt=media
IKI,"Skalbiklis su soda FROSCH, 1,5 l",4.49 €,https://storage.googleapis.com/download/storage/v1/b/lastmile-ui/o/images%2Fproducts%2Fthumb_J2YanNI43CarN8254VIr.jpg?generation=1631695834912287&alt=media
IKI,"Grikių kruopos TYRAS, 500 g",1.91 €,https://storage.googleapis.com/download/storage/v1/b/lastmile-ui/o/images%2Fproducts%2Fthumb_TwRWK7W8bl7OhFovO1id.jpg?generation=1631695951149041&alt=media
IKI,Virta Ekstra dešra su lašinukais vakuume 570g,2.75 €,https://firebasestorage.googleapis.com/v0/b/lastmile-ui/o/import%2Fphotos%2Fconverted%2Fproduct%2FthumbUrl%2FCvKfTzV4TN5U8BTMF1Hl_247566_OrXUvGAuc2NCJDRvzNOTXOM3rsp1_BZuohXu4isu8RdNrz0rk.webp?alt=media&token=59641a77-efbb-44be-a892-499fa4014a98
IKI,"Grindų valiklis AJAX FLORAL FIESTA SPRING FLOWERS, 1 l",1.99 €,https://firebasestorage.googleapis.com/v0/b/lastmile-ui/o/import%2Fphotos%2Fconverted%2Fproduct%2FthumbUrl%2FCvKfTzV4TN5U8BTMF1Hl_28870_Y5wHCakiRVc8Kf1fJt96vh8Tr2I2_e0rlqfjdUo2vz5IiVQ8B.webp?alt=media&token=4c6c2731-67c4-4789-85ab-0fde61c37ff8
IKI,"Tirpus kavos gėrimas JACOBS LATTE, 125 g",1.79 €,https://firebasestorage.googleapis.com/v0/b/lastmile-ui/o/import%2Fphotos%2Fconverted%2Fproduct%2FthumbUrl%2FCvKfTzV4TN5U8BTMF1Hl_269732_uF3DptJQvjXHqmno4Mal_4iauox4gT9fRC36Jrt7T.webp?alt=media&token=1036a35b-909c-4bea-833e-daf2368b6afe
IKI,"Higieniniai paketai NATURELLA Ultra Normal, S1, 20 vnt.",3.00 €,https://firebasestorage.googleapis.com/v0/b/lastmile-ui/o/import%2Fphotos%2Fconverted%2Fproduct%2FthumbUrl%2FCvKfTzV4TN5U8BTMF1Hl_65326_Y5wHCakiRVc8Kf1fJt96vh8Tr2I2_h2lwTPvzKkwWMFsz68ap.webp?alt=media&token=07df2cd2-e712-46b8-b7ef-fe9c2c4b8f38
IKI,BROILERIŲ BLAUZDELĖS SU KAULU UŽAUGINTA BE ANTIBIOTIKŲ,3.99 €,https://firebasestorage.googleapis.com/v0/b/lastmile-ui/o/import%2Fphotos%2Fconverted%2Fproduct%2FthumbUrl%2FCvKfTzV4TN5U8BTMF1Hl_269997_OrXUvGAuc2NCJDRvzNOTXOM3rsp1_0SX8D9Ylt1Fp9CvSl1lN.webp?alt=media&token=46096540-f84f-4f18-92fc-7ffea2f9bfae
IKI,"Skystas skalbiklis WOOLITE Dark, 1,8l",4.99 €,https://storage.googleapis.com/download/storage/v1/b/lastmile-ui/o/import%2Fphotos%2Fconverted%2Fproduct%2Fglobal_X1k3LHS97FVOKM0v5GRM_xGdb10o0VzY1SFD6eDjbpqgxmW02_IlGF7xJ51eHEOOYsnUkc_thumb.jpg?generation=1651640251683863&alt=media
IKI,"Oro gaiviklis AIR WICK magnolijų ir vyšnių žydėjimas, 300 ml",1.74 €,https://storage.googleapis.com/download/storage/v1/b/lastmile-ui/o/import%2Fphotos%2Fconverted%2Fproduct%2FCvKfTzV4TN5U8BTMF1Hl_mO7LruJFkLlRkLBHfThH_CvKfTzV4TN5U8BTMF1Hl_W5RvAbpnRicygag1V4nopPhtD8z2_SoTm0GCjO4CIObuNDtzI_thumb.jpg?generation=1689684928375894&alt=media
IKI,"Tirpus kavos gėrimas JACOBS 2IN1, 140 g",1.79 €,https://firebasestorage.googleapis.com/v0/b/lastmile-ui/o/import%2Fphotos%2Fconverted%2Fproduct%2FthumbUrl%2FCvKfTzV4TN5U8BTMF1Hl_269733_uF3DptJQvjXHqmno4Mal_bmFkHzc3fuJZJTB6VFDQ.webp?alt=media&token=93c1a55b-c46c-431b-9c4d-f762b58f25a7
IKI,"Vyriška dušo želė NIVEA SPORT, 500 ml",3.44 €,https://firebasestorage.googleapis.com/v0/b/lastmile-ui/o/import%2Fphotos%2Fconverted%2Fproduct%2FthumbUrl%2FCvKfTzV4TN5U8BTMF1Hl_248180_OrXUvGAuc2NCJDRvzNOTXOM3rsp1_DyXLe53zAbaBrUC5zkBu.webp?alt=media&token=076f4df1-7651-43d1-9ae2-c00b2e4e15aa
IKI,"Kava NESCAFE DOLCE GUSTO ESPRESSO INTENSO, 128 g",4.99 €,https://firebasestorage.googleapis.com/v0/b/lastmile-ui/o/import%2Fphotos%2Fconverted%2Fproduct%2FthumbUrl%2FCvKfTzV4TN5U8BTMF1Hl_5066_Pos12xpkYpPSKaVDW3jqu7xnlg23_BYa4vMuLHdEfoBpXmNgn.webp?alt=media&token=65113ae8-94db-4fa2-9449-4f86891e2500
IKI,"Sausas kačių ėdalas su vištiena WHISKAS, 800 g",2.69 €,https://storage.googleapis.com/download/storage/v1/b/lastmile-ui/o/images%2Fchain_products%2FIKI%2Fthumb_rVcjmgGzrOONyIPO8TjN.jpg?generation=1631695831798987&alt=media
IKI,"Dantų pasta COLGATE TOTAL WHITENING, 75ml",2.24 €,https://firebasestorage.googleapis.com/v0/b/lastmile-ui/o/import%2Fphotos%2Fconverted%2Fproduct%2FthumbUrl%2FCvKfTzV4TN5U8BTMF1Hl_253200_OrXUvGAuc2NCJDRvzNOTXOM3rsp1_0cRVo3G2PoBIPWIwfY22.webp?alt=media&token=4d826ff8-4923-4717-8cba-7dbea3039407
IKI,"IKI silpnai sūdyta tradicinė Atlantinių silkių filė su aliejumi, 400 g",2.63 €,https://storage.googleapis.com/download/storage/v1/b/lastmile-ui/o/images%2Fproducts%2Fthumb_P0srnrQIJoUSbWlJxwL5.jpg?generation=1639147608901804&alt=media
IKI,"Kava NESCAFE DOLCE GUSTO CAFE AU LAIT INTENSO, 160 g",4.99 €,https://firebasestorage.googleapis.com/v0/b/lastmile-ui/o/import%2Fphotos%2Fconverted%2Fproduct%2FthumbUrl%2FCvKfTzV4TN5U8BTMF1Hl_249009_Y5wHCakiRVc8Kf1fJt96vh8Tr2I2_ctj6xMHvmfBTeKtcVkHp.webp?alt=media&token=2c99eb49-2555-41da-9c12-e250890e0516
IKI,"Įvairiaspalviai pomidoriukai MIX, 250 g",1.49 €,https://www.googleapis.com/download/storage/v1/b/lastmile-ui/o/images%2Fproducts%2Fthumb_QTYsxobEPtdfT5GkCkf0.jpg?generation=1582200055818502&alt=media
IKI,"Dantų pasta SENSODYNE Multi Care, 75 ml",2.24 €,https://firebasestorage.googleapis.com/v0/b/lastmile-ui/o/import%2Fphotos%2Fconverted%2Fproduct%2FthumbUrl%2FCvKfTzV4TN5U8BTMF1Hl_255414_Y5wHCakiRVc8Kf1fJt96vh8Tr2I2_2VHbYygHgyiSLM5OuCTy.webp?alt=media&token=fefe8478-641d-4ccb-b705-848c65d2d585
IKI,"Makaronai DOBELE FUSILLI, 500 g",0.99 €,https://storage.googleapis.com/download/storage/v1/b/lastmile-ui/o/images%2Fproducts%2Fthumb_xtaKd9nmBbfaBV5UF9CX.jpg?generation=1631695722294062&alt=media
IKI,"Tualetinis muilas PALMOLIVE Hygiene Eucalyptus, 90 g",0.49 €,https://storage.googleapis.com/download/storage/v1/b/lastmile-ui/o/import%2Fphotos%2Fconverted%2Fproduct%2Fglobal_xeYxZ0DkKET23vlcvBbI_xGdb10o0VzY1SFD6eDjbpqgxmW02_33MVkhF348pA8zjDHmS1_thumb.jpg?generation=1674560120057407&alt=media
IKI,"Drėgnos šluostės VILEDA, 5 + 1 vnt.",3.29 €,https://storage.googleapis.com/download/storage/v1/b/lastmile-ui/o/import%2Fphotos%2Fconverted%2Fproduct%2FCvKfTzV4TN5U8BTMF1Hl_xviS5uvMVi94fo75vDEv_CvKfTzV4TN5U8BTMF1Hl_W5RvAbpnRicygag1V4nopPhtD8z2_Y3ogCOePAsP3AnWdStOl_thumb.webp?generation=1699528114098313&alt=media
IKI,"Ekologiškas kokosų aliejus BIONATURALIS, nerafinuotas, 500 ml",5.99 €,https://storage.googleapis.com/download/storage/v1/b/lastmile-ui/o/import%2Fphotos%2Fconverted%2Fproduct%2FCvKfTzV4TN5U8BTMF1Hl_SkbXNu3rZLtgW5uPqwgg_xGdb10o0VzY1SFD6eDjbpqgxmW02_GMItbcUFQLIA2qfIqNyP_thumb.jpg?generation=1679554243122461&alt=media
IKI,"SMETONIŠKA  gira rauginta, gazuota, tamsioji, 1,5 l",0.99 €,https://storage.googleapis.com/download/storage/v1/b/lastmile-ui/o/import%2Fphotos%2Fconverted%2Fproduct%2Fglobal_DM0IxFhUzbq72t48Q4hy_xGdb10o0VzY1SFD6eDjbpqgxmW02_liw90JpENs02ncpzz1oH_thumb.jpg?generation=1661236103326592&alt=media
IKI,"Ilzenbergo desertinis varškės sūris su spanguolėmis, 400 g",5.91 €,https://storage.googleapis.com/download/storage/v1/b/lastmile-ui/o/import%2Fphotos%2Fconverted%2Fproduct%2FCvKfTzV4TN5U8BTMF1Hl_i9mww7btD3ZpHMGRVfsE_wBuZB5KXQYR06NpJdL7tIJNgETB3_oj6PlDe0XvNK4iaGHfnb_thumb.jpg?generation=1680587838752511&alt=media
IKI,"Purškiamas oro gaiviklis BOTANICA mėtų ir greipfrutų kvapo, 236 ml",3.24 €,https://storage.googleapis.com/download/storage/v1/b/lastmile-ui/o/images%2Fproducts%2Fthumb_WR48erPzuSY0s6aLZeuF.jpg?generation=1631696033136881&alt=media
IKI,"Baltyminis batonėlis su spanguolėmis SANTE GO ON, 50 g",0.97 €,https://storage.googleapis.com/download/storage/v1/b/lastmile-ui/o/import%2Fphotos%2Fconverted%2Fproduct%2Fglobal_dueFd57o9Eih4bgTYxBi_xGdb10o0VzY1SFD6eDjbpqgxmW02_D92ZdWFyqqmLlIskJtHZ_thumb.jpg?generation=1675259627794955&alt=media
IKI,"Apvalieji lipnūs ryžiai sušiui AJI, 500 g",1.67 €,https://storage.googleapis.com/download/storage/v1/b/lastmile-ui/o/images%2Fproducts%2Fthumb_esaToWo4RV29Ji6rg5tz.jpg?generation=1582203408503901&alt=media
IKI,"Burnos skalavimo skystis LISTERINE COOLMINT, 500 ml",3.99 €,https://firebasestorage.googleapis.com/v0/b/lastmile-ui/o/import%2Fphotos%2Fconverted%2Fproduct%2FthumbUrl%2FCvKfTzV4TN5U8BTMF1Hl_9887_uF3DptJQvjXHqmno4Mal_KwPCttoS4kWgOUWmBjhk.webp?alt=media&token=86df88ac-0f90-4f0c-af7b-5c6ca89595a2
IKI,"WC valiklis-gaiviklis BREF COLOR AKTIV FRESH FLOWER, 3 vnt.",3.49 €,https://storage.googleapis.com/download/storage/v1/b/lastmile-ui/o/import%2Fphotos%2Fconverted%2Fproduct%2FCvKfTzV4TN5U8BTMF1Hl_Y960cBzkUyK1OStQr4L9_CvKfTzV4TN5U8BTMF1Hl_W5RvAbpnRicygag1V4nopPhtD8z2_P3OJp8KO6hc3jMA5Grdh_thumb.jpg?generation=1690376595798327&alt=media
IKI,"Šokoladas su jogurtiniu įdaru MILKA, 100 g",1.29 €,https://firebasestorage.googleapis.com/v0/b/lastmile-ui/o/import%2Fphotos%2Fconverted%2Fproduct%2FthumbUrl%2FCvKfTzV4TN5U8BTMF1Hl_62118_Y5wHCakiRVc8Kf1fJt96vh8Tr2I2_YKNQwb3UJ4e9ZVyG6rOJ.webp?alt=media&token=0ba2207d-7f59-4b25-9d48-19dd08d55b5b
IKI,"Nagų lako valiklis VIX, 50 ml",0.39 €,https://storage.googleapis.com/download/storage/v1/b/lastmile-ui/o/images%2Fproducts%2Fthumb_7Zx80FRIRobYGg35fsHI.jpg?generation=1631122113048753&alt=media
IKI,"Juoda balinamoji dantų pasta ECODENTA EKSTRA, 100 ml",2.59 €,https://storage.googleapis.com/download/storage/v1/b/lastmile-ui/o/import%2Fphotos%2Fconverted%2Fproduct%2FCvKfTzV4TN5U8BTMF1Hl_MyTxH5jRK0ULTgU0Yf6N_xGdb10o0VzY1SFD6eDjbpqgxmW02_4hHaUiMjbZ4eRhHnGQJd_thumb.jpg?generation=1679554244173446&alt=media
IKI,"Muilas sausai odai MEDIMIX LAKSHADI, 75 g",0.89 €,https://storage.googleapis.com/download/storage/v1/b/lastmile-ui/o/images%2Fproducts%2Fthumb_ILhgmHvq0Fk7zgmjtYcb.jpg?generation=1594714696520342&alt=media
IKI,"Dušo želė su pieno baltymais ir medaus ekstraktu MARGARITA, 250 ml",2.14 €,https://storage.googleapis.com/download/storage/v1/b/lastmile-ui/o/images%2Fchain_products%2FIKI%2Fthumb_cUWKyIHczZ47prRy6Y6o.jpg?generation=1631695948685373&alt=media
IKI,"Šaldyti kalmarų žiedai NOWACO EXCLUSIVE, 300 g",2.79 €,https://firebasestorage.googleapis.com/v0/b/lastmile-ui/o/import%2Fphotos%2Fconverted%2Fproduct%2FthumbUrl%2FCvKfTzV4TN5U8BTMF1Hl_221122_W5RvAbpnRicygag1V4nopPhtD8z2_ygIDuGpIECcRuZHPfVSP.webp?alt=media&token=56e9b644-c159-442e-a380-b4886a8be68e
IKI,"Makaronai DOBELE CONCHIGLIE RUSTICHE, 500 g",0.99 €,https://storage.googleapis.com/download/storage/v1/b/lastmile-ui/o/import%2Fphotos%2Fconverted%2Fproduct%2Fglobal_ykldq2JETDSM9dgb1EfX_xGdb10o0VzY1SFD6eDjbpqgxmW02_Zu3oFclPpmyYhHPQUdr6_thumb.jpg?generation=1645086123653516&alt=media
IKI,"Universalusis valiklis CILLIT BANG LIMESCALE&DIRT, 750 ml",3.99 €,https://firebasestorage.googleapis.com/v0/b/lastmile-ui/o/import%2Fphotos%2Fconverted%2Fproduct%2FthumbUrl%2FCvKfTzV4TN5U8BTMF1Hl_223973_W5RvAbpnRicygag1V4nopPhtD8z2_pxc4QKHPAcUspi38eINm.webp?alt=media&token=3c1efc65-66cf-4d1a-b107-13d502e7ddaf
IKI,"Tualetinis popierius RENOVA SKIN CARE DECO, 3 sl. 24 vnt",7.99 €,https://firebasestorage.googleapis.com/v0/b/lastmile-ui/o/import%2Fphotos%2Fconverted%2Fproduct%2FthumbUrl%2FCvKfTzV4TN5U8BTMF1Hl_281192_OrXUvGAuc2NCJDRvzNOTXOM3rsp1_xW7odVI2T2zy0zRyIFUv.webp?alt=media&token=7ff2ed8a-141b-462a-a969-379973a37fed
IKI,"Skalbinių minkštiklis SILAN AROMATHERAPY DREAMY LOTUS, 50 skalbimų, 1100 ml",3.49 €,https://firebasestorage.googleapis.com/v0/b/lastmile-ui/o/import%2Fphotos%2Fconverted%2Fproduct%2FthumbUrl%2FCvKfTzV4TN5U8BTMF1Hl_281161_W5RvAbpnRicygag1V4nopPhtD8z2_3mfJ7x0YvoG2482uUy8r.webp?alt=media&token=0086fc6b-22c2-42d5-bbf3-fa530f8388d8
IKI,"Žaliosios alyvuogės apelsinų skonio marinate EL FARO, 850 ml",3.49 €,https://storage.googleapis.com/download/storage/v1/b/lastmile-ui/o/import%2Fphotos%2Fconverted%2Fproduct%2FCvKfTzV4TN5U8BTMF1Hl_278009_CvKfTzV4TN5U8BTMF1Hl_W5RvAbpnRicygag1V4nopPhtD8z2_vXrXTsdb3sWA9qIW1oB6_thumb.webp?generation=1699528120063650&alt=media
IKI,Sūdyti Rokiškio lašiniai,7.19 €,https://storage.googleapis.com/download/storage/v1/b/lastmile-ui/o/import%2Fphotos%2Fconverted%2Fproduct%2Fglobal_VVDJOxFCeqGPZO9nTTPk_W5RvAbpnRicygag1V4nopPhtD8z2_sPWegqHR4wRlCbTduOwO_thumb.jpg?generation=1684847141110658&alt=media
IKI,"Karštai rūkytas Žagarės servelatas, 400 g",3.19 €,https://firebasestorage.googleapis.com/v0/b/lastmile-ui/o/import%2Fphotos%2Fconverted%2Fproduct%2FthumbUrl%2FCvKfTzV4TN5U8BTMF1Hl_275697_OrXUvGAuc2NCJDRvzNOTXOM3rsp1_LhvPj1VOVVFdDu3rddLi.webp?alt=media&token=4c7fa702-4057-4d57-b5c2-2c84fc728fa3
IKI,"Tunų gabaliukai alyvuogių aliejuje SUN & SEA, 80 g",1.49 €,https://storage.googleapis.com/download/storage/v1/b/lastmile-ui/o/import%2Fphotos%2Fconverted%2Fproduct%2Fglobal_gTNdhzDoycrY8K3nRHIZ_xGdb10o0VzY1SFD6eDjbpqgxmW02_s0Y1Aqugg1YIC8FLYE1b_thumb.jpg?generation=1662614300745296&alt=media
IKI,"Prieskoniai salotoms VEGETA NATUR, 20 g",0.59 €,https://storage.googleapis.com/download/storage/v1/b/lastmile-ui/o/images%2Fproducts%2Fthumb_LWsRu13ESBchOmsHVtXm.jpg?generation=1639147423832125&alt=media
IKI,"Indų ploviklis PUR BALSAM HANDS&NAILS, 450 ml",1.49 €,https://firebasestorage.googleapis.com/v0/b/lastmile-ui/o/import%2Fphotos%2Fconverted%2Fproduct%2FthumbUrl%2FCvKfTzV4TN5U8BTMF1Hl_39421_uF3DptJQvjXHqmno4Mal_TY6YeefKd2yGgoWeKTQM.webp?alt=media&token=928d2a95-4763-495d-a592-58f04fea35bc
IKI,"Žemės riešutai traškioje luobelėje JĖGA barbekiu skonio, 200 g",1.27 €,https://storage.googleapis.com/download/storage/v1/b/lastmile-ui/o/import%2Fphotos%2Fconverted%2Fproduct%2FCvKfTzV4TN5U8BTMF1Hl_biFsPZY2VqbF5XBhZ97z_xGdb10o0VzY1SFD6eDjbpqgxmW02_w1NccYeZm7YFSaUW7yBQ_thumb.jpg?generation=1646660356770880&alt=media
IKI,"Skystasis skalbiklis PERWOLL WHITE, 20 skalbimų, 1000 ml",4.24 €,https://firebasestorage.googleapis.com/v0/b/lastmile-ui/o/import%2Fphotos%2Fconverted%2Fproduct%2FthumbUrl%2FCvKfTzV4TN5U8BTMF1Hl_281170_W5RvAbpnRicygag1V4nopPhtD8z2_zR0yoiRMjJy7u6E911AG.webp?alt=media&token=3724ac5d-8906-4f60-b79b-55111893434f
IKI,"Langų valiklis AJAX FLORAL FIESTA, 500 ml",1.59 €,https://firebasestorage.googleapis.com/v0/b/lastmile-ui/o/import%2Fphotos%2Fconverted%2Fproduct%2FthumbUrl%2FCvKfTzV4TN5U8BTMF1Hl_80378_Y5wHCakiRVc8Kf1fJt96vh8Tr2I2_nEzL2g5LMkyp4z7bbhWO.webp?alt=media&token=b7a05db4-a751-4b9a-b8dd-37c74d9c04fc
IKI,"Ekologiškas sojų gėrimas Uat Billa Bio, 1 l",1.79 €,https://storage.googleapis.com/download/storage/v1/b/lastmile-ui/o/images%2Fproducts%2Fthumb_jXrYXEJCBK7db1eCPc0j.jpg?generation=1639147546803213&alt=media
IKI,"Keptas kiaulienos šnicelis su bulvių koše IKI ŠEFAI, 290 g",3.49 €,https://firebasestorage.googleapis.com/v0/b/lastmile-ui/o/import%2Fphotos%2Fconverted%2Fproduct%2FthumbUrl%2FCvKfTzV4TN5U8BTMF1Hl_284052_W5RvAbpnRicygag1V4nopPhtD8z2_IANqMMYvqqiqszgYTEl6.webp?alt=media&token=19880673-734c-4544-8ec4-6d088aada4aa
IKI,"Ryžių miltų lapai suktinukams AJI, 100 g",1.81 €,https://storage.googleapis.com/download/storage/v1/b/lastmile-ui/o/images%2Fproducts%2Fthumb_IdusvxuU1ckECAnQ4ML3.jpg?generation=1623061235384463&alt=media
IKI,"Skalbimo milteliai ARIEL Color, 20 skalb., 1,1 kg.",4.39 €,https://firebasestorage.googleapis.com/v0/b/lastmile-ui/o/import%2Fphotos%2Fconverted%2Fproduct%2FthumbUrl%2FCvKfTzV4TN5U8BTMF1Hl_215317_OrXUvGAuc2NCJDRvzNOTXOM3rsp1_doEoX52k4w4CzUrYTD1Y.webp?alt=media&token=e148e006-beaa-4200-9535-02cecfcda9ab
IKI,"Juodieji pipirai SAUDA, 100 g",1.60 €,https://storage.googleapis.com/download/storage/v1/b/lastmile-ui/o/images%2Fproducts%2Fthumb_s8yAV1ayfcA8Nd7tpEBZ.jpg?generation=1631695771740492&alt=media
IKI,"Šveičiamasis pienelis CIF CREAM (ULTRA WHITE), 693 g",1.99 €,https://storage.googleapis.com/download/storage/v1/b/lastmile-ui/o/images%2Fchain_products%2FIKI%2Fthumb_zeGqPPvgkAuMmfRiSxfg.jpg?generation=1631696148724940&alt=media
IKI,"Keptas KIJEVO KOTLETAS su bolivinių balandų įdaru IKI ŠEFAI, 270 g",3.29 €,https://firebasestorage.googleapis.com/v0/b/lastmile-ui/o/import%2Fphotos%2Fconverted%2Fproduct%2FthumbUrl%2FCvKfTzV4TN5U8BTMF1Hl_268581_W5RvAbpnRicygag1V4nopPhtD8z2_fQd03sMXQf5Y3MJ2RPc7.webp?alt=media&token=6bc6c789-52e0-46ae-9e7f-097abfd8a69f
IKI,"Triufeliai PERGALĖ, 200 g",3.35 €,https://storage.googleapis.com/download/storage/v1/b/lastmile-ui/o/images%2Fchain_products%2FIKI%2Fthumb_xfyFBFdTInN94vv2LO90.jpg?generation=1643133683548776&alt=media
IKI,"Rutulinis dezodorantas GARNIER MIN INVISIBLE BWC, 50 ml",2.89 €,https://storage.googleapis.com/download/storage/v1/b/lastmile-ui/o/import%2Fphotos%2Fconverted%2Fproduct%2FCvKfTzV4TN5U8BTMF1Hl_YGeeBaRuSZ5jsj5rex5O_xGdb10o0VzY1SFD6eDjbpqgxmW02_2UmrOEKirw6bnaF92HTy_thumb.jpg?generation=1658742191794672&alt=media
IKI,"Sausas kačių ėdalas FRISKIES JUNIOR, 300 g",1.39 €,https://firebasestorage.googleapis.com/v0/b/lastmile-ui/o/import%2Fphotos%2Fconverted%2Fproduct%2FthumbUrl%2FCvKfTzV4TN5U8BTMF1Hl_25716_Y5wHCakiRVc8Kf1fJt96vh8Tr2I2_sarVXAOZ1TRB7jY5Ls2x.webp?alt=media&token=1b82be4f-e843-4f4b-864d-7a094c42d25f
IKI,"Skalbiamasis muilas vaikų drabužiams RINGUVA, 150 g",0.95 €,https://firebasestorage.googleapis.com/v0/b/lastmile-ui/o/import%2Fphotos%2Fconverted%2Fproduct%2FthumbUrl%2FCvKfTzV4TN5U8BTMF1Hl_39476_W5RvAbpnRicygag1V4nopPhtD8z2_dUIhUbbfbnrIr9JswXwv.webp?alt=media&token=ca99dc03-0705-4cf6-9555-048c754647e0
IKI,"Dušo gelis OLD SPICE Whitewater, 400 ml",2.89 €,https://firebasestorage.googleapis.com/v0/b/lastmile-ui/o/import%2Fphotos%2Fconverted%2Fproduct%2FthumbUrl%2FCvKfTzV4TN5U8BTMF1Hl_234045_Y5wHCakiRVc8Kf1fJt96vh8Tr2I2_1DQg7vZeHgCtH59s33q5.webp?alt=media&token=d48d9d7b-1efb-458c-92ba-5cd967030fee
IKI,"Kakavos skonio dribsniai  NESTLE NESQUIK, 625 g",4.49 €,https://storage.googleapis.com/download/storage/v1/b/lastmile-ui/o/import%2Fphotos%2Fconverted%2Fproduct%2FCvKfTzV4TN5U8BTMF1Hl_N3piCe1b5oamtXuLhpa1_CvKfTzV4TN5U8BTMF1Hl_W5RvAbpnRicygag1V4nopPhtD8z2_8Vz7EtnCdZTUc7tQNe3T_thumb.jpg?generation=1694670830723444&alt=media
IKI,"Kavos kapsulės STARBUCKS CARAMEL MACCHIATO, 127,8 g",4.99 €,https://firebasestorage.googleapis.com/v0/b/lastmile-ui/o/import%2Fphotos%2Fconverted%2Fproduct%2FthumbUrl%2FCvKfTzV4TN5U8BTMF1Hl_261354_Y5wHCakiRVc8Kf1fJt96vh8Tr2I2_xU9G664ktDMEbmQsRYSW.webp?alt=media&token=691acad0-e8c9-4c97-9047-8ba76b32391a
IKI,"Ekologiška kalakutiena su daržovėmis (nuo 12 mėn.) HIPP, 220 g",2.09 €,https://storage.googleapis.com/download/storage/v1/b/lastmile-ui/o/images%2Fproducts%2Fthumb_SFyZtIJIuOMjcyE7d2BS.jpg?generation=1644048051812221&alt=media
IKI,"Ančiuvių filė alyvuogių aliejuje SUN & SEA, 45 g",2.24 €,https://storage.googleapis.com/download/storage/v1/b/lastmile-ui/o/images%2Fproducts%2Fthumb_HpUGiT1kRqPHI4LdNPxt.jpg?generation=1582198133611151&alt=media
IKI,"Gazuotas gaivusis gėrimas SELITA KLASIKA MANGAS, 1,5 l",0.89 €,https://firebasestorage.googleapis.com/v0/b/lastmile-ui/o/import%2Fphotos%2Fconverted%2Fproduct%2FthumbUrl%2FCvKfTzV4TN5U8BTMF1Hl_276851_W5RvAbpnRicygag1V4nopPhtD8z2_iB81NmTpwkrCPDBbxK6u.webp?alt=media&token=536c58ff-1312-40d9-9921-9545a54a75b3
IKI,"Maltos mėsos prieskoniai (be druskos) SAUDA, 50 g",0.62 €,https://storage.googleapis.com/download/storage/v1/b/lastmile-ui/o/import%2Fphotos%2Fconverted%2Fproduct%2FCvKfTzV4TN5U8BTMF1Hl_OpFSc6OQBWRlSNonUVRD_xGdb10o0VzY1SFD6eDjbpqgxmW02_KGsSCLPxh8THTZRXgsxt_thumb.jpg?generation=1664192251720456&alt=media
IKI,"Žemės riešutų branduoliai, 1 kg",2.39 €,https://storage.googleapis.com/download/storage/v1/b/lastmile-ui/o/images%2Fproducts%2Fthumb_gfZPDlIGWtTPYxUaTO9y.jpg?generation=1631696115089428&alt=media
IKI,"Cukruoti imbiero kubeliai ALVO, 100 g",1.14 €,https://storage.googleapis.com/download/storage/v1/b/lastmile-ui/o/import%2Fphotos%2Fconverted%2Fproduct%2Fglobal_ic9GZsHriyfFqXMbLFt1_xGdb10o0VzY1SFD6eDjbpqgxmW02_ZHZSk44zDnBgVFovOh3S_thumb.jpg?generation=1667978457095909&alt=media
IKI,"Dėmių valiklis su purkštuku VANISH PRE TREATER, 500 ml",4.09 €,https://storage.googleapis.com/download/storage/v1/b/lastmile-ui/o/import%2Fphotos%2Fconverted%2Fproduct%2FCvKfTzV4TN5U8BTMF1Hl_2CrsFSbTnX6ew5ULWzA1_CvKfTzV4TN5U8BTMF1Hl_W5RvAbpnRicygag1V4nopPhtD8z2_GjQysTdRp1GDneUle58w_thumb.jpg?generation=1689684927949541&alt=media
IKI,"Higieniniai paketai NATURELLA ULTRA NIGHT, 14 vnt.",3.00 €,https://firebasestorage.googleapis.com/v0/b/lastmile-ui/o/import%2Fphotos%2Fconverted%2Fproduct%2FthumbUrl%2FCvKfTzV4TN5U8BTMF1Hl_81481_OrXUvGAuc2NCJDRvzNOTXOM3rsp1_benBUTSsDo0mEuYfCOZH.webp?alt=media&token=9e7ec65b-4464-4fd0-baaf-90ed16bf87e2
IKI,"Higieniniai paketai NATURELLA Ultra Normal, S1, 10 vnt.",1.67 €,https://firebasestorage.googleapis.com/v0/b/lastmile-ui/o/import%2Fphotos%2Fconverted%2Fproduct%2FthumbUrl%2FCvKfTzV4TN5U8BTMF1Hl_6698_Y5wHCakiRVc8Kf1fJt96vh8Tr2I2_k1WkMVg60WHis6VNtMgz.webp?alt=media&token=6d03eb1c-45fc-4137-b5de-01b42666b31b
IKI,"ANTKLODĖ 140X200 CM, poliesterio užpildas 700 g/m",8.49 €,https://storage.googleapis.com/download/storage/v1/b/lastmile-ui/o/import%2Fphotos%2Fconverted%2Fproduct%2FCvKfTzV4TN5U8BTMF1Hl_277260_CvKfTzV4TN5U8BTMF1Hl_W5RvAbpnRicygag1V4nopPhtD8z2_qaYblv07tlKpKOHpDqjD_thumb.jpg?generation=1694670835531443&alt=media
IKI,"Ekologiška veršiena su ryžiais ir daržovėmis HIPP, 220 g",2.09 €,https://storage.googleapis.com/download/storage/v1/b/lastmile-ui/o/images%2Fproducts%2Fthumb_etvarjlU4p1iSwXfPdQd.jpg?generation=1644048080432291&alt=media
IKI,"NEALKOHOLINIS ROŽINIS VYNAS NOZECO, 0,75 l",4.19 €,https://storage.googleapis.com/download/storage/v1/b/lastmile-ui/o/images%2Fproducts%2Fthumb_mHEiIFRs20E9K1Dp1EAp.jpg?generation=1639147581585375&alt=media
IKI,"Kakavos kapsulės NESTLE NESCAFE NESQUIK, 256 g",4.99 €,https://firebasestorage.googleapis.com/v0/b/lastmile-ui/o/import%2Fphotos%2Fconverted%2Fproduct%2FthumbUrl%2FCvKfTzV4TN5U8BTMF1Hl_46919_Y5wHCakiRVc8Kf1fJt96vh8Tr2I2_anv1ZLuaq5HzYzeeX5zK.webp?alt=media&token=3e257c27-4d56-4a68-ab44-5202fdf1e545
IKI,"Žemės riešutai traškioje luobelėje paprikos skonio, 1 kg",5.39 €,https://storage.googleapis.com/download/storage/v1/b/lastmile-ui/o/images%2Fproducts%2Fthumb_pMNR4PUwXcADfPfCKb82.jpg?generation=1631695746096345&alt=media
IKI,"Kepintos sūdytos pistacijos ALVO, 400 g",4.49 €,https://storage.googleapis.com/download/storage/v1/b/lastmile-ui/o/import%2Fphotos%2Fconverted%2Fproduct%2Fglobal_3RRgPCGkb7kNTOlckEmG_xGdb10o0VzY1SFD6eDjbpqgxmW02_N6kG5xMBAzS9TnJ7gECq_thumb.jpg?generation=1667978462047915&alt=media
IKI,"Makaronai vištienos skonio REEVA, 85 g",0.83 €,https://storage.googleapis.com/download/storage/v1/b/lastmile-ui/o/import%2Fphotos%2Fconverted%2Fproduct%2Fglobal_55ieMs8UI4JQCBIb4qmi_W5RvAbpnRicygag1V4nopPhtD8z2_JqIMrbUBMUcZu6UoHDxo_thumb.jpg?generation=1684494383597554&alt=media
IKI,"Skystas muilas su migdolų aliejumi DERMOMED, 1 l",2.49 €,https://storage.googleapis.com/download/storage/v1/b/lastmile-ui/o/images%2Fproducts%2Fthumb_U9kJJx5VgEyjH7dahzLV.jpg?generation=1631695812814244&alt=media
IKI,Džiovinti abrikosai 1 kg,8.39 €,https://storage.googleapis.com/download/storage/v1/b/lastmile-ui/o/images%2Fproducts%2Fthumb_wD2oudk4uLbiZdyEXdQr.jpg?generation=1631695740694146&alt=media
IKI,"Žuvis su makaronais ir daržovėmis (nuo 8 mėn.) HIPP, 220 g",2.09 €,https://storage.googleapis.com/download/storage/v1/b/lastmile-ui/o/import%2Fphotos%2Fconverted%2Fproduct%2Fglobal_TaqDxKA6tjPVzRX7mGez_xGdb10o0VzY1SFD6eDjbpqgxmW02_4DX40DoJfyxlS81RVfCS_thumb.jpg?generation=1644428187936500&alt=media
IKI,"Kavos gėrimas NESCAFÉ CLASSIC 3IN1, 16,5 g",0.22 €,https://firebasestorage.googleapis.com/v0/b/lastmile-ui/o/import%2Fphotos%2Fconverted%2Fproduct%2FthumbUrl%2FCvKfTzV4TN5U8BTMF1Hl_77732_Y5wHCakiRVc8Kf1fJt96vh8Tr2I2_zT8WZoTswZKQfVkAoeaj.webp?alt=media&token=8a8ca0d0-85df-4dd7-b19c-936b499127b5
IKI,"Dušo želė MARGARITA su 7 žolelių ekstraktais, 500 ml",2.14 €,https://storage.googleapis.com/download/storage/v1/b/lastmile-ui/o/images%2Fchain_products%2FIKI%2Fthumb_uS3HXYBOM5Nq07hxM6eL.jpg?generation=1631695950753360&alt=media
IKI,"Dražė M&M'S CHOCO, 200 g",1.99 €,https://storage.googleapis.com/download/storage/v1/b/lastmile-ui/o/images%2Fchain_products%2FIKI%2Fthumb_b6o0Q5uklrcQypydUlMi.jpg?generation=1631695755942756&alt=media
IKI,"Indaplovių tabletės SOMAT GOLD, 34 vnt.",7.99 €,https://www.googleapis.com/download/storage/v1/b/lastmile-ui/o/images%2Fproducts%2Fthumb_hTndlrOmBPeeEV9JnkML.jpg?generation=1582204008135480&alt=media
IKI,"Tualetų valiklis HARPIC LEMON, 750 ml",1.89 €,https://storage.googleapis.com/download/storage/v1/b/lastmile-ui/o/import%2Fphotos%2Fconverted%2Fproduct%2FCvKfTzV4TN5U8BTMF1Hl_hJTL4nQhnTCGSF6KVZuC_CvKfTzV4TN5U8BTMF1Hl_W5RvAbpnRicygag1V4nopPhtD8z2_yId9kgfF2G4EFao3Gc9P_thumb.jpg?generation=1689684927388347&alt=media
IKI,Atlantinių lašišų papilvių pynutės NORVELITA,4.79 €,https://storage.googleapis.com/download/storage/v1/b/lastmile-ui/o/images%2Fproducts%2Fthumb_1PhbOrDAgLybM2X8o3jz.jpg?generation=1631695850151665&alt=media
IKI,"Purškiamas dėmių valiklis Dr. Beckmann, 250 ml",1.99 €,https://storage.googleapis.com/download/storage/v1/b/lastmile-ui/o/images%2Fproducts%2Fthumb_SnC4eC8D1NJlm1yloiiS.jpg?generation=1631696142263008&alt=media
IKI,"Dantų pasta SENSODYNE WHITENING, 75 ml",2.94 €,https://storage.googleapis.com/download/storage/v1/b/lastmile-ui/o/import%2Fphotos%2Fconverted%2Fproduct%2FCvKfTzV4TN5U8BTMF1Hl_zVENBhga3ikM0JZfiT6M_r9n5kqSjCnW7eMWy9cQs7lSXyPx2_aBQkB1mGu0BaMosKXfyr_thumb.jpg?generation=1644304719373704&alt=media
IKI,"Traškučiai su česnaku BON CHANCE, 240 g",2.39 €,https://storage.googleapis.com/download/storage/v1/b/lastmile-ui/o/import%2Fphotos%2Fconverted%2Fproduct%2FCvKfTzV4TN5U8BTMF1Hl_270456_CvKfTzV4TN5U8BTMF1Hl_W5RvAbpnRicygag1V4nopPhtD8z2_zWYvpiDeJIPHp4OgIxi4_thumb.jpg?generation=1695117373969753&alt=media
IKI,"Moteriškas purškiamasis dezodorantas NIVEA BLACK & WHITE, 150 ml",2.39 €,https://storage.googleapis.com/download/storage/v1/b/lastmile-ui/o/import%2Fphotos%2Fconverted%2Fproduct%2FCvKfTzV4TN5U8BTMF1Hl_QDwEzXULg87HGlncLVQD_r9n5kqSjCnW7eMWy9cQs7lSXyPx2_oGVvjAf2wzfvMQFdPFDs_thumb.jpg?generation=1653663069134547&alt=media
IKI,"Įvairių sūrių skonio duonos traškučiai MARETTI, 70 g",0.89 €,https://firebasestorage.googleapis.com/v0/b/lastmile-ui/o/import%2Fphotos%2Fconverted%2Fproduct%2FthumbUrl%2FCvKfTzV4TN5U8BTMF1Hl_220765_Y5wHCakiRVc8Kf1fJt96vh8Tr2I2_S1YIb6hdNkFiSrrmNdsv.webp?alt=media&token=f2acfdcb-4fe6-4e56-abf6-3c7f1b18670a
IKI,"Tamsi prancūziška bandelė su daigintais grūdais MEDOMI, 70 g",0.29 €,https://firebasestorage.googleapis.com/v0/b/lastmile-ui/o/import%2Fphotos%2Fconverted%2Fproduct%2FthumbUrl%2FCvKfTzV4TN5U8BTMF1Hl_281112_W5RvAbpnRicygag1V4nopPhtD8z2_dBKxRVkUSALubvP2ZOOe.webp?alt=media&token=c1d1d10b-8f46-41df-a07c-e76670126c74
IKI,"Elementai PHILIPS,AA/R6, 4 vnt.",2.79 €,https://storage.googleapis.com/download/storage/v1/b/lastmile-ui/o/images%2Fproducts%2Fthumb_JkLj3CTupjWNJg3vLsIn.jpg?generation=1639147434098764&alt=media
IKI,"Sausas šampūnas MARGARITA, 150 ml",2.39 €,https://storage.googleapis.com/download/storage/v1/b/lastmile-ui/o/images%2Fchain_products%2FIKI%2Fthumb_czLLmyaWKkz71PsyTbC7.jpg?generation=1644048257964492&alt=media
IKI,"Saulėgrąžų branduoliai ALVO, 500 g",1.99 €,https://storage.googleapis.com/download/storage/v1/b/lastmile-ui/o/import%2Fphotos%2Fconverted%2Fproduct%2Fglobal_FwUlZhE9y0BJCc6tkvIV_W5RvAbpnRicygag1V4nopPhtD8z2_uzLfBF1vwIZaNUVq7y8L_thumb.jpg?generation=1683206246305757&alt=media
IKI,"Skystas muilas PALMOLIVE ALMOND, 300 ml",1.64 €,https://firebasestorage.googleapis.com/v0/b/lastmile-ui/o/import%2Fphotos%2Fconverted%2Fproduct%2FthumbUrl%2FCvKfTzV4TN5U8BTMF1Hl_53913_W5RvAbpnRicygag1V4nopPhtD8z2_cLb5uNQ63Iq3EU8G8HlF.webp?alt=media&token=b13dde67-a62c-47fb-8a7e-bc36c6ecff00
IKI,"Grikiai BIORINA, 400 g",1.27 €,https://storage.googleapis.com/download/storage/v1/b/lastmile-ui/o/import%2Fphotos%2Fconverted%2Fproduct%2Fglobal_dP2xSPwcbTdobBCXlfTK_W5RvAbpnRicygag1V4nopPhtD8z2_N0wQM4p8dHh8xXG0KZCV_thumb.jpg?generation=1687181629545083&alt=media
IKI,"Trikampis sumuštinis su kiaulienos kumpiu IKI ŠEFAI, 170 g",1.79 €,https://firebasestorage.googleapis.com/v0/b/lastmile-ui/o/import%2Fphotos%2Fconverted%2Fproduct%2FthumbUrl%2FCvKfTzV4TN5U8BTMF1Hl_281476_W5RvAbpnRicygag1V4nopPhtD8z2_xIr9AcMWbiIyMWTsBpXQ.webp?alt=media&token=e87dc859-3ace-4e89-a671-08061b6b1319
IKI,"WC valiklis - gaiviklis BREF POWER LEMON, 150 g",3.24 €,https://storage.googleapis.com/download/storage/v1/b/lastmile-ui/o/import%2Fphotos%2Fconverted%2Fproduct%2FCvKfTzV4TN5U8BTMF1Hl_31X2Qb4WuWWElOIxT2oB_CvKfTzV4TN5U8BTMF1Hl_W5RvAbpnRicygag1V4nopPhtD8z2_fzhb943KYgy2rhgXZIqV_thumb.jpg?generation=1690376603244708&alt=media
IKI,"Kavos kapsulės STARBUCKS CAPPUCCINO, 120 g",4.99 €,https://firebasestorage.googleapis.com/v0/b/lastmile-ui/o/import%2Fphotos%2Fconverted%2Fproduct%2FthumbUrl%2FCvKfTzV4TN5U8BTMF1Hl_261355_Y5wHCakiRVc8Kf1fJt96vh8Tr2I2_h4QndZuuijvERrwW0djR.webp?alt=media&token=7216feda-a92a-41a1-b063-18b205a54c95
IKI,Kavos kapsulės NESCAFE DOLCE GUSTO CORTADO,4.99 €,https://firebasestorage.googleapis.com/v0/b/lastmile-ui/o/import%2Fphotos%2Fconverted%2Fproduct%2FthumbUrl%2FCvKfTzV4TN5U8BTMF1Hl_216001_Y5wHCakiRVc8Kf1fJt96vh8Tr2I2_Sob30UJepfIcDmCLuHtm.webp?alt=media&token=09a15757-1962-49f9-921d-476f6a554c92
IKI,"Sausainiai su vanilinio skonio kremu DVYNUKAI, 500 g",2.58 €,https://storage.googleapis.com/download/storage/v1/b/lastmile-ui/o/images%2Fproducts%2Fthumb_eAaAX0oubVr2hFGlrO3l.jpg?generation=1631695749401946&alt=media
IKI,"Keptas varškės sūris ILZENBERGO, 400 g",5.91 €,https://storage.googleapis.com/download/storage/v1/b/lastmile-ui/o/import%2Fphotos%2Fconverted%2Fproduct%2Fglobal_itBPaFCtIaHFbg6A9e9Z_xGdb10o0VzY1SFD6eDjbpqgxmW02_dl0AtrpZ3FoHmITmI8ao_thumb.jpg?generation=1656439163505326&alt=media
IKI,"Indaplovių skalautojas FINISH RINSE AID, 800 ml",4.49 €,https://storage.googleapis.com/download/storage/v1/b/lastmile-ui/o/import%2Fphotos%2Fconverted%2Fproduct%2FCvKfTzV4TN5U8BTMF1Hl_6YFti34YTPev7SSsdeTh_CvKfTzV4TN5U8BTMF1Hl_W5RvAbpnRicygag1V4nopPhtD8z2_fM8ZD6H1AgSRfsOb9Pk0_thumb.jpg?generation=1689684926940026&alt=media
IKI,"Su vištiena ir pridėtomis daržovėmis visavertis ėdalas suaugusioms katėms FRISKIES, 1 kg",3.28 €,https://firebasestorage.googleapis.com/v0/b/lastmile-ui/o/import%2Fphotos%2Fconverted%2Fproduct%2FthumbUrl%2FCvKfTzV4TN5U8BTMF1Hl_42438_Y5wHCakiRVc8Kf1fJt96vh8Tr2I2_42tBQMyhpCxdRr5UNQ1D.webp?alt=media&token=972240a7-76aa-4356-8107-dfedc9f1bc95
IKI,Karštai rūkytos Aukštaičių dešrelės dujose 500g,2.51 €,https://storage.googleapis.com/download/storage/v1/b/lastmile-ui/o/import%2Fphotos%2Fconverted%2Fproduct%2Fglobal_Qwla1m6NHnPynNmd4oDl_xGdb10o0VzY1SFD6eDjbpqgxmW02_z1oBFjeGM3uEhrN9O2i5_thumb.jpg?generation=1679554249151691&alt=media
IKI,"Higieniniai įklotai DISCREET Waterlily, 100 vnt.",5.19 €,https://firebasestorage.googleapis.com/v0/b/lastmile-ui/o/import%2Fphotos%2Fconverted%2Fproduct%2FthumbUrl%2FCvKfTzV4TN5U8BTMF1Hl_15952_Y5wHCakiRVc8Kf1fJt96vh8Tr2I2_K037syOsyoRBiGXeKpGT.webp?alt=media&token=fd4df07f-ea58-4f5e-ae72-aa61cc1841bf
IKI,"Skystasis skalbiklis PERWOLL VOLOR BLOSSOM, 40 skalbimų, 2000 ml",7.49 €,https://firebasestorage.googleapis.com/v0/b/lastmile-ui/o/import%2Fphotos%2Fconverted%2Fproduct%2FthumbUrl%2FCvKfTzV4TN5U8BTMF1Hl_281168_W5RvAbpnRicygag1V4nopPhtD8z2_fiyHnFCFk5uLDuOZ7fMa.webp?alt=media&token=eb068cd1-f109-4ea3-a39c-f7aa27c9f3f2
IKI,"Dantų pasta ELMEX SENSITIVE, 75 ml",2.89 €,https://storage.googleapis.com/download/storage/v1/b/lastmile-ui/o/import%2Fphotos%2Fconverted%2Fproduct%2Fglobal_LbwjyIBaDbUDhEOzKcwV_xGdb10o0VzY1SFD6eDjbpqgxmW02_1hT0STViBdc7j0nl2zie_thumb.jpg?generation=1680083929540831&alt=media
IKI,"Vienkartiniai skustuvai GILLETTE BLUE 3 Plus Comfort, 6+2 vnt.",4.49 €,https://firebasestorage.googleapis.com/v0/b/lastmile-ui/o/import%2Fphotos%2Fconverted%2Fproduct%2FthumbUrl%2FCvKfTzV4TN5U8BTMF1Hl_227316_Y5wHCakiRVc8Kf1fJt96vh8Tr2I2_cjrPtn7LpYIs2Wsp7MS2.webp?alt=media&token=0b20e2b0-8bc6-4942-a8a9-69ddd63ddd4d
IKI,"Vytinta jautienos dešra BERNŲ, a. r., 200 g",5.87 €,https://storage.googleapis.com/download/storage/v1/b/lastmile-ui/o/images%2Fchain_products%2FIKI%2Fthumb_CohYHOUeqFgZEbWEmBou.jpg?generation=1631695814202159&alt=media
IKI,"Dažus ir purvą sulaikantys skudurėliai DR.BECKMANN, 24 vnt.",2.39 €,https://storage.googleapis.com/download/storage/v1/b/lastmile-ui/o/import%2Fphotos%2Fconverted%2Fproduct%2Fglobal_jE83SyOv1MrUtNGTUTBB_xGdb10o0VzY1SFD6eDjbpqgxmW02_7eoSmGIWBWMQI9v9aTsT_thumb.jpg?generation=1649221296017258&alt=media
IKI,"Skalbinių minkštiklis SILAN DREAMY LOTUS, 700 ml",2.49 €,https://storage.googleapis.com/download/storage/v1/b/lastmile-ui/o/import%2Fphotos%2Fconverted%2Fproduct%2FCvKfTzV4TN5U8BTMF1Hl_277051_CvKfTzV4TN5U8BTMF1Hl_W5RvAbpnRicygag1V4nopPhtD8z2_jhjpeFDwtb2RU0vTzz8d_thumb.jpg?generation=1695364986486947&alt=media
IKI,"VALIO Atleet cheddar sūris, raikytas, 150 g",2.19 €,https://storage.googleapis.com/download/storage/v1/b/lastmile-ui/o/import%2Fphotos%2Fconverted%2Fproduct%2Fglobal_gTf891wBO7oK9dMHBBrg_xGdb10o0VzY1SFD6eDjbpqgxmW02_rVQTxl1yqBdW00ZOcVOR_thumb.jpg?generation=1679480809579882&alt=media
IKI,"Tualetinis popierius BILLA, ,3 sluoksniai, 8 vnt",1.39 €,https://firebasestorage.googleapis.com/v0/b/lastmile-ui/o/import%2Fphotos%2Fconverted%2Fproduct%2FthumbUrl%2FCvKfTzV4TN5U8BTMF1Hl_281495_OrXUvGAuc2NCJDRvzNOTXOM3rsp1_VVjA5cBdWNNxLM86L7zb.webp?alt=media&token=9f1aad0f-9897-45d8-9949-b267f1488116
IKI,"Skalbimo milteliai ARIEL Mountain Spring, 20 skalb., 1,1 kg",4.39 €,https://firebasestorage.googleapis.com/v0/b/lastmile-ui/o/import%2Fphotos%2Fconverted%2Fproduct%2FthumbUrl%2FCvKfTzV4TN5U8BTMF1Hl_215314_OrXUvGAuc2NCJDRvzNOTXOM3rsp1_oAzR3ANjYfN9am2CKead.webp?alt=media&token=51689e97-0c94-421f-97d4-d80cf47e7884
IKI,"WC valiklis BREF 10xEFFECT ANTI LIMESCALE OCEAN, 700 ml",2.24 €,https://storage.googleapis.com/download/storage/v1/b/lastmile-ui/o/images%2Fchain_products%2FIKI%2Fthumb_boVF7JniSmo7MG1dLDtI.jpg?generation=1631695803959767&alt=media
IKI,"Veganiška čili pupelių sriuba AUGA EKO, 400 g",1.81 €,https://firebasestorage.googleapis.com/v0/b/lastmile-ui/o/import%2Fphotos%2Fconverted%2Fproduct%2FthumbUrl%2FCvKfTzV4TN5U8BTMF1Hl_268454_Y5wHCakiRVc8Kf1fJt96vh8Tr2I2_PaXFm7khtpeoDTiPTzc5.webp?alt=media&token=85e2578f-e2b3-40ad-b834-1da45a9b47ae
IKI,"Kokosų kubeliai ALVO, 100 g",1.39 €,https://storage.googleapis.com/download/storage/v1/b/lastmile-ui/o/import%2Fphotos%2Fconverted%2Fproduct%2Fglobal_uhSG6hS93XZXFVo8nkNq_xGdb10o0VzY1SFD6eDjbpqgxmW02_Hew5U95b5ydhBXBNbVMp_thumb.jpg?generation=1667978462787776&alt=media
IKI,"Skalbinių minkštiklis SILAN FRESH SKY, 880 ml",2.49 €,https://storage.googleapis.com/download/storage/v1/b/lastmile-ui/o/import%2Fphotos%2Fconverted%2Fproduct%2FCvKfTzV4TN5U8BTMF1Hl_277055_CvKfTzV4TN5U8BTMF1Hl_W5RvAbpnRicygag1V4nopPhtD8z2_JoHDgIqT5TKoBGl2vtLa_thumb.jpg?generation=1695364989578259&alt=media
IKI,"Šampūnas nuo pleiskanų SULSENA, 150 ml",4.49 €,https://storage.googleapis.com/download/storage/v1/b/lastmile-ui/o/images%2Fproducts%2Fthumb_IGnP0t3jZYDi3OY7W1Zz.jpg?generation=1631696151161225&alt=media
IKI,"Makaronai vištienos skonio REEVA, 75 g",1.19 €,https://storage.googleapis.com/download/storage/v1/b/lastmile-ui/o/import%2Fphotos%2Fconverted%2Fproduct%2Fglobal_VY0LZJr1qmxUKs8k8Zt3_W5RvAbpnRicygag1V4nopPhtD8z2_hZzPUoT3DmEDfsLHpiCO_thumb.jpg?generation=1683206250204298&alt=media
IKI,"Kavos pupelės PELLINI GRAN AROMA, 1 kg",19.99 €,https://storage.googleapis.com/download/storage/v1/b/lastmile-ui/o/import%2Fphotos%2Fconverted%2Fproduct%2Fglobal_ZlKQa2OAc4vRVHi86YIy_xGdb10o0VzY1SFD6eDjbpqgxmW02_F90OaO8rokgDhemCYe46_thumb.jpg?generation=1650627845378257&alt=media
IKI,"Nealkoholinis putojantis baltasis vyno gėrimas NOSECCO, 0,75 l",3.84 €,https://storage.googleapis.com/download/storage/v1/b/lastmile-ui/o/images%2Fproducts%2Fthumb_StFD1TzXq6HdZuArWjDI.jpg?generation=1631695888122134&alt=media
IKI,"Prezervatyvai LIFESTYLES PLAY, 4 vnt.",1.12 €,https://firebasestorage.googleapis.com/v0/b/lastmile-ui/o/import%2Fphotos%2Fconverted%2Fproduct%2FthumbUrl%2FCvKfTzV4TN5U8BTMF1Hl_4047_uF3DptJQvjXHqmno4Mal_5upB62LA44Yf0o1CeEhG.webp?alt=media&token=a28143be-9192-4242-96bc-53acaf32af85
IKI,"Kreminis rankų muilas su migdolų ir ramunėlių ekstraktais MARGARITA, 400 ml",1.64 €,https://storage.googleapis.com/download/storage/v1/b/lastmile-ui/o/images%2Fchain_products%2FIKI%2Fthumb_h0Bu2qWPNUrf6x1r1o20.jpg?generation=1644048286073608&alt=media
IKI,"Dantų pasta SENSODYNE (DEEP CLEAN), 75 ml",2.99 €,https://firebasestorage.googleapis.com/v0/b/lastmile-ui/o/import%2Fphotos%2Fconverted%2Fproduct%2FthumbUrl%2FCvKfTzV4TN5U8BTMF1Hl_239818_Y5wHCakiRVc8Kf1fJt96vh8Tr2I2_ZClkBl5Z7ZMFZrni5nUY.webp?alt=media&token=325411c7-6973-4a5f-9b0b-bc756118bb33
IKI,"Vingiuoto pjaustymo aštraus pomidorų skonio bulvių traškučiai ESTRELLA, 180 g",2.29 €,https://storage.googleapis.com/download/storage/v1/b/lastmile-ui/o/import%2Fphotos%2Fconverted%2Fproduct%2FCvKfTzV4TN5U8BTMF1Hl_hrXvTMfjTL0VKOqpqHZg_CvKfTzV4TN5U8BTMF1Hl_W5RvAbpnRicygag1V4nopPhtD8z2_hpIZh2QVntndw3DRi852_thumb.jpg?generation=1692871406197135&alt=media
IKI,"Lūpų pieštukas NEUTROGENA, 4,8 g",1.99 €,https://storage.googleapis.com/download/storage/v1/b/lastmile-ui/o/import%2Fphotos%2Fconverted%2Fproduct%2Fglobal_7ViELNfGxXKxyK5aV604_xGdb10o0VzY1SFD6eDjbpqgxmW02_jGhOeyP77jqSMvhApFsS_thumb.jpg?generation=1661404628259329&alt=media
IKI,"Marinuoti imbierai AJI, 200 g",1.39 €,https://storage.googleapis.com/download/storage/v1/b/lastmile-ui/o/import%2Fphotos%2Fconverted%2Fproduct%2Fglobal_XhLAArY9XLGX1j7CzZUu_xGdb10o0VzY1SFD6eDjbpqgxmW02_riH5HIYzgRsVApKK7FIE_thumb.jpg?generation=1646660357341413&alt=media
IKI,"Skutimosi putos GILLETTE Sensitive, 200+100ml",1.89 €,https://firebasestorage.googleapis.com/v0/b/lastmile-ui/o/import%2Fphotos%2Fconverted%2Fproduct%2FthumbUrl%2FCvKfTzV4TN5U8BTMF1Hl_227330_Y5wHCakiRVc8Kf1fJt96vh8Tr2I2_raaucB8rB61gmCyZCl5F.webp?alt=media&token=ea6fc25c-04af-4226-a3c5-798faba1d94c
IKI,"Pasaka glaistytas varškės sūrelis su mangais 20% riebumo, 40 g",0.59 €,https://firebasestorage.googleapis.com/v0/b/lastmile-ui/o/import%2Fphotos%2Fconverted%2Fproduct%2FthumbUrl%2FCvKfTzV4TN5U8BTMF1Hl_279988_OrXUvGAuc2NCJDRvzNOTXOM3rsp1_nNnL59XRCmE1mUU40nLK.webp?alt=media&token=7456b5aa-4387-4a1f-85af-f09b694e424d
IKI,"Paukštienos prieskoniai SAUDA, 100 g",0.62 €,https://storage.googleapis.com/download/storage/v1/b/lastmile-ui/o/images%2Fproducts%2Fthumb_Ux22qv0UwluACvaheuyp.jpg?generation=1582201120656037&alt=media
IKI,"Indų plovimo priemonė su alijošiumi FROSCH, 500 ml",1.39 €,https://storage.googleapis.com/download/storage/v1/b/lastmile-ui/o/images%2Fproducts%2Fthumb_NboT8uZNNL0nYUYvYDye.jpg?generation=1631695738323290&alt=media
IKI,"Kavos pupelės LAVAZZA QUALITA ORO, 1 kg",19.99 €,https://firebasestorage.googleapis.com/v0/b/lastmile-ui/o/import%2Fphotos%2Fconverted%2Fproduct%2FthumbUrl%2FCvKfTzV4TN5U8BTMF1Hl_249005_uF3DptJQvjXHqmno4Mal_sRddChMJ76AfGqiKKzik.webp?alt=media&token=3dd7424a-d08b-4206-afed-0fbb70e6dab5
IKI,"Buitinės pirštinės (M dydis) VILEDA SENSITIVE, 1 vnt.",2.09 €,https://storage.googleapis.com/download/storage/v1/b/lastmile-ui/o/import%2Fphotos%2Fconverted%2Fproduct%2FCvKfTzV4TN5U8BTMF1Hl_xReH0R3Ho6W84gCn2yho_xGdb10o0VzY1SFD6eDjbpqgxmW02_hAKhwJ1Py5CfscZzkJyM_thumb.jpg?generation=1679554241748576&alt=media
IKI,"Avižinė košė PROVENA, 500 g",2.99 €,https://firebasestorage.googleapis.com/v0/b/lastmile-ui/o/import%2Fphotos%2Fconverted%2Fproduct%2FthumbUrl%2FCvKfTzV4TN5U8BTMF1Hl_39103_OrXUvGAuc2NCJDRvzNOTXOM3rsp1_rfmujNAO570DxovaEmVa.webp?alt=media&token=c040d67b-2e8f-48c9-8185-f69af3fef415
IKI,"Langų valiklis CLIN ANTIFOG, 500 ml",1.79 €,https://storage.googleapis.com/download/storage/v1/b/lastmile-ui/o/import%2Fphotos%2Fconverted%2Fproduct%2FCvKfTzV4TN5U8BTMF1Hl_WDq5MXuVZlG11Zd0NnEC_CvKfTzV4TN5U8BTMF1Hl_W5RvAbpnRicygag1V4nopPhtD8z2_NnO5jVpicGUzhg81Tlg8_thumb.jpg?generation=1690376602047423&alt=media
IKI,"Ekologiškos sorų lazdelės (nuo 8 mėn.) HIPP, 30 g",1.49 €,https://firebasestorage.googleapis.com/v0/b/lastmile-ui/o/import%2Fphotos%2Fconverted%2Fproduct%2FthumbUrl%2FCvKfTzV4TN5U8BTMF1Hl_241742_Y5wHCakiRVc8Kf1fJt96vh8Tr2I2_vvbFw4ccwvaVKU9fLnhb.webp?alt=media&token=e4c1c169-112d-4424-b458-88bd5bd9d086
IKI,"Tirpi kava JACOBS CRONAT GOLD, 200 g",7.99 €,https://firebasestorage.googleapis.com/v0/b/lastmile-ui/o/import%2Fphotos%2Fconverted%2Fproduct%2FthumbUrl%2FCvKfTzV4TN5U8BTMF1Hl_94867_W5RvAbpnRicygag1V4nopPhtD8z2_WJZboIT85LgyBS1yW2DV.webp?alt=media&token=294f00ef-ea55-4b41-b061-9c8d66a31dd7
IKI,"Sauskelnės JP, 3 dydis 6 - 11 kg. PAMPERS PANTS, 60 vnt.",14.99 €,https://firebasestorage.googleapis.com/v0/b/lastmile-ui/o/import%2Fphotos%2Fconverted%2Fproduct%2FthumbUrl%2FCvKfTzV4TN5U8BTMF1Hl_256183_uF3DptJQvjXHqmno4Mal_9HbsTEX0hWv8tKMvrk86.webp?alt=media&token=4bec42a9-33f8-4f80-a4f3-52106d7b36a0
IKI,Karštai rūkyta Aukštaičių saliamis dešra 250g,1.79 €,https://storage.googleapis.com/download/storage/v1/b/lastmile-ui/o/import%2Fphotos%2Fconverted%2Fproduct%2Fglobal_FP4y6ZAZY0jJtQBxzv2V_W5RvAbpnRicygag1V4nopPhtD8z2_cclqjO7uQKhpJvPiPHcX_thumb.jpg?generation=1686037891864012&alt=media
IKI,"Pieštukinis dezodorantas LADY SPEED STICK LILAC, 45 g",2.24 €,https://storage.googleapis.com/download/storage/v1/b/lastmile-ui/o/images%2Fproducts%2Fthumb_9irP3I1bamrnWyt9WivB.jpg?generation=1582196382121641&alt=media
IKI,"Kavos kapsulės STARBUCKS HOUSE BLEND, 102 g",4.99 €,https://firebasestorage.googleapis.com/v0/b/lastmile-ui/o/import%2Fphotos%2Fconverted%2Fproduct%2FthumbUrl%2FCvKfTzV4TN5U8BTMF1Hl_261356_Y5wHCakiRVc8Kf1fJt96vh8Tr2I2_qXoTkYBXs3ZSTfBuwIlW.webp?alt=media&token=48611c75-efa0-4d16-a17b-cdc60c1b68bf
IKI,"Kavos pupelės PELLINI ESPRESSO CREMOSO, 1 kg",19.99 €,https://storage.googleapis.com/download/storage/v1/b/lastmile-ui/o/images%2Fproducts%2Fthumb_q9mAfebnvKl2mk8bkQva.jpg?generation=1639147326253583&alt=media
IKI,"Minkšti pyragaičiai MILKA BROOKIE, 132 g",1.99 €,https://firebasestorage.googleapis.com/v0/b/lastmile-ui/o/import%2Fphotos%2Fconverted%2Fproduct%2FthumbUrl%2FCvKfTzV4TN5U8BTMF1Hl_279312_Y5wHCakiRVc8Kf1fJt96vh8Tr2I2_q4Ejmz0Qv8IAXFudcmqk.webp?alt=media&token=7a13cfb3-6405-43bb-8d1d-7263a73410af
IKI,"Kietas muilas PALMOLIVE MILK&HONEY, 90 g",0.49 €,https://storage.googleapis.com/download/storage/v1/b/lastmile-ui/o/images%2Fproducts%2Fthumb_sKumSDmajwOOrcX3ZTZX.jpg?generation=1644048125897603&alt=media
IKI,"Drėgnos servetėlės VORTEX CLEANINIG WIPES BATHROOM, 48 vnt.",1.34 €,https://firebasestorage.googleapis.com/v0/b/lastmile-ui/o/import%2Fphotos%2Fconverted%2Fproduct%2FthumbUrl%2FCvKfTzV4TN5U8BTMF1Hl_277918_W5RvAbpnRicygag1V4nopPhtD8z2_rIhqO2i38XfCwTsY5dum.webp?alt=media&token=cec464e5-56cf-4c67-9978-e2cacecec992
IKI,"Vyriškas purškiamasis dezodorantas NIVEA BLACK&WHITE POWER, 150 ml",2.39 €,https://storage.googleapis.com/download/storage/v1/b/lastmile-ui/o/images%2Fproducts%2Fthumb_7onJm13d7WnoNGea9PDq.jpg?generation=1594714694719825&alt=media
IKI,"LAIMA mėlynių skonio zefyrai, 200 g",1.49 €,https://firebasestorage.googleapis.com/v0/b/lastmile-ui/o/import%2Fphotos%2Fconverted%2Fproduct%2FthumbUrl%2FCvKfTzV4TN5U8BTMF1Hl_206280_uF3DptJQvjXHqmno4Mal_XHVmWXBndlMAz9NaPxpb.webp?alt=media&token=92b9d74a-2623-477e-87c7-d169dc8f0e84
IKI,"Universalus valiklis su balikliu CILLIT BANG S&M TRIGGER, 750 ml",3.99 €,https://storage.googleapis.com/download/storage/v1/b/lastmile-ui/o/import%2Fphotos%2Fconverted%2Fproduct%2FCvKfTzV4TN5U8BTMF1Hl_KKm0g13yDhsmeWT29gg1_CvKfTzV4TN5U8BTMF1Hl_kgpjANKEn1eRogaXoIPCJKbg1243_yLIqPiq44tNnvBhJyXmi_thumb.webp?generation=1698320236055418&alt=media
IKI,"Tualetų kalkių nuosėdų valiklis DOMESTOS ZERO BLUE, 750 ml",2.24 €,https://storage.googleapis.com/download/storage/v1/b/lastmile-ui/o/import%2Fphotos%2Fconverted%2Fproduct%2FCvKfTzV4TN5U8BTMF1Hl_80162_CvKfTzV4TN5U8BTMF1Hl_W5RvAbpnRicygag1V4nopPhtD8z2_f2mVHuPhswlBId5SkJ7v_thumb.jpg?generation=1693481674685129&alt=media
IKI,"Indaplovių tabletės FINISH POWERBALL ULTIMATE ALL IN1, 50 vnt.",16.99 €,https://storage.googleapis.com/download/storage/v1/b/lastmile-ui/o/import%2Fphotos%2Fconverted%2Fproduct%2Fglobal_p9elEwfrb8fqm91GXG6J_xGdb10o0VzY1SFD6eDjbpqgxmW02_XYdxYUzM0Ykk5yaqoNqH_thumb.jpg?generation=1674651245316619&alt=media
IKI,"Baliklis DR.BECKMAN, 80 g",1.14 €,https://storage.googleapis.com/download/storage/v1/b/lastmile-ui/o/images%2Fproducts%2Fthumb_o74gMf6PQvKOQf0ANFil.jpg?generation=1631695922199703&alt=media
IKI,"Naikinantis kvapus skystasis muilas su alavijais MARGARITA, 400 ml",1.74 €,https://firebasestorage.googleapis.com/v0/b/lastmile-ui/o/import%2Fphotos%2Fconverted%2Fproduct%2FthumbUrl%2FCvKfTzV4TN5U8BTMF1Hl_236287_OrXUvGAuc2NCJDRvzNOTXOM3rsp1_TA4s5x30YvfcoWYLzobP.webp?alt=media&token=60f7a725-4be4-42f5-87ee-ed0ebd919eac
IKI,"Tualetinis popierius RENOVA RECYCLED 3 sl., 9 vnt.",4.24 €,https://storage.googleapis.com/download/storage/v1/b/lastmile-ui/o/import%2Fphotos%2Fconverted%2Fproduct%2FCvKfTzV4TN5U8BTMF1Hl_276615_CvKfTzV4TN5U8BTMF1Hl_W5RvAbpnRicygag1V4nopPhtD8z2_UykqpYLpa5HMWjfXurCx_thumb.jpg?generation=1695364991122957&alt=media
IKI,"Elementai PHILIPS,AAA/R03, 4 vnt.",2.79 €,https://storage.googleapis.com/download/storage/v1/b/lastmile-ui/o/images%2Fproducts%2Fthumb_efPLj6x5lqFeJ8SfhpJg.jpg?generation=1639147433522835&alt=media
IKI,Drėgnas tualetinis popierius RENOVA 40+20 vnt,1.64 €,https://firebasestorage.googleapis.com/v0/b/lastmile-ui/o/import%2Fphotos%2Fconverted%2Fproduct%2FthumbUrl%2FCvKfTzV4TN5U8BTMF1Hl_258951_OrXUvGAuc2NCJDRvzNOTXOM3rsp1_t1bPrBxS7UZVyYftGRJ1.webp?alt=media&token=6eca3bfa-38f5-4990-879b-bb9e079df7c5
IKI,Karštai rūkytas didysis jūrinis ešerys,8.79 €,https://storage.googleapis.com/download/storage/v1/b/lastmile-ui/o/import%2Fphotos%2Fconverted%2Fproduct%2Fglobal_jH4miOQjtJC7uDwN1eFo_xGdb10o0VzY1SFD6eDjbpqgxmW02_R0OYb8lJmWfryo9Ua9aC_thumb.jpg?generation=1658133198582908&alt=media
IKI,"Antiperspirantas nuo prakaito su alavijų ekstraktu MARGARITA, 50 ml",1.99 €,https://storage.googleapis.com/download/storage/v1/b/lastmile-ui/o/images%2Fproducts%2Fthumb_b37YYO9NbKluGbxcBUxm.jpg?generation=1644058877624759&alt=media
IKI,"Kalkių valiklis CIF PERFECT FINISH, 435 ml",3.24 €,https://storage.googleapis.com/download/storage/v1/b/lastmile-ui/o/import%2Fphotos%2Fconverted%2Fproduct%2FCvKfTzV4TN5U8BTMF1Hl_bihbQi54Wng7Z1RBZ4vH_CvKfTzV4TN5U8BTMF1Hl_W5RvAbpnRicygag1V4nopPhtD8z2_vpckyRtlMarp3fWAkaK9_thumb.webp?generation=1699528115774948&alt=media
IKI,"Saldainiai PERGALĖ VILNIUS MARC DE CHAMPAGNE, 140 g",3.99 €,https://storage.googleapis.com/download/storage/v1/b/lastmile-ui/o/import%2Fphotos%2Fconverted%2Fproduct%2Fglobal_IZ0SfwjNk18oxliw9Fdh_xGdb10o0VzY1SFD6eDjbpqgxmW02_pyKBc45tci6ajvg8uMIR_thumb.jpg?generation=1674486741068085&alt=media
IKI,"Skalbiklis spalvotiems audiniams RINGUVA PLIUS, 20 skalbimų, 1l",2.87 €,https://firebasestorage.googleapis.com/v0/b/lastmile-ui/o/import%2Fphotos%2Fconverted%2Fproduct%2FthumbUrl%2FCvKfTzV4TN5U8BTMF1Hl_59133_Y5wHCakiRVc8Kf1fJt96vh8Tr2I2_30UAqgaGRPsaHwZk9raF.webp?alt=media&token=6b722e92-cf15-4d6e-9f9f-195c02155fe7
IKI,"Ekologiška pieniška manų kruopų košelė HIPP su bananais (nuo 4 mėn.), 190 g",1.79 €,https://storage.googleapis.com/download/storage/v1/b/lastmile-ui/o/images%2Fproducts%2Fthumb_fhuCSbXM8rz1mqzfpZVI.jpg?generation=1644048094998686&alt=media
IKI,"Indaplovių priežiūros priemonė SOMAT MACHINE CARE CLEANER, 250 ml",3.99 €,https://storage.googleapis.com/download/storage/v1/b/lastmile-ui/o/import%2Fphotos%2Fconverted%2Fproduct%2FCvKfTzV4TN5U8BTMF1Hl_3qShn4DHYp0CokVdoS16_CvKfTzV4TN5U8BTMF1Hl_W5RvAbpnRicygag1V4nopPhtD8z2_dH3UFUpwOQsjlCwGz1DS_thumb.jpg?generation=1690376600928014&alt=media
IKI,Ausų liežuvio vyniotinis,11.19 €,https://storage.googleapis.com/download/storage/v1/b/lastmile-ui/o/images%2Fproducts%2Fthumb_RGgjjNCfM2j6U1Xiq8Qk.jpg?generation=1631695849647978&alt=media
IKI,"Dūmų skonio Atlantinių silkių filė IKI, 400 g",2.63 €,https://storage.googleapis.com/download/storage/v1/b/lastmile-ui/o/images%2Fproducts%2Fthumb_VKFCL0H8OuKh70kZK948.jpg?generation=1639147533796539&alt=media
IKI,"Ramunėlė GAMTOS GURKŠNIS, 20 vnt.",0.99 €,https://firebasestorage.googleapis.com/v0/b/lastmile-ui/o/import%2Fphotos%2Fconverted%2Fproduct%2FthumbUrl%2FCvKfTzV4TN5U8BTMF1Hl_264350_uF3DptJQvjXHqmno4Mal_ZmRJGXhY4A11Gzjz9LC5.webp?alt=media&token=a9379e73-5386-4c1d-ac97-e701f64488a6
IKI,"Ekologiški grikiai BIORINA, 400 g",1.99 €,https://firebasestorage.googleapis.com/v0/b/lastmile-ui/o/import%2Fphotos%2Fconverted%2Fproduct%2FthumbUrl%2FCvKfTzV4TN5U8BTMF1Hl_270926_uF3DptJQvjXHqmno4Mal_ami9dgBQBN3yH5nn43Xm.webp?alt=media&token=84c23939-c667-4d24-b287-dfb9a7621eb8
IKI,"Tabletės indaplovėms citrinos kvapo FROSCH, 30 vnt.",4.99 €,https://storage.googleapis.com/download/storage/v1/b/lastmile-ui/o/import%2Fphotos%2Fconverted%2Fproduct%2FCvKfTzV4TN5U8BTMF1Hl_277950_CvKfTzV4TN5U8BTMF1Hl_W5RvAbpnRicygag1V4nopPhtD8z2_7m90AxjchTadDUXElsyI_thumb.jpg?generation=1693481692766752&alt=media
IKI,"Saulėgrąžų aliejus NATURA, 3 l",7.19 €,https://storage.googleapis.com/download/storage/v1/b/lastmile-ui/o/images%2Fchain_products%2FIKI%2Fthumb_fCKiHVGnWW3ceHq28Q9h.jpg?generation=1631695803052090&alt=media
IKI,"Skalavimo skystis indaplovėms FROSCH, 750 ml",2.99 €,https://storage.googleapis.com/download/storage/v1/b/lastmile-ui/o/import%2Fphotos%2Fconverted%2Fproduct%2Fglobal_2ocygsP8kNBaoOCc1afl_xGdb10o0VzY1SFD6eDjbpqgxmW02_f03mUKp2JL8BZdtKu99C_thumb.jpg?generation=1674651239806597&alt=media
IKI,"Ryžių vermišeliai AJI, 200 g",1.81 €,https://www.googleapis.com/download/storage/v1/b/lastmile-ui/o/images%2Fproducts%2Fthumb_IOn972meRfC1SFBY3XWk.jpg?generation=1582198261335539&alt=media
IKI,"Brokolių tyrelė HIPP su ryžiais ir triušiena (nuo 8 mėn.), 220 g",2.09 €,https://storage.googleapis.com/download/storage/v1/b/lastmile-ui/o/images%2Fproducts%2Fthumb_rkrAQLYdzAJZzpbKjjZJ.jpg?generation=1644048189272158&alt=media
IKI,Saldainiai MIGLĖ su karamėlės skonio įdaru,8.99 €,https://storage.googleapis.com/download/storage/v1/b/lastmile-ui/o/import%2Fphotos%2Fconverted%2Fproduct%2Fglobal_loYLz13XASp12ei8IAwk_xGdb10o0VzY1SFD6eDjbpqgxmW02_3lKOvXZHqfq9pZpQqI0t_thumb.jpg?generation=1674486741069344&alt=media
IKI,"Kiaulienos prieskoniai SAUDA, 100 g",0.62 €,https://storage.googleapis.com/download/storage/v1/b/lastmile-ui/o/images%2Fproducts%2Fthumb_mcftCFzewEyixPfrgH9x.jpg?generation=1582205146438698&alt=media
IKI,Kakaviniai sausainiai OREO su vanilės skonio įdaru 44 g,0.74 €,https://storage.googleapis.com/download/storage/v1/b/lastmile-ui/o/images%2Fproducts%2Fthumb_xUQ8zRlYgrYlNJhRGn6I.jpg?generation=1623061170609990&alt=media
IKI,"Sausainiai su džiovintais obuoliukais VIKTORIJA , 250 g",1.81 €,https://firebasestorage.googleapis.com/v0/b/lastmile-ui/o/import%2Fphotos%2Fconverted%2Fproduct%2FthumbUrl%2FCvKfTzV4TN5U8BTMF1Hl_80381_W5RvAbpnRicygag1V4nopPhtD8z2_2l1ionKox0YluAEqfIvp.webp?alt=media&token=cf3b8bad-5321-4943-8e6b-69ffc3e588e5
IKI,"Skystasis skalbiklis PERWOLL BLACK, 20 skalbimų, 1000 ml",4.24 €,https://firebasestorage.googleapis.com/v0/b/lastmile-ui/o/import%2Fphotos%2Fconverted%2Fproduct%2FthumbUrl%2FCvKfTzV4TN5U8BTMF1Hl_281182_W5RvAbpnRicygag1V4nopPhtD8z2_uIqeolGB3aaafqTN1MXw.webp?alt=media&token=d3610c99-6bb7-40e6-91d2-6a28c3375fc8
IKI,"Negliaudyti graikiniai riešutai, 1 kg",4.19 €,https://storage.googleapis.com/download/storage/v1/b/lastmile-ui/o/images%2Fproducts%2Fthumb_dXssMA3B222V8nQhn196.jpg?generation=1639147509819429&alt=media
IKI,"Podravka prieskoniai 180g+20g VEGETA, 200 g",1.49 €,https://storage.googleapis.com/download/storage/v1/b/lastmile-ui/o/images%2Fproducts%2Fthumb_vm1sVmIyt4GrYQ7VI9p2.jpg?generation=1631696135149302&alt=media
IKI,"Dantų šepetėlis JORDAN Cleanbetween Multi Action, minkštas, 1 vnt",1.49 €,https://storage.googleapis.com/download/storage/v1/b/lastmile-ui/o/import%2Fphotos%2Fconverted%2Fproduct%2FCvKfTzV4TN5U8BTMF1Hl_VIKkRAJPjAmyiXrGN6F8_W5RvAbpnRicygag1V4nopPhtD8z2_I6FREwzeaxsZsJEyeCbW_thumb.jpg?generation=1683626258526914&alt=media
IKI,"Apkeptas prancūziškas sumuštinis su kumpiu ir bešamelio padažu, IKI ŠEFAI, 165 g",1.79 €,https://firebasestorage.googleapis.com/v0/b/lastmile-ui/o/import%2Fphotos%2Fconverted%2Fproduct%2FthumbUrl%2FCvKfTzV4TN5U8BTMF1Hl_285991_OrXUvGAuc2NCJDRvzNOTXOM3rsp1_Iyk0ju6WyGArpOL4nGJq.webp?alt=media&token=76ec6320-4fc9-4597-9ebc-40818fa426a0
IKI,"Marcipaniniai saldainiai MILORA Mozartkugeln, 200 g",3.99 €,https://firebasestorage.googleapis.com/v0/b/lastmile-ui/o/import%2Fphotos%2Fconverted%2Fproduct%2FthumbUrl%2FCvKfTzV4TN5U8BTMF1Hl_261362_OrXUvGAuc2NCJDRvzNOTXOM3rsp1_WMqUZKHFFNpdMmXoWmFY.webp?alt=media&token=ea252df1-64d3-4a61-9b23-c24723cc3c66
IKI,"Žemaitijos kefyras 3,2% rieb., 0,9 kg",1.43 €,https://firebasestorage.googleapis.com/v0/b/lastmile-ui/o/import%2Fphotos%2Fconverted%2Fproduct%2FthumbUrl%2FCvKfTzV4TN5U8BTMF1Hl_282382_OrXUvGAuc2NCJDRvzNOTXOM3rsp1_3R8r3jZs0HDDM14VbDsf.webp?alt=media&token=9b1b2ce5-8319-43ae-b97f-35ebe3da601a
IKI,"Šveitimo milteliai AJAX LEMON, 450 g",1.39 €,https://firebasestorage.googleapis.com/v0/b/lastmile-ui/o/import%2Fphotos%2Fconverted%2Fproduct%2FthumbUrl%2FCvKfTzV4TN5U8BTMF1Hl_234767_Y5wHCakiRVc8Kf1fJt96vh8Tr2I2_e7VACOsHZsydQ5vtsaPB.webp?alt=media&token=6b070b9f-04c8-4b68-b204-18ccff878f29
IKI,"Salotų mišinys LEAFOOD Valgyk ir žydėk, 70 g",1.34 €,https://firebasestorage.googleapis.com/v0/b/lastmile-ui/o/import%2Fphotos%2Fconverted%2Fproduct%2FthumbUrl%2FCvKfTzV4TN5U8BTMF1Hl_287462_OrXUvGAuc2NCJDRvzNOTXOM3rsp1_z1YA9cCUGw8MzJhZZ3SZ.webp?alt=media&token=3c9ada83-a17c-4a44-a2c0-4007cc594c46
IKI,"Juodasis šokoladas LAIMA 70%, 90 g",1.87 €,https://firebasestorage.googleapis.com/v0/b/lastmile-ui/o/import%2Fphotos%2Fconverted%2Fproduct%2FthumbUrl%2FCvKfTzV4TN5U8BTMF1Hl_266081_OrXUvGAuc2NCJDRvzNOTXOM3rsp1_IujAGemmChzLTt1SqZXv.webp?alt=media&token=19207aea-3018-4b13-bca1-87a4a10310e4
IKI,"Kreminis muilas DOVE, 90 g",0.89 €,https://storage.googleapis.com/download/storage/v1/b/lastmile-ui/o/import%2Fphotos%2Fconverted%2Fproduct%2Fglobal_PSAOY5fIuIh3hOqnnmne_xGdb10o0VzY1SFD6eDjbpqgxmW02_KfuEWysahI3dLeTOqnxo_thumb.jpg?generation=1674560117811371&alt=media
IKI,"Vonios druska AQUA AMBER, 500 g",1.39 €,https://storage.googleapis.com/download/storage/v1/b/lastmile-ui/o/import%2Fphotos%2Fconverted%2Fproduct%2Fglobal_aUBf6lfL9hHP1pnuRTRR_xGdb10o0VzY1SFD6eDjbpqgxmW02_B8dkPDPYW2xZHba6Q74S_thumb.jpg?generation=1655385623412573&alt=media
IKI,"Lazdyno riešutai ALVO, 100 g",1.49 €,https://storage.googleapis.com/download/storage/v1/b/lastmile-ui/o/import%2Fphotos%2Fconverted%2Fproduct%2Fglobal_beeaxvozCOH4aW0i2ms6_xGdb10o0VzY1SFD6eDjbpqgxmW02_YzvBqeny50kKSgO7X7Ul_thumb.jpg?generation=1667978457055224&alt=media
IKI,"Jautrios odos skustuvai BIC 3 SENSITIVE, 4 vnt.",1.59 €,https://storage.googleapis.com/download/storage/v1/b/lastmile-ui/o/import%2Fphotos%2Fconverted%2Fproduct%2FCvKfTzV4TN5U8BTMF1Hl_hhqZHIs0DQdvW3ASu9DF_W5RvAbpnRicygag1V4nopPhtD8z2_D6tEd7C1Zkx04AfdccfY_thumb.jpg?generation=1683206243523984&alt=media
IKI,"Prieskonių mišinys GARAM MASALA SANTA MARIA ASIA, 33 g",1.39 €,https://firebasestorage.googleapis.com/v0/b/lastmile-ui/o/import%2Fphotos%2Fconverted%2Fproduct%2FthumbUrl%2FCvKfTzV4TN5U8BTMF1Hl_237542_uF3DptJQvjXHqmno4Mal_UHaTRst5o5UwxC89FDUo.webp?alt=media&token=5a31cba4-855e-4179-8b3d-7fdb719adda4
IKI,"Sausas kačių ėdalas su vištiena WHISKAS STERILE, 800 g",2.69 €,https://storage.googleapis.com/download/storage/v1/b/lastmile-ui/o/import%2Fphotos%2Fconverted%2Fproduct%2Fglobal_AGa2e13ML3ViNYICs9JX_xGdb10o0VzY1SFD6eDjbpqgxmW02_uF50EO49ziQQny3uhVZH_thumb.jpg?generation=1679554247200689&alt=media
IKI,"Silkių filė aliejuje ANYTOS, 200 g",1.83 €,https://storage.googleapis.com/download/storage/v1/b/lastmile-ui/o/images%2Fproducts%2Fthumb_xVquM5NGZkUluhpcFJ51.jpg?generation=1631695799376437&alt=media
IKI,"Malta kava AROMA GOLD HARD-PACK, 500vg RFA",7.29 €,https://firebasestorage.googleapis.com/v0/b/lastmile-ui/o/import%2Fphotos%2Fconverted%2Fproduct%2FthumbUrl%2FCvKfTzV4TN5U8BTMF1Hl_209587_uF3DptJQvjXHqmno4Mal_GT2dyy2nJ1RLq6cgBw3E.webp?alt=media&token=7a2b0f6f-978f-494f-a132-0cecca630d48
IKI,"Virtos sardelės ROKIŠKIO EXTRA, 500 g",3.99 €,https://storage.googleapis.com/download/storage/v1/b/lastmile-ui/o/import%2Fphotos%2Fconverted%2Fproduct%2Fglobal_GCRnxOw1DxKGw5crVf0n_W5RvAbpnRicygag1V4nopPhtD8z2_NSXs4lq34rW3IHlY7tXp_thumb.jpg?generation=1686037889871617&alt=media
IKI,"Makaronai DOBELE CORNETTI RIGATE, 500 g",0.99 €,https://storage.googleapis.com/download/storage/v1/b/lastmile-ui/o/import%2Fphotos%2Fconverted%2Fproduct%2FCvKfTzV4TN5U8BTMF1Hl_yZHZ46m6YPWLrN5mOVvi_CvKfTzV4TN5U8BTMF1Hl_W5RvAbpnRicygag1V4nopPhtD8z2_5lVJ5YmmGSzp83l31UAW_thumb.jpg?generation=1690969821782180&alt=media
IKI,"Žaliosios alyvuogės Chupadedos EL FARO, 850 ml",3.49 €,https://storage.googleapis.com/download/storage/v1/b/lastmile-ui/o/import%2Fphotos%2Fconverted%2Fproduct%2FCvKfTzV4TN5U8BTMF1Hl_278010_CvKfTzV4TN5U8BTMF1Hl_W5RvAbpnRicygag1V4nopPhtD8z2_Z6udrpuHKuPNU0wFRzMs_thumb.webp?generation=1699528119410545&alt=media
IKI,"Plaukų šampūnas HEAD&SHOULDERS Classic Clean, 400 ml",4.24 €,https://firebasestorage.googleapis.com/v0/b/lastmile-ui/o/import%2Fphotos%2Fconverted%2Fproduct%2FthumbUrl%2FCvKfTzV4TN5U8BTMF1Hl_33382_Y5wHCakiRVc8Kf1fJt96vh8Tr2I2_pLE7vMf48KS1uQgk3REI.webp?alt=media&token=330f961a-9ec5-42ee-8c01-bfcc73585733
IKI,"Popierinės nosinaitės, ZEWA SOFTIS BOX, 80 vnt",1.49 €,https://firebasestorage.googleapis.com/v0/b/lastmile-ui/o/import%2Fphotos%2Fconverted%2Fproduct%2FthumbUrl%2FCvKfTzV4TN5U8BTMF1Hl_78397_OrXUvGAuc2NCJDRvzNOTXOM3rsp1_9cX9i7AUBrQ31U7H8Tur.webp?alt=media&token=f58197a9-83b3-41bf-b5c1-63008dc8bc52
IKI,"Indų ploviklis PUR BALSAM ALOE VERA, 450 ml",1.49 €,https://storage.googleapis.com/download/storage/v1/b/lastmile-ui/o/images%2Fchain_products%2FIKI%2Fthumb_hCoYntdOrP2qQBpf4899.jpg?generation=1631696079714368&alt=media
IKI,"Indų ploviklis PUR RASPBERRY AND RED CURRANT, 450 ml",1.49 €,https://storage.googleapis.com/download/storage/v1/b/lastmile-ui/o/import%2Fphotos%2Fconverted%2Fproduct%2FCvKfTzV4TN5U8BTMF1Hl_dA2a4vSQ5SdsF8FZ5CMw_CvKfTzV4TN5U8BTMF1Hl_W5RvAbpnRicygag1V4nopPhtD8z2_QjhCjRLx6IkTHZZ1cekg_thumb.jpg?generation=1690376599651555&alt=media
IKI,"Saldainiai FERRERO ROCHER (24 vnt.), 300 g",11.99 €,https://storage.googleapis.com/download/storage/v1/b/lastmile-ui/o/import%2Fphotos%2Fconverted%2Fproduct%2Fglobal_jimSnGvSJjXxjm0WUWDT_xGdb10o0VzY1SFD6eDjbpqgxmW02_hBv4snRVqHLkyEJEjUIj_thumb.jpg?generation=1663697501502896&alt=media
IKI,"Indaplovių skalavimo priemonė SOMAT RINSER, 750 ml",3.99 €,https://storage.googleapis.com/download/storage/v1/b/lastmile-ui/o/import%2Fphotos%2Fconverted%2Fproduct%2FCvKfTzV4TN5U8BTMF1Hl_l4OWnhaCO9eTBDvfqUuj_CvKfTzV4TN5U8BTMF1Hl_W5RvAbpnRicygag1V4nopPhtD8z2_RjLNcGmVWzHzG5ykLLdE_thumb.jpg?generation=1690376598570725&alt=media
IKI,"Drėgnos servetėlės VORTEX CLEANING WIPES WOOD&PLASTIC, 48 vnt.",1.34 €,https://firebasestorage.googleapis.com/v0/b/lastmile-ui/o/import%2Fphotos%2Fconverted%2Fproduct%2FthumbUrl%2FCvKfTzV4TN5U8BTMF1Hl_277920_W5RvAbpnRicygag1V4nopPhtD8z2_BefhPRgSJQbiPhx7pUSf.webp?alt=media&token=5a0762f1-eb53-487a-8cd0-4fb141655622
IKI,"WC valiklis-gaiviklis BREF POWER AKTIV LAVENDER, 50 g",1.49 €,https://storage.googleapis.com/download/storage/v1/b/lastmile-ui/o/images%2Fchain_products%2FIKI%2Fthumb_a3LNcRJmJT3bJ7YwKfhk.jpg?generation=1631695804560541&alt=media
IKI,"Pieno mišinys Aptamil 3 12M+, 1,2 kg",17.99 €,https://firebasestorage.googleapis.com/v0/b/lastmile-ui/o/import%2Fphotos%2Fconverted%2Fproduct%2FthumbUrl%2FCvKfTzV4TN5U8BTMF1Hl_264090_Y5wHCakiRVc8Kf1fJt96vh8Tr2I2_GOCGGG7ooJR3IppT9mth.webp?alt=media&token=cf1fa484-90c6-4fa8-813c-177ed7d138c7
IKI,"Pūkų surinkėjo atsarginė dalis VILEDA, 1 vnt.",2.99 €,https://storage.googleapis.com/download/storage/v1/b/lastmile-ui/o/images%2Fproducts%2Fthumb_casfe7hivDlKRM8HkDGU.jpg?generation=1594714697510278&alt=media
IKI,"Natūralios sudėties skystas muilas GREEN FEEL'S, 400 ml",1.99 €,https://storage.googleapis.com/download/storage/v1/b/lastmile-ui/o/import%2Fphotos%2Fconverted%2Fproduct%2Fglobal_tqbYmhebIplBrZFI9VI2_xGdb10o0VzY1SFD6eDjbpqgxmW02_jUjZTxmLEp2fOVWq07kU_thumb.jpg?generation=1674560118424327&alt=media
IKI,"Prieskoniai VEGETA, 500 g",2.99 €,https://firebasestorage.googleapis.com/v0/b/lastmile-ui/o/import%2Fphotos%2Fconverted%2Fproduct%2FthumbUrl%2FCvKfTzV4TN5U8BTMF1Hl_4221_OrXUvGAuc2NCJDRvzNOTXOM3rsp1_6gj6QWWQ1ELDRe8OVHmK.webp?alt=media&token=38b39dbf-bfd5-43a1-b61c-05992bc2f237
IKI,"Higieniniai įklotai DISCREET Waterlily, 20 vnt.",1.99 €,https://firebasestorage.googleapis.com/v0/b/lastmile-ui/o/import%2Fphotos%2Fconverted%2Fproduct%2FthumbUrl%2FCvKfTzV4TN5U8BTMF1Hl_63497_Y5wHCakiRVc8Kf1fJt96vh8Tr2I2_gnv1qdvacUekNFK30yqi.webp?alt=media&token=8c68e229-05f5-4928-880e-486aff192d69
IKI,"Sausas vyresnių kačių ėdalas su vištiena WHISKAS , 800 g",2.69 €,https://storage.googleapis.com/download/storage/v1/b/lastmile-ui/o/import%2Fphotos%2Fconverted%2Fproduct%2Fglobal_xVGIK3C81PFUfdnsY0iH_xGdb10o0VzY1SFD6eDjbpqgxmW02_1dEDKny6D7VG09kWRUjh_thumb.jpg?generation=1679554246119262&alt=media
IKI,"Sausas ėdalas katėms su lašiša, daržovėmis FRISKIES, 1 kg",3.28 €,https://firebasestorage.googleapis.com/v0/b/lastmile-ui/o/import%2Fphotos%2Fconverted%2Fproduct%2FthumbUrl%2FCvKfTzV4TN5U8BTMF1Hl_39933_Y5wHCakiRVc8Kf1fJt96vh8Tr2I2_8cvPxQAXv9zp9JO0x2vS.webp?alt=media&token=2e576540-ee67-4d6f-868a-9de08d2a7cee
IKI,"Indaplovių nuosėdų valiklis FINISH HYGIENE, 250 ml",4.99 €,https://storage.googleapis.com/download/storage/v1/b/lastmile-ui/o/import%2Fphotos%2Fconverted%2Fproduct%2FCvKfTzV4TN5U8BTMF1Hl_hsSM3CqI2FEKy5mliguG_CvKfTzV4TN5U8BTMF1Hl_W5RvAbpnRicygag1V4nopPhtD8z2_zI0kfldBA96JPnPqPT6s_thumb.jpg?generation=1689684923383226&alt=media
IKI,"Koldūnai PINIGĖLIAI MAXI su mėsos įdaru, 400 g",1.84 €,https://storage.googleapis.com/download/storage/v1/b/lastmile-ui/o/import%2Fphotos%2Fconverted%2Fproduct%2Fglobal_4KsCQsS5UmwFz9D0cyZS_W5RvAbpnRicygag1V4nopPhtD8z2_v2PekCOrbiYMKxRsqyQL_thumb.jpg?generation=1687181630639019&alt=media
IKI,"Citrinos kvapo valymo pienelis FROSCH, 500 ml",1.59 €,https://storage.googleapis.com/download/storage/v1/b/lastmile-ui/o/images%2Fproducts%2Fthumb_ja0iZZoh4C9Xj3dqNmyC.jpg?generation=1582204476150367&alt=media
IKI,"Skustuvas VENUS Comfortglide Breeze, 2 galvutės",5.49 €,https://firebasestorage.googleapis.com/v0/b/lastmile-ui/o/import%2Fphotos%2Fconverted%2Fproduct%2FthumbUrl%2FCvKfTzV4TN5U8BTMF1Hl_31538_Y5wHCakiRVc8Kf1fJt96vh8Tr2I2_IoW1vz3qewaWFaH1sFAc.webp?alt=media&token=5469edab-67ca-42d9-a337-1a560b861885
IKI,"ANTKLODĖ 200X200 CM, poliesterio užpildas 1000 g/m",12.99 €,https://storage.googleapis.com/download/storage/v1/b/lastmile-ui/o/import%2Fphotos%2Fconverted%2Fproduct%2FCvKfTzV4TN5U8BTMF1Hl_277261_CvKfTzV4TN5U8BTMF1Hl_W5RvAbpnRicygag1V4nopPhtD8z2_LREBpV0UbgGerV2kZbgY_thumb.jpg?generation=1694670832565973&alt=media
IKI,"Vytinti kalmarai BEER CLUB CLASSI, 46 g",1.79 €,https://storage.googleapis.com/download/storage/v1/b/lastmile-ui/o/images%2Fproducts%2Fthumb_L69zPZTKigelgJum3xCf.jpg?generation=1623061184635992&alt=media
IKI,"Dėmių valiklis VANISH ACTION OXI PINK, 470 g",3.74 €,https://storage.googleapis.com/download/storage/v1/b/lastmile-ui/o/import%2Fphotos%2Fconverted%2Fproduct%2FCvKfTzV4TN5U8BTMF1Hl_xpMgTvrSMY0gbm4infnN_CvKfTzV4TN5U8BTMF1Hl_W5RvAbpnRicygag1V4nopPhtD8z2_jDUAuGCflRFaGpxwBRmi_thumb.jpg?generation=1689684927765929&alt=media
IKI,Ličiai,15.99 €,https://storage.googleapis.com/download/storage/v1/b/lastmile-ui/o/images%2Fproducts%2Fthumb_A2vazFCKUgVVi65i6JJ2.jpg?generation=1631122129790004&alt=media
IKI,"APELSINŲ SULTYS NAVEL, 1 l",3.99 €,https://firebasestorage.googleapis.com/v0/b/lastmile-ui/o/import%2Fphotos%2Fconverted%2Fproduct%2FthumbUrl%2FCvKfTzV4TN5U8BTMF1Hl_273000_W5RvAbpnRicygag1V4nopPhtD8z2_PhDTPCBFfImnLpncw1Uz.webp?alt=media&token=3174e2e1-e7d8-4e8a-b288-04d35226ffd1
IKI,"Aguonos SAUDA, 100 g",1.25 €,https://storage.googleapis.com/download/storage/v1/b/lastmile-ui/o/images%2Fproducts%2Fthumb_lPDvYqK41qH5XKSFpHtQ.jpg?generation=1582204889947741&alt=media
IKI,"Ekologiški avižų dribsniai DOBELE, 500 g",1.49 €,https://storage.googleapis.com/download/storage/v1/b/lastmile-ui/o/images%2Fproducts%2Fthumb_fbg9gqCK2gajU8DAh4zM.jpg?generation=1582203558730089&alt=media
IKI,"Dėmių valiklis VANISH OXIACTION WHITE, 1 l",3.74 €,https://storage.googleapis.com/download/storage/v1/b/lastmile-ui/o/import%2Fphotos%2Fconverted%2Fproduct%2FCvKfTzV4TN5U8BTMF1Hl_plcIanaKqAWKVl7jziPd_CvKfTzV4TN5U8BTMF1Hl_W5RvAbpnRicygag1V4nopPhtD8z2_m04YlSUetUph9htZbOz5_thumb.jpg?generation=1689684928720546&alt=media
IKI,"Skustuvo galvutės GILLETTE FUSION 5, 4vnt.",10.49 €,https://firebasestorage.googleapis.com/v0/b/lastmile-ui/o/import%2Fphotos%2Fconverted%2Fproduct%2FthumbUrl%2FCvKfTzV4TN5U8BTMF1Hl_235402_Y5wHCakiRVc8Kf1fJt96vh8Tr2I2_IDVq1v9eWnFhfa8punGV.webp?alt=media&token=c4d0285a-915c-4ddf-9e2c-dc94cc46a4bb
IKI,"Ekologiška kriaušių, bananų ir vynuogių tyrelė su avižomis HIPP nuo 1 metų, 120 g",1.72 €,https://storage.googleapis.com/download/storage/v1/b/lastmile-ui/o/images%2Fproducts%2Fthumb_3QMrLvpcdB8lIgyInTfu.jpg?generation=1644059267376376&alt=media
IKI,"Dušo želė su svarainių ekstraktu MARGARITA, 500 ml",2.14 €,https://storage.googleapis.com/download/storage/v1/b/lastmile-ui/o/images%2Fproducts%2Fthumb_RgPDlp9qyyhtTMo1EJid.jpg?generation=1623061288627521&alt=media
IKI,"Šviežia antienos kulšelių mėsa, 340 g",5.83 €,https://storage.googleapis.com/download/storage/v1/b/lastmile-ui/o/import%2Fphotos%2Fconverted%2Fproduct%2Fglobal_XlXxK0DLfEflhxizl56i_xGdb10o0VzY1SFD6eDjbpqgxmW02_UrshzcCJ2QvGt7iSKxJb_thumb.jpg?generation=1661236100124378&alt=media
IKI,"Kavos kapsulės NESCAFE DOLCE GUSTO ROMA, 16 vnt.",4.99 €,https://firebasestorage.googleapis.com/v0/b/lastmile-ui/o/import%2Fphotos%2Fconverted%2Fproduct%2FthumbUrl%2FCvKfTzV4TN5U8BTMF1Hl_275368_Y5wHCakiRVc8Kf1fJt96vh8Tr2I2_KWPzg4ElnGvwEwhgK8PP.webp?alt=media&token=0a651d32-20bf-459d-9b28-61e3211f4bdc
IKI,"Balzamas SYOSS Keratin, 440 ml",3.84 €,https://firebasestorage.googleapis.com/v0/b/lastmile-ui/o/import%2Fphotos%2Fconverted%2Fproduct%2FthumbUrl%2FCvKfTzV4TN5U8BTMF1Hl_262093_W5RvAbpnRicygag1V4nopPhtD8z2_NuS7rM5s9Tj656hQhazp.webp?alt=media&token=95ed888f-c81d-471f-8388-186a84b98786
IKI,"Purškiamas kilimų ir baldų apmušalų dėmių valiklis VANISH GOLD OXI ACTION, 500 ml",4.09 €,https://storage.googleapis.com/download/storage/v1/b/lastmile-ui/o/import%2Fphotos%2Fconverted%2Fproduct%2FCvKfTzV4TN5U8BTMF1Hl_7u2BWV2cSKsEII9uZO7V_CvKfTzV4TN5U8BTMF1Hl_W5RvAbpnRicygag1V4nopPhtD8z2_AwEkywN6NIYUjYmsjYZu_thumb.jpg?generation=1689684921790281&alt=media
IKI,Šaltai rūkyta Aukštaičių dešra dujose 230g,2.51 €,https://firebasestorage.googleapis.com/v0/b/lastmile-ui/o/import%2Fphotos%2Fconverted%2Fproduct%2FthumbUrl%2FCvKfTzV4TN5U8BTMF1Hl_273274_OrXUvGAuc2NCJDRvzNOTXOM3rsp1_kqGScKmPyrRLy4ZyJqxs.webp?alt=media&token=dfc05f7a-1778-4572-ae03-b92fcba19029
IKI,"Dušo želė FA CACAO BUTTER&COCO OIL, 250 ml",2.39 €,https://firebasestorage.googleapis.com/v0/b/lastmile-ui/o/import%2Fphotos%2Fconverted%2Fproduct%2FthumbUrl%2FCvKfTzV4TN5U8BTMF1Hl_223158_Y5wHCakiRVc8Kf1fJt96vh8Tr2I2_5qSxCHOF50MzlySsUnlz.webp?alt=media&token=a77e1b29-a560-4155-afa9-ba1ff8e6c89a
IKI,"Tualetinis muilas ODA šaltalankių kvapo, 60 g",0.32 €,https://storage.googleapis.com/download/storage/v1/b/lastmile-ui/o/import%2Fphotos%2Fconverted%2Fproduct%2Fglobal_689NcpTtcnM0lDZ3zpzY_xGdb10o0VzY1SFD6eDjbpqgxmW02_ve1tM478cMH5w98lEniP_thumb.jpg?generation=1674560115878739&alt=media
IKI,"Dušo želė vyrams NIVEA MEN ACTIVE CLEAN, 500 ml",3.44 €,https://firebasestorage.googleapis.com/v0/b/lastmile-ui/o/import%2Fphotos%2Fconverted%2Fproduct%2FthumbUrl%2FCvKfTzV4TN5U8BTMF1Hl_248179_OrXUvGAuc2NCJDRvzNOTXOM3rsp1_WiYP4WYSR3rv1uQdcpPh.webp?alt=media&token=aa904acd-4a7f-4d0a-9892-7154232e3342
IKI,Tartaletė su vaisiais PAGAMINTA IKI,11.19 €,https://firebasestorage.googleapis.com/v0/b/lastmile-ui/o/import%2Fphotos%2Fconverted%2Fproduct%2FthumbUrl%2FCvKfTzV4TN5U8BTMF1Hl_221061_W5RvAbpnRicygag1V4nopPhtD8z2_89X6Y8NPwzqYQkc3CFrs.webp?alt=media&token=060a7022-e782-47f2-b7c0-9015a81abb5d
IKI,"Purškiamas dezodorantas NIVEA Pearl& Beauty, 150 ml",2.39 €,https://storage.googleapis.com/download/storage/v1/b/lastmile-ui/o/images%2Fproducts%2Fthumb_PnXmx4YO8kT65pt7A4iw.jpg?generation=1644058926034702&alt=media
IKI,"Kavos gėrimas NESCAFÉ 3IN1 su ruduoju cukrumi, 16,5 g",0.22 €,https://firebasestorage.googleapis.com/v0/b/lastmile-ui/o/import%2Fphotos%2Fconverted%2Fproduct%2FthumbUrl%2FCvKfTzV4TN5U8BTMF1Hl_228792_Y5wHCakiRVc8Kf1fJt96vh8Tr2I2_stTqPdrzzAKv4CypswIa.webp?alt=media&token=a1b1c69a-5ca0-439e-b6b2-416ea800bd6c
IKI,"Nealkoholinis kokteilis NOZECO SPRITZ, 0,75 l",4.19 €,https://storage.googleapis.com/download/storage/v1/b/lastmile-ui/o/import%2Fphotos%2Fconverted%2Fproduct%2Fglobal_XJDZnWIQpNaSdMpta8Af_xGdb10o0VzY1SFD6eDjbpqgxmW02_MmgXcnxmorUEz7jD7wrE_thumb.jpg?generation=1675778810358738&alt=media
IKI,"Skustuvo galvutės VENUS Breeze, 4 vnt.",8.99 €,https://firebasestorage.googleapis.com/v0/b/lastmile-ui/o/import%2Fphotos%2Fconverted%2Fproduct%2FthumbUrl%2FCvKfTzV4TN5U8BTMF1Hl_244578_Y5wHCakiRVc8Kf1fJt96vh8Tr2I2_BiW33eXREwpY3BqIlUML.webp?alt=media&token=ccf4d875-f5ae-4a6f-a542-dd761c5a1dc4
IKI,"Kmynai SAUDA, 300 g",2.09 €,https://storage.googleapis.com/download/storage/v1/b/lastmile-ui/o/images%2Fproducts%2Fthumb_p0TTHMVtka5yt5DQswio.jpg?generation=1582205733532899&alt=media
IKI,"Apkeptas picos sumuštinis su saliamiu, IKI ŠEFAI, 180 g",1.79 €,https://firebasestorage.googleapis.com/v0/b/lastmile-ui/o/import%2Fphotos%2Fconverted%2Fproduct%2FthumbUrl%2FCvKfTzV4TN5U8BTMF1Hl_285989_OrXUvGAuc2NCJDRvzNOTXOM3rsp1_UKUEo17KukVffeQjAp3u.webp?alt=media&token=d8c0ce1a-e024-40cb-b8d7-7d29fcf7f6af
IKI,"Tortilijos be gliuteno OLD EL PASO, 216 g",3.29 €,https://storage.googleapis.com/download/storage/v1/b/lastmile-ui/o/import%2Fphotos%2Fconverted%2Fproduct%2Fglobal_QkA4rNMGzcmNdYcHcsUj_xGdb10o0VzY1SFD6eDjbpqgxmW02_nE9zUA3GmxV3MZLL5paL_thumb.jpg?generation=1675259627970476&alt=media
IKI,"Sausainiai DU GAIDELIAI, 180 g",0.69 €,https://firebasestorage.googleapis.com/v0/b/lastmile-ui/o/import%2Fphotos%2Fconverted%2Fproduct%2FthumbUrl%2FCvKfTzV4TN5U8BTMF1Hl_236042_uF3DptJQvjXHqmno4Mal_18L549vh5ArJZhMiTpk1.webp?alt=media&token=7c831021-491f-4120-a6d7-38d65a0ef939
IKI,"Jautrios odos skutimosi želė NIVEA SENSITIVE, 200 ml",3.49 €,https://storage.googleapis.com/download/storage/v1/b/lastmile-ui/o/images%2Fproducts%2Fthumb_Q0cvrMVcchNg1qrufhRn.jpg?generation=1594714607790008&alt=media
IKI,"Rutulinis dezodorantas GARNIER MINERAL ACTION THERMIC, 50 ml",2.89 €,https://storage.googleapis.com/download/storage/v1/b/lastmile-ui/o/import%2Fphotos%2Fconverted%2Fproduct%2Fglobal_4jERlv2E8OaxE4Y6JWn8_xGdb10o0VzY1SFD6eDjbpqgxmW02_UDa8MlHLdSRSTbinCEHZ_thumb.jpg?generation=1658742184478338&alt=media
IKI,"Šokoladinių saldainių asorti MERCI STORCK CRISPY ALMOND, 250 g",5.99 €,https://storage.googleapis.com/download/storage/v1/b/lastmile-ui/o/images%2Fproducts%2Fthumb_r5vNxrqlID7RQFOTT0jc.jpg?generation=1582206779728123&alt=media
IKI,"Daugiafunkcinė dantų pasta ECODENTA, 100 ml",1.72 €,https://storage.googleapis.com/download/storage/v1/b/lastmile-ui/o/import%2Fphotos%2Fconverted%2Fproduct%2Fglobal_DpaCCA5EUrWJY366IHx0_xGdb10o0VzY1SFD6eDjbpqgxmW02_fFZpXTKU68sDxxwDPr1W_thumb.jpg?generation=1655385620853132&alt=media
IKI,"Micelinis vanduo GARNIER MICELLAIR, 400 ml",4.74 €,https://storage.googleapis.com/download/storage/v1/b/lastmile-ui/o/images%2Fproducts%2Fthumb_RgvKwWfrm4QBk0aSan3P.jpg?generation=1631695795926174&alt=media
IKI,"Džiovintos slyvos ALVO, 150 g",1.39 €,https://storage.googleapis.com/download/storage/v1/b/lastmile-ui/o/import%2Fphotos%2Fconverted%2Fproduct%2Fglobal_aW1Ayg1EA9521a4SBc72_xGdb10o0VzY1SFD6eDjbpqgxmW02_yZqBMTTvAq6hhSaFINgm_thumb.jpg?generation=1675259629374732&alt=media
IKI,"Skalbyklių valiklis K2R, 2 vnt.",3.24 €,https://storage.googleapis.com/download/storage/v1/b/lastmile-ui/o/images%2Fproducts%2Fthumb_Q8OMVoz05DKCKPHFvYLo.jpg?generation=1631695887657291&alt=media
IKI,"Skalbimo gėlis PERSIL COLOR, 22 skalbimai, 990 ml",4.74 €,https://firebasestorage.googleapis.com/v0/b/lastmile-ui/o/import%2Fphotos%2Fconverted%2Fproduct%2FthumbUrl%2FCvKfTzV4TN5U8BTMF1Hl_281172_W5RvAbpnRicygag1V4nopPhtD8z2_C0CikVPTCfCh0Em03Zxc.webp?alt=media&token=a8c50808-c3d7-4504-b720-33e0e3a21f87
IKI,"Indų ploviklis su muilažole BALANCE, 450 ml",0.99 €,https://firebasestorage.googleapis.com/v0/b/lastmile-ui/o/import%2Fphotos%2Fconverted%2Fproduct%2FthumbUrl%2FCvKfTzV4TN5U8BTMF1Hl_282866_Y5wHCakiRVc8Kf1fJt96vh8Tr2I2_zw891iohhniGhIedDE0f.webp?alt=media&token=2f86448c-dead-46e9-af6e-421d63276bc8
IKI,"Vienkartiniai skustuvai GILLETTE 2, 5 vnt.",0.99 €,https://firebasestorage.googleapis.com/v0/b/lastmile-ui/o/import%2Fphotos%2Fconverted%2Fproduct%2FthumbUrl%2FCvKfTzV4TN5U8BTMF1Hl_29909_Y5wHCakiRVc8Kf1fJt96vh8Tr2I2_8SI2wTnsSMTSeBUgqAMc.webp?alt=media&token=5a0956bc-b1f3-4cb8-a936-68becc3375fa
IKI,"WC valiklis-gaiviklis BREF COLOR AKTIV EUCALYPTUS, 3 vnt.",3.49 €,https://storage.googleapis.com/download/storage/v1/b/lastmile-ui/o/import%2Fphotos%2Fconverted%2Fproduct%2FCvKfTzV4TN5U8BTMF1Hl_xxpW9pjP58jnJ7xac36f_CvKfTzV4TN5U8BTMF1Hl_W5RvAbpnRicygag1V4nopPhtD8z2_SmDwaS0bdSqUHjULtrjC_thumb.jpg?generation=1690376600775143&alt=media
IKI,"Šokoladas MILKA CHOCO NUTTY WAFER, 270 g",3.14 €,https://firebasestorage.googleapis.com/v0/b/lastmile-ui/o/import%2Fphotos%2Fconverted%2Fproduct%2FthumbUrl%2FCvKfTzV4TN5U8BTMF1Hl_279323_Y5wHCakiRVc8Kf1fJt96vh8Tr2I2_NACijDDtoH7Yu0qg2r7k.webp?alt=media&token=e2dbb6c5-dfbb-48db-bdad-b4e01f36c34c
IKI,"Gvazdikėliai SAUDA, 20 g",0.83 €,https://storage.googleapis.com/download/storage/v1/b/lastmile-ui/o/images%2Fproducts%2Fthumb_Kj092mpxM79ygNaGEXmd.jpg?generation=1594701619073053&alt=media
IKI,"Dušo želė NIVEA Care&Apricot, 500 ml",3.44 €,https://storage.googleapis.com/download/storage/v1/b/lastmile-ui/o/images%2Fchain_products%2FIKI%2Fthumb_Ew595xXrkyrd1A3uE4p4.jpg?generation=1644059049469799&alt=media
IKI,"Atsparūs vandeniui pleistrai AMEDIPLUS, 10 vnt.",1.39 €,https://storage.googleapis.com/download/storage/v1/b/lastmile-ui/o/import%2Fphotos%2Fconverted%2Fproduct%2FCvKfTzV4TN5U8BTMF1Hl_270039_CvKfTzV4TN5U8BTMF1Hl_W5RvAbpnRicygag1V4nopPhtD8z2_sEpYMgFr1k0gvVu3BTZm_thumb.jpg?generation=1690192210988333&alt=media
IKI,"Citrininiai pipirai SAUDA, 40 g",0.62 €,https://storage.googleapis.com/download/storage/v1/b/lastmile-ui/o/import%2Fphotos%2Fconverted%2Fproduct%2Fglobal_Irqzel9tMM128QflJS36_xGdb10o0VzY1SFD6eDjbpqgxmW02_F5Gvv3f36vfv32ZyAQRM_thumb.jpg?generation=1644326726374341&alt=media
IKI,"Malti imbierai SAUDA, 30 g",0.48 €,https://storage.googleapis.com/download/storage/v1/b/lastmile-ui/o/import%2Fphotos%2Fconverted%2Fproduct%2Fglobal_LEePV8vnjUWL6URUVZ3C_xGdb10o0VzY1SFD6eDjbpqgxmW02_wYHNxGpS7sjT5MfOtAW0_thumb.jpg?generation=1655385624045713&alt=media
IKI,Prancūziškas skanėstas KANELĖS (supakuota),2.29 €,https://firebasestorage.googleapis.com/v0/b/lastmile-ui/o/import%2Fphotos%2Fconverted%2Fproduct%2FthumbUrl%2FCvKfTzV4TN5U8BTMF1Hl_242339_OrXUvGAuc2NCJDRvzNOTXOM3rsp1_nzmdKo9ImaYlhoep0bEq.webp?alt=media&token=83e96b82-4c19-43dc-92c6-2c588d420892
IKI,"Ekologiškas obuolių, kriaušių ir mėlynių glotnutis nuo 1 metų HIPP, 120 g",1.72 €,https://storage.googleapis.com/download/storage/v1/b/lastmile-ui/o/images%2Fproducts%2Fthumb_5YDDgF5Un94jVghDvksI.jpg?generation=1644048015629927&alt=media
IKI,"Skalbinių minkštiklis SILAN SESITIVE DERMA CARE, 50 skalbimų, 1100 ml",3.49 €,https://firebasestorage.googleapis.com/v0/b/lastmile-ui/o/import%2Fphotos%2Fconverted%2Fproduct%2FthumbUrl%2FCvKfTzV4TN5U8BTMF1Hl_281167_W5RvAbpnRicygag1V4nopPhtD8z2_OvGyBEFZ5AJau9hhgr2B.webp?alt=media&token=9b0a79c4-8f9f-4c5f-92cc-538a93f92616
IKI,Šokoladas Milka BISCOFF 90G,1.29 €,https://firebasestorage.googleapis.com/v0/b/lastmile-ui/o/import%2Fphotos%2Fconverted%2Fproduct%2FthumbUrl%2FCvKfTzV4TN5U8BTMF1Hl_287501_OrXUvGAuc2NCJDRvzNOTXOM3rsp1_Jw641akNG1oIKjKrTzHi.webp?alt=media&token=43916751-573f-4dc4-b232-030386d7b703
IKI,"Šampūnas su dilgėlių ekstraktu MARGARITA, 400 ml",1.99 €,https://storage.googleapis.com/download/storage/v1/b/lastmile-ui/o/images%2Fchain_products%2FIKI%2Fthumb_pXHPAhBcLdCgj99EnmIA.jpg?generation=1644059046558601&alt=media
IKI,"Maltos ciberžolės SAUDA, 30 g",0.62 €,https://storage.googleapis.com/download/storage/v1/b/lastmile-ui/o/import%2Fphotos%2Fconverted%2Fproduct%2FCvKfTzV4TN5U8BTMF1Hl_yqm6G9JhqnBYibKbTHVd_xGdb10o0VzY1SFD6eDjbpqgxmW02_Ra1huFADm0eZE1IJqJF3_thumb.jpg?generation=1644326725883609&alt=media
IKI,"Ekologiška grūdų košė su vaisiais (nuo 6 mėn.) HIPP, 190 g",1.87 €,https://storage.googleapis.com/download/storage/v1/b/lastmile-ui/o/images%2Fproducts%2Fthumb_jRJAYRSx0P1nO2PPpQe2.jpg?generation=1597142390910242&alt=media
IKI,"Skystasis skalbiklis PERWOLL BLACK DARK BLOOM, 20 skalbimų, 1000 ml",4.24 €,https://firebasestorage.googleapis.com/v0/b/lastmile-ui/o/import%2Fphotos%2Fconverted%2Fproduct%2FthumbUrl%2FCvKfTzV4TN5U8BTMF1Hl_281164_W5RvAbpnRicygag1V4nopPhtD8z2_hyIyckQRCcFo5puhu5Ls.webp?alt=media&token=1c0041c3-2a81-4e27-9a30-0633a54f12a8
IKI,"Dantų šepetukas COLGATE SLIM SOFT CHARCOAL, 1 vnt.",2.39 €,https://storage.googleapis.com/download/storage/v1/b/lastmile-ui/o/import%2Fphotos%2Fconverted%2Fproduct%2Fglobal_AibdqsBDzfx2UOLKCAJj_xGdb10o0VzY1SFD6eDjbpqgxmW02_KX3TeVULlrJTaTcvJl5T_thumb.jpg?generation=1667213144902472&alt=media
IKI,"Pomidorų klasikinis kečupas SUSLAVIČIAUS, 1250 g",3.70 €,https://storage.googleapis.com/download/storage/v1/b/lastmile-ui/o/import%2Fphotos%2Fconverted%2Fproduct%2FCvKfTzV4TN5U8BTMF1Hl_gxG7TH0mXioOfo7sGc5j_xGdb10o0VzY1SFD6eDjbpqgxmW02_37q5tmTyJHYv7mcVOyha_thumb.jpg?generation=1645086121410804&alt=media
IKI,"Oro gaiviklis AIR WICK PURE VYŠNIŲ ŽYDĖJIMAS, 250 ml",2.74 €,https://storage.googleapis.com/download/storage/v1/b/lastmile-ui/o/import%2Fphotos%2Fconverted%2Fproduct%2FCvKfTzV4TN5U8BTMF1Hl_ctwKtYoGgqKLR4um9z72_CvKfTzV4TN5U8BTMF1Hl_W5RvAbpnRicygag1V4nopPhtD8z2_0UEaUnffVmFsh6bv15k9_thumb.jpg?generation=1693481679578837&alt=media
IKI,"Kavos gėrimas NESCAFÉ STRONG 3IN1, 17 g",0.22 €,https://firebasestorage.googleapis.com/v0/b/lastmile-ui/o/import%2Fphotos%2Fconverted%2Fproduct%2FthumbUrl%2FCvKfTzV4TN5U8BTMF1Hl_77882_Y5wHCakiRVc8Kf1fJt96vh8Tr2I2_O42bjjWWHKwhh60UZWmX.webp?alt=media&token=d30f2663-aa01-4c2f-9778-ae75904df9eb
IKI,"Dušo želė vyrams NIVEA MEN Fresh Kick, 500 ml",3.44 €,https://firebasestorage.googleapis.com/v0/b/lastmile-ui/o/import%2Fphotos%2Fconverted%2Fproduct%2FthumbUrl%2FCvKfTzV4TN5U8BTMF1Hl_265787_OrXUvGAuc2NCJDRvzNOTXOM3rsp1_iLcckzkQe0Xik4sd3b3V.webp?alt=media&token=eabbe09f-af32-4dcc-a0f4-5345a8ab3c67
IKI,Virtos Aukštaičių pieniškos dešrelės dujose 300g,1.61 €,https://storage.googleapis.com/download/storage/v1/b/lastmile-ui/o/import%2Fphotos%2Fconverted%2Fproduct%2Fglobal_KHlFeC5xp3aXiRqtxUvn_W5RvAbpnRicygag1V4nopPhtD8z2_4xvsG5NJKHNVt7FyXgj2_thumb.jpg?generation=1686037900198811&alt=media
IKI,"Pieninis šokoladas su lazdynų riešutų įdaru MILKA, 85 g",1.29 €,https://firebasestorage.googleapis.com/v0/b/lastmile-ui/o/import%2Fphotos%2Fconverted%2Fproduct%2FthumbUrl%2FCvKfTzV4TN5U8BTMF1Hl_281425_Y5wHCakiRVc8Kf1fJt96vh8Tr2I2_i2d4U1omJVCnNuk9lV0s.webp?alt=media&token=c03bc81c-f476-4e14-8b82-eec409367684
IKI,"Proteino batonėlis GO ON PROTEIN CRISP COCONUT COOKIES, 45 g",0.97 €,https://firebasestorage.googleapis.com/v0/b/lastmile-ui/o/import%2Fphotos%2Fconverted%2Fproduct%2FthumbUrl%2FCvKfTzV4TN5U8BTMF1Hl_281193_Y5wHCakiRVc8Kf1fJt96vh8Tr2I2_CNgS4IQycstjtRfjN7Bi.webp?alt=media&token=9044d38d-aa5b-47a2-b275-7966e2fb8143
IKI,"Šokoladinis kiaušinis KINDER SURPRISE MAXI, 100 g",5.59 €,https://firebasestorage.googleapis.com/v0/b/lastmile-ui/o/import%2Fphotos%2Fconverted%2Fproduct%2FthumbUrl%2FCvKfTzV4TN5U8BTMF1Hl_230465_uF3DptJQvjXHqmno4Mal_ZZWVWs4hkFSdOlrZnfX9.webp?alt=media&token=857b30e7-520a-49a6-820b-65b59dae1b1a
IKI,"Ypač gaivi ir remineralizuojanti dantų pasta su Vytautas mineraliniu ECODENTA, 100 ml",2.89 €,https://storage.googleapis.com/download/storage/v1/b/lastmile-ui/o/images%2Fproducts%2Fthumb_hB1o2dfiH4yjrBudW8hU.jpg?generation=1623061301875327&alt=media
IKI,"Natūralus žaliųjų alyvuogių muilas PAPOUTSANIS, 125 g",0.89 €,https://storage.googleapis.com/download/storage/v1/b/lastmile-ui/o/import%2Fphotos%2Fconverted%2Fproduct%2Fglobal_N1q0Npf13OEmF8LnsgbC_xGdb10o0VzY1SFD6eDjbpqgxmW02_edVch321ugHEYXD9m1g5_thumb.jpg?generation=1655385623296401&alt=media
IKI,"Maltos mėsos prieskonių mišinys SAUDA, 100 g",0.62 €,https://storage.googleapis.com/download/storage/v1/b/lastmile-ui/o/import%2Fphotos%2Fconverted%2Fproduct%2Fglobal_wgDO8wHaxSzLXOoJWn3j_xGdb10o0VzY1SFD6eDjbpqgxmW02_SD9Vmlso3Xl28PlQRlwj_thumb.jpg?generation=1667978460627050&alt=media
IKI,"Oro gaiviklis AIR WICK PURE PAVASARIO DŽIAUGSMAS, 250 ml",2.74 €,https://firebasestorage.googleapis.com/v0/b/lastmile-ui/o/import%2Fphotos%2Fconverted%2Fproduct%2FthumbUrl%2FCvKfTzV4TN5U8BTMF1Hl_230534_uF3DptJQvjXHqmno4Mal_xKK21MX8Xl6fnrBvVJE9.webp?alt=media&token=27c1a9e3-4526-4f9d-8cc8-b7b686912268
IKI,Indų ploviklis BALANCE. 900 ml,1.99 €,https://firebasestorage.googleapis.com/v0/b/lastmile-ui/o/import%2Fphotos%2Fconverted%2Fproduct%2FthumbUrl%2FCvKfTzV4TN5U8BTMF1Hl_280226_W5RvAbpnRicygag1V4nopPhtD8z2_KoLtHOLu225fvckFWqHT.webp?alt=media&token=64a45b9c-b503-4ada-ab21-d37a89e406ba
IKI,"Beatos mikrožalumynų mišinys, 25 g",1.39 €,https://firebasestorage.googleapis.com/v0/b/lastmile-ui/o/import%2Fphotos%2Fconverted%2Fproduct%2FthumbUrl%2FCvKfTzV4TN5U8BTMF1Hl_287464_uF3DptJQvjXHqmno4Mal_4mC9xgMNN2pUFYAAWN5g.webp?alt=media&token=0e8c8204-992e-47ef-a55c-90adf8f65db8
IKI,"Kiaulienos prieskoniai be druskos SAUDA, 50 g",0.62 €,https://storage.googleapis.com/download/storage/v1/b/lastmile-ui/o/import%2Fphotos%2Fconverted%2Fproduct%2FCvKfTzV4TN5U8BTMF1Hl_PC8NRfOrn7nVRZf9Xuc4_xGdb10o0VzY1SFD6eDjbpqgxmW02_ZDJ9iWn2zIsgpnuIl3It_thumb.jpg?generation=1664192246783471&alt=media
IKI,"Sausainiai su šokoladinio skonio kremu DVYNUKAI, 500 g",2.58 €,https://firebasestorage.googleapis.com/v0/b/lastmile-ui/o/import%2Fphotos%2Fconverted%2Fproduct%2FthumbUrl%2FCvKfTzV4TN5U8BTMF1Hl_202689_uF3DptJQvjXHqmno4Mal_O3WuMABwi48qDT2XO7EB.webp?alt=media&token=06405867-3b56-4cc0-9036-2e213dafcb51
IKI,"Paukštienos prieskoniai be druskos SAUDA, 50 g",0.62 €,https://storage.googleapis.com/download/storage/v1/b/lastmile-ui/o/images%2Fproducts%2Fthumb_nxsNQlhS1pHYpVZD2GI9.jpg?generation=1631122651350569&alt=media
IKI,"Sriubų prieskoniai be druskos SAUDA, 50 g",0.62 €,https://storage.googleapis.com/download/storage/v1/b/lastmile-ui/o/images%2Fproducts%2Fthumb_0PiwoijbT4hUfjBkQT1d.jpg?generation=1582194094236387&alt=media
IKI,"Kavos gėrimas NESCAFE CLASSIC 2IN1, 8 g",0.22 €,https://firebasestorage.googleapis.com/v0/b/lastmile-ui/o/import%2Fphotos%2Fconverted%2Fproduct%2FthumbUrl%2FCvKfTzV4TN5U8BTMF1Hl_77744_Y5wHCakiRVc8Kf1fJt96vh8Tr2I2_uUCarg2S8v3dbWc05gb2.webp?alt=media&token=1eead5fa-e386-4f21-9c87-66e44055906d
IKI,"Rankų darbo šokoladinių saldainių rinkinys RŪTA, 170 g",8.39 €,https://storage.googleapis.com/download/storage/v1/b/lastmile-ui/o/images%2Fchain_products%2FIKI%2Fthumb_VjvKa8ZS3cSJJ1Kfmbnd.jpg?generation=1631695768793328&alt=media
IKI,"Pieniška penkių grūdų košė su slyvomis nuo 6 mėn. HIPP, 250 g",3.74 €,https://firebasestorage.googleapis.com/v0/b/lastmile-ui/o/import%2Fphotos%2Fconverted%2Fproduct%2FthumbUrl%2FCvKfTzV4TN5U8BTMF1Hl_260692_uF3DptJQvjXHqmno4Mal_PAml1M8ODyIhy3FHXY1z.webp?alt=media&token=f78a03aa-220d-42f6-9912-bff2b44c79fd
IKI,"Šokoladas MILKA HAPPY COWS, 100 g",1.29 €,https://storage.googleapis.com/download/storage/v1/b/lastmile-ui/o/images%2Fchain_products%2FIKI%2Fthumb_0jBMvp2kBLUz3Nam9DWo.jpg?generation=1631696148786696&alt=media
IKI,"Skalbinių minkštiklis SILAN MAGIC MAGNOLIA, 770 ml",2.49 €,https://storage.googleapis.com/download/storage/v1/b/lastmile-ui/o/import%2Fphotos%2Fconverted%2Fproduct%2FCvKfTzV4TN5U8BTMF1Hl_277057_CvKfTzV4TN5U8BTMF1Hl_W5RvAbpnRicygag1V4nopPhtD8z2_HjzlB4oFhk53hoPM1M6c_thumb.jpg?generation=1695364987745994&alt=media
IKI,"Šokoladiniai saldainiai su traškiu ryžių įdaru M&M'S, 77 g",1.09 €,https://storage.googleapis.com/download/storage/v1/b/lastmile-ui/o/import%2Fphotos%2Fconverted%2Fproduct%2Fglobal_r9WJ3fbWRYQ0zHwNdb3b_W5RvAbpnRicygag1V4nopPhtD8z2_MqysXhDOctQvrHedCCyJ_thumb.jpg?generation=1686902079844980&alt=media
IKI,"Saldainiai PERGALĖ WITH CHERRY LIQUEUR, 190 g",3.99 €,https://storage.googleapis.com/download/storage/v1/b/lastmile-ui/o/import%2Fphotos%2Fconverted%2Fproduct%2Fglobal_3ggfBaosGvQjA7wmjFcX_xGdb10o0VzY1SFD6eDjbpqgxmW02_vk0VCe8RTDuPjJe0FYq4_thumb.jpg?generation=1644326727974556&alt=media
IKI,"Popierinis rankšluostis BILLA JUMBO 3 sluoksniai, 400 lapelių",1.99 €,https://firebasestorage.googleapis.com/v0/b/lastmile-ui/o/import%2Fphotos%2Fconverted%2Fproduct%2FthumbUrl%2FCvKfTzV4TN5U8BTMF1Hl_281493_uF3DptJQvjXHqmno4Mal_pko3iepOUS1cpEA1ZPug.webp?alt=media&token=4a0e9425-e63b-456c-bbbf-82accbf7ad88
IKI,"Purškiamas dezodorantas REXONA INVISIBLE  BLACK AND WHITE, 150 ml",2.14 €,https://storage.googleapis.com/download/storage/v1/b/lastmile-ui/o/images%2Fproducts%2Fthumb_za0BL6CW82K29vaWRWw4.jpg?generation=1623061239557293&alt=media
IKI,Šokoladas MILKA 90G WHITE 24CA,1.29 €,https://firebasestorage.googleapis.com/v0/b/lastmile-ui/o/import%2Fphotos%2Fconverted%2Fproduct%2FthumbUrl%2FCvKfTzV4TN5U8BTMF1Hl_287500_uF3DptJQvjXHqmno4Mal_IRg69UNQUPD1VKm5230A.webp?alt=media&token=a56b7822-b7e1-45f9-a6ef-1e5a7a6929c6
IKI,"Moteriškas rutulinis dezodorantas NIVEA BLACK & WHITE, 50 ml",2.39 €,https://storage.googleapis.com/download/storage/v1/b/lastmile-ui/o/import%2Fphotos%2Fconverted%2Fproduct%2FCvKfTzV4TN5U8BTMF1Hl_vt2P71BzenrQi4xGK8zw_CvKfTzV4TN5U8BTMF1Hl_W5RvAbpnRicygag1V4nopPhtD8z2_RFTgnW80OGxrOtsj9G8c_thumb.webp?generation=1700137007348514&alt=media
IKI,"Juodasis šokoladas su apelsinais ir migdolais CACHET, 100 g",2.29 €,https://storage.googleapis.com/download/storage/v1/b/lastmile-ui/o/images%2Fproducts%2Fthumb_BHhK5EQkCw3y4wcjIG0S.jpg?generation=1631695740540656&alt=media
IKI,"Micelinis vanduo GARNIER MICELLAR, 100 ml",2.24 €,https://storage.googleapis.com/download/storage/v1/b/lastmile-ui/o/images%2Fproducts%2Fthumb_JrtrDkjAQ7SpsCHGJMho.jpg?generation=1631695896175297&alt=media
IKI,Nėštumo testas juostelė AMEDIPLUS,1.64 €,https://storage.googleapis.com/download/storage/v1/b/lastmile-ui/o/import%2Fphotos%2Fconverted%2Fproduct%2FCvKfTzV4TN5U8BTMF1Hl_270493_CvKfTzV4TN5U8BTMF1Hl_W5RvAbpnRicygag1V4nopPhtD8z2_3dxvQhEMMXfuxEE8nidE_thumb.jpg?generation=1690192213152801&alt=media
IKI,"Karštai rūkytos atlantinės skumbrės, išskrostos, be galvų",10.39 €,https://storage.googleapis.com/download/storage/v1/b/lastmile-ui/o/import%2Fphotos%2Fconverted%2Fproduct%2FCvKfTzV4TN5U8BTMF1Hl_280272_CvKfTzV4TN5U8BTMF1Hl_W5RvAbpnRicygag1V4nopPhtD8z2_xD9itcCjHmf0AHM88A0p_thumb.webp?generation=1701953349548493&alt=media
IKI,"Įvairių vaisių gėrimas TYMBARK obuolių, apelsinų, ličių, 1 l",1.29 €,https://storage.googleapis.com/download/storage/v1/b/lastmile-ui/o/import%2Fphotos%2Fconverted%2Fproduct%2Fglobal_O5UQVlOMw3UCj1yVifFS_W5RvAbpnRicygag1V4nopPhtD8z2_vW1ON29PyVZ0jzyW2uOx_thumb.jpg?generation=1684494378754742&alt=media
IKI,"Paukštienos prieskoniai SAUDA su medumi, 70 g",0.83 €,https://storage.googleapis.com/download/storage/v1/b/lastmile-ui/o/images%2Fproducts%2Fthumb_LeiiA2IYqZhOSHIteGSt.jpg?generation=1631122229076672&alt=media
IKI,"Kondicionierius pažeistiems plaukams su kolagenu ir ricinos aliejumi MARGARITA , 150ml",1.74 €,https://storage.googleapis.com/download/storage/v1/b/lastmile-ui/o/images%2Fproducts%2Fthumb_FkyOeWQMv4gXnHoPVZNi.jpg?generation=1623061291517249&alt=media
IKI,"Veido kaukė GARNIER SKIN NATURALS HYDRA BOMB, 32 g",1.89 €,https://storage.googleapis.com/download/storage/v1/b/lastmile-ui/o/import%2Fphotos%2Fconverted%2Fproduct%2Fglobal_9G71tJwbKFZ1tYzoW5Rb_xGdb10o0VzY1SFD6eDjbpqgxmW02_H2Z87iJuUJG8qQECnIuc_thumb.jpg?generation=1674593641967278&alt=media
IKI,"Indaplovių druska FINISH, 4 kg",3.99 €,https://storage.googleapis.com/download/storage/v1/b/lastmile-ui/o/import%2Fphotos%2Fconverted%2Fproduct%2FCvKfTzV4TN5U8BTMF1Hl_277896_CvKfTzV4TN5U8BTMF1Hl_W5RvAbpnRicygag1V4nopPhtD8z2_Lvcun6Fw5RONF1e8Hfl3_thumb.jpg?generation=1693481697868320&alt=media
IKI,"Sausainiai OREO su baltojo šokolado glaistu, 246g",3.74 €,https://storage.googleapis.com/download/storage/v1/b/lastmile-ui/o/images%2Fproducts%2Fthumb_zMbOq2uNNDW58eufyUso.jpg?generation=1623061170122621&alt=media
IKI,"Saldainių rinkinys FERRERO COLLECTION, 172 g",7.91 €,https://storage.googleapis.com/download/storage/v1/b/lastmile-ui/o/images%2Fproducts%2Fthumb_DbnvJyBXgGNft1Kir2hw.jpg?generation=1582197236322581&alt=media
IKI,"Dušo gelis OLD SPICE Bearglove, 400 ml",2.89 €,https://firebasestorage.googleapis.com/v0/b/lastmile-ui/o/import%2Fphotos%2Fconverted%2Fproduct%2FthumbUrl%2FCvKfTzV4TN5U8BTMF1Hl_262299_Y5wHCakiRVc8Kf1fJt96vh8Tr2I2_h3yX6IfZRLx3PyxQtpCe.webp?alt=media&token=17bb2d95-ce5c-4048-be07-b93658a24162
IKI,"Kavos kapsulės NESCAFE DOLCE GUSTO MILANO, 16 vnt.",4.99 €,https://firebasestorage.googleapis.com/v0/b/lastmile-ui/o/import%2Fphotos%2Fconverted%2Fproduct%2FthumbUrl%2FCvKfTzV4TN5U8BTMF1Hl_275367_Y5wHCakiRVc8Kf1fJt96vh8Tr2I2_7JuEZiguA0f44lXUmDnu.webp?alt=media&token=a6cb240f-9e09-44d0-8236-310a953e3389
IKI,"Higieniniai paketai NATURELLA ULTRA SUPER, 16 vnt.",3.00 €,https://firebasestorage.googleapis.com/v0/b/lastmile-ui/o/import%2Fphotos%2Fconverted%2Fproduct%2FthumbUrl%2FCvKfTzV4TN5U8BTMF1Hl_249177_Y5wHCakiRVc8Kf1fJt96vh8Tr2I2_H2OxM5Y0Bw6mgDN4oaJ8.webp?alt=media&token=f9f1bb89-2ffb-4ebc-8e30-dd22d6cdc473
IKI,"Natūrali druska voniai AQUA AMBER EUKALIPTAS, 500 g",1.39 €,https://storage.googleapis.com/download/storage/v1/b/lastmile-ui/o/import%2Fphotos%2Fconverted%2Fproduct%2FCvKfTzV4TN5U8BTMF1Hl_u83nzxwWZqD2aWy5XJdU_xGdb10o0VzY1SFD6eDjbpqgxmW02_QGkmJOJ4kBUQ4X0YyLuG_thumb.jpg?generation=1664888480254601&alt=media
IKI,"Riebalų ir nešvarumų valiklis CILLIT BANG GREASE & SMUDGES, 750 ml",3.99 €,https://storage.googleapis.com/download/storage/v1/b/lastmile-ui/o/import%2Fphotos%2Fconverted%2Fproduct%2FCvKfTzV4TN5U8BTMF1Hl_bHij8LpUwfAl4nzr4xwF_CvKfTzV4TN5U8BTMF1Hl_kgpjANKEn1eRogaXoIPCJKbg1243_5lQ7V8NDJH7FWyFPwLt8_thumb.webp?generation=1698320238315164&alt=media
IKI,"Šokoladiniai kamuoliukai su traškučiais MALTESERS, 140 g",1.64 €,https://firebasestorage.googleapis.com/v0/b/lastmile-ui/o/import%2Fphotos%2Fconverted%2Fproduct%2FthumbUrl%2FCvKfTzV4TN5U8BTMF1Hl_253956_OrXUvGAuc2NCJDRvzNOTXOM3rsp1_Ug34puwr8sAuAQHq9t6I.webp?alt=media&token=e95ba336-5139-4b81-88ec-bd2c74acb5fa
IKI,"Skalbimo gelis PERSIL EXPERT SENSITIVE, 20 skalbimų, 900 ml",4.74 €,https://firebasestorage.googleapis.com/v0/b/lastmile-ui/o/import%2Fphotos%2Fconverted%2Fproduct%2FthumbUrl%2FCvKfTzV4TN5U8BTMF1Hl_281147_W5RvAbpnRicygag1V4nopPhtD8z2_e13DU3u5Fob5GMl88Dns.webp?alt=media&token=0a47d737-f175-4405-bf2e-ebbc293bb436
IKI,"Tualetinis popierius BILLA 3 sl., 150 lap",4.49 €,https://firebasestorage.googleapis.com/v0/b/lastmile-ui/o/import%2Fphotos%2Fconverted%2Fproduct%2FthumbUrl%2FCvKfTzV4TN5U8BTMF1Hl_281496_OrXUvGAuc2NCJDRvzNOTXOM3rsp1_nwuYEpaJlQJjqmj8giE7.webp?alt=media&token=8fabcc59-705b-4781-84d7-f5bd741a8776
IKI,"Graikiniai riešutai ALVO, 300 g",3.39 €,https://storage.googleapis.com/download/storage/v1/b/lastmile-ui/o/import%2Fphotos%2Fconverted%2Fproduct%2Fglobal_rPtJ5fxyNrSqHS3L14Ej_xGdb10o0VzY1SFD6eDjbpqgxmW02_al6RTL6402n8w946opzL_thumb.jpg?generation=1667978457865508&alt=media
IKI,"Triufeliai PERGALĖ COGNAC, 200 g",3.35 €,https://storage.googleapis.com/download/storage/v1/b/lastmile-ui/o/images%2Fchain_products%2FIKI%2Fthumb_IFVPcKisXrTfvJdG06TY.jpg?generation=1643133704166325&alt=media
IKI,"Sausas šampūnas SYOSS ANTI - GREASE, 200 ml",4.24 €,https://firebasestorage.googleapis.com/v0/b/lastmile-ui/o/import%2Fphotos%2Fconverted%2Fproduct%2FthumbUrl%2FCvKfTzV4TN5U8BTMF1Hl_26320_W5RvAbpnRicygag1V4nopPhtD8z2_qd6HdKChwIjGqG2woNGS.webp?alt=media&token=786be27d-2b3a-4b53-9272-85c166fd9f1f
IKI,"Tamsusis šokoladas, LAIMA - VILNIUS, 20 g",0.67 €,https://firebasestorage.googleapis.com/v0/b/lastmile-ui/o/import%2Fphotos%2Fconverted%2Fproduct%2FthumbUrl%2FCvKfTzV4TN5U8BTMF1Hl_203741_OrXUvGAuc2NCJDRvzNOTXOM3rsp1_37hGMgeTEJTke9PLEI8u.webp?alt=media&token=70289002-2483-43e2-bc01-10c29187b2ad
IKI,"Apkeptas sumuštinis su kiaulienos kumpiu ir marinuotais agurkais, IKI ŠEFAI, 210 g",1.79 €,https://firebasestorage.googleapis.com/v0/b/lastmile-ui/o/import%2Fphotos%2Fconverted%2Fproduct%2FthumbUrl%2FCvKfTzV4TN5U8BTMF1Hl_285992_OrXUvGAuc2NCJDRvzNOTXOM3rsp1_GN2S0QENkg99Daj7sg3L.webp?alt=media&token=b0d92e87-0a40-4553-9ee9-6b569f596c4b
IKI,"Dolce Gusto kapsulės STARBUCKS LATTE MACCHIATO BY NESCAFE, 6 vnt.",4.99 €,https://firebasestorage.googleapis.com/v0/b/lastmile-ui/o/import%2Fphotos%2Fconverted%2Fproduct%2FthumbUrl%2FCvKfTzV4TN5U8BTMF1Hl_269742_Y5wHCakiRVc8Kf1fJt96vh8Tr2I2_8mLwER0xGNi8xHJAf7RD.webp?alt=media&token=b9f0a551-ac76-48f4-af59-878b816c0c50
IKI,"Vyriškas plaukų šampūnas NIVEA MEN POWER nuo pleiskanų, 250 ml",2.39 €,https://storage.googleapis.com/download/storage/v1/b/lastmile-ui/o/images%2Fproducts%2Fthumb_kfZVw3VyMbqHzFQRVPzB.jpg?generation=1644048091596878&alt=media
IKI,"Plaukų Šampūnas GARNIER FRUCTIS GOOD BYE DAMAGE, 250 ml",2.39 €,https://storage.googleapis.com/download/storage/v1/b/lastmile-ui/o/import%2Fphotos%2Fconverted%2Fproduct%2Fglobal_pR0dnODqjZFkDGT95Si8_xGdb10o0VzY1SFD6eDjbpqgxmW02_JQG69rrDP3OfZb5q4m22_thumb.jpg?generation=1679554244589647&alt=media
IKI,"Saldainiai ROCHER T8, 100 g",4.23 €,https://storage.googleapis.com/download/storage/v1/b/lastmile-ui/o/import%2Fphotos%2Fconverted%2Fproduct%2Fglobal_7gVRlUGCeRCf6qGy4KcQ_xGdb10o0VzY1SFD6eDjbpqgxmW02_IGtISRAJrbPWqtN9AwtS_thumb.jpg?generation=1663697493487245&alt=media
IKI,"Skystas muilas PALMOLIVE Hygiene plus, 300 ml",1.64 €,https://storage.googleapis.com/download/storage/v1/b/lastmile-ui/o/import%2Fphotos%2Fconverted%2Fproduct%2FCvKfTzV4TN5U8BTMF1Hl_56830_CvKfTzV4TN5U8BTMF1Hl_W5RvAbpnRicygag1V4nopPhtD8z2_5gxYpUaWxfe4QpBix7O8_thumb.jpg?generation=1690192210009392&alt=media
IKI,"Malta kava MERRILD IN CUP, 250 g",4.49 €,https://firebasestorage.googleapis.com/v0/b/lastmile-ui/o/import%2Fphotos%2Fconverted%2Fproduct%2FthumbUrl%2FCvKfTzV4TN5U8BTMF1Hl_218555_uF3DptJQvjXHqmno4Mal_Cc2IWwvmbp7C4lZLaKXh.webp?alt=media&token=e36cde6f-e6d1-426e-82d2-e44ade904a53
IKI,"Pica RISTORANTE MOZZARELLA GLUTEN FREE, 370 g",4.39 €,https://firebasestorage.googleapis.com/v0/b/lastmile-ui/o/import%2Fphotos%2Fconverted%2Fproduct%2FthumbUrl%2FCvKfTzV4TN5U8BTMF1Hl_275243_uF3DptJQvjXHqmno4Mal_aMLhU0aq5s0reQFV5Rq5.webp?alt=media&token=8988af3b-1f87-4134-bc76-c26bea2348d1
IKI,"Dušo želė PALMOLIVE NATURAL WELLNESS REVIVE, 500 ml",3.64 €,https://storage.googleapis.com/download/storage/v1/b/lastmile-ui/o/images%2Fproducts%2Fthumb_Qr7iaU4MPy4gp3X1qwgO.jpg?generation=1644059159965998&alt=media
IKI,"Indaplovių priežiūros priemonė SOMAT MACHINE CLEANER, 3 vnt.",3.99 €,https://storage.googleapis.com/download/storage/v1/b/lastmile-ui/o/import%2Fphotos%2Fconverted%2Fproduct%2FCvKfTzV4TN5U8BTMF1Hl_1oR3Q7Osn3qHYJFV32O2_CvKfTzV4TN5U8BTMF1Hl_W5RvAbpnRicygag1V4nopPhtD8z2_AgtVascOl1Kzmywv2W53_thumb.jpg?generation=1690376599044543&alt=media
IKI,ŠVIEŽIA ANČIUKŲ FILĖ SU ODA,15.99 €,https://storage.googleapis.com/download/storage/v1/b/lastmile-ui/o/images%2Fproducts%2Fthumb_hB0yDmQqMgN21hnQFbHu.jpg?generation=1631696107622059&alt=media
IKI,"Pilno grūdo duona BALVITEN GLUTEN FREE, 250 g",3.59 €,https://storage.googleapis.com/download/storage/v1/b/lastmile-ui/o/import%2Fphotos%2Fconverted%2Fproduct%2Fglobal_cgL7f6sZlec3mNp80IeF_W5RvAbpnRicygag1V4nopPhtD8z2_SPJhCKJgaYK4NvpDquwQ_thumb.jpg?generation=1683206273144701&alt=media
IKI,"Makaronai DOBELE DURUM CHIFFARI LISCI, 500 g",0.99 €,https://storage.googleapis.com/download/storage/v1/b/lastmile-ui/o/import%2Fphotos%2Fconverted%2Fproduct%2FCvKfTzV4TN5U8BTMF1Hl_3CktZo6ifZgHNg7TYFW2_CvKfTzV4TN5U8BTMF1Hl_W5RvAbpnRicygag1V4nopPhtD8z2_W881s9XmO0YEF3CdttIc_thumb.jpg?generation=1690969818757898&alt=media
IKI,"Švieži, pjaustyti ananasai, 250 g",2.79 €,https://firebasestorage.googleapis.com/v0/b/lastmile-ui/o/import%2Fphotos%2Fconverted%2Fproduct%2FthumbUrl%2FCvKfTzV4TN5U8BTMF1Hl_281276_W5RvAbpnRicygag1V4nopPhtD8z2_xf9vt4H3ciunpJDS8CKu.webp?alt=media&token=e26e8ad8-9011-4ffb-b029-f9acc7dfa8b7
IKI,"Čiobrelis GAMTOS GURKŠNIS, 20 vnt.",0.99 €,https://firebasestorage.googleapis.com/v0/b/lastmile-ui/o/import%2Fphotos%2Fconverted%2Fproduct%2FthumbUrl%2FCvKfTzV4TN5U8BTMF1Hl_264348_uF3DptJQvjXHqmno4Mal_NuRgP6qX2T2RafNWoKbm.webp?alt=media&token=927b269c-e35d-41d7-9e34-c1bc59607927
IKI,"Šampūnas SYOSS MEN Power, 440 ml",3.84 €,https://firebasestorage.googleapis.com/v0/b/lastmile-ui/o/import%2Fphotos%2Fconverted%2Fproduct%2FthumbUrl%2FCvKfTzV4TN5U8BTMF1Hl_262377_W5RvAbpnRicygag1V4nopPhtD8z2_PeDAt2DsYyYjE999m0Ci.webp?alt=media&token=c5cd0944-ce6e-418c-91fe-85919dacb8c6
IKI,Tarpdančių siūlas JORDAN EVERYDAY,1.49 €,https://storage.googleapis.com/download/storage/v1/b/lastmile-ui/o/import%2Fphotos%2Fconverted%2Fproduct%2Fglobal_eBlx6OfALicAXzLubey8_r9n5kqSjCnW7eMWy9cQs7lSXyPx2_qnTw3cDOhpzTJbKiDMHp_thumb.jpg?generation=1644304718697095&alt=media
IKI,"Žolelių rinkinys 50g (krapai 25g, petražolės 25g)",0.89 €,https://firebasestorage.googleapis.com/v0/b/lastmile-ui/o/import%2Fphotos%2Fconverted%2Fproduct%2FthumbUrl%2FCvKfTzV4TN5U8BTMF1Hl_285579_OrXUvGAuc2NCJDRvzNOTXOM3rsp1_6rd6LL5GHUF1qWTVcVNa.webp?alt=media&token=f2b83d31-3bb4-401b-91ee-098746a4f9c4
IKI,"Dušo gelis NIVEA Rose & Almond Oil, 500 ml",3.44 €,https://storage.googleapis.com/download/storage/v1/b/lastmile-ui/o/import%2Fphotos%2Fconverted%2Fproduct%2FCvKfTzV4TN5U8BTMF1Hl_277686_CvKfTzV4TN5U8BTMF1Hl_W5RvAbpnRicygag1V4nopPhtD8z2_oMLrJM4p49CBvNscNVZh_thumb.webp?generation=1700137013421680&alt=media
IKI,"WC valiklis BREF DELUXE MAGNOLIA, 100 g",2.89 €,https://firebasestorage.googleapis.com/v0/b/lastmile-ui/o/import%2Fphotos%2Fconverted%2Fproduct%2FthumbUrl%2FCvKfTzV4TN5U8BTMF1Hl_257079_uF3DptJQvjXHqmno4Mal_5JoIMQkyi6cybAH5lAW3.webp?alt=media&token=ae39e467-4cfb-41ca-a349-5712156bb60d
IKI,"Tualetinis popierius VELTIE EXCELLENCE 4SL.,9VNT., 160 LAP.",3.74 €,https://firebasestorage.googleapis.com/v0/b/lastmile-ui/o/import%2Fphotos%2Fconverted%2Fproduct%2FthumbUrl%2FCvKfTzV4TN5U8BTMF1Hl_282551_OrXUvGAuc2NCJDRvzNOTXOM3rsp1_xKYOepjJFgTd5tJ95U8B.webp?alt=media&token=ce6f4937-bb9e-49ff-9dbb-7c27af3e10b5
IKI,"Nagų lako valiklis su pompele VIX ALOE VERA, 180 ml",1.39 €,https://storage.googleapis.com/download/storage/v1/b/lastmile-ui/o/images%2Fproducts%2Fthumb_KIXCPyxA19zfOzSGqkt3.jpg?generation=1582198694739874&alt=media
IKI,"Dantų pasta SENSODYNE REPAIR & PROTECT, 75 ml",3.89 €,https://firebasestorage.googleapis.com/v0/b/lastmile-ui/o/import%2Fphotos%2Fconverted%2Fproduct%2FthumbUrl%2FCvKfTzV4TN5U8BTMF1Hl_46523_Y5wHCakiRVc8Kf1fJt96vh8Tr2I2_zsogkUzfLs8QvpPKAAsd.webp?alt=media&token=79d91f3e-63c8-434f-a82b-711a8a0cb7d6
IKI,"Kreminis rankų muilas su migdolų ir ramunėlių ekstraktais MARGARITA, 400 ml",1.74 €,https://firebasestorage.googleapis.com/v0/b/lastmile-ui/o/import%2Fphotos%2Fconverted%2Fproduct%2FthumbUrl%2FCvKfTzV4TN5U8BTMF1Hl_236283_OrXUvGAuc2NCJDRvzNOTXOM3rsp1_JiDg2DYodO3uztCR57cS.webp?alt=media&token=73f078ce-6dc2-41a8-bec7-af6638a4b26a
IKI,Rankšluoščių rinkinys PIERRE CARDIN,14.99 €,https://firebasestorage.googleapis.com/v0/b/lastmile-ui/o/import%2Fphotos%2Fconverted%2Fproduct%2FthumbUrl%2FCvKfTzV4TN5U8BTMF1Hl_276549_W5RvAbpnRicygag1V4nopPhtD8z2_3ReyfYMzn1PVUYCVnSJ8.webp?alt=media&token=67d1e9b5-2428-4999-83ab-4c755e57ba57
IKI,"Skintos rožės 40 CM, 7 VNT",2.79 €,https://firebasestorage.googleapis.com/v0/b/lastmile-ui/o/import%2Fphotos%2Fconverted%2Fproduct%2FthumbUrl%2FCvKfTzV4TN5U8BTMF1Hl_271376_OrXUvGAuc2NCJDRvzNOTXOM3rsp1_QXaNrss8xUz56Po716s1.webp?alt=media&token=9a51d253-2556-47f4-aa37-59ac345c1530
IKI,"Muilo apnašų ir dušinių valiklis CILLIT BANG ACTIVE FOAM, 600 ml",3.99 €,https://storage.googleapis.com/download/storage/v1/b/lastmile-ui/o/import%2Fphotos%2Fconverted%2Fproduct%2FCvKfTzV4TN5U8BTMF1Hl_u9T5o62gyfGAKRODSb6F_CvKfTzV4TN5U8BTMF1Hl_W5RvAbpnRicygag1V4nopPhtD8z2_zrEjQU7CTrjB6gKNW0IK_thumb.jpg?generation=1689684923117383&alt=media
IKI,"Higieniniai įklotai NATURELLA, 52 vnt.",3.07 €,https://firebasestorage.googleapis.com/v0/b/lastmile-ui/o/import%2Fphotos%2Fconverted%2Fproduct%2FthumbUrl%2FCvKfTzV4TN5U8BTMF1Hl_234812_Y5wHCakiRVc8Kf1fJt96vh8Tr2I2_t173g0SMRWifi789lZcO.webp?alt=media&token=b7a0764e-12fe-4fbb-8856-08328c173fd2
IKI,"Cat's best natūralus sušokantis pjuveninis kraikas, 5,2 kg",9.09 €,https://firebasestorage.googleapis.com/v0/b/lastmile-ui/o/import%2Fphotos%2Fconverted%2Fproduct%2FthumbUrl%2FCvKfTzV4TN5U8BTMF1Hl_269540_Y5wHCakiRVc8Kf1fJt96vh8Tr2I2_SbNzPK2pkd1YIXwBLRtG.webp?alt=media&token=ad8a001f-32d4-4f26-bb86-533735dc0d4d
IKI,"Vienkartiniai skustuvai GILLETTE BLUE II, 5 vnt.",1.49 €,https://firebasestorage.googleapis.com/v0/b/lastmile-ui/o/import%2Fphotos%2Fconverted%2Fproduct%2FthumbUrl%2FCvKfTzV4TN5U8BTMF1Hl_1467_Y5wHCakiRVc8Kf1fJt96vh8Tr2I2_vBQeuhJ90BbdWr0GYY4c.webp?alt=media&token=1fec4a45-2f69-4bd8-ab87-b9f51723bc0a
IKI,"Tamponai TAMPAX Compak Super Plus, 16 vnt.",4.79 €,https://firebasestorage.googleapis.com/v0/b/lastmile-ui/o/import%2Fphotos%2Fconverted%2Fproduct%2FthumbUrl%2FCvKfTzV4TN5U8BTMF1Hl_60657_Y5wHCakiRVc8Kf1fJt96vh8Tr2I2_4rotGSGHgncblq02MBbL.webp?alt=media&token=bcb97e43-db0c-432e-8171-e2e7fbc474fa
IKI,"Purškiamas dezodorantas MOTERIMS NIVEA INVISIBLE CLEAR, 250 ml",3.24 €,https://storage.googleapis.com/download/storage/v1/b/lastmile-ui/o/import%2Fphotos%2Fconverted%2Fproduct%2Fglobal_EZ9gRpc81AOE6KVMiRrU_W5RvAbpnRicygag1V4nopPhtD8z2_3KQMwPOER5r4qzr5ukdw_thumb.jpg?generation=1683206244754206&alt=media
IKI,"Makaronai DOBELE Durum Ditali Lisci, 500 g",0.99 €,https://storage.googleapis.com/download/storage/v1/b/lastmile-ui/o/import%2Fphotos%2Fconverted%2Fproduct%2FCvKfTzV4TN5U8BTMF1Hl_GJisSSaBq91MfIHu77Ij_CvKfTzV4TN5U8BTMF1Hl_W5RvAbpnRicygag1V4nopPhtD8z2_lhQFZaigBOaqKvjX6C8m_thumb.jpg?generation=1690969822198054&alt=media
IKI,"Skalbiklis baltų audinių RINGUVA PLIUS, 20 skalbimų, 1l",2.87 €,https://firebasestorage.googleapis.com/v0/b/lastmile-ui/o/import%2Fphotos%2Fconverted%2Fproduct%2FthumbUrl%2FCvKfTzV4TN5U8BTMF1Hl_59114_Y5wHCakiRVc8Kf1fJt96vh8Tr2I2_kpc5UAS1x6BvldwDTdtB.webp?alt=media&token=0bc05ede-6ad4-4043-9170-def99f55e00f
IKI,"Šašlykų pomidorų kečupas SUSLAVIČIAUS , 1 kg",2.79 €,https://storage.googleapis.com/download/storage/v1/b/lastmile-ui/o/import%2Fphotos%2Fconverted%2Fproduct%2FCvKfTzV4TN5U8BTMF1Hl_SCkC0s719OpKPqAurILx_xGdb10o0VzY1SFD6eDjbpqgxmW02_whodHR32LzkWXKB6hm1c_thumb.jpg?generation=1648128105100664&alt=media
IKI,"Saldainiai SENASIS VILNIUS, 382 g",5.91 €,https://storage.googleapis.com/download/storage/v1/b/lastmile-ui/o/images%2Fchain_products%2FIKI%2Fthumb_5GTjP1zn6E6TJ7TtpWOJ.jpg?generation=1643133656834806&alt=media
IKI,"Burnos skalavimo skystis LISTERINE ZERO, 500 ml",3.99 €,https://storage.googleapis.com/download/storage/v1/b/lastmile-ui/o/import%2Fphotos%2Fconverted%2Fproduct%2Fglobal_Ez9y76MAis1kYGEpJCqD_xGdb10o0VzY1SFD6eDjbpqgxmW02_wyxbJdF9No6azwjAEmQz_thumb.jpg?generation=1661404627023084&alt=media
IKI,"Šampūnas SYOSS VOLUME, 440 ml",3.84 €,https://firebasestorage.googleapis.com/v0/b/lastmile-ui/o/import%2Fphotos%2Fconverted%2Fproduct%2FthumbUrl%2FCvKfTzV4TN5U8BTMF1Hl_262089_W5RvAbpnRicygag1V4nopPhtD8z2_PhY5NArC2QQu7gQjbjMI.webp?alt=media&token=ac29abc9-bde1-4e64-8cc1-a34c3967359e
IKI,"Daržovių mišinys FIT&EASY COLESLAW, 300 g",1.11 €,https://firebasestorage.googleapis.com/v0/b/lastmile-ui/o/import%2Fphotos%2Fconverted%2Fproduct%2FthumbUrl%2FCvKfTzV4TN5U8BTMF1Hl_273801_OrXUvGAuc2NCJDRvzNOTXOM3rsp1_j31Xh1WXH7swJJPtR7dj.webp?alt=media&token=a144d246-76ef-4973-8c4a-61c287d9c4ce
IKI,"Baltų drabužių skystas skalbklis WOOLITE KERATIN THERAPY FRUITY, 1,8 l",4.99 €,https://firebasestorage.googleapis.com/v0/b/lastmile-ui/o/import%2Fphotos%2Fconverted%2Fproduct%2FthumbUrl%2FCvKfTzV4TN5U8BTMF1Hl_279572_W5RvAbpnRicygag1V4nopPhtD8z2_sWUTN3izRwMAwmwIF04J.webp?alt=media&token=1fb0c812-d45b-44f3-97fb-11be1906b334
IKI,"Makaronai jautienos skonio REEVA, 85 g",0.83 €,https://storage.googleapis.com/download/storage/v1/b/lastmile-ui/o/import%2Fphotos%2Fconverted%2Fproduct%2Fglobal_QluZ1qcDIsngTVk2mYtQ_W5RvAbpnRicygag1V4nopPhtD8z2_rE9nn9W3TDJ39yk9OkOw_thumb.jpg?generation=1684494384052636&alt=media
IKI,"Šveistukai VILEDA MIRACLEAN, 1 vnt.",2.09 €,https://storage.googleapis.com/download/storage/v1/b/lastmile-ui/o/import%2Fphotos%2Fconverted%2Fproduct%2FCvKfTzV4TN5U8BTMF1Hl_zDZDCy3UODTVTG7wDMA1_CvKfTzV4TN5U8BTMF1Hl_W5RvAbpnRicygag1V4nopPhtD8z2_fnpIbcup2DokgGexPu1b_thumb.webp?generation=1699528112344558&alt=media
IKI,"Šampūnas su kolagenu ir ricinos aliejumi MARGARITA, 400 ml",1.99 €,https://storage.googleapis.com/download/storage/v1/b/lastmile-ui/o/images%2Fchain_products%2FIKI%2Fthumb_ifuGoz1HfEyujcobwhzh.jpg?generation=1644059034183890&alt=media
IKI,"Ekologiška persikų ir bananų tyrelė HiPP (nuo 4 mėn.), 125 g",1.27 €,https://storage.googleapis.com/download/storage/v1/b/lastmile-ui/o/images%2Fproducts%2Fthumb_VRUCccJa190MLEMW1f8F.jpg?generation=1644048097379223&alt=media
IKI,"Plaukų kaukė su kokosų aliejumi GREEN FEEL'S, 200 ml",2.49 €,https://firebasestorage.googleapis.com/v0/b/lastmile-ui/o/import%2Fphotos%2Fconverted%2Fproduct%2FthumbUrl%2FCvKfTzV4TN5U8BTMF1Hl_252598_Y5wHCakiRVc8Kf1fJt96vh8Tr2I2_tVd4YabXTiVJv4hvXxt7.webp?alt=media&token=0a403cdf-84ed-4f98-87bb-87e745476d72
IKI,"Krekeriai GAIDELIS sūris, 72 g",0.79 €,https://firebasestorage.googleapis.com/v0/b/lastmile-ui/o/import%2Fphotos%2Fconverted%2Fproduct%2FthumbUrl%2FCvKfTzV4TN5U8BTMF1Hl_282914_OrXUvGAuc2NCJDRvzNOTXOM3rsp1_PSLDqBN5oSKI4Irkg8CU.webp?alt=media&token=8195c237-3586-418c-9f03-727e1cbaf31f
IKI,L’Oréal Paris Express akių ir lūpų makiažo valiklis 125 ml,4.39 €,https://storage.googleapis.com/download/storage/v1/b/lastmile-ui/o/images%2Fproducts%2Fthumb_vCZ4YD3AuR2hpmfX8T0m.jpg?generation=1631696083019899&alt=media
IKI,"Prieskoniai žuviai SAUDA, 100 g",0.55 €,https://storage.googleapis.com/download/storage/v1/b/lastmile-ui/o/images%2Fproducts%2Fthumb_BrkIIZSreQdOXNWdUSSd.jpg?generation=1640008836969741&alt=media
IKI,"Šaltai rūkytos atlantinės skumbrės (scomber scombrus), išdarinėtos, be galvų",10.39 €,https://storage.googleapis.com/download/storage/v1/b/lastmile-ui/o/import%2Fphotos%2Fconverted%2Fproduct%2FCvKfTzV4TN5U8BTMF1Hl_280264_CvKfTzV4TN5U8BTMF1Hl_W5RvAbpnRicygag1V4nopPhtD8z2_bKMPR289D0T05pZp4Z7M_thumb.webp?generation=1701953345924583&alt=media
IKI,"Vienkartiniai skustuvai moterims TODAY, 10 vnt.",1.14 €,https://storage.googleapis.com/download/storage/v1/b/lastmile-ui/o/images%2Fproducts%2Fthumb_DE3JpaYnq7YVeN8K1Jgb.jpg?generation=1644048324393022&alt=media
IKI,"Skystasis skalbiklis FROSCH ZERO SENSITIVE, 1,5 l",5.24 €,https://storage.googleapis.com/download/storage/v1/b/lastmile-ui/o/images%2Fproducts%2Fthumb_UmYUkw7v3mSVUoTfid90.jpg?generation=1582201089730834&alt=media
IKI,"Indaplovių valiklis FINISH, 3 vnt.",4.24 €,https://storage.googleapis.com/download/storage/v1/b/lastmile-ui/o/import%2Fphotos%2Fconverted%2Fproduct%2FCvKfTzV4TN5U8BTMF1Hl_qXNMykJKbc0dGKXL70H1_CvKfTzV4TN5U8BTMF1Hl_W5RvAbpnRicygag1V4nopPhtD8z2_vrj0hvtfPD3D8lpqiwZs_thumb.jpg?generation=1689684926353113&alt=media
IKI,Guminukai CRAZY BEE FRUTTY,4.49 €,https://firebasestorage.googleapis.com/v0/b/lastmile-ui/o/import%2Fphotos%2Fconverted%2Fproduct%2FthumbUrl%2FCvKfTzV4TN5U8BTMF1Hl_17542_OrXUvGAuc2NCJDRvzNOTXOM3rsp1_1wExCLOPZ9RCQRWCfyOw.webp?alt=media&token=3c7fe09d-cd74-4c4b-b1da-73cee8198df6
IKI,"Universalus valiklis CILLIT MAGIC, 450 ml",2.49 €,https://storage.googleapis.com/download/storage/v1/b/lastmile-ui/o/images%2Fchain_products%2FIKI%2Fthumb_5wdVei0LjiiO5iYFu0tA.jpg?generation=1631696129115453&alt=media
IKI,"Popierinis rankšluostis VELTIE TURBO 1 vnt., 3sl.340 lapų",3.24 €,https://firebasestorage.googleapis.com/v0/b/lastmile-ui/o/import%2Fphotos%2Fconverted%2Fproduct%2FthumbUrl%2FCvKfTzV4TN5U8BTMF1Hl_282550_OrXUvGAuc2NCJDRvzNOTXOM3rsp1_uV1FtTuMxZoA6GmPmu4Z.webp?alt=media&token=23fcc764-b39f-4ea4-b9ad-d61c44899d22
IKI,"Vyriškas rutulinis dezodorantas NIVEA MEN FRESH ACTIVE, 50 ml",2.39 €,https://storage.googleapis.com/download/storage/v1/b/lastmile-ui/o/import%2Fphotos%2Fconverted%2Fproduct%2FCvKfTzV4TN5U8BTMF1Hl_7k9Qr5OlRI36vopNCvny_CvKfTzV4TN5U8BTMF1Hl_W5RvAbpnRicygag1V4nopPhtD8z2_GcAbMAH4mpIkxXB7csDz_thumb.webp?generation=1701172762989590&alt=media
IKI,Karštai rūkytas LABANORO kiaulienos kumpelis,9.99 €,https://firebasestorage.googleapis.com/v0/b/lastmile-ui/o/import%2Fphotos%2Fconverted%2Fproduct%2FthumbUrl%2FCvKfTzV4TN5U8BTMF1Hl_279831_OrXUvGAuc2NCJDRvzNOTXOM3rsp1_chWy2yphEkBC8qkcQ6Ui.webp?alt=media&token=63abcd73-a6cf-4840-ac36-6f0bcdef01a0
IKI,"Automatinių indaplovių kapsulės FAIRY Platinum Lemon, 51vnt",14.99 €,https://firebasestorage.googleapis.com/v0/b/lastmile-ui/o/import%2Fphotos%2Fconverted%2Fproduct%2FthumbUrl%2FCvKfTzV4TN5U8BTMF1Hl_282564_Y5wHCakiRVc8Kf1fJt96vh8Tr2I2_Cw5CLO7260BTFqaRykwr.webp?alt=media&token=ea6ddb26-906f-4018-815c-b95b9d8d14e4
IKI,"Indų ploviklis PUR BALSAM HANDS & NAIL, 750 ml",1.97 €,https://firebasestorage.googleapis.com/v0/b/lastmile-ui/o/import%2Fphotos%2Fconverted%2Fproduct%2FthumbUrl%2FCvKfTzV4TN5U8BTMF1Hl_46512_uF3DptJQvjXHqmno4Mal_PgxpHufVJW0lWqRhJOtH.webp?alt=media&token=00de3f7e-a0d3-4501-860a-bcfe4db44c9c
IKI,"Makaronai jautienos skonio REEVA, 75 g",1.19 €,https://storage.googleapis.com/download/storage/v1/b/lastmile-ui/o/import%2Fphotos%2Fconverted%2Fproduct%2Fglobal_33fVWL0m7LFv4re1tNQA_W5RvAbpnRicygag1V4nopPhtD8z2_ndCDXXU7NXiNMoakFScw_thumb.jpg?generation=1684494388595552&alt=media
IKI,"Maitinamasis rankų kremas MARGARITA su pienu ir medumi, 75 ml",1.29 €,https://storage.googleapis.com/download/storage/v1/b/lastmile-ui/o/images%2Fproducts%2Fthumb_F2uYPFkfJwdqdfWq2oIz.jpg?generation=1623061280390933&alt=media
IKI,"Makaronai su krevetįmis ir česnakais (šaldyti), 400 g",2.79 €,https://firebasestorage.googleapis.com/v0/b/lastmile-ui/o/import%2Fphotos%2Fconverted%2Fproduct%2FthumbUrl%2FCvKfTzV4TN5U8BTMF1Hl_279882_W5RvAbpnRicygag1V4nopPhtD8z2_UhGdDrsl9qWabTXQS79Y.webp?alt=media&token=cbf2362f-b7e8-4ae9-bbc8-c69a043662bd
IKI,"Kačių ėdalas su lašiša ir morkomis ,,WHISKAS"", 100 g",0.47 €,https://storage.googleapis.com/download/storage/v1/b/lastmile-ui/o/import%2Fphotos%2Fconverted%2Fproduct%2FCvKfTzV4TN5U8BTMF1Hl_vh2l8psWBEuS1fa2XSmM_xGdb10o0VzY1SFD6eDjbpqgxmW02_2m9HSDDX3oJiPH8TjDz6_thumb.jpg?generation=1679554239901674&alt=media
IKI,"Maltos kalendros sėklos SAUDA, 30 g",0.62 €,https://storage.googleapis.com/download/storage/v1/b/lastmile-ui/o/images%2Fproducts%2Fthumb_MoRkqeXgVDTbZoGsfVZ6.jpg?generation=1640008869330911&alt=media
IKI,Šaltai rūkytos strimėlės DAUPARŲ ŽUVIS,5.59 €,https://storage.googleapis.com/download/storage/v1/b/lastmile-ui/o/images%2Fproducts%2Fthumb_jFbL9pvZlZFBCfVzebib.jpg?generation=1639123355347514&alt=media
IKI,"Ekologiška pieniška košė su sausainiais Labos nakties HIPP, 250 g",4.12 €,https://firebasestorage.googleapis.com/v0/b/lastmile-ui/o/import%2Fphotos%2Fconverted%2Fproduct%2FthumbUrl%2FCvKfTzV4TN5U8BTMF1Hl_242153_uF3DptJQvjXHqmno4Mal_zYUF5tjzYnRSXbJzS2OK.webp?alt=media&token=f5ac4e4b-257e-42a3-a0f3-72a478c1b314
IKI,"Burnos skalavimo skystis LACALUT AKTIV, 300 ml",2.89 €,https://storage.googleapis.com/download/storage/v1/b/lastmile-ui/o/images%2Fproducts%2Fthumb_A6mnEyDFXDWcETC94J8D.jpg?generation=1594714707725137&alt=media
IKI,Servetėlės Renova Essential Soft Pack 2 sl. 200 vnt.,0.99 €,https://firebasestorage.googleapis.com/v0/b/lastmile-ui/o/import%2Fphotos%2Fconverted%2Fproduct%2FthumbUrl%2FCvKfTzV4TN5U8BTMF1Hl_287964_OrXUvGAuc2NCJDRvzNOTXOM3rsp1_5NXNAce8A32VX8OOMJ0c.webp?alt=media&token=38c70fe8-2102-46df-99ec-82a59f58003d
IKI,"Dantų pasta SENSODYNE COMPLETE PROTECTION, 75 ml",4.14 €,https://firebasestorage.googleapis.com/v0/b/lastmile-ui/o/import%2Fphotos%2Fconverted%2Fproduct%2FthumbUrl%2FCvKfTzV4TN5U8BTMF1Hl_214704_Y5wHCakiRVc8Kf1fJt96vh8Tr2I2_NnV5xZnc2KBxwompKYz9.webp?alt=media&token=f8d55530-26ee-4399-a9ab-ff2bedfe9d48
IKI,"Dantų pasta LACALUT FLORA, 75 ml",2.59 €,https://firebasestorage.googleapis.com/v0/b/lastmile-ui/o/import%2Fphotos%2Fconverted%2Fproduct%2FthumbUrl%2FCvKfTzV4TN5U8BTMF1Hl_254699_Pos12xpkYpPSKaVDW3jqu7xnlg23_bJZa5BCfY8XrF4vGVkWF.webp?alt=media&token=d9dd5c08-45d3-432b-9f98-b9e0f2f56292
IKI,"Parmezano sūris BILLA PREMIUM, 200 g",5.59 €,https://firebasestorage.googleapis.com/v0/b/lastmile-ui/o/import%2Fphotos%2Fconverted%2Fproduct%2FthumbUrl%2FCvKfTzV4TN5U8BTMF1Hl_284907_uF3DptJQvjXHqmno4Mal_6wPzrelNkJTD120koIYW.webp?alt=media&token=6134062f-316a-41ce-915b-38a2501b56f7
IKI,"Tamsusis šokoladas su neskaldytais lazdyno riešutais LAIMA, 190 g",4.49 €,https://firebasestorage.googleapis.com/v0/b/lastmile-ui/o/import%2Fphotos%2Fconverted%2Fproduct%2FthumbUrl%2FCvKfTzV4TN5U8BTMF1Hl_260736_OrXUvGAuc2NCJDRvzNOTXOM3rsp1_wkVC3KkoSVve18x6p4or.webp?alt=media&token=ec0dc4c0-1259-4908-a97f-a3303f6b6967
IKI,"Skalbimo gelis PERSIL ACTIVE, 22 skalbimai, 990 ml",4.74 €,https://firebasestorage.googleapis.com/v0/b/lastmile-ui/o/import%2Fphotos%2Fconverted%2Fproduct%2FthumbUrl%2FCvKfTzV4TN5U8BTMF1Hl_281173_W5RvAbpnRicygag1V4nopPhtD8z2_mx0S8P0c8nl4dw5Mh7BE.webp?alt=media&token=404ae49e-1249-43a7-9273-a4d790bfb78d
IKI,"Karštai rūkytos Argentininės jūrinės lydekos, 1 kg",7.19 €,https://storage.googleapis.com/download/storage/v1/b/lastmile-ui/o/import%2Fphotos%2Fconverted%2Fproduct%2Fglobal_HyzRPt6Cdb5Z1vpepvzk_W5RvAbpnRicygag1V4nopPhtD8z2_7jArQGrPVFnMyfvtYGiw_thumb.jpg?generation=1684847139526476&alt=media
IKI,"Dušo želė GREEN FEEL'S su kokosų aliejumi, 400 ml",2.19 €,https://storage.googleapis.com/download/storage/v1/b/lastmile-ui/o/images%2Fproducts%2Fthumb_aWtpvzkKl2ahVsUXi86n.jpg?generation=1631695963368264&alt=media
IKI,"Vafliai ROSHEN su kokosiniu ir migdoliniu įdaru, 216 g",1.39 €,https://firebasestorage.googleapis.com/v0/b/lastmile-ui/o/import%2Fphotos%2Fconverted%2Fproduct%2FthumbUrl%2FCvKfTzV4TN5U8BTMF1Hl_279228_OrXUvGAuc2NCJDRvzNOTXOM3rsp1_8clp6BC1z3ZBftqhuh4q.webp?alt=media&token=683c1613-6b20-4d3d-8609-0d7afbd2dad2
IKI,"Sausa šluostė VILEDA WETTEX (20,3 x 17,6 cm), 1 vnt.",0.71 €,https://storage.googleapis.com/download/storage/v1/b/lastmile-ui/o/images%2Fproducts%2Fthumb_sYrYUNlUXvfUL2l9GFUA.jpg?generation=1631696122028079&alt=media
IKI,"Akių makiažo valiklis su alavijų ekstraktu MARGARITA, 150 ml",2.49 €,https://firebasestorage.googleapis.com/v0/b/lastmile-ui/o/import%2Fphotos%2Fconverted%2Fproduct%2FthumbUrl%2FCvKfTzV4TN5U8BTMF1Hl_243076_OrXUvGAuc2NCJDRvzNOTXOM3rsp1_n6OOHtVkEZ658gYKt3GX.webp?alt=media&token=57b4c777-f0fd-4de4-b758-1d794d18d321
IKI,"Šampūnas su mėlynių ir šalavijų ekstraktais MARGARITA, 400 ml",1.99 €,https://storage.googleapis.com/download/storage/v1/b/lastmile-ui/o/images%2Fproducts%2Fthumb_MWxLfXocjeZZd8aH7Kat.jpg?generation=1644059046895003&alt=media
IKI,"Ledai Oreo Stick, 90ml",1.49 €,https://firebasestorage.googleapis.com/v0/b/lastmile-ui/o/import%2Fphotos%2Fconverted%2Fproduct%2FthumbUrl%2FCvKfTzV4TN5U8BTMF1Hl_287809_OrXUvGAuc2NCJDRvzNOTXOM3rsp1_dsnUfa3EaxXil00Hs7ei.webp?alt=media&token=13a872ff-95a4-477e-8be2-a6bfdcf3d9cd
IKI,"Balta pusryčių duona BALVITEN GLUTEN FREE, 190 g",1.99 €,https://storage.googleapis.com/download/storage/v1/b/lastmile-ui/o/import%2Fphotos%2Fconverted%2Fproduct%2Fglobal_pObT9VcEPaHTejN22KCg_W5RvAbpnRicygag1V4nopPhtD8z2_0dCwXtGrTeSLIVZ2Di6j_thumb.jpg?generation=1683206271338903&alt=media
IKI,"Skustuvo galvutės VENUS Smooth, 4vnt.",7.49 €,https://firebasestorage.googleapis.com/v0/b/lastmile-ui/o/import%2Fphotos%2Fconverted%2Fproduct%2FthumbUrl%2FCvKfTzV4TN5U8BTMF1Hl_57247_Y5wHCakiRVc8Kf1fJt96vh8Tr2I2_MKm91JywmJKHW1bDhEEQ.webp?alt=media&token=705791ed-e2b2-4b81-878c-42e93ba82757
IKI,"Veido šveitiklis MARGARITA su agurkais, 75 ml",2.39 €,https://firebasestorage.googleapis.com/v0/b/lastmile-ui/o/import%2Fphotos%2Fconverted%2Fproduct%2FthumbUrl%2FCvKfTzV4TN5U8BTMF1Hl_235380_OrXUvGAuc2NCJDRvzNOTXOM3rsp1_zH75hjRwzEpS8sKHrOkQ.webp?alt=media&token=5e2fd2d3-2389-4075-9af0-3713d713e618
IKI,"Colgate dantų pasta Max White Base, 75 ml",1.74 €,https://firebasestorage.googleapis.com/v0/b/lastmile-ui/o/import%2Fphotos%2Fconverted%2Fproduct%2FthumbUrl%2FCvKfTzV4TN5U8BTMF1Hl_280418_uF3DptJQvjXHqmno4Mal_bJ2qIFOeLEa2ar3j6ykO.webp?alt=media&token=46914d93-0bb5-4b99-bfcc-cf5f14a4eaf1
IKI,"Prieskonių mišinys kepsniui SAUDA, 100 g",0.62 €,https://storage.googleapis.com/download/storage/v1/b/lastmile-ui/o/import%2Fphotos%2Fconverted%2Fproduct%2Fglobal_SWKiDXIYB88ulKVZqran_xGdb10o0VzY1SFD6eDjbpqgxmW02_TPZQnKw5qsC7vtcPWyOx_thumb.jpg?generation=1667978455409407&alt=media
IKI,"Buitinės pirštinės (L dydis) VILEDA SENSITIVE, 1 vnt.",2.09 €,https://storage.googleapis.com/download/storage/v1/b/lastmile-ui/o/import%2Fphotos%2Fconverted%2Fproduct%2FCvKfTzV4TN5U8BTMF1Hl_11ecjUwRNUUTEYOpCn90_xGdb10o0VzY1SFD6eDjbpqgxmW02_cz6MfvSwPmyuLd13pvOj_thumb.jpg?generation=1679554241122705&alt=media
IKI,"Aktyvi mikropluošto šluostė VILEDA, 1 vnt.",2.39 €,https://firebasestorage.googleapis.com/v0/b/lastmile-ui/o/import%2Fphotos%2Fconverted%2Fproduct%2FthumbUrl%2FCvKfTzV4TN5U8BTMF1Hl_239556_OrXUvGAuc2NCJDRvzNOTXOM3rsp1_LaMqQEpRKUkqRtjusRQS.webp?alt=media&token=8b621364-6eac-4934-8fcf-549ce0f2140b
IKI,"Dušo želė vyrams NIVEA MEN POWER FRESH, 500 ml",3.44 €,https://firebasestorage.googleapis.com/v0/b/lastmile-ui/o/import%2Fphotos%2Fconverted%2Fproduct%2FthumbUrl%2FCvKfTzV4TN5U8BTMF1Hl_260847_OrXUvGAuc2NCJDRvzNOTXOM3rsp1_of5013RWSWswA1ExwCp6.webp?alt=media&token=ccb1e56c-8069-468b-8612-e0bc48d31d8c
IKI,"Tartaletė su šilauogėmis PAGAMINTA IKI, 50 g",1.43 €,https://firebasestorage.googleapis.com/v0/b/lastmile-ui/o/import%2Fphotos%2Fconverted%2Fproduct%2FthumbUrl%2FCvKfTzV4TN5U8BTMF1Hl_221040_OrXUvGAuc2NCJDRvzNOTXOM3rsp1_R4PGbJ43nFUmHG3d4IdE.webp?alt=media&token=e4cbcf7d-5424-4eef-bc01-d7a985959b95
IKI,"Kačių ėdalas WHISKAS su lašiša, 100 g",0.47 €,https://storage.googleapis.com/download/storage/v1/b/lastmile-ui/o/import%2Fphotos%2Fconverted%2Fproduct%2Fglobal_uZOW6wqhwC57RNaufNSx_xGdb10o0VzY1SFD6eDjbpqgxmW02_6Et9ssiZ0WWZER6JmSWH_thumb.jpg?generation=1646660356609063&alt=media
IKI,"Plaukų šampūnas MARGARITA su dilgėlių ekstraktu, 250 ml",1.74 €,https://firebasestorage.googleapis.com/v0/b/lastmile-ui/o/import%2Fphotos%2Fconverted%2Fproduct%2FthumbUrl%2FCvKfTzV4TN5U8BTMF1Hl_237398_OrXUvGAuc2NCJDRvzNOTXOM3rsp1_8DXxePgwswO5ghy5M0US.webp?alt=media&token=b9bb31f4-b94b-413b-bb6c-e38f8d4642e1
IKI,Bengališka ugnelė 40 cm,0.99 €,https://firebasestorage.googleapis.com/v0/b/lastmile-ui/o/import%2Fphotos%2Fconverted%2Fproduct%2FthumbUrl%2FCvKfTzV4TN5U8BTMF1Hl_279708_uF3DptJQvjXHqmno4Mal_slLulLG1kTaF8Wa5Kwk5.webp?alt=media&token=22a167f8-6703-447a-bf88-0ca2a5cc2dfa
IKI,"Universalus valiklis AJAX, 750 ml",3.24 €,https://firebasestorage.googleapis.com/v0/b/lastmile-ui/o/import%2Fphotos%2Fconverted%2Fproduct%2FthumbUrl%2FCvKfTzV4TN5U8BTMF1Hl_257070_Y5wHCakiRVc8Kf1fJt96vh8Tr2I2_YJRXN7SGTaOEiv8lDwDn.webp?alt=media&token=fa2ad97c-fafa-42a6-a5f0-e67f62ed85ea
IKI,"Pieno mišinys Aptamil 3 12M+, 800 g",13.49 €,https://firebasestorage.googleapis.com/v0/b/lastmile-ui/o/import%2Fphotos%2Fconverted%2Fproduct%2FthumbUrl%2FCvKfTzV4TN5U8BTMF1Hl_219285_Y5wHCakiRVc8Kf1fJt96vh8Tr2I2_MePmU1oel3fWpW2koAuI.webp?alt=media&token=e9ca7652-4662-4e2e-a2ff-b3b99f880bbe
IKI,"Konservuotas kačių ėdalas su paukštiena WHISKAS, 100 g",0.47 €,https://storage.googleapis.com/download/storage/v1/b/lastmile-ui/o/images%2Fchain_products%2FIKI%2Fthumb_xNAFOHkhQtyTu7abhHSJ.jpg?generation=1631695817022241&alt=media
IKI,"Kalėdinis augalas, PUŠIS",3.99 €,https://storage.googleapis.com/download/storage/v1/b/lastmile-ui/o/import%2Fphotos%2Fconverted%2Fproduct%2FCvKfTzV4TN5U8BTMF1Hl_222201_CvKfTzV4TN5U8BTMF1Hl_W5RvAbpnRicygag1V4nopPhtD8z2_jqXc4E49uHnKdDCQ5tX5_thumb.webp?generation=1701760885256432&alt=media
IKI,"Tartaletė su uogomis, 330 g",6.39 €,https://firebasestorage.googleapis.com/v0/b/lastmile-ui/o/import%2Fphotos%2Fconverted%2Fproduct%2FthumbUrl%2FCvKfTzV4TN5U8BTMF1Hl_280658_W5RvAbpnRicygag1V4nopPhtD8z2_KnGJXRpAIF1Cwyc6Txw0.webp?alt=media&token=6df8ccb0-3322-402e-ac32-bb4b7283da50
IKI,"Skalbinių minkštiklis SILAN CLASSIC FRESH SKY, 64 skalbimai, 1408 ml",3.49 €,https://firebasestorage.googleapis.com/v0/b/lastmile-ui/o/import%2Fphotos%2Fconverted%2Fproduct%2FthumbUrl%2FCvKfTzV4TN5U8BTMF1Hl_281162_W5RvAbpnRicygag1V4nopPhtD8z2_qxMog8frs6R1d8ocJVXC.webp?alt=media&token=09e83445-7715-4c59-ac05-1145bcdcd45b
IKI,"Skystas gležnų audinių, vilnonių drabužių skalbiklis su keratinu WOOLITE DELICATE, 15 skalbimų, 900 ml",2.89 €,https://firebasestorage.googleapis.com/v0/b/lastmile-ui/o/import%2Fphotos%2Fconverted%2Fproduct%2FthumbUrl%2FCvKfTzV4TN5U8BTMF1Hl_279560_W5RvAbpnRicygag1V4nopPhtD8z2_jPMFYv5MP7RruIvlnLdv.webp?alt=media&token=150c120e-d38e-40b5-bfa4-91002ccc283d
IKI,"Plaukų lakas SYOSS MAX HOLD, 300 ml",4.09 €,https://firebasestorage.googleapis.com/v0/b/lastmile-ui/o/import%2Fphotos%2Fconverted%2Fproduct%2FthumbUrl%2FCvKfTzV4TN5U8BTMF1Hl_10946_W5RvAbpnRicygag1V4nopPhtD8z2_YJaYYirZJVDPhkUjjQ5D.webp?alt=media&token=af8af32d-5fb3-4d81-960c-35bb3c701044
IKI,Varškės tortas su uogomis,14.99 €,https://firebasestorage.googleapis.com/v0/b/lastmile-ui/o/import%2Fphotos%2Fconverted%2Fproduct%2FthumbUrl%2FCvKfTzV4TN5U8BTMF1Hl_221126_W5RvAbpnRicygag1V4nopPhtD8z2_8GwH3vJBUP6qrLK2pyFu.webp?alt=media&token=58eedb44-214e-4791-b25b-9d030823c025
IKI,"Smulkintos cukruotos spanguolės, 1 kg",5.99 €,https://storage.googleapis.com/download/storage/v1/b/lastmile-ui/o/import%2Fphotos%2Fconverted%2Fproduct%2Fglobal_FAADtFJZlwg1TlX2uIrC_xGdb10o0VzY1SFD6eDjbpqgxmW02_mqDRWsjqizfCcbImpP1w_thumb.jpg?generation=1675259249023324&alt=media
IKI,"Vaikiška dantų pasta JORDAN Junior, 6-12 metų, 50 ml",1.74 €,https://storage.googleapis.com/download/storage/v1/b/lastmile-ui/o/import%2Fphotos%2Fconverted%2Fproduct%2Fglobal_eocrFY5wwW1fI85G4mos_W5RvAbpnRicygag1V4nopPhtD8z2_lEG7hBWv7RbX5B5fZ5Qf_thumb.jpg?generation=1684494375245524&alt=media
IKI,"Pieštukinis dezodorantas OLD SPICE Captain, 50ml",2.64 €,https://firebasestorage.googleapis.com/v0/b/lastmile-ui/o/import%2Fphotos%2Fconverted%2Fproduct%2FthumbUrl%2FCvKfTzV4TN5U8BTMF1Hl_254453_Y5wHCakiRVc8Kf1fJt96vh8Tr2I2_2EYenbD5bkRRpNNYT85y.webp?alt=media&token=91b1a3cf-8e16-4dba-8963-67551149d5c5
IKI,"Skalbinių minkštiklis SILAN AROMATHERAPY FASCINATING FRAGIPAN, 50 skalbimų, 1100 ml",3.49 €,https://firebasestorage.googleapis.com/v0/b/lastmile-ui/o/import%2Fphotos%2Fconverted%2Fproduct%2FthumbUrl%2FCvKfTzV4TN5U8BTMF1Hl_281165_W5RvAbpnRicygag1V4nopPhtD8z2_jrQOBal7he8Qst8StUGA.webp?alt=media&token=e45fd01b-5f6d-4691-9d48-61f8cbef1f14
IKI,"Burnos skalavimo skystis COLGATE PLAX TOTAL SPEARMINT, 500 ml",3.89 €,https://storage.googleapis.com/download/storage/v1/b/lastmile-ui/o/images%2Fproducts%2Fthumb_2TE3FPxHlHEoPGGYxelF.jpg?generation=1639663397758469&alt=media
IKI,"Dantų pasta ELMEX Junior, 75 ml",3.74 €,https://storage.googleapis.com/download/storage/v1/b/lastmile-ui/o/import%2Fphotos%2Fconverted%2Fproduct%2Fglobal_Kk4mEOGHSPjYEeAABXCb_xGdb10o0VzY1SFD6eDjbpqgxmW02_J4iSVFlUoMFFeuZ9U7QS_thumb.jpg?generation=1645622915682409&alt=media
IKI,"Ekologiški obuoliai ir bananai su sausainiais HIPP BIO, 190 g",1.87 €,https://storage.googleapis.com/download/storage/v1/b/lastmile-ui/o/images%2Fproducts%2Fthumb_2s0I7270Hi02FvTTD8ia.jpg?generation=1644048174248833&alt=media
IKI,"Šokoladinis kalėdų senis MILKA, 45 g",1.14 €,https://firebasestorage.googleapis.com/v0/b/lastmile-ui/o/import%2Fphotos%2Fconverted%2Fproduct%2FthumbUrl%2FCvKfTzV4TN5U8BTMF1Hl_272488_uF3DptJQvjXHqmno4Mal_mwO144iRFF5seC6qV2z3.webp?alt=media&token=c382ff99-4736-4c2c-b9e7-da4217046a5d
IKI,Šaltai rūkytas skilandis ROKIŠKIO,18.39 €,https://storage.googleapis.com/download/storage/v1/b/lastmile-ui/o/images%2Fproducts%2Fthumb_CS4gvdsbv2dxVrSx4i5F.jpg?generation=1631695867582027&alt=media
IKI,"JORDAN"" vaikiškas dantų šepetėlis ( 3-5 metų), minkštas, 1 vnt""",1.99 €,https://storage.googleapis.com/download/storage/v1/b/lastmile-ui/o/images%2Fchain_products%2FIKI%2Fthumb_VW0nJWkPiLCB1uAfqjeZ.jpg?generation=1631696094513075&alt=media
IKI,"Ekologiška pieniška košė su avižomis ir obuoliais (nuo 6 mėn.) HIPP, 250 g",3.74 €,https://storage.googleapis.com/download/storage/v1/b/lastmile-ui/o/images%2Fproducts%2Fthumb_kEyLOP8o3QYo6PpjrK1F.jpg?generation=1582204639151635&alt=media
IKI,"Džiovintų vaisių ir riešutų mišinys FAMILY MIX ALVO, 300 g",3.49 €,https://storage.googleapis.com/download/storage/v1/b/lastmile-ui/o/import%2Fphotos%2Fconverted%2Fproduct%2Fglobal_70P0HmK7BXlTNN0HLpgp_xGdb10o0VzY1SFD6eDjbpqgxmW02_TsET1Xl7DGjNt9Kl3QJc_thumb.jpg?generation=1667978456752175&alt=media
IKI,"Dėmių valiklis VANISH GOLD OXI WHITE, 470 g",3.74 €,https://storage.googleapis.com/download/storage/v1/b/lastmile-ui/o/import%2Fphotos%2Fconverted%2Fproduct%2FCvKfTzV4TN5U8BTMF1Hl_4ZlWmVeWfcfCmsBLZo69_CvKfTzV4TN5U8BTMF1Hl_W5RvAbpnRicygag1V4nopPhtD8z2_Ai15ZrSEPUG3CIatN9Qd_thumb.jpg?generation=1689684931573243&alt=media
IKI,"Saldainiai PERGALĖ WITH BRANDY, 190 g",3.99 €,https://storage.googleapis.com/download/storage/v1/b/lastmile-ui/o/import%2Fphotos%2Fconverted%2Fproduct%2Fglobal_grJooKSf8yA2qPaCKU6P_xGdb10o0VzY1SFD6eDjbpqgxmW02_BdiOFrHUO4yiGIgloZVL_thumb.jpg?generation=1644326721623079&alt=media
IKI,"Dezodorantas-antiperspirantas su šalavijų ekstraktu MARGARITA 2IN1, 50 ml",1.99 €,https://storage.googleapis.com/download/storage/v1/b/lastmile-ui/o/images%2Fproducts%2Fthumb_6mBRs4tMmoK2iDsqaXxt.jpg?generation=1644058863494652&alt=media
IKI,"Malta kava AROMA GOLD CREMA HARD-PACK, 500vg RFA",7.29 €,https://firebasestorage.googleapis.com/v0/b/lastmile-ui/o/import%2Fphotos%2Fconverted%2Fproduct%2FthumbUrl%2FCvKfTzV4TN5U8BTMF1Hl_263784_Y5wHCakiRVc8Kf1fJt96vh8Tr2I2_27cHMkVodJgndWuYu4yi.webp?alt=media&token=86643cec-c637-420a-b18f-e5f869cb97ad
IKI,"Dantų pasta vaikams ECODENTA, 75 ml",1.99 €,https://storage.googleapis.com/download/storage/v1/b/lastmile-ui/o/images%2Fproducts%2Fthumb_QveEMgalMpLzPZOpxZwo.jpg?generation=1623061291881599&alt=media
IKI,"Saldainių rinkinys VILNIAUS ASORTI, 382 g",5.91 €,https://storage.googleapis.com/download/storage/v1/b/lastmile-ui/o/images%2Fproducts%2Fthumb_F8CCpomhp0XoABM9F5sN.jpg?generation=1643133642372132&alt=media
IKI,Kapota vytinta dešra DZŪKIŠKA RINKUTĖ,16.79 €,https://firebasestorage.googleapis.com/v0/b/lastmile-ui/o/import%2Fphotos%2Fconverted%2Fproduct%2FthumbUrl%2FCvKfTzV4TN5U8BTMF1Hl_260546_OrXUvGAuc2NCJDRvzNOTXOM3rsp1_HAEIkoGxZwwuXhCFs7e6.webp?alt=media&token=2e884623-b194-4e50-a008-ce53af854c0b
IKI,"Vytintos dešrelės SALAMINI BIOVELA, a.r., 80 g",2.51 €,https://storage.googleapis.com/download/storage/v1/b/lastmile-ui/o/import%2Fphotos%2Fconverted%2Fproduct%2Fglobal_y5M5CTXy41HbU4qhmdo8_xGdb10o0VzY1SFD6eDjbpqgxmW02_9pssFDaWrkpZEynQMtMY_thumb.jpg?generation=1661774361226320&alt=media
IKI,"Lūpų balzamas NIVEA HYDRO, 5 g",2.14 €,https://firebasestorage.googleapis.com/v0/b/lastmile-ui/o/import%2Fphotos%2Fconverted%2Fproduct%2FthumbUrl%2FCvKfTzV4TN5U8BTMF1Hl_41074_uF3DptJQvjXHqmno4Mal_zIc2uD7lOjiStF83Juki.webp?alt=media&token=31e31ca8-d7c1-4ab6-a3f5-1efb534f3521
IKI,"Pieno mišinys Aptamil 4 24M+, 800 g",13.49 €,https://firebasestorage.googleapis.com/v0/b/lastmile-ui/o/import%2Fphotos%2Fconverted%2Fproduct%2FthumbUrl%2FCvKfTzV4TN5U8BTMF1Hl_219287_Y5wHCakiRVc8Kf1fJt96vh8Tr2I2_tbjRSmEOKY2j4WrpHC61.webp?alt=media&token=badd9d46-9255-4afa-a22f-56b5ec1eac38
IKI,"Skysto muilo papildymas NEUTRAL, 500 ml",2.49 €,https://storage.googleapis.com/download/storage/v1/b/lastmile-ui/o/import%2Fphotos%2Fconverted%2Fproduct%2Fglobal_kje94xotvfNimkf1fkla_W5RvAbpnRicygag1V4nopPhtD8z2_bcU73mSyamVtwse0tA0r_thumb.jpg?generation=1686902081694010&alt=media
IKI,Servetėlės VELTIE dėžutėje 4sl. 100 vnt,1.74 €,https://firebasestorage.googleapis.com/v0/b/lastmile-ui/o/import%2Fphotos%2Fconverted%2Fproduct%2FthumbUrl%2FCvKfTzV4TN5U8BTMF1Hl_282552_OrXUvGAuc2NCJDRvzNOTXOM3rsp1_UVr4y0a4CzFqPW4Xj3E9.webp?alt=media&token=c7e5806d-7c8c-4105-ace4-da9568682c7e
IKI,Virtas DIEDUKO vyniotinis,7.99 €,https://storage.googleapis.com/download/storage/v1/b/lastmile-ui/o/import%2Fphotos%2Fconverted%2Fproduct%2Fglobal_wcLODDoLMi1JWYRBt1OA_xGdb10o0VzY1SFD6eDjbpqgxmW02_t8MipFQ6hlA2GUiHPJN3_thumb.jpg?generation=1661774363889450&alt=media
IKI,"Kakaviniai sausainiai su vanilės skonio įdaru OREO, 160 g",2.24 €,https://firebasestorage.googleapis.com/v0/b/lastmile-ui/o/import%2Fphotos%2Fconverted%2Fproduct%2FthumbUrl%2FCvKfTzV4TN5U8BTMF1Hl_284629_uF3DptJQvjXHqmno4Mal_vPQZBym0pVZS8kJhrVqI.webp?alt=media&token=84177714-1cc2-4cf6-8d91-4210a0281117
IKI,"Galvakojų čiuptuvai saulėgrąžų aliejuje SUN&SEA, 111 g",2.77 €,https://storage.googleapis.com/download/storage/v1/b/lastmile-ui/o/import%2Fphotos%2Fconverted%2Fproduct%2Fglobal_tyTsMTwzLXftU11E4A64_xGdb10o0VzY1SFD6eDjbpqgxmW02_oPva52P3ZMaf29Xrk2r2_thumb.jpg?generation=1646660354610619&alt=media
IKI,Saldainiai su riešutų kremu ir želė NOMEDA,7.29 €,https://firebasestorage.googleapis.com/v0/b/lastmile-ui/o/import%2Fphotos%2Fconverted%2Fproduct%2FthumbUrl%2FCvKfTzV4TN5U8BTMF1Hl_282154_Y5wHCakiRVc8Kf1fJt96vh8Tr2I2_F24nuay4uy0Yn8HDeFc2.webp?alt=media&token=36d707e8-3916-4cde-8481-94e375f13e04
IKI,"Japoninių krienų (wasabi) pasta AJI , 43 g",2.51 €,https://storage.googleapis.com/download/storage/v1/b/lastmile-ui/o/import%2Fphotos%2Fconverted%2Fproduct%2FCvKfTzV4TN5U8BTMF1Hl_xgIBZrQiM7fbdOLFYvUh_xGdb10o0VzY1SFD6eDjbpqgxmW02_lL0i4mZ96GrIeUQ4tKyL_thumb.jpg?generation=1668693597912215&alt=media
IKI,"Higieniniai įklotai DISCREET WATER LILY, 60 vnt.",3.83 €,https://firebasestorage.googleapis.com/v0/b/lastmile-ui/o/import%2Fphotos%2Fconverted%2Fproduct%2FthumbUrl%2FCvKfTzV4TN5U8BTMF1Hl_71630_Y5wHCakiRVc8Kf1fJt96vh8Tr2I2_oFs4GCuwXLsWy2yr2HZk.webp?alt=media&token=6eb4d417-d46c-4324-86c9-9f7275ab40a3
IKI,"Valomasis tonikas su agurkų ir ramunėlių ekstraktais MARGARITA, 200 ml",2.24 €,https://firebasestorage.googleapis.com/v0/b/lastmile-ui/o/import%2Fphotos%2Fconverted%2Fproduct%2FthumbUrl%2FCvKfTzV4TN5U8BTMF1Hl_262838_OrXUvGAuc2NCJDRvzNOTXOM3rsp1_PW7h7zETRIjIZrrqYXPV.webp?alt=media&token=2c2d582f-c68f-4925-88b7-1522c77fd35b
IKI,"Ekologiška avižų košė HIPP 4 mėn., 200 g",3.74 €,https://firebasestorage.googleapis.com/v0/b/lastmile-ui/o/import%2Fphotos%2Fconverted%2Fproduct%2FthumbUrl%2FCvKfTzV4TN5U8BTMF1Hl_267669_uF3DptJQvjXHqmno4Mal_YR6dH6Zqlw6GAOorHUe0.webp?alt=media&token=7a716b64-893a-4b13-9f17-dcc3dfad4936
IKI,"Kremas su kolagenu MARGARITA, 50 ml",2.49 €,https://firebasestorage.googleapis.com/v0/b/lastmile-ui/o/import%2Fphotos%2Fconverted%2Fproduct%2FthumbUrl%2FCvKfTzV4TN5U8BTMF1Hl_232934_OrXUvGAuc2NCJDRvzNOTXOM3rsp1_f3B87CfB4rJ0xU5w4Qz5.webp?alt=media&token=55c59102-68e6-473f-a268-58ebf5349960
IKI,Keptos europinės paltusinės plekšnės išdarinėtos be galvų,11.99 €,https://storage.googleapis.com/download/storage/v1/b/lastmile-ui/o/import%2Fphotos%2Fconverted%2Fproduct%2Fglobal_NMoykBN4a7MCqwWvBVZv_xGdb10o0VzY1SFD6eDjbpqgxmW02_8mlXkgSMnBQFvXvY2K4K_thumb.jpg?generation=1679554250093535&alt=media
IKI,"Tamponai TAMPAX COMPAK REGULAR, 16 vnt.",4.79 €,https://firebasestorage.googleapis.com/v0/b/lastmile-ui/o/import%2Fphotos%2Fconverted%2Fproduct%2FthumbUrl%2FCvKfTzV4TN5U8BTMF1Hl_9423_W5RvAbpnRicygag1V4nopPhtD8z2_yd60covDJvpUr9e7DZab.webp?alt=media&token=b176d21e-9ad5-4b59-8519-9c82350f22b9
IKI,Šokoladas Milka Strawberry 100g,1.29 €,https://firebasestorage.googleapis.com/v0/b/lastmile-ui/o/import%2Fphotos%2Fconverted%2Fproduct%2FthumbUrl%2FCvKfTzV4TN5U8BTMF1Hl_287122_OrXUvGAuc2NCJDRvzNOTXOM3rsp1_Yk2KWP5tcUClNI2qgX4m.webp?alt=media&token=7f7cd856-0d5b-497c-9246-c268d8bee70e
IKI,"Baltosios pupelės BILLA, 580 ml",1.29 €,https://firebasestorage.googleapis.com/v0/b/lastmile-ui/o/import%2Fphotos%2Fconverted%2Fproduct%2FthumbUrl%2FCvKfTzV4TN5U8BTMF1Hl_283277_OrXUvGAuc2NCJDRvzNOTXOM3rsp1_ZZhUbtb2yhmB3UVu05aT.webp?alt=media&token=8f4790e9-4b64-43b5-9d14-9e4a4281d00c
IKI,"Konservuotas kačių ėdalas WHISKAS su vištiena, 100 g",0.47 €,https://storage.googleapis.com/download/storage/v1/b/lastmile-ui/o/import%2Fphotos%2Fconverted%2Fproduct%2FCvKfTzV4TN5U8BTMF1Hl_Y14p7JEiACFqLWTV4Qjg_xGdb10o0VzY1SFD6eDjbpqgxmW02_XUeG3KAJ1fseA9InYRUP_thumb.jpg?generation=1679554243682920&alt=media
IKI,"Dražė migdolai juodame šokolade LAIMA, 140 g",3.37 €,https://firebasestorage.googleapis.com/v0/b/lastmile-ui/o/import%2Fphotos%2Fconverted%2Fproduct%2FthumbUrl%2FCvKfTzV4TN5U8BTMF1Hl_249850_OrXUvGAuc2NCJDRvzNOTXOM3rsp1_xYr8v83TxJA1ABmJIKiz.webp?alt=media&token=73532d49-f25e-4b6b-b6ff-8d0c0ed205c2
IKI,"Plaukų lakas NOVA, 400 ml",2.49 €,https://storage.googleapis.com/download/storage/v1/b/lastmile-ui/o/images%2Fproducts%2Fthumb_gsUPsu0NxLlWUN1sHoek.jpg?generation=1631695742739538&alt=media
IKI,BILLA popierinės servetėlės dėž. 100 vnt/4 sl.,1.24 €,https://firebasestorage.googleapis.com/v0/b/lastmile-ui/o/import%2Fphotos%2Fconverted%2Fproduct%2FthumbUrl%2FCvKfTzV4TN5U8BTMF1Hl_283257_OrXUvGAuc2NCJDRvzNOTXOM3rsp1_ZP1tIUwPm5NxcJuyvjRJ.webp?alt=media&token=ec09cea1-a39d-4d77-8797-18b692f1fd04
IKI,"Visavertis kačiukų ėdalas su vištiena ir daržovėmis WHISKAS JUNIOR, 300 g",1.55 €,https://storage.googleapis.com/download/storage/v1/b/lastmile-ui/o/import%2Fphotos%2Fconverted%2Fproduct%2FCvKfTzV4TN5U8BTMF1Hl_yN5HzPWloZRZCRJhepgt_xGdb10o0VzY1SFD6eDjbpqgxmW02_7rAtmYAjjneHA7vdoCAa_thumb.jpg?generation=1679554241278801&alt=media
IKI,"Plaukų šampūnas-balzamas NIVEA 2 IN 1 CARE EXPRESS, 250 ml",2.39 €,https://storage.googleapis.com/download/storage/v1/b/lastmile-ui/o/images%2Fchain_products%2FIKI%2Fthumb_hkqOq7xDOCKanDVeGsW1.jpg?generation=1631695744593883&alt=media
IKI,"Indų kempinės VILEDA SLALOM UNIVERSAL, 2 vnt.",2.39 €,https://storage.googleapis.com/download/storage/v1/b/lastmile-ui/o/images%2Fproducts%2Fthumb_YLkMRd0VXDSz0Oev9OMw.jpg?generation=1582201947426100&alt=media
IKI,"Rutulinis dezodorantas moterims NIVEA BLACK&WHITE FRESH, 50 ml",2.39 €,https://storage.googleapis.com/download/storage/v1/b/lastmile-ui/o/images%2Fproducts%2Fthumb_Vm4SEHnJ6QXaXMj5KkvQ.jpg?generation=1644048371536901&alt=media
IKI,"Žuvies padažas AJI, 200 ml",2.09 €,https://storage.googleapis.com/download/storage/v1/b/lastmile-ui/o/images%2Fproducts%2Fthumb_x664Ur60mPCEhxo3eW1I.jpg?generation=1582207661455117&alt=media
IKI,"Skystasis skalbiklis PERWOLL COLOR, 40 skalbimų, 2000 ml",7.49 €,https://firebasestorage.googleapis.com/v0/b/lastmile-ui/o/import%2Fphotos%2Fconverted%2Fproduct%2FthumbUrl%2FCvKfTzV4TN5U8BTMF1Hl_281183_W5RvAbpnRicygag1V4nopPhtD8z2_PlDuRKo7l34Up6JcTdce.webp?alt=media&token=a149bf45-7c34-4ccd-99c3-687d57a07622
IKI,"Kvapieji pipirai SAUDA, 100 g",1.60 €,https://storage.googleapis.com/download/storage/v1/b/lastmile-ui/o/images%2Fproducts%2Fthumb_bSMmVHsGYNC5TXGOyhgv.jpg?generation=1582202664438703&alt=media
IKI,"Unitazų muiliukas HARPIC ACTIVE BLUE WATER, 2 vnt.",2.59 €,https://storage.googleapis.com/download/storage/v1/b/lastmile-ui/o/images%2Fproducts%2Fthumb_JGj8Lp5YHQkaVM541DzU.jpg?generation=1631696077262080&alt=media
IKI,"Colgate dantų pasta Max Fresh, 75 ml",1.74 €,https://firebasestorage.googleapis.com/v0/b/lastmile-ui/o/import%2Fphotos%2Fconverted%2Fproduct%2FthumbUrl%2FCvKfTzV4TN5U8BTMF1Hl_280419_Y5wHCakiRVc8Kf1fJt96vh8Tr2I2_bkcqVA557ntAsIFlBckc.webp?alt=media&token=12b1ec6d-bf30-474a-a25d-e51b7cb598f8
IKI,"Šašlykų prieskoniai be druskos SAUDA, 50 g",0.62 €,https://storage.googleapis.com/download/storage/v1/b/lastmile-ui/o/images%2Fproducts%2Fthumb_LQyyy7PcN07114p96WsL.jpg?generation=1631122229004836&alt=media
IKI,"Dražė lazdyno riešutai pieniniame šokolade LAIMA, 140 g",3.37 €,https://firebasestorage.googleapis.com/v0/b/lastmile-ui/o/import%2Fphotos%2Fconverted%2Fproduct%2FthumbUrl%2FCvKfTzV4TN5U8BTMF1Hl_249851_OrXUvGAuc2NCJDRvzNOTXOM3rsp1_pIr76GepWvmIez9fsvY5.webp?alt=media&token=7c86566a-8a2f-4997-9acf-3e664b3e831b
IKI,Fasuoti persimonai,1.99 €,https://storage.googleapis.com/download/storage/v1/b/lastmile-ui/o/images%2Fproducts%2Fthumb_rhUoIBUuNoYTRy3b5sWd.jpg?generation=1608642292283229&alt=media
IKI,"Plaukų šampūnas su kokosų aliejumi GREEN FEEL'S, 400 ml",2.49 €,https://firebasestorage.googleapis.com/v0/b/lastmile-ui/o/import%2Fphotos%2Fconverted%2Fproduct%2FthumbUrl%2FCvKfTzV4TN5U8BTMF1Hl_252597_Y5wHCakiRVc8Kf1fJt96vh8Tr2I2_VMKguqwNQIQqWLpShR2D.webp?alt=media&token=a5bb54b8-483d-41ac-829e-b617003086de
IKI,"Prieskonių mišinys mėsai su žolelėmis SAUDA, 40 g",0.69 €,https://storage.googleapis.com/download/storage/v1/b/lastmile-ui/o/images%2Fchain_products%2FIKI%2Fthumb_cfsHiMHCL695M1W3VjuB.jpg?generation=1631695722903860&alt=media
IKI,"Studentiškas džiovintų vaisių ir riešutų mišinys ALVO, 500 g",4.49 €,https://storage.googleapis.com/download/storage/v1/b/lastmile-ui/o/import%2Fphotos%2Fconverted%2Fproduct%2FCvKfTzV4TN5U8BTMF1Hl_c0qdhC5Zz1g4PCbOB1va_CvKfTzV4TN5U8BTMF1Hl_W5RvAbpnRicygag1V4nopPhtD8z2_0HcfsGcGsRy6b3D4j4m1_thumb.jpg?generation=1693481676810185&alt=media
IKI,"Tartaletė su braškėmis, 50 g",1.43 €,https://firebasestorage.googleapis.com/v0/b/lastmile-ui/o/import%2Fphotos%2Fconverted%2Fproduct%2FthumbUrl%2FCvKfTzV4TN5U8BTMF1Hl_280649_W5RvAbpnRicygag1V4nopPhtD8z2_sHB1tbKdRTwuqWE2fY79.webp?alt=media&token=0a35b5c8-db54-4038-8592-6ce1eeecd473
IKI,"Juodasis šokoladas CACHET COSTA RICA, 100 g",2.29 €,https://storage.googleapis.com/download/storage/v1/b/lastmile-ui/o/images%2Fproducts%2Fthumb_WbFp51aAQtqCQHqsvDoD.jpg?generation=1631695739242405&alt=media
IKI,"Šampūnas vyrams NIVEA STRONG POWER, 250 ml",2.39 €,https://storage.googleapis.com/download/storage/v1/b/lastmile-ui/o/images%2Fchain_products%2FIKI%2Fthumb_9hjcaAey5ltAJH5MGYMv.jpg?generation=1644048080883049&alt=media
IKI,"Ekologiški makaronai (nuo 6 mėn.) HIPP, 320 g",3.52 €,https://firebasestorage.googleapis.com/v0/b/lastmile-ui/o/import%2Fphotos%2Fconverted%2Fproduct%2FthumbUrl%2FCvKfTzV4TN5U8BTMF1Hl_242152_Y5wHCakiRVc8Kf1fJt96vh8Tr2I2_zg03OCS3EmSa1LLF5236.webp?alt=media&token=607a5744-eed6-4758-9593-011d9ebd07ce
IKI,"LAIMA aviečių skonio zefyrai, 200 g",1.49 €,https://firebasestorage.googleapis.com/v0/b/lastmile-ui/o/import%2Fphotos%2Fconverted%2Fproduct%2FthumbUrl%2FCvKfTzV4TN5U8BTMF1Hl_232168_Y5wHCakiRVc8Kf1fJt96vh8Tr2I2_sv4e6kmFEckuk9xFb0sf.webp?alt=media&token=af78fe42-1a46-4fa9-aafb-cac7c6c4c24a
IKI,"Šampūnas SYOSS Anti-Dandruff, 440 ml",3.84 €,https://firebasestorage.googleapis.com/v0/b/lastmile-ui/o/import%2Fphotos%2Fconverted%2Fproduct%2FthumbUrl%2FCvKfTzV4TN5U8BTMF1Hl_265335_W5RvAbpnRicygag1V4nopPhtD8z2_b9gDiXfRfA2iIhSKyZJx.webp?alt=media&token=3e29c5c1-4e85-4c5b-bb62-8eb80a7c1f1d
IKI,"Malti kvapieji pipirai SAUDA, 100 g",1.60 €,https://storage.googleapis.com/download/storage/v1/b/lastmile-ui/o/images%2Fproducts%2Fthumb_2iLYWzU8yr47XlIg44Q9.jpg?generation=1582194815995440&alt=media
IKI,"Dribsniai NESTLE COOKIE CRISP, 625 g",4.49 €,https://storage.googleapis.com/download/storage/v1/b/lastmile-ui/o/import%2Fphotos%2Fconverted%2Fproduct%2Fglobal_uq5BGJEipJ6sHv1uCz5z_xGdb10o0VzY1SFD6eDjbpqgxmW02_7gX7wje4JtOLuSPDwYoi_thumb.jpg?generation=1675259627887966&alt=media
IKI,"Purškiamas dezodorantas VYRAMS NIVEA MEN INVISIBLE POWER, 250 ml",3.24 €,https://storage.googleapis.com/download/storage/v1/b/lastmile-ui/o/images%2Fproducts%2Fthumb_c8t8vYtsgbKKI6lM92oS.jpg?generation=1644048436485400&alt=media
IKI,Dantų šepetėlis minkštas JORDAN Green Clean,1.99 €,https://storage.googleapis.com/download/storage/v1/b/lastmile-ui/o/import%2Fphotos%2Fconverted%2Fproduct%2FCvKfTzV4TN5U8BTMF1Hl_PJ77HbUJlqNTMJVCR3yS_r9n5kqSjCnW7eMWy9cQs7lSXyPx2_5n34yQn2fprD7VcHHfHc_thumb.jpg?generation=1644304718164605&alt=media
IKI,"Dušo gelis OLD SPICE Wolfthorn, 400 ml",2.89 €,https://firebasestorage.googleapis.com/v0/b/lastmile-ui/o/import%2Fphotos%2Fconverted%2Fproduct%2FthumbUrl%2FCvKfTzV4TN5U8BTMF1Hl_271107_Y5wHCakiRVc8Kf1fJt96vh8Tr2I2_e65JOkswgh7qZeG2IS6w.webp?alt=media&token=eb4c8d5e-4552-499b-8080-da1031f34288
IKI,"Universalusis kremas NIVEA CREME, 75 ml",1.89 €,https://storage.googleapis.com/download/storage/v1/b/lastmile-ui/o/images%2Fchain_products%2FIKI%2Fthumb_f0fsFG9zj2VtT0anAol1.jpg?generation=1631695746653546&alt=media
IKI,"Automatinių indaplovių kapsulės FAIRY Ain1 Lemon, 71vnt",14.99 €,https://firebasestorage.googleapis.com/v0/b/lastmile-ui/o/import%2Fphotos%2Fconverted%2Fproduct%2FthumbUrl%2FCvKfTzV4TN5U8BTMF1Hl_282561_Y5wHCakiRVc8Kf1fJt96vh8Tr2I2_GBBTumhCSl6aTmKrFb1I.webp?alt=media&token=57adfa5d-544d-425e-b78b-1aca608d0506
IKI,"Himalajų druska BILLA PREMIUM, 110 g",0.99 €,https://storage.googleapis.com/download/storage/v1/b/lastmile-ui/o/import%2Fphotos%2Fconverted%2Fproduct%2FCvKfTzV4TN5U8BTMF1Hl_278530_CvKfTzV4TN5U8BTMF1Hl_W5RvAbpnRicygag1V4nopPhtD8z2_SP6cxi9VfEufZIqOnzK9_thumb.webp?generation=1701172774977651&alt=media
IKI,"Kakava SAUDA, 100 g",1.25 €,https://firebasestorage.googleapis.com/v0/b/lastmile-ui/o/import%2Fphotos%2Fconverted%2Fproduct%2FthumbUrl%2FCvKfTzV4TN5U8BTMF1Hl_5561_OrXUvGAuc2NCJDRvzNOTXOM3rsp1_ngMg92z1zIfiEYWCxh7u.webp?alt=media&token=526e9240-9f4c-44a9-a03c-ef9da6562bbc
IKI,"Baltyminis batonėlis GO ON Cookies&Caramel, 50 g",0.97 €,https://firebasestorage.googleapis.com/v0/b/lastmile-ui/o/import%2Fphotos%2Fconverted%2Fproduct%2FthumbUrl%2FCvKfTzV4TN5U8BTMF1Hl_285877_OrXUvGAuc2NCJDRvzNOTXOM3rsp1_1WEJMg1KYpSKctd0zRyB.webp?alt=media&token=37bbce9d-e5d6-4a74-80c4-211a05e1b427
IKI,"WC valiklis BREF DELUXE JASMINE, 100 g",2.89 €,https://firebasestorage.googleapis.com/v0/b/lastmile-ui/o/import%2Fphotos%2Fconverted%2Fproduct%2FthumbUrl%2FCvKfTzV4TN5U8BTMF1Hl_257076_uF3DptJQvjXHqmno4Mal_prqSTLedGgSwcFwhpSNm.webp?alt=media&token=5b62d0bd-37d6-42d2-af25-47fb58ec1273
IKI,"Valiklis-gaiviklis BREF BRILLIANT GEL ARCTIC OCEAN, 84 g",2.89 €,https://storage.googleapis.com/download/storage/v1/b/lastmile-ui/o/images%2Fproducts%2Fthumb_Tqr2Z7XmYyJDQLWTEnoY.jpg?generation=1623061308064618&alt=media
IKI,"Skalbimo kapsulės REX POWER CAPS AROMATHERAPY COLOR, 13 skalbimų",3.49 €,https://firebasestorage.googleapis.com/v0/b/lastmile-ui/o/import%2Fphotos%2Fconverted%2Fproduct%2FthumbUrl%2FCvKfTzV4TN5U8BTMF1Hl_281174_W5RvAbpnRicygag1V4nopPhtD8z2_vTwHQVwC44M4gfgviZt1.webp?alt=media&token=774689c3-2e37-49f1-a97b-1ee482bdf11c
IKI,"Džiovintos datulės, 1 kg",4.79 €,https://www.googleapis.com/download/storage/v1/b/lastmile-delivery.appspot.com/o/images%2Fproducts%2Fthumb_Z6T3ZMz9dsbEzT9VyfG5?generation=1567155527967728&alt=media
IKI,"Šokoladas su karamelės įdaru MILKA CARAMEL, 100 g",1.29 €,https://firebasestorage.googleapis.com/v0/b/lastmile-ui/o/import%2Fphotos%2Fconverted%2Fproduct%2FthumbUrl%2FCvKfTzV4TN5U8BTMF1Hl_62153_uF3DptJQvjXHqmno4Mal_rlxz8ovFFcbOqd7XD2c5.webp?alt=media&token=c42f46e6-1a57-4572-985b-f6a1bbcace7c
IKI,"Sausas plaukų šampūnas BATISTE ORIGINAL, 200 ml",2.79 €,https://storage.googleapis.com/download/storage/v1/b/lastmile-ui/o/import%2Fphotos%2Fconverted%2Fproduct%2Fglobal_brOxEPnni0c3O7AXZ70q_W5RvAbpnRicygag1V4nopPhtD8z2_5ixpAYqelCyupvigHuOs_thumb.jpg?generation=1685538459680012&alt=media
IKI,"Indaplovių gelis SOMAT GOLD, 540 ml",7.99 €,https://firebasestorage.googleapis.com/v0/b/lastmile-ui/o/import%2Fphotos%2Fconverted%2Fproduct%2FthumbUrl%2FCvKfTzV4TN5U8BTMF1Hl_201659_OrXUvGAuc2NCJDRvzNOTXOM3rsp1_KsLmN08aGWUDjsquCBAS.webp?alt=media&token=64038bc7-20d1-42b2-b4cf-461b444eb875
IKI,"Sausas kačių ėdalas su vištiena ir daržovėmis WHISKAS, 300 g",1.19 €,https://storage.googleapis.com/download/storage/v1/b/lastmile-ui/o/import%2Fphotos%2Fconverted%2Fproduct%2FCvKfTzV4TN5U8BTMF1Hl_UcqCdseVqoubhvnDtA9G_CvKfTzV4TN5U8BTMF1Hl_W5RvAbpnRicygag1V4nopPhtD8z2_VrGzVTxttDKfLWbjZpr8_thumb.jpg?generation=1693481677021621&alt=media
IKI,"Plaukų šampūnas HEAD&SHOULDERS Apple Fresh, 400 ml",4.24 €,https://firebasestorage.googleapis.com/v0/b/lastmile-ui/o/import%2Fphotos%2Fconverted%2Fproduct%2FthumbUrl%2FCvKfTzV4TN5U8BTMF1Hl_102232_Y5wHCakiRVc8Kf1fJt96vh8Tr2I2_1B1IAX3AJXRZwbHsymXq.webp?alt=media&token=06630f3b-e3f4-49b2-84b6-cc6ce57b2bbd
IKI,"Higieniniai įklotai NATURELLA CAMOMILE NORMAL, 44 vnt.",3.07 €,https://firebasestorage.googleapis.com/v0/b/lastmile-ui/o/import%2Fphotos%2Fconverted%2Fproduct%2FthumbUrl%2FCvKfTzV4TN5U8BTMF1Hl_274341_Y5wHCakiRVc8Kf1fJt96vh8Tr2I2_g9oQsQKSk3zM5DTd3Jiv.webp?alt=media&token=fdc0ab79-a015-4ced-a3e8-b13836cde2f7
IKI,"Skalbimo milteliai PERSIL COLOR, 20 skalbimų, 1100 g",4.49 €,https://firebasestorage.googleapis.com/v0/b/lastmile-ui/o/import%2Fphotos%2Fconverted%2Fproduct%2FthumbUrl%2FCvKfTzV4TN5U8BTMF1Hl_281175_W5RvAbpnRicygag1V4nopPhtD8z2_IG3U3P8aicUIft029at8.webp?alt=media&token=d5f1b727-1bd4-4bda-9649-6838181a8ceb
IKI,"Malti muskato riešutai SAUDA, 28 g",0.83 €,https://storage.googleapis.com/download/storage/v1/b/lastmile-ui/o/import%2Fphotos%2Fconverted%2Fproduct%2FCvKfTzV4TN5U8BTMF1Hl_oDU3uc9xcDR4FBmlTWIf_xGdb10o0VzY1SFD6eDjbpqgxmW02_Zyi6OO7dmClyK40uffkR_thumb.jpg?generation=1644326726575542&alt=media
IKI,"Dantų pasta COLGATE MAX WHITE EXPERT WHITE, 75 ml",3.89 €,https://storage.googleapis.com/download/storage/v1/b/lastmile-ui/o/images%2Fproducts%2Fthumb_JoRjk3bysbpXVY60vyEY.jpg?generation=1582198568048114&alt=media
IKI,"WC valiklis-gaiviklis BREF SPA MOMENTS HARMONY, 100 g",2.99 €,https://storage.googleapis.com/download/storage/v1/b/lastmile-ui/o/import%2Fphotos%2Fconverted%2Fproduct%2FCvKfTzV4TN5U8BTMF1Hl_277061_CvKfTzV4TN5U8BTMF1Hl_W5RvAbpnRicygag1V4nopPhtD8z2_vCpBpLKOq2oDvysBoGiN_thumb.jpg?generation=1695364989017553&alt=media
IKI,"Malta kava AROMA GOLD, 500 g",7.29 €,https://firebasestorage.googleapis.com/v0/b/lastmile-ui/o/import%2Fphotos%2Fconverted%2Fproduct%2FthumbUrl%2FCvKfTzV4TN5U8BTMF1Hl_62983_uF3DptJQvjXHqmno4Mal_PkMBsSkBke1Z8doDflVS.webp?alt=media&token=1a032b33-27d2-4214-a846-3096cc184ec2
IKI,"Minkštinamasis pėdų kremas MARGARITA, 75 ml",1.89 €,https://firebasestorage.googleapis.com/v0/b/lastmile-ui/o/import%2Fphotos%2Fconverted%2Fproduct%2FthumbUrl%2FCvKfTzV4TN5U8BTMF1Hl_223124_OrXUvGAuc2NCJDRvzNOTXOM3rsp1_UZfpC6L4tHsNE3s2rciH.webp?alt=media&token=dea6eb54-f868-4bd3-a643-d9b320213349
IKI,"Veido prausiklis su ramunėlių ekstraktu MARGARITA, 200ml",2.49 €,https://firebasestorage.googleapis.com/v0/b/lastmile-ui/o/import%2Fphotos%2Fconverted%2Fproduct%2FthumbUrl%2FCvKfTzV4TN5U8BTMF1Hl_245248_OrXUvGAuc2NCJDRvzNOTXOM3rsp1_1ojN1OPgcOoAEqBKZl8x.webp?alt=media&token=fa28efd7-43b7-4555-b086-47c85966447c
IKI,"Gaivusis gėrimas CHUPA CHUPS STRAWBERRY, 0,345 l",0.99 €,https://storage.googleapis.com/download/storage/v1/b/lastmile-ui/o/import%2Fphotos%2Fconverted%2Fproduct%2Fglobal_mzCtybnwBRkNXKVf7mx6_W5RvAbpnRicygag1V4nopPhtD8z2_EQZtYg4uKJ6kKLDdY01S_thumb.jpg?generation=1687174780389577&alt=media
IKI,"Žirnių mikrožalumynai LEAFOOD, 25 g",1.39 €,https://firebasestorage.googleapis.com/v0/b/lastmile-ui/o/import%2Fphotos%2Fconverted%2Fproduct%2FthumbUrl%2FCvKfTzV4TN5U8BTMF1Hl_282064_OrXUvGAuc2NCJDRvzNOTXOM3rsp1_zBWNBOn6FZz53cCAAoOp.webp?alt=media&token=e7401b53-bb2c-489f-90a0-40ceadc1ba6a
IKI,Tortas MEDAUS 18 cm,9.99 €,https://firebasestorage.googleapis.com/v0/b/lastmile-ui/o/import%2Fphotos%2Fconverted%2Fproduct%2FthumbUrl%2FCvKfTzV4TN5U8BTMF1Hl_274638_W5RvAbpnRicygag1V4nopPhtD8z2_7jXmS6B643YocAvL72Sa.webp?alt=media&token=a4b0b5c1-6d15-45f0-863d-57bb165e92ce
IKI,"Mėsą minkštinanti druska SAUDA, 70 g",0.62 €,https://storage.googleapis.com/download/storage/v1/b/lastmile-ui/o/images%2Fproducts%2Fthumb_pMeRz9Dr5tUkHxPpAbwr.jpg?generation=1582205835124012&alt=media
IKI,FROSCH rankų muilas su migdolais (papildymas) 500ml,2.14 €,https://firebasestorage.googleapis.com/v0/b/lastmile-ui/o/import%2Fphotos%2Fconverted%2Fproduct%2FthumbUrl%2FCvKfTzV4TN5U8BTMF1Hl_90954_Y5wHCakiRVc8Kf1fJt96vh8Tr2I2_i2R3oc3DBtQZzCLEqf6G.webp?alt=media&token=7cbc8bbb-1bb1-4225-8bfb-8105f5c30879
IKI,Kūdikių dantų šepetėlis - kramtukas JORDAN STEP 0-2 metai,1.74 €,https://storage.googleapis.com/download/storage/v1/b/lastmile-ui/o/import%2Fphotos%2Fconverted%2Fproduct%2Fglobal_bIZm8bGxjktV2upuc4Jb_r9n5kqSjCnW7eMWy9cQs7lSXyPx2_jAQDwfOTAkoqQnlZp35Z_thumb.jpg?generation=1644304721510490&alt=media
IKI,"Apsauginis lūpų pieštukas MARGARITA KAKĖS MAKĖS, 4 g",2.39 €,https://firebasestorage.googleapis.com/v0/b/lastmile-ui/o/import%2Fphotos%2Fconverted%2Fproduct%2FthumbUrl%2FCvKfTzV4TN5U8BTMF1Hl_244132_Y5wHCakiRVc8Kf1fJt96vh8Tr2I2_o1geozSyP4jC8WGiaaug.webp?alt=media&token=e3941043-68ba-4db3-9260-b8683c8d4b34
IKI,"Skutimosi gelis GILLETTE Series Sensitive, 200ml",3.39 €,https://firebasestorage.googleapis.com/v0/b/lastmile-ui/o/import%2Fphotos%2Fconverted%2Fproduct%2FthumbUrl%2FCvKfTzV4TN5U8BTMF1Hl_1477_Y5wHCakiRVc8Kf1fJt96vh8Tr2I2_MPMoidWTNPE9Z9uMoOFJ.webp?alt=media&token=dfee1b62-d7c3-4fb8-bf4b-076103b9c122
IKI,"Šokoladiniai triufeliai CUPIDO, 200 g",3.99 €,https://storage.googleapis.com/download/storage/v1/b/lastmile-ui/o/images%2Fproducts%2Fthumb_tYzE3h1fsoBYShAAQwNU.jpg?generation=1631695766395595&alt=media
IKI,"Vyšnios šokolade BILLA PREMIUM, 168 g",4.63 €,https://storage.googleapis.com/download/storage/v1/b/lastmile-ui/o/import%2Fphotos%2Fconverted%2Fproduct%2FCvKfTzV4TN5U8BTMF1Hl_278586_CvKfTzV4TN5U8BTMF1Hl_W5RvAbpnRicygag1V4nopPhtD8z2_v9nbadRLavayZCFlued7_thumb.webp?generation=1699527957046078&alt=media
IKI,"Skalbimo kapsulės PERSIL POWER CAPS Universal, 29 skalbimai",8.99 €,https://firebasestorage.googleapis.com/v0/b/lastmile-ui/o/import%2Fphotos%2Fconverted%2Fproduct%2FthumbUrl%2FCvKfTzV4TN5U8BTMF1Hl_284282_Y5wHCakiRVc8Kf1fJt96vh8Tr2I2_DpYJtXpNJmU3hKN7bQZ6.webp?alt=media&token=e14bc767-e56f-4610-b025-893078e11de4
IKI,Karštai rūkyta skumbrės išklotinė aromatinė,9.59 €,https://storage.googleapis.com/download/storage/v1/b/lastmile-ui/o/import%2Fphotos%2Fconverted%2Fproduct%2Fglobal_KgB3eziap0vO1mFKCmRr_W5RvAbpnRicygag1V4nopPhtD8z2_asTC5gZ3cbE0oSPne7gg_thumb.jpg?generation=1684847134809416&alt=media
IKI,"Vytintas kumpis aukščiausia rūšis SERRANO, 240 g",5.99 €,https://firebasestorage.googleapis.com/v0/b/lastmile-ui/o/import%2Fphotos%2Fconverted%2Fproduct%2FthumbUrl%2FCvKfTzV4TN5U8BTMF1Hl_281358_OrXUvGAuc2NCJDRvzNOTXOM3rsp1_GXjcxFx0iztkiPZbeUGo.webp?alt=media&token=5103f0f6-b732-4bc4-9137-2cc213e3c174
IKI,"Minkštiklis LENOR  Gold Orchid&Vanilla, 32 skalb., 675ml",2.89 €,https://firebasestorage.googleapis.com/v0/b/lastmile-ui/o/import%2Fphotos%2Fconverted%2Fproduct%2FthumbUrl%2FCvKfTzV4TN5U8BTMF1Hl_287773_OrXUvGAuc2NCJDRvzNOTXOM3rsp1_L8HKtkhqmWOkzN7toXGP.webp?alt=media&token=5be05abb-44e1-4d3d-a117-4265de56ddf6
IKI,"Ekologiški saulėgrąžų branduoliai ALVO ORGANIC, 350 g",1.49 €,https://storage.googleapis.com/download/storage/v1/b/lastmile-ui/o/images%2Fproducts%2Fthumb_tBo1ppZf6OTfcYHwOGBe.jpg?generation=1644048538931779&alt=media
IKI,Bengališka Neon ugnelė 28 cm,2.99 €,https://firebasestorage.googleapis.com/v0/b/lastmile-ui/o/import%2Fphotos%2Fconverted%2Fproduct%2FthumbUrl%2FCvKfTzV4TN5U8BTMF1Hl_257290_W5RvAbpnRicygag1V4nopPhtD8z2_9SI7AgJlDdGzIqTEhMHa.webp?alt=media&token=b3bc3b5f-e176-463f-bc11-9d4a74be86c1
IKI,"Skalbinių minkštiklis SILAN AROMATHERAPY RELAXING MALDIVES, 50 skalbimų, 1100 ml",3.49 €,https://firebasestorage.googleapis.com/v0/b/lastmile-ui/o/import%2Fphotos%2Fconverted%2Fproduct%2FthumbUrl%2FCvKfTzV4TN5U8BTMF1Hl_281153_W5RvAbpnRicygag1V4nopPhtD8z2_9CYOWlFSCjOfBGEaG6Dh.webp?alt=media&token=8f34da35-9abe-48e2-87d3-da3b443d2a15
IKI,"Veido tonikas MARGARITA su alavijų ekstraktu, 200 ml",2.24 €,https://firebasestorage.googleapis.com/v0/b/lastmile-ui/o/import%2Fphotos%2Fconverted%2Fproduct%2FthumbUrl%2FCvKfTzV4TN5U8BTMF1Hl_245249_OrXUvGAuc2NCJDRvzNOTXOM3rsp1_n1tg5eD3bNIQKbLSjc5g.webp?alt=media&token=945bf155-ce93-4276-b356-df8042792131
IKI,"Skalbimo kapsulės PERSIL POWER CAPS Color, 29 skalbimai",8.99 €,https://firebasestorage.googleapis.com/v0/b/lastmile-ui/o/import%2Fphotos%2Fconverted%2Fproduct%2FthumbUrl%2FCvKfTzV4TN5U8BTMF1Hl_284278_Y5wHCakiRVc8Kf1fJt96vh8Tr2I2_YkfMTsF5OXwZtEOjPFt2.webp?alt=media&token=9e1b94c1-061f-42f6-af45-7f87f6767b2f
IKI,"Sausas ėdalas katėms FRISKIES su vištiena, daržovėmis, 300 g",1.39 €,https://firebasestorage.googleapis.com/v0/b/lastmile-ui/o/import%2Fphotos%2Fconverted%2Fproduct%2FthumbUrl%2FCvKfTzV4TN5U8BTMF1Hl_60402_Y5wHCakiRVc8Kf1fJt96vh8Tr2I2_yEDnlWvqcebAX2m3MhJq.webp?alt=media&token=d358ec7e-69e7-4c10-a66e-eb5108ac15b2
IKI,"Ekologiška įvairių daržovių tyrelė HIPP (nuo 4 mėn.), 125 g",1.42 €,https://storage.googleapis.com/download/storage/v1/b/lastmile-ui/o/images%2Fproducts%2Fthumb_2iIS8iKhxULI6cvPGKfb.jpg?generation=1644048047942606&alt=media
IKI,"Burnos Skalavimo Skystis LISTERINE COOLMINT, 1l",5.24 €,https://storage.googleapis.com/download/storage/v1/b/lastmile-ui/o/import%2Fphotos%2Fconverted%2Fproduct%2Fglobal_O2Ixbi70fc8owgsFVW5a_xGdb10o0VzY1SFD6eDjbpqgxmW02_HJh60HeKPX26M9O5YSLt_thumb.jpg?generation=1644326719850183&alt=media
IKI,"Ryžiai su lašiša (šaldyti), 400 g",2.79 €,https://firebasestorage.googleapis.com/v0/b/lastmile-ui/o/import%2Fphotos%2Fconverted%2Fproduct%2FthumbUrl%2FCvKfTzV4TN5U8BTMF1Hl_279896_W5RvAbpnRicygag1V4nopPhtD8z2_7n7OMNYecTYWFR3cXupj.webp?alt=media&token=f0d278ff-8817-4643-a235-249424a8cc1c
IKI,"Skalbimo lapeliai DR.BECKMANN Colour, 25 vnt.",3.99 €,https://storage.googleapis.com/download/storage/v1/b/lastmile-ui/o/import%2Fphotos%2Fconverted%2Fproduct%2Fglobal_MQ0MImVdEL9pSCkhcHT9_W5RvAbpnRicygag1V4nopPhtD8z2_tkKgUIb1HDhzJck1MoT1_thumb.jpg?generation=1685087718342585&alt=media
IKI,"Citrinų kvapo indaplovių indų ploviklio kapsulės FINISH POWERBALL QUANTUM ALL IN 1, 35 vnt.",11.49 €,https://storage.googleapis.com/download/storage/v1/b/lastmile-ui/o/import%2Fphotos%2Fconverted%2Fproduct%2Fglobal_RSUJr26aigZDz7u7bj9w_xGdb10o0VzY1SFD6eDjbpqgxmW02_RGEQNr2n15vC068p6rfa_thumb.jpg?generation=1674651245018451&alt=media
IKI,"Biskvitinis pyragaitis su braškiniu įdaru BARNI, 150 g",1.99 €,https://firebasestorage.googleapis.com/v0/b/lastmile-ui/o/import%2Fphotos%2Fconverted%2Fproduct%2FthumbUrl%2FCvKfTzV4TN5U8BTMF1Hl_4869_uF3DptJQvjXHqmno4Mal_sOYZvL4qOgxs7Tkb23rB.webp?alt=media&token=ac203599-0e43-4603-848e-fcb2ba0d9956
IKI,"Dušo želė NIVEA Star Fruit, 500 ml",3.44 €,https://storage.googleapis.com/download/storage/v1/b/lastmile-ui/o/import%2Fphotos%2Fconverted%2Fproduct%2FCvKfTzV4TN5U8BTMF1Hl_277683_CvKfTzV4TN5U8BTMF1Hl_W5RvAbpnRicygag1V4nopPhtD8z2_MuX1HFHDuV1HRPgLNlNF_thumb.webp?generation=1700137015281761&alt=media
IKI,Spurga su įdaru DONUT COOKIE,0.55 €,https://firebasestorage.googleapis.com/v0/b/lastmile-ui/o/import%2Fphotos%2Fconverted%2Fproduct%2FthumbUrl%2FCvKfTzV4TN5U8BTMF1Hl_289700_OrXUvGAuc2NCJDRvzNOTXOM3rsp1_Qq38kZoMZogklV27NEZj.webp?alt=media&token=f0a1053e-565b-47b4-bd80-fe5c47dbb763
IKI,"Antiperspirantas GARNIER MINERAL MAGNESIUM ULTRA Dry, 50 ml",2.89 €,https://storage.googleapis.com/download/storage/v1/b/lastmile-ui/o/import%2Fphotos%2Fconverted%2Fproduct%2Fglobal_voH6VZYoXfdwHgYK3p4C_xGdb10o0VzY1SFD6eDjbpqgxmW02_UK6qsJSuM7uxtZaMQLBe_thumb.jpg?generation=1658742184995918&alt=media
IKI,"Skalbimo gelis PERSIL COLOR, 44 skalbimai, 1980 ml",8.99 €,https://firebasestorage.googleapis.com/v0/b/lastmile-ui/o/import%2Fphotos%2Fconverted%2Fproduct%2FthumbUrl%2FCvKfTzV4TN5U8BTMF1Hl_281156_W5RvAbpnRicygag1V4nopPhtD8z2_z0PD2niUiipv3QkO2pjN.webp?alt=media&token=b7b3f98c-0276-49e9-bd2d-67efa1d00dd7
IKI,"Burnos skalavimo skystis LISTERINE CLEAN & FRESH, 500 ml",3.99 €,https://storage.googleapis.com/download/storage/v1/b/lastmile-ui/o/import%2Fphotos%2Fconverted%2Fproduct%2Fglobal_Ixa8earbuBJzMLKAeCVe_xGdb10o0VzY1SFD6eDjbpqgxmW02_KAZrha7I4o7HUkl7ZWDF_thumb.jpg?generation=1644326725644981&alt=media
IKI,"Skalbimo kapsulės PERSIL DISCS Color, 13 skalbimų",4.49 €,https://firebasestorage.googleapis.com/v0/b/lastmile-ui/o/import%2Fphotos%2Fconverted%2Fproduct%2FthumbUrl%2FCvKfTzV4TN5U8BTMF1Hl_284279_Y5wHCakiRVc8Kf1fJt96vh8Tr2I2_krAOcVNDATnqtEeCsiV1.webp?alt=media&token=e0ae16e2-fbf6-4ef7-af6e-ed5ad49efc55
IKI,"Saldainių asorti LAIMA - LIETUVA, 360 g",6.59 €,https://storage.googleapis.com/download/storage/v1/b/lastmile-ui/o/images%2Fchain_products%2FIKI%2Fthumb_KSHAPsa4foJIIbMnAHP4.jpg?generation=1631695778868184&alt=media
IKI,"Kepsnių prieskoniai SAUDA (be druskos), 50 g",0.62 €,https://storage.googleapis.com/download/storage/v1/b/lastmile-ui/o/import%2Fphotos%2Fconverted%2Fproduct%2FCvKfTzV4TN5U8BTMF1Hl_BWl3nqF1VoXaaiHGb7u7_CvKfTzV4TN5U8BTMF1Hl_W5RvAbpnRicygag1V4nopPhtD8z2_oV4MCazLNsonHmwLdBNJ_thumb.jpg?generation=1693481671630203&alt=media
IKI,"Džiovinti abrikosai ALVO, 150 g",1.74 €,https://storage.googleapis.com/download/storage/v1/b/lastmile-ui/o/import%2Fphotos%2Fconverted%2Fproduct%2Fglobal_bhlu8iatqtAjpALx04Yf_xGdb10o0VzY1SFD6eDjbpqgxmW02_cs9J90nlEeSVtfxbXe2i_thumb.jpg?generation=1675259628056090&alt=media
IKI,"Moliūgų sėklų branduoliai ALVO, 500 g",3.99 €,https://storage.googleapis.com/download/storage/v1/b/lastmile-ui/o/import%2Fphotos%2Fconverted%2Fproduct%2Fglobal_yaucwCTOCs70W9ewvm7a_xGdb10o0VzY1SFD6eDjbpqgxmW02_pAadTITniBGhDvA2i2Xf_thumb.jpg?generation=1667978458120632&alt=media
IKI,"Dantų šepetėlis LACALUT AKTIV, 1 vnt.",1.99 €,https://storage.googleapis.com/download/storage/v1/b/lastmile-ui/o/images%2Fproducts%2Fthumb_ftXbmA2WF72oRXSWce5f.jpg?generation=1594714692879010&alt=media
IKI,"Popierinės nosinaitės RENOVA DESIGN 6 vnt., 4 sl., 42 lap.",0.15 €,https://firebasestorage.googleapis.com/v0/b/lastmile-ui/o/import%2Fphotos%2Fconverted%2Fproduct%2FthumbUrl%2FCvKfTzV4TN5U8BTMF1Hl_281133_OrXUvGAuc2NCJDRvzNOTXOM3rsp1_avmyfheUlZKtFTJzIpmy.webp?alt=media&token=508f66b6-17e3-45af-ae0a-fd9991e196bd
IKI,Varškės tortas su uogomis,14.99 €,https://firebasestorage.googleapis.com/v0/b/lastmile-ui/o/import%2Fphotos%2Fconverted%2Fproduct%2FthumbUrl%2FCvKfTzV4TN5U8BTMF1Hl_274637_W5RvAbpnRicygag1V4nopPhtD8z2_5V806YsjGEP7kzEkbpkz.webp?alt=media&token=466fc0ea-72ed-4f74-89c4-b6ccdc00888d
IKI,"Trikampis sumuštinis su tunu POLAR IKI ŠEFAI, 160 g",1.79 €,https://firebasestorage.googleapis.com/v0/b/lastmile-ui/o/import%2Fphotos%2Fconverted%2Fproduct%2FthumbUrl%2FCvKfTzV4TN5U8BTMF1Hl_281477_W5RvAbpnRicygag1V4nopPhtD8z2_F0zkMfe4Y3XowFgAdbkK.webp?alt=media&token=1a27f4ba-7682-4047-b42b-4882c57e59ac
IKI,"Prezervatyvai LIFESTYLES SKYN ORIGINAL, 3 vnt.",1.99 €,https://storage.googleapis.com/download/storage/v1/b/lastmile-ui/o/import%2Fphotos%2Fconverted%2Fproduct%2FCvKfTzV4TN5U8BTMF1Hl_3lX2PWKv63AGRK98MtGY_xGdb10o0VzY1SFD6eDjbpqgxmW02_0ZZ94fQqPIoveT3VGmTV_thumb.jpg?generation=1660117940643694&alt=media
IKI,"Depiliacinis kremas VEET SENSITIVE SKIN, 100 ml",4.24 €,https://storage.googleapis.com/download/storage/v1/b/lastmile-ui/o/images%2Fproducts%2Fthumb_HW8TGypib6sPdk1sMEX1.jpg?generation=1631696130307189&alt=media
IKI,"Saldus aitriųjų paprikų padažas AJI, 700 ml",2.58 €,https://storage.googleapis.com/download/storage/v1/b/lastmile-ui/o/images%2Fproducts%2Fthumb_3wUZXZyJZEBlh8ymMPBR.jpg?generation=1582195107035995&alt=media
IKI,"Šampūnas SYOSS COLOR, 440 ml",3.84 €,https://firebasestorage.googleapis.com/v0/b/lastmile-ui/o/import%2Fphotos%2Fconverted%2Fproduct%2FthumbUrl%2FCvKfTzV4TN5U8BTMF1Hl_262086_uF3DptJQvjXHqmno4Mal_AluLSTZxJrOqzl6fwak9.webp?alt=media&token=0ff40ff0-8a98-4059-9ae2-d8d33fc1f040
IKI,"Vienkartiniai skustuvai VENUS Simply3, 4vnt.",2.99 €,https://firebasestorage.googleapis.com/v0/b/lastmile-ui/o/import%2Fphotos%2Fconverted%2Fproduct%2FthumbUrl%2FCvKfTzV4TN5U8BTMF1Hl_266093_Y5wHCakiRVc8Kf1fJt96vh8Tr2I2_7phco9oeJCaIkpgojJGe.webp?alt=media&token=219d7046-31cb-4384-be93-f2abdcc70bfa
IKI,"Ledai Oreo Sandwich, 110ml",1.49 €,https://firebasestorage.googleapis.com/v0/b/lastmile-ui/o/import%2Fphotos%2Fconverted%2Fproduct%2FthumbUrl%2FCvKfTzV4TN5U8BTMF1Hl_287807_OrXUvGAuc2NCJDRvzNOTXOM3rsp1_IGE0vFr3KdYOCTTeirOq.webp?alt=media&token=3e9d76da-a5d9-4e06-81be-40a3f6fb60d5
IKI,Dantų krapštukai 200 vnt. (kieta dėž.),0.24 €,https://firebasestorage.googleapis.com/v0/b/lastmile-ui/o/import%2Fphotos%2Fconverted%2Fproduct%2FthumbUrl%2FCvKfTzV4TN5U8BTMF1Hl_288526_OrXUvGAuc2NCJDRvzNOTXOM3rsp1_CWr6Tcrgyzcr6ICszJbO.webp?alt=media&token=917affcd-f6a5-4399-8d0b-15480aa32c53
IKI,"Plaukų šampūnas HEAD&SHOULDERS Sensitive, 400 ml",4.24 €,https://firebasestorage.googleapis.com/v0/b/lastmile-ui/o/import%2Fphotos%2Fconverted%2Fproduct%2FthumbUrl%2FCvKfTzV4TN5U8BTMF1Hl_15266_Y5wHCakiRVc8Kf1fJt96vh8Tr2I2_5Y7sWNpOxVx9PsIi9My2.webp?alt=media&token=cc191b66-7753-46dc-9929-a205032fa9af
IKI,"Maltas kardamonas SAUDA, 15 g",0.48 €,https://storage.googleapis.com/download/storage/v1/b/lastmile-ui/o/import%2Fphotos%2Fconverted%2Fproduct%2Fglobal_tqMYIKrJDuycbb0gi0XI_W5RvAbpnRicygag1V4nopPhtD8z2_r3sc7FPJRDtWyrCrrCoK_thumb.jpg?generation=1686902077237516&alt=media
IKI,Popieriniai rankšluosčiai VELTIE BOOST 300 lap. 3 sl.,1.99 €,https://firebasestorage.googleapis.com/v0/b/lastmile-ui/o/import%2Fphotos%2Fconverted%2Fproduct%2FthumbUrl%2FCvKfTzV4TN5U8BTMF1Hl_288613_OrXUvGAuc2NCJDRvzNOTXOM3rsp1_6PHzwyLbVr4tzt4yBytR.webp?alt=media&token=93d9b97d-d150-4337-b8b9-9e8024facea3
IKI,"Moteriškas purškiamas dezodorantas REXONA ACTIVE PROTECTION, 150 ml",2.14 €,https://storage.googleapis.com/download/storage/v1/b/lastmile-ui/o/import%2Fphotos%2Fconverted%2Fproduct%2Fglobal_igwJkruR9hwAFG8hnOOQ_xGdb10o0VzY1SFD6eDjbpqgxmW02_8okiLnqZ29S1hDCSYuOb_thumb.jpg?generation=1644326718621204&alt=media
IKI,"Pūkų rinkiklis VILEDA, 1 vnt.",2.99 €,https://storage.googleapis.com/download/storage/v1/b/lastmile-ui/o/images%2Fchain_products%2FIKI%2Fthumb_TW3NizjwnyYcWOejsK7A.jpg?generation=1631696116430020&alt=media
IKI,Medaus tortas 18cm,9.99 €,https://firebasestorage.googleapis.com/v0/b/lastmile-ui/o/import%2Fphotos%2Fconverted%2Fproduct%2FthumbUrl%2FCvKfTzV4TN5U8BTMF1Hl_248119_W5RvAbpnRicygag1V4nopPhtD8z2_NNgxJzvEjXmD78HQQxtP.webp?alt=media&token=c6938788-9df7-4aa4-9d45-ef0f8ab93c16
IKI,BILLA popierinės servetėlės dėž. 90 vnt/3 sl.,0.99 €,https://firebasestorage.googleapis.com/v0/b/lastmile-ui/o/import%2Fphotos%2Fconverted%2Fproduct%2FthumbUrl%2FCvKfTzV4TN5U8BTMF1Hl_283258_OrXUvGAuc2NCJDRvzNOTXOM3rsp1_GTZeZYEG1kMocqOrE6iF.webp?alt=media&token=5ada8f02-c314-44c5-ad33-9a2777859d70
IKI,"Dušo želė vyrams PALMOLIVE REFRESHING, 500 ml",3.49 €,https://storage.googleapis.com/download/storage/v1/b/lastmile-ui/o/import%2Fphotos%2Fconverted%2Fproduct%2Fglobal_bl7MYQJZ6DWgJ08OlBBQ_xGdb10o0VzY1SFD6eDjbpqgxmW02_G8eesUOiTa33bKIt7wJ9_thumb.jpg?generation=1679554245750506&alt=media
IKI,"Dušo želė NIVEA Creme Soft, 250 ml",2.49 €,https://storage.googleapis.com/download/storage/v1/b/lastmile-ui/o/import%2Fphotos%2Fconverted%2Fproduct%2Fglobal_g78QXhelIwU5sMTskHC0_xGdb10o0VzY1SFD6eDjbpqgxmW02_DfxH46BZvWablj97ezuv_thumb.jpg?generation=1674560110407976&alt=media
IKI,"Plaukų lakas TAFT POWER CASHMERE, 250 ml",2.99 €,https://storage.googleapis.com/download/storage/v1/b/lastmile-ui/o/import%2Fphotos%2Fconverted%2Fproduct%2FCvKfTzV4TN5U8BTMF1Hl_VpTybxoHaMBBfzu15BZX_xGdb10o0VzY1SFD6eDjbpqgxmW02_C7asI1V3NMsVNVZljmFY_thumb.jpg?generation=1676010678516904&alt=media
IKI,"Pieštukinis dezodorantas OLD SPICE Bearglove, 50ml",2.64 €,https://firebasestorage.googleapis.com/v0/b/lastmile-ui/o/import%2Fphotos%2Fconverted%2Fproduct%2FthumbUrl%2FCvKfTzV4TN5U8BTMF1Hl_248142_Y5wHCakiRVc8Kf1fJt96vh8Tr2I2_XG7JtUpFzYLWeFG3IXhP.webp?alt=media&token=eee2c536-c624-46ed-af11-76609661abff
IKI,"Indaplovių indų ploviklio kapsulės FINISH POWERBALL ULTIMATE PLUS, 36 vnt.",13.99 €,https://storage.googleapis.com/download/storage/v1/b/lastmile-ui/o/import%2Fphotos%2Fconverted%2Fproduct%2Fglobal_YLBTqNnY6BM9dOs9mg5a_W5RvAbpnRicygag1V4nopPhtD8z2_O0uNIpNkkfBqxyh7oH7A_thumb.jpg?generation=1685538459609544&alt=media
IKI,"Mikropluošto šluostės VILEDA, 4 vnt.",5.09 €,https://storage.googleapis.com/download/storage/v1/b/lastmile-ui/o/import%2Fphotos%2Fconverted%2Fproduct%2Fglobal_TmFd7HcdiZWRTODy45rZ_xGdb10o0VzY1SFD6eDjbpqgxmW02_cIQkciIZZ5Qm13qcJjJr_thumb.jpg?generation=1679554276634977&alt=media
IKI,"Drėkinamasis kūno kremas NIVEA SOFT, 200 ml",3.74 €,https://storage.googleapis.com/download/storage/v1/b/lastmile-ui/o/images%2Fchain_products%2FIKI%2Fthumb_BNaI1PZXyUFUcW3zfYqT.jpg?generation=1631695744725336&alt=media
IKI,"WC muiliukas BREF SVR LEMON, 50 g",1.49 €,https://storage.googleapis.com/download/storage/v1/b/lastmile-ui/o/import%2Fphotos%2Fconverted%2Fproduct%2FCvKfTzV4TN5U8BTMF1Hl_niYHhl00QIFfcgNpRGa5_CvKfTzV4TN5U8BTMF1Hl_W5RvAbpnRicygag1V4nopPhtD8z2_kunA67Fo4jIJUxtfEU6K_thumb.jpg?generation=1690376599817357&alt=media
IKI,"Belgiškų šokoladinių saldainių rinkinys MILORA, 250 g",5.59 €,https://storage.googleapis.com/download/storage/v1/b/lastmile-ui/o/images%2Fproducts%2Fthumb_pQaxsiKEL1l24lhkfJMi.jpg?generation=1639147458439842&alt=media
IKI,"Moteriškas rutulinis dezodorantas REXONA ALOE VERA, 50 ml",2.14 €,https://storage.googleapis.com/download/storage/v1/b/lastmile-ui/o/images%2Fproducts%2Fthumb_D36sYnsgBs1UMykVsAYz.jpg?generation=1639147427156601&alt=media
IKI,"Skustuvas BIC COMFORT BAG, 5 vnt.",1.74 €,https://storage.googleapis.com/download/storage/v1/b/lastmile-ui/o/import%2Fphotos%2Fconverted%2Fproduct%2FCvKfTzV4TN5U8BTMF1Hl_HEpG2MEe5k7FSlSXZjsC_xGdb10o0VzY1SFD6eDjbpqgxmW02_dPnOe0uDl5l23JxgZJdF_thumb.jpg?generation=1679554239838609&alt=media
IKI,"Ekologiškos multivitaminų sultys nuo 4 mėn. HIPP, 200 ml",1.49 €,https://storage.googleapis.com/download/storage/v1/b/lastmile-ui/o/import%2Fphotos%2Fconverted%2Fproduct%2Fglobal_zE1CghTM3DadVyyhG0LG_xGdb10o0VzY1SFD6eDjbpqgxmW02_uxbomsq6qQWOmhUcUzeK_thumb.jpg?generation=1675259626187444&alt=media
IKI,"Lapinis augalas, CHAMEDORĖJA",1.99 €,https://storage.googleapis.com/download/storage/v1/b/lastmile-ui/o/import%2Fphotos%2Fconverted%2Fproduct%2Fglobal_Rzv7U4obsA3SfBVLp7RZ_xGdb10o0VzY1SFD6eDjbpqgxmW02_RMS9DP2smBMF9BplKTvU_thumb.jpg?generation=1675778810961635&alt=media
IKI,"Purškiamas dezodorantas vyrams NIVEA BLACK&WHITE FRESH, 150 ml",2.39 €,https://storage.googleapis.com/download/storage/v1/b/lastmile-ui/o/images%2Fproducts%2Fthumb_pJj2Rssi7gRVT5QLMhwz.jpg?generation=1644048374526152&alt=media
IKI,"Skustuvo galvutės GILLETTE MACH3, 8vnt.",11.99 €,https://firebasestorage.googleapis.com/v0/b/lastmile-ui/o/import%2Fphotos%2Fconverted%2Fproduct%2FthumbUrl%2FCvKfTzV4TN5U8BTMF1Hl_256991_Y5wHCakiRVc8Kf1fJt96vh8Tr2I2_W1lKnqmQ9PJP6mvcLvbn.webp?alt=media&token=cd38a239-5a54-4435-bf55-73ee5c4e58f1
IKI,"Balinamoji dantų pasta jautriems dantims su OMYADENT ECODENTA, 100 ml",2.89 €,https://storage.googleapis.com/download/storage/v1/b/lastmile-ui/o/images%2Fproducts%2Fthumb_3YTTlRRuBzorJOpyIx0K.jpg?generation=1623061296920021&alt=media
IKI,"Skalbinių minkštiklis SILAN LAVENDER SPRING, 40 skalbimų, 880 ml",2.49 €,https://firebasestorage.googleapis.com/v0/b/lastmile-ui/o/import%2Fphotos%2Fconverted%2Fproduct%2FthumbUrl%2FCvKfTzV4TN5U8BTMF1Hl_281151_W5RvAbpnRicygag1V4nopPhtD8z2_yq7EZbu2oVBeEwH38LLU.webp?alt=media&token=09f0fa6e-65d3-46cb-9063-4e591df2a5e6
IKI,"Kremas lūpoms NIVEA MEN, 5 g",2.14 €,https://firebasestorage.googleapis.com/v0/b/lastmile-ui/o/import%2Fphotos%2Fconverted%2Fproduct%2FthumbUrl%2FCvKfTzV4TN5U8BTMF1Hl_64750_Pos12xpkYpPSKaVDW3jqu7xnlg23_Lw9kbjDWUqCC3BwOeoFk.webp?alt=media&token=df92968b-8b2c-4ae3-afd9-fae667807087
IKI,"Triufeliai lazdyno riešutų skonio PERGALĖ Hazelnut, 200 g",3.35 €,https://storage.googleapis.com/download/storage/v1/b/lastmile-ui/o/import%2Fphotos%2Fconverted%2Fproduct%2Fglobal_syAbXlb4Tmbi2cezWIdh_W5RvAbpnRicygag1V4nopPhtD8z2_4xy5SGPMPdLCJuCiPaAM_thumb.jpg?generation=1684847140655624&alt=media
IKI,"Juoda duona su sėklomis, 400 g",1.19 €,https://firebasestorage.googleapis.com/v0/b/lastmile-ui/o/import%2Fphotos%2Fconverted%2Fproduct%2FthumbUrl%2FCvKfTzV4TN5U8BTMF1Hl_288532_OrXUvGAuc2NCJDRvzNOTXOM3rsp1_kyoOuBKNQPjHtN5HZ6YS.webp?alt=media&token=a39e40b2-47b0-4b78-994c-2527b29c184d
IKI,"Lukštentos moliūgų sėklos, 1 kg",5.99 €,https://storage.googleapis.com/download/storage/v1/b/lastmile-ui/o/import%2Fphotos%2Fconverted%2Fproduct%2Fglobal_n0iWp6JuUGUHSiElce3D_W5RvAbpnRicygag1V4nopPhtD8z2_a05KmFkjWYevdA43CTYK_thumb.jpg?generation=1687181644765022&alt=media
IKI,"Kremas lūpoms NIVEA ESSENTIAL, 5 g",2.14 €,https://firebasestorage.googleapis.com/v0/b/lastmile-ui/o/import%2Fphotos%2Fconverted%2Fproduct%2FthumbUrl%2FCvKfTzV4TN5U8BTMF1Hl_218522_uF3DptJQvjXHqmno4Mal_IsgsjXyYMShnXIXJCMdc.webp?alt=media&token=4644d582-8d58-484d-8206-4a3a7844df2e
IKI,"Plaukų šampūnas PANTENE Intensive Repair Active Nutri-Plex, 400 ml",4.09 €,https://firebasestorage.googleapis.com/v0/b/lastmile-ui/o/import%2Fphotos%2Fconverted%2Fproduct%2FthumbUrl%2FCvKfTzV4TN5U8BTMF1Hl_226228_Y5wHCakiRVc8Kf1fJt96vh8Tr2I2_uhe4JZKTzBaFgNI7Eudk.webp?alt=media&token=2861e676-d7d6-4922-9fb6-81d42c537419
IKI,"Plaukų lakas SYOSS VOLUME LIFT, 300 ml",4.09 €,https://firebasestorage.googleapis.com/v0/b/lastmile-ui/o/import%2Fphotos%2Fconverted%2Fproduct%2FthumbUrl%2FCvKfTzV4TN5U8BTMF1Hl_12884_W5RvAbpnRicygag1V4nopPhtD8z2_8wciJPFpDuMRKOtnbdOk.webp?alt=media&token=7a1d253f-8a5f-45a2-8871-ca78541c078e
IKI,"Nealkoholinis putojantis vynas NOZECO, 0,2 l",1.74 €,https://storage.googleapis.com/download/storage/v1/b/lastmile-ui/o/images%2Fproducts%2Fthumb_GVDfNY8omx44Qn3RJBmb.jpg?generation=1639147622880852&alt=media
IKI,"Lęšių traškučiai su druska BILLA, 100g",1.49 €,https://firebasestorage.googleapis.com/v0/b/lastmile-ui/o/import%2Fphotos%2Fconverted%2Fproduct%2FthumbUrl%2FCvKfTzV4TN5U8BTMF1Hl_284484_OrXUvGAuc2NCJDRvzNOTXOM3rsp1_CILNBnFUc7oSQ89pwMmI.webp?alt=media&token=96154866-8fdb-4444-8ea3-8f1de56cdd74
IKI,"Kalendrų sėklos SAUDA, 40 g",0.34 €,https://storage.googleapis.com/download/storage/v1/b/lastmile-ui/o/images%2Fproducts%2Fthumb_c2yYBOlkpwLjeCXzzAM6.jpg?generation=1639147494387248&alt=media
IKI,"Ekologiškas slyvų nektaras HIPP nuo 4 mėn., 200 ml",1.49 €,https://storage.googleapis.com/download/storage/v1/b/lastmile-ui/o/images%2Fproducts%2Fthumb_Qj8rRo4A5diQHpxGTwVE.jpg?generation=1582200102364381&alt=media
IKI,"Rutulinis dezodorantas NIVEA PEARL AND BEAUTY, 50 ml",2.39 €,https://storage.googleapis.com/download/storage/v1/b/lastmile-ui/o/import%2Fphotos%2Fconverted%2Fproduct%2Fglobal_XXEHkJ4gB9W92pKdOF4r_xGdb10o0VzY1SFD6eDjbpqgxmW02_cI8gueKQ3Cds2aozXZS6_thumb.jpg?generation=1674560110239324&alt=media
IKI,"Dantų pasta SENSODYNE FLUORIDE, 75 ml",2.99 €,https://firebasestorage.googleapis.com/v0/b/lastmile-ui/o/import%2Fphotos%2Fconverted%2Fproduct%2FthumbUrl%2FCvKfTzV4TN5U8BTMF1Hl_61936_Y5wHCakiRVc8Kf1fJt96vh8Tr2I2_4zKNyWT6If7xyj8W0umD.webp?alt=media&token=9ad83826-87ee-497f-bffc-fa135e164db0
IKI,"Ekologiška įvairių grūdų košė su moliūgu HIPP, 200 g",3.66 €,https://storage.googleapis.com/download/storage/v1/b/lastmile-ui/o/import%2Fphotos%2Fconverted%2Fproduct%2Fglobal_lBDTFP2yABWQsO27xEch_xGdb10o0VzY1SFD6eDjbpqgxmW02_4LaAxIGZYhIyulJNPfQ2_thumb.jpg?generation=1655385620135077&alt=media
IKI,"Dezodorantas LADY SPEED STICK GEL 24/7, 65 g",4.24 €,https://storage.googleapis.com/download/storage/v1/b/lastmile-ui/o/import%2Fphotos%2Fconverted%2Fproduct%2Fglobal_PbHxpDjqBKqMzWUlUWUS_W5RvAbpnRicygag1V4nopPhtD8z2_U2BMR8gfu2Mdoy4WGIx3_thumb.jpg?generation=1685538456297838&alt=media
IKI,"Skystasis skalbiklis PERWOLL DELICATES WOOL SILK, 40 skalbimų, 2000 ml",7.49 €,https://firebasestorage.googleapis.com/v0/b/lastmile-ui/o/import%2Fphotos%2Fconverted%2Fproduct%2FthumbUrl%2FCvKfTzV4TN5U8BTMF1Hl_281179_W5RvAbpnRicygag1V4nopPhtD8z2_HT7o78NcWL977hpX61cY.webp?alt=media&token=b9bbed9a-9979-4db8-baae-ff1679f9b6e9
IKI,"Unitazų muiliukas HARPIC ACTIVE FRESH, 2 vnt.",2.59 €,https://firebasestorage.googleapis.com/v0/b/lastmile-ui/o/import%2Fphotos%2Fconverted%2Fproduct%2FthumbUrl%2FCvKfTzV4TN5U8BTMF1Hl_264911_uF3DptJQvjXHqmno4Mal_zhrPotZV7jS465U2NYgG.webp?alt=media&token=fa9ca600-5b08-4489-ab38-040c7f31f2a5
IKI,"Dušo želė NEUTRAL, 250 ml",2.39 €,https://firebasestorage.googleapis.com/v0/b/lastmile-ui/o/import%2Fphotos%2Fconverted%2Fproduct%2FthumbUrl%2FCvKfTzV4TN5U8BTMF1Hl_1442_Y5wHCakiRVc8Kf1fJt96vh8Tr2I2_Ivck1cySBrq48ynicAH4.webp?alt=media&token=bdfa3eec-11d4-41de-bb4c-70b75ea03afa
IKI,"Vytintos stauridės BEER CLUB, 36 g",1.79 €,https://storage.googleapis.com/download/storage/v1/b/lastmile-ui/o/images%2Fproducts%2Fthumb_HL0Wud9Xy1dh8ADhcHg7.jpg?generation=1639663365275251&alt=media
IKI,"Maitinamasis kremas MARGARITA, 50 ml",2.39 €,https://firebasestorage.googleapis.com/v0/b/lastmile-ui/o/import%2Fphotos%2Fconverted%2Fproduct%2FthumbUrl%2FCvKfTzV4TN5U8BTMF1Hl_231947_OrXUvGAuc2NCJDRvzNOTXOM3rsp1_C9394K5Br2Aola5Hhvcv.webp?alt=media&token=ed9dcc0b-eba7-4fa7-a88c-2742bb5e6df7
IKI,"Ekologiška obuolių, bananų, mango tyrelė HiPP su kokosų kremu bei avižomis, 100 g",1.42 €,https://firebasestorage.googleapis.com/v0/b/lastmile-ui/o/import%2Fphotos%2Fconverted%2Fproduct%2FthumbUrl%2FCvKfTzV4TN5U8BTMF1Hl_277668_Pos12xpkYpPSKaVDW3jqu7xnlg23_F0YBrWgRWkUgl3Z1zkW9.webp?alt=media&token=3c844ea6-7fbd-41bb-bd74-fb8c08a227ce
IKI,"Mandarinai su lapais, 750G",2.49 €,https://firebasestorage.googleapis.com/v0/b/lastmile-ui/o/import%2Fphotos%2Fconverted%2Fproduct%2FthumbUrl%2FCvKfTzV4TN5U8BTMF1Hl_2209_OrXUvGAuc2NCJDRvzNOTXOM3rsp1_uuMQ3XRq2lKDIHLdteNJ.webp?alt=media&token=3549af10-3b3d-4337-96ec-8ed8b2a656f4
IKI,"Vytinti šiauriniai žydrieji merlangai BEER CLUB, 36 g",1.79 €,https://storage.googleapis.com/download/storage/v1/b/lastmile-ui/o/images%2Fproducts%2Fthumb_2weU2jKkr9lC5gEetoDn.jpg?generation=1639663369769523&alt=media
IKI,"Automatinis oro gaiviklio aromato užpildas PAVASARIO DŽIAUGSMAS AIR WICK PURE, 250 ml",4.29 €,https://storage.googleapis.com/download/storage/v1/b/lastmile-ui/o/images%2Fproducts%2Fthumb_6qzn8lglRW6Qllv8tmnP.jpg?generation=1631695846731885&alt=media
IKI,"Skalbinių minkštiklis SILAN SUPREME ROMANCE, 46 skalbimai, 1012 ml",3.49 €,https://firebasestorage.googleapis.com/v0/b/lastmile-ui/o/import%2Fphotos%2Fconverted%2Fproduct%2FthumbUrl%2FCvKfTzV4TN5U8BTMF1Hl_281159_W5RvAbpnRicygag1V4nopPhtD8z2_1pzm9PA22OUSshALa72r.webp?alt=media&token=4b3c808e-4179-4c8f-af5f-52b700aa6e7e
IKI,"Ananasų gabaliukai savo sultyse BILLA, 580 ml",1.99 €,https://firebasestorage.googleapis.com/v0/b/lastmile-ui/o/import%2Fphotos%2Fconverted%2Fproduct%2FthumbUrl%2FCvKfTzV4TN5U8BTMF1Hl_282317_OrXUvGAuc2NCJDRvzNOTXOM3rsp1_NVZR3YjiAx9fE90vXiMh.webp?alt=media&token=5200ce67-26ee-4efc-879f-82ff5bf9d58a
IKI,Tartaletė su vaisiais,11.19 €,https://firebasestorage.googleapis.com/v0/b/lastmile-ui/o/import%2Fphotos%2Fconverted%2Fproduct%2FthumbUrl%2FCvKfTzV4TN5U8BTMF1Hl_274643_W5RvAbpnRicygag1V4nopPhtD8z2_ddgqiSZ6YHeqsVnadKQY.webp?alt=media&token=843b8649-5aab-44dd-9a0f-5cd9d8abb057
IKI,Šaltai rūkytas LABANORO kiaulienos kumpelis sauso sūdymo,12.63 €,https://firebasestorage.googleapis.com/v0/b/lastmile-ui/o/import%2Fphotos%2Fconverted%2Fproduct%2FthumbUrl%2FCvKfTzV4TN5U8BTMF1Hl_279832_OrXUvGAuc2NCJDRvzNOTXOM3rsp1_JaIMhroUIp6FflwgsEEL.webp?alt=media&token=7a2518c8-813a-4d59-84c7-2e698baec714
IKI,"Skutimosi gelis GILLETTE FUSION Ultra Sensitive, 200ml",3.99 €,https://firebasestorage.googleapis.com/v0/b/lastmile-ui/o/import%2Fphotos%2Fconverted%2Fproduct%2FthumbUrl%2FCvKfTzV4TN5U8BTMF1Hl_34145_Y5wHCakiRVc8Kf1fJt96vh8Tr2I2_r47bm86bzhyM3fugoUZZ.webp?alt=media&token=1875f645-03c1-4c83-ae69-29adcfa9b170
IKI,"Šokoladiniai saldainiai su traškiu ryžių įdaru M&M'S, 187 g",1.99 €,https://storage.googleapis.com/download/storage/v1/b/lastmile-ui/o/import%2Fphotos%2Fconverted%2Fproduct%2Fglobal_G2UriQuTRmdBHj9nJNeh_W5RvAbpnRicygag1V4nopPhtD8z2_LQFZpj8CoFNuo46UKyTX_thumb.jpg?generation=1686902086941710&alt=media
IKI,"Virtos BIOVELA Daržo dešrelės su špinatais, sūriu ir brokoliais, 240 g",1.19 €,https://firebasestorage.googleapis.com/v0/b/lastmile-ui/o/import%2Fphotos%2Fconverted%2Fproduct%2FthumbUrl%2FCvKfTzV4TN5U8BTMF1Hl_287682_OrXUvGAuc2NCJDRvzNOTXOM3rsp1_OXqvp7pWYLPKadgeNd2Z.webp?alt=media&token=8ea0064b-70ee-475e-be14-3dcd6b2fdb6f
IKI,"Avių pieno sūris riekelės SHEEP FARM, 100g",2.95 €,https://storage.googleapis.com/download/storage/v1/b/lastmile-ui/o/import%2Fphotos%2Fconverted%2Fproduct%2FCvKfTzV4TN5U8BTMF1Hl_276849_CvKfTzV4TN5U8BTMF1Hl_W5RvAbpnRicygag1V4nopPhtD8z2_LlqnPnG4igkeuTfmj6Jc_thumb.jpg?generation=1688035400149877&alt=media
IKI,"Dušo želė PALMOLIVE NATURAL WELLNESS MASSAGE, 500 ml",3.64 €,https://firebasestorage.googleapis.com/v0/b/lastmile-ui/o/import%2Fphotos%2Fconverted%2Fproduct%2FthumbUrl%2FCvKfTzV4TN5U8BTMF1Hl_271099_Y5wHCakiRVc8Kf1fJt96vh8Tr2I2_hp4A226t8FbgXF5cELkK.webp?alt=media&token=dcbc4b51-486c-460d-a9d8-fd40ead24f35
IKI,"Ekologiška obuolių ir mangų tyrelė su varškės kremu (nuo 7 mėn.) HIPP, 160 g",2.09 €,https://storage.googleapis.com/download/storage/v1/b/lastmile-ui/o/images%2Fproducts%2Fthumb_CC2IZeHArFoeSmD1qerU.jpg?generation=1644048034631431&alt=media
IKI,"Burnos skalavimo skystis vaikams ECODENTA KAKĖ MAKĖ, 250 ml",2.49 €,https://firebasestorage.googleapis.com/v0/b/lastmile-ui/o/import%2Fphotos%2Fconverted%2Fproduct%2FthumbUrl%2FCvKfTzV4TN5U8BTMF1Hl_232935_Y5wHCakiRVc8Kf1fJt96vh8Tr2I2_27SwQEkflkH8SIN7owpH.webp?alt=media&token=a8a2780b-6c59-47fb-8512-260b5ac80991
IKI,"Skystas muilas PALMOLIVE BALCK ORCHID, 300 ml",1.64 €,https://firebasestorage.googleapis.com/v0/b/lastmile-ui/o/import%2Fphotos%2Fconverted%2Fproduct%2FthumbUrl%2FCvKfTzV4TN5U8BTMF1Hl_1756_W5RvAbpnRicygag1V4nopPhtD8z2_G2fS3883Xz3PL7IxkILK.webp?alt=media&token=0b219592-3559-4701-9f86-c383d2aa4e90
IKI,"Plaukų lakas TAFT VOLUME ULTRA STRONG, 250 ml",2.99 €,https://storage.googleapis.com/download/storage/v1/b/lastmile-ui/o/import%2Fphotos%2Fconverted%2Fproduct%2FCvKfTzV4TN5U8BTMF1Hl_Hyg7RLgs2LE2EfAGvUS8_xGdb10o0VzY1SFD6eDjbpqgxmW02_cTBm1hYOlPxdTvQhULi5_thumb.jpg?generation=1676010682222313&alt=media
IKI,FASUOTI PAPRASTŲJŲ KARPIŲ KEPSNELIAI,10.39 €,https://firebasestorage.googleapis.com/v0/b/lastmile-ui/o/import%2Fphotos%2Fconverted%2Fproduct%2FthumbUrl%2FCvKfTzV4TN5U8BTMF1Hl_283139_W5RvAbpnRicygag1V4nopPhtD8z2_ojyu4ylMoRtrQr8V2jMk.webp?alt=media&token=917c071d-7f1c-483f-9243-59a1d93399b1
IKI,"Migdolų riešutai skrudinti su medumi, 1 kg",11.39 €,https://storage.googleapis.com/download/storage/v1/b/lastmile-ui/o/import%2Fphotos%2Fconverted%2Fproduct%2Fglobal_H62xXusPh3WPrvv2zrJO_xGdb10o0VzY1SFD6eDjbpqgxmW02_ukwInYVlaNDG8QCu5LOL_thumb.jpg?generation=1675259250693208&alt=media
IKI,"Tolesnio maitinimo pieno mišinys (kūdikiams nuo 6 mėn.) BIO HIPP 2, 300 g",5.99 €,https://storage.googleapis.com/download/storage/v1/b/lastmile-ui/o/images%2Fproducts%2Fthumb_OW8WyZFO9SwSwBP3VGVC.jpg?generation=1644048149472238&alt=media
IKI,"Balinamoji dantų pasta su bergamotės, citrinos aliejais ir Kalident ECODENTA, 100 ml",2.89 €,https://storage.googleapis.com/download/storage/v1/b/lastmile-ui/o/images%2Fchain_products%2FIKI%2Fthumb_FwBjTkxCy13nS2i3qGdb.jpg?generation=1644048500792047&alt=media
IKI,"Baltyminis batonėlis GO ON CRISP PISTACIO&COOKIES, 45 g",0.97 €,https://firebasestorage.googleapis.com/v0/b/lastmile-ui/o/import%2Fphotos%2Fconverted%2Fproduct%2FthumbUrl%2FCvKfTzV4TN5U8BTMF1Hl_285861_OrXUvGAuc2NCJDRvzNOTXOM3rsp1_pMhaichITVKv1GGGFL5d.webp?alt=media&token=b21426f0-f011-478b-88b3-920ea73340a0
IKI,"Atstatomasis plaukų šampūnas su varnalėšomis ELFA, 200 ml",1.74 €,https://storage.googleapis.com/download/storage/v1/b/lastmile-ui/o/import%2Fphotos%2Fconverted%2Fproduct%2Fglobal_yptpFMcjjrikIcZRXxUP_xGdb10o0VzY1SFD6eDjbpqgxmW02_Zn9qIQVQKBeLYm9MYQ5j_thumb.jpg?generation=1655385620830791&alt=media
IKI,"Šampūnas SYOSS MEN Clean & Cool, 440 ml",3.84 €,https://firebasestorage.googleapis.com/v0/b/lastmile-ui/o/import%2Fphotos%2Fconverted%2Fproduct%2FthumbUrl%2FCvKfTzV4TN5U8BTMF1Hl_262088_W5RvAbpnRicygag1V4nopPhtD8z2_cxqZA5diQ0qM9GEchnIz.webp?alt=media&token=a0a0e784-ac3d-4a21-964e-1384a12f12d0
IKI,"Tartaletės su vaisiais, 240 g",5.59 €,https://firebasestorage.googleapis.com/v0/b/lastmile-ui/o/import%2Fphotos%2Fconverted%2Fproduct%2FthumbUrl%2FCvKfTzV4TN5U8BTMF1Hl_274626_W5RvAbpnRicygag1V4nopPhtD8z2_0cBs4kBdOaaDt3s64sO8.webp?alt=media&token=df3c18ff-eb8c-4346-888e-53c4fc140979
IKI,"Dušo želė PALMOLIVE NATURAL OLIVE Milk, 500 ml",3.24 €,https://firebasestorage.googleapis.com/v0/b/lastmile-ui/o/import%2Fphotos%2Fconverted%2Fproduct%2FthumbUrl%2FCvKfTzV4TN5U8BTMF1Hl_248136_W5RvAbpnRicygag1V4nopPhtD8z2_dUdxpDvHv7qWIfpwiYUZ.webp?alt=media&token=ce307550-4db6-48a7-9302-b2db1d255c7a
IKI,"Šampūnas su šalavijų ekstraktu nuo pleiskanų MARGARITA, 400 ml",1.99 €,https://storage.googleapis.com/download/storage/v1/b/lastmile-ui/o/images%2Fchain_products%2FIKI%2Fthumb_p52QUnlUcEeRvvzna1BA.jpg?generation=1644059040062942&alt=media
IKI,"Purškiamasis patalpų oro gaiviklis Botanica by Air Wick, karibinių vetiverijų ir santalų kvapo, 236 ml",3.24 €,https://firebasestorage.googleapis.com/v0/b/lastmile-ui/o/import%2Fphotos%2Fconverted%2Fproduct%2FthumbUrl%2FCvKfTzV4TN5U8BTMF1Hl_258945_Y5wHCakiRVc8Kf1fJt96vh8Tr2I2_jY1QQNUZ0KXQDBxUl2Kn.webp?alt=media&token=12224a3f-1982-4ac7-9e4a-acab3827d36b
IKI,"Rankų ir nagų kremas KAMILL, 100 ml",0.99 €,https://storage.googleapis.com/download/storage/v1/b/lastmile-ui/o/images%2Fproducts%2Fthumb_uCrQ4NgXCvTnASlQoGF3.jpg?generation=1623061280601403&alt=media
IKI,"Šokoladiniai saldainiai CUPIDO, 250 g",4.79 €,https://storage.googleapis.com/download/storage/v1/b/lastmile-ui/o/images%2Fproducts%2Fthumb_qzN4LwURv6caGX0gQbKr.jpg?generation=1631695763835535&alt=media
IKI,Tartaletė su braškėmis 15 cm,15.19 €,https://firebasestorage.googleapis.com/v0/b/lastmile-ui/o/import%2Fphotos%2Fconverted%2Fproduct%2FthumbUrl%2FCvKfTzV4TN5U8BTMF1Hl_238592_W5RvAbpnRicygag1V4nopPhtD8z2_VFGfhGKVXymncLLvz0TH.webp?alt=media&token=dd83051c-dd7e-4200-94cc-9c9a46d8cbf4
IKI,"Atlantinių silkių filė Skandinaviška, 210 g",1.83 €,https://firebasestorage.googleapis.com/v0/b/lastmile-ui/o/import%2Fphotos%2Fconverted%2Fproduct%2FthumbUrl%2FCvKfTzV4TN5U8BTMF1Hl_284556_OrXUvGAuc2NCJDRvzNOTXOM3rsp1_doVPgMg8SSOpinLUmvSl.webp?alt=media&token=c9846066-2591-4b89-8128-4c8a1bb575bb
IKI,Šaltai rūkyta Rokiškio šoninė aukščiausia rūšis,12.79 €,https://firebasestorage.googleapis.com/v0/b/lastmile-ui/o/import%2Fphotos%2Fconverted%2Fproduct%2FthumbUrl%2FCvKfTzV4TN5U8BTMF1Hl_279883_W5RvAbpnRicygag1V4nopPhtD8z2_Fu8kgwz07FyFNECcafyy.webp?alt=media&token=29cbec43-5e4e-49e6-8178-f8a76975c3e1
IKI,"Vyriškas rutulinis dezodorantas NIVEA, 50 ml",2.39 €,https://storage.googleapis.com/download/storage/v1/b/lastmile-ui/o/import%2Fphotos%2Fconverted%2Fproduct%2Fglobal_MnOEfQPcqNel463lOou2_xGdb10o0VzY1SFD6eDjbpqgxmW02_5H2giL5EvAWMG7H6GfGU_thumb.jpg?generation=1679554247918573&alt=media
IKI,"Švieži, pjaustyti kiviai, 250 g",2.49 €,https://firebasestorage.googleapis.com/v0/b/lastmile-ui/o/import%2Fphotos%2Fconverted%2Fproduct%2FthumbUrl%2FCvKfTzV4TN5U8BTMF1Hl_284862_W5RvAbpnRicygag1V4nopPhtD8z2_IukuklSZhl5Hh8DH5S8T.webp?alt=media&token=96749299-9c55-4540-ba66-e703be0cbe60
IKI,"Virtos ""Daržo"" dešrelės su paprika, sūriu ir pomidorais, 240 g",1.99 €,https://firebasestorage.googleapis.com/v0/b/lastmile-ui/o/import%2Fphotos%2Fconverted%2Fproduct%2FthumbUrl%2FCvKfTzV4TN5U8BTMF1Hl_287683_OrXUvGAuc2NCJDRvzNOTXOM3rsp1_mtJ3j9mbHCk6AlfgKl1a.webp?alt=media&token=6cd38a65-a0f1-49ec-b16b-76da67bb6203
IKI,"WC valiklis BREF BLUE AKTIV EUCALYPTUS, 50 g",1.74 €,https://storage.googleapis.com/download/storage/v1/b/lastmile-ui/o/import%2Fphotos%2Fconverted%2Fproduct%2FCvKfTzV4TN5U8BTMF1Hl_1WKcGdqgcMEm5fZXZHhN_CvKfTzV4TN5U8BTMF1Hl_W5RvAbpnRicygag1V4nopPhtD8z2_38dzLUEpMCTdyAduHN1D_thumb.jpg?generation=1690376603263061&alt=media
IKI,"Rankų kremas NEUTROGENA, 50 ml",2.74 €,https://storage.googleapis.com/download/storage/v1/b/lastmile-ui/o/import%2Fphotos%2Fconverted%2Fproduct%2Fglobal_RR6Zno9SM0Q1sDjRApw9_xGdb10o0VzY1SFD6eDjbpqgxmW02_GpVa4tX4a8yGJTRpCFTr_thumb.jpg?generation=1661404626416282&alt=media
IKI,"Makaronai DOBELE RIGATE, 500 g",0.99 €,https://storage.googleapis.com/download/storage/v1/b/lastmile-ui/o/images%2Fproducts%2Fthumb_loq7Sgr8NoxrYJtKjVni.jpg?generation=1640008856339169&alt=media
IKI,"Prieskonių mišinys Tikka Masala SANTA MARIA, 35 g",1.39 €,https://firebasestorage.googleapis.com/v0/b/lastmile-ui/o/import%2Fphotos%2Fconverted%2Fproduct%2FthumbUrl%2FCvKfTzV4TN5U8BTMF1Hl_281078_Pos12xpkYpPSKaVDW3jqu7xnlg23_xykT26jHALskjWr7OFPc.webp?alt=media&token=f24dac5a-27f7-42e1-bb42-ac10ccc743cf
IKI,"Minkštiklis LENOR Gold Orchid&Vanilla, 59 skalb., 1239ml",4.09 €,https://firebasestorage.googleapis.com/v0/b/lastmile-ui/o/import%2Fphotos%2Fconverted%2Fproduct%2FthumbUrl%2FCvKfTzV4TN5U8BTMF1Hl_287775_OrXUvGAuc2NCJDRvzNOTXOM3rsp1_HgbKRiusFglmGhTx9PLy.webp?alt=media&token=876bc542-bd2d-421d-b6aa-d0e51d0151c5
IKI,"Purškiamas dezodorantas OLD SPICE Captain, 150ml",2.74 €,https://firebasestorage.googleapis.com/v0/b/lastmile-ui/o/import%2Fphotos%2Fconverted%2Fproduct%2FthumbUrl%2FCvKfTzV4TN5U8BTMF1Hl_254448_Y5wHCakiRVc8Kf1fJt96vh8Tr2I2_Y0OBYqAE3qNLAmnhEh0p.webp?alt=media&token=653072bb-c6db-4893-a286-8f26c28d0b86
IKI,"Skutimosi žėlė jautriai odai NIVEA MEN COOLING, 200 ml",3.49 €,https://storage.googleapis.com/download/storage/v1/b/lastmile-ui/o/import%2Fphotos%2Fconverted%2Fproduct%2FCvKfTzV4TN5U8BTMF1Hl_yqoFvolMDFE28XDxXZjb_CvKfTzV4TN5U8BTMF1Hl_W5RvAbpnRicygag1V4nopPhtD8z2_nGXQWbvDPgkjn96SlU4O_thumb.jpg?generation=1693481679185807&alt=media
IKI,"Universalus prieskonių mišinys be druskos SAUDA, 150 g",1.04 €,https://storage.googleapis.com/download/storage/v1/b/lastmile-ui/o/images%2Fproducts%2Fthumb_AKZUJwYflHVKKnFXlGVI.jpg?generation=1582196516995524&alt=media
IKI,"Kvapiosios lazdelės AIR WICK, 25 ml",4.14 €,https://firebasestorage.googleapis.com/v0/b/lastmile-ui/o/import%2Fphotos%2Fconverted%2Fproduct%2FthumbUrl%2FCvKfTzV4TN5U8BTMF1Hl_45244_uF3DptJQvjXHqmno4Mal_oKbw9Dcw7NUqkiiCw2Wc.webp?alt=media&token=3409d1d0-92a7-49a0-b6cd-e8bfe08e9c87
IKI,"Gaivinamasis veido kremas gelis su agurkų ekstraktu ir alavijų geliu MARGARITA, 50 ml",2.34 €,https://firebasestorage.googleapis.com/v0/b/lastmile-ui/o/import%2Fphotos%2Fconverted%2Fproduct%2FthumbUrl%2FCvKfTzV4TN5U8BTMF1Hl_266615_OrXUvGAuc2NCJDRvzNOTXOM3rsp1_Eb6yhAxW4fZHwRgrg3Wl.webp?alt=media&token=aad9383b-7e45-48e1-8a6f-a9e7f24edd0a
IKI,Dantų šepetėliai COLGATE 360 FRESH'N PROTECT 1+1,2.49 €,https://storage.googleapis.com/download/storage/v1/b/lastmile-ui/o/import%2Fphotos%2Fconverted%2Fproduct%2Fglobal_2PEOJadPXYVXr5HYd8XT_xGdb10o0VzY1SFD6eDjbpqgxmW02_YxY3RYUKnuiklXEyvSsO_thumb.jpg?generation=1674560117773334&alt=media
IKI,"Minkštiklis LENOR Lotus Flower & Diamond Figs, 32 skalb., 675ml",2.89 €,https://firebasestorage.googleapis.com/v0/b/lastmile-ui/o/import%2Fphotos%2Fconverted%2Fproduct%2FthumbUrl%2FCvKfTzV4TN5U8BTMF1Hl_287771_OrXUvGAuc2NCJDRvzNOTXOM3rsp1_HDKnWBJdKV0y0vvsgtoB.webp?alt=media&token=40f98e75-81fa-4310-9681-2457eb70336a
IKI,"Citrinų skonio izotoninis gėrimas OSHEE LEMON, 0,75 l",1.04 €,https://firebasestorage.googleapis.com/v0/b/lastmile-ui/o/import%2Fphotos%2Fconverted%2Fproduct%2FthumbUrl%2FCvKfTzV4TN5U8BTMF1Hl_231480_OrXUvGAuc2NCJDRvzNOTXOM3rsp1_JV6dni2C0hAKwAxQZwyq.webp?alt=media&token=1d1b85dc-e89d-4593-b1e1-46006ee863d1
IKI,"Kumpio salotos su krutonais ir kietuoju sūriu, IKI ŠEFAI, 245 g",2.39 €,https://firebasestorage.googleapis.com/v0/b/lastmile-ui/o/import%2Fphotos%2Fconverted%2Fproduct%2FthumbUrl%2FCvKfTzV4TN5U8BTMF1Hl_285995_OrXUvGAuc2NCJDRvzNOTXOM3rsp1_c6L710VceVta006UkbAp.webp?alt=media&token=79647a07-5111-4e27-8ca7-a160d564b3a6
IKI,"Vyriškas plaukų šampūnas SCHAUMA, 400 ml",2.49 €,https://storage.googleapis.com/download/storage/v1/b/lastmile-ui/o/import%2Fphotos%2Fconverted%2Fproduct%2FCvKfTzV4TN5U8BTMF1Hl_WoW93P7GIH62WFj5IDcz_xGdb10o0VzY1SFD6eDjbpqgxmW02_9WjNigzzDfQVg3ugBoQ2_thumb.jpg?generation=1676010683422706&alt=media
IKI,"Šampūnas dažytiems plaukams GARNIER FRUCTIS COLOR RESIST, 250 ml",2.39 €,https://storage.googleapis.com/download/storage/v1/b/lastmile-ui/o/images%2Fproducts%2Fthumb_Gskwart0pUQQedhEoj0E.jpg?generation=1644048303247582&alt=media
IKI,"Skalbimo kapsulės PERWOLL COLOR, 23 skalbimai",7.49 €,https://firebasestorage.googleapis.com/v0/b/lastmile-ui/o/import%2Fphotos%2Fconverted%2Fproduct%2FthumbUrl%2FCvKfTzV4TN5U8BTMF1Hl_281157_W5RvAbpnRicygag1V4nopPhtD8z2_KCrtS1KlO9S75OmIqRkY.webp?alt=media&token=790ca2c0-ed7a-4db9-a2c9-3ed803d0e810
IKI,"Skutimosi putos NIVEA MEN SENSITIVE (jautriai odai), 200 ml",2.99 €,https://firebasestorage.googleapis.com/v0/b/lastmile-ui/o/import%2Fphotos%2Fconverted%2Fproduct%2FthumbUrl%2FCvKfTzV4TN5U8BTMF1Hl_1458_Pos12xpkYpPSKaVDW3jqu7xnlg23_vsknNVIeFMNfPgjFQgpO.webp?alt=media&token=78a644ac-2a15-4556-aac2-17459d01985e
IKI,"Milteliai pieno mišiniui ruošti HiPP3 COMBIOTIC (nuo 12 mėn.), 500 g",8.77 €,https://storage.googleapis.com/download/storage/v1/b/lastmile-ui/o/import%2Fphotos%2Fconverted%2Fproduct%2Fglobal_0as2kBdmlaTnyZLeaOmc_xGdb10o0VzY1SFD6eDjbpqgxmW02_wCahmQEIjt4SbS5ae5Qx_thumb.jpg?generation=1644428184420668&alt=media
IKI,"Kavos pupelės PELLINI ESPRESSO VIVACE, 1 kg",19.99 €,https://firebasestorage.googleapis.com/v0/b/lastmile-ui/o/import%2Fphotos%2Fconverted%2Fproduct%2FthumbUrl%2FCvKfTzV4TN5U8BTMF1Hl_246348_OrXUvGAuc2NCJDRvzNOTXOM3rsp1_X9lkmLoURwJugGDP7uPr.webp?alt=media&token=a98dfe7a-346d-4ce1-8588-f2ddfebff279
IKI,Virta Aukštaičių daktariška dešra 350g,1.79 €,https://storage.googleapis.com/download/storage/v1/b/lastmile-ui/o/import%2Fphotos%2Fconverted%2Fproduct%2Fglobal_r0wFFqtPW7Ge1jCk04yx_W5RvAbpnRicygag1V4nopPhtD8z2_SLfNLMocQ8jPGRVUgACf_thumb.jpg?generation=1686037890282509&alt=media
IKI,"Skalbimo lapeliai DR.BECKMANN Universal, 25 vnt.",3.99 €,https://storage.googleapis.com/download/storage/v1/b/lastmile-ui/o/import%2Fphotos%2Fconverted%2Fproduct%2Fglobal_F8JrkXbUKa0mnjUicho1_W5RvAbpnRicygag1V4nopPhtD8z2_2uErl8yRxOzmODEgMQqW_thumb.jpg?generation=1685087717672697&alt=media
IKI,"Ekologiškos grikių kruopos BIONATURALIS, 800g",3.19 €,https://firebasestorage.googleapis.com/v0/b/lastmile-ui/o/import%2Fphotos%2Fconverted%2Fproduct%2FthumbUrl%2FCvKfTzV4TN5U8BTMF1Hl_253867_uF3DptJQvjXHqmno4Mal_8F1AGwQvoTscwStq5XBT.webp?alt=media&token=d01ca097-aa8a-4c22-9996-cd0e4fc3b908
IKI,"Valgomieji ledai MILKA su traškia karamele, 90 ml",1.34 €,https://firebasestorage.googleapis.com/v0/b/lastmile-ui/o/import%2Fphotos%2Fconverted%2Fproduct%2FthumbUrl%2FCvKfTzV4TN5U8BTMF1Hl_287808_OrXUvGAuc2NCJDRvzNOTXOM3rsp1_4Is52cYMhxfW2pBApn6l.webp?alt=media&token=a0adb457-9007-4be1-b8bf-9457bd1f68e0
IKI,"Minkštiklis LENOR  Spring Awakening, 38 skalb., 798ml",2.89 €,https://firebasestorage.googleapis.com/v0/b/lastmile-ui/o/import%2Fphotos%2Fconverted%2Fproduct%2FthumbUrl%2FCvKfTzV4TN5U8BTMF1Hl_287776_OrXUvGAuc2NCJDRvzNOTXOM3rsp1_GXrn4ozfuGcTEw1Or56a.webp?alt=media&token=aef71354-e623-4fe1-801e-5409407c60ba
IKI,"Purškiamos WC valymo putos DOMESTOS OCEAN, 435 ml",2.99 €,https://firebasestorage.googleapis.com/v0/b/lastmile-ui/o/import%2Fphotos%2Fconverted%2Fproduct%2FthumbUrl%2FCvKfTzV4TN5U8BTMF1Hl_282855_Y5wHCakiRVc8Kf1fJt96vh8Tr2I2_x8551cE0Z1PSPvdSQcMk.webp?alt=media&token=9483ebd6-7086-4d2f-b222-36b4597a1580
IKI,"Purškiamas dezodorantas GARNIER MINERAL INVISIBLE BLACK WHITE COLORS, 150 ml",2.89 €,https://storage.googleapis.com/download/storage/v1/b/lastmile-ui/o/import%2Fphotos%2Fconverted%2Fproduct%2Fglobal_xdl6XLQXZAhqzIdiDWsR_xGdb10o0VzY1SFD6eDjbpqgxmW02_kmzVK5FNzjHIZ2efanrc_thumb.jpg?generation=1658742190411811&alt=media
IKI,"Skalbimo gelis PERSIL EXPERT LAVENDER COLOR, 20 skalbimų, 900 ml",4.74 €,https://firebasestorage.googleapis.com/v0/b/lastmile-ui/o/import%2Fphotos%2Fconverted%2Fproduct%2FthumbUrl%2FCvKfTzV4TN5U8BTMF1Hl_281171_W5RvAbpnRicygag1V4nopPhtD8z2_nFt28NpTuVxL5sE98UAG.webp?alt=media&token=a5c6f33d-b2d1-46bd-9965-ed8f547cfb20
IKI,"Plaukų šampūnas GLISS KUR ULTIMATE REPAIR, 250 ml",2.49 €,https://storage.googleapis.com/download/storage/v1/b/lastmile-ui/o/import%2Fphotos%2Fconverted%2Fproduct%2FCvKfTzV4TN5U8BTMF1Hl_NQjGx5LgUlcaKkjlTPxf_xGdb10o0VzY1SFD6eDjbpqgxmW02_LjLEofW6knAyHpVh0TTG_thumb.jpg?generation=1676010682663354&alt=media
IKI,"Šunims užkandis ADVENTUROS STICKS, 120 g",1.43 €,https://firebasestorage.googleapis.com/v0/b/lastmile-ui/o/import%2Fphotos%2Fconverted%2Fproduct%2FthumbUrl%2FCvKfTzV4TN5U8BTMF1Hl_241698_Y5wHCakiRVc8Kf1fJt96vh8Tr2I2_fWNunXOj7Lmm1cYQkX5L.webp?alt=media&token=5df4b27b-8f88-476f-b907-62910ebd5f97
IKI,Žydintis augalas PUANSETIJA CHRISTMAS UNIVERSE,4.99 €,https://storage.googleapis.com/download/storage/v1/b/lastmile-ui/o/import%2Fphotos%2Fconverted%2Fproduct%2FCvKfTzV4TN5U8BTMF1Hl_273601_CvKfTzV4TN5U8BTMF1Hl_W5RvAbpnRicygag1V4nopPhtD8z2_jTgahUQQ1rIDmlWefL3g_thumb.webp?generation=1699527956023280&alt=media
IKI,"Drėkinamasis kūno kremas-šerbetas su agurkų ir ramunėlių ekstraktais MARGARITA, 250 ml",2.74 €,https://storage.googleapis.com/download/storage/v1/b/lastmile-ui/o/images%2Fproducts%2Fthumb_i7qJF1mG8GOl7kyQpAZ2.jpg?generation=1644058886100979&alt=media
IKI,"Alyvuogių aliejus Extra Virgin CRETAN HARVEST, 250 ml",2.74 €,https://firebasestorage.googleapis.com/v0/b/lastmile-ui/o/import%2Fphotos%2Fconverted%2Fproduct%2FthumbUrl%2FCvKfTzV4TN5U8BTMF1Hl_287503_OrXUvGAuc2NCJDRvzNOTXOM3rsp1_1jqO7XpAjIPc28uXfsOP.webp?alt=media&token=d0c7b055-cd82-4b3e-9205-3d27663f0ca1
IKI,"Dantų šepetukas SENSODYNE COMPLETE PROTECTION, 1 vnt.",2.49 €,https://firebasestorage.googleapis.com/v0/b/lastmile-ui/o/import%2Fphotos%2Fconverted%2Fproduct%2FthumbUrl%2FCvKfTzV4TN5U8BTMF1Hl_215368_Y5wHCakiRVc8Kf1fJt96vh8Tr2I2_XyxXhQlErhWo8mfxSm8D.webp?alt=media&token=3c05505c-e4b8-49e4-b64f-c3cc74e2de55
IKI,"Kartusis šokoladas vilnius su nesmulkintais migdolais LAIMA, 220 g",4.87 €,https://storage.googleapis.com/download/storage/v1/b/lastmile-ui/o/images%2Fchain_products%2FIKI%2Fthumb_3OJHfsT9S8iMJDWetpA1.jpg?generation=1631695797035855&alt=media
IKI,"Plaukų balzamas GARNIER FRUCTIS GOOD BYE DAMAGE, 200 ml",2.64 €,https://storage.googleapis.com/download/storage/v1/b/lastmile-ui/o/images%2Fproducts%2Fthumb_GgEdMVd512XkhtLecbnH.jpg?generation=1644048310663510&alt=media
IKI,Ekologiška burokėlių sriuba ACTIVUS,1.81 €,https://firebasestorage.googleapis.com/v0/b/lastmile-ui/o/import%2Fphotos%2Fconverted%2Fproduct%2FthumbUrl%2FCvKfTzV4TN5U8BTMF1Hl_247703_Y5wHCakiRVc8Kf1fJt96vh8Tr2I2_5VZviWhoNGoHsZv4EpHk.webp?alt=media&token=197440f9-7039-4a1e-9b59-a208b09ba49e
IKI,"Saldainiai MERCI GROSSE, 400 g",11.99 €,https://storage.googleapis.com/download/storage/v1/b/lastmile-ui/o/images%2Fproducts%2Fthumb_kJDoGjTZ3ZaAQPGOvObp.jpg?generation=1631122587629215&alt=media
IKI,Rexona Cotton Dry purškiamas dezodorantas 150ml,2.14 €,https://storage.googleapis.com/download/storage/v1/b/lastmile-ui/o/images%2Fproducts%2Fthumb_O5hnZWjk2m7mLxVrz23y.jpg?generation=1582199547676732&alt=media
IKI,"Kempinėlė-šveitiklis VILEDA GLITZI PLUS, 2 vnt.",1.79 €,https://storage.googleapis.com/download/storage/v1/b/lastmile-ui/o/import%2Fphotos%2Fconverted%2Fproduct%2Fglobal_YEIvf7sd0RUbC9yKBDV5_xGdb10o0VzY1SFD6eDjbpqgxmW02_Ctj7fa15imOaXA2O7i5e_thumb.jpg?generation=1679554242117102&alt=media
IKI,"Dantų pasta nuo apnašų su kokosų aliejumi ECODENTA ORGANIC, 75 ml",3.39 €,https://storage.googleapis.com/download/storage/v1/b/lastmile-ui/o/images%2Fproducts%2Fthumb_g2ivyIkCZpGUVnLetd7W.jpg?generation=1644048546446987&alt=media
IKI,"Juodos alyvuogės be kauliukų SACLA, 190 g",1.25 €,https://firebasestorage.googleapis.com/v0/b/lastmile-ui/o/import%2Fphotos%2Fconverted%2Fproduct%2FthumbUrl%2FCvKfTzV4TN5U8BTMF1Hl_279058_W5RvAbpnRicygag1V4nopPhtD8z2_E7LXBIUbJ3lo5wfHLNKk.webp?alt=media&token=38c817af-e62d-4bea-ae5c-476c80e652c9
IKI,"Žuvų prieskoniai (be druskos) SAUDA, 50 g",0.62 €,https://storage.googleapis.com/download/storage/v1/b/lastmile-ui/o/import%2Fphotos%2Fconverted%2Fproduct%2Fglobal_fLnn5lMe8dB4trmgoKaU_xGdb10o0VzY1SFD6eDjbpqgxmW02_9lg9X1MiXlMyZZhfG027_thumb.jpg?generation=1667978460737524&alt=media
IKI,"Skustuvo galvutės GILLETTE FUSION Proglide, 4vnt.",11.99 €,https://firebasestorage.googleapis.com/v0/b/lastmile-ui/o/import%2Fphotos%2Fconverted%2Fproduct%2FthumbUrl%2FCvKfTzV4TN5U8BTMF1Hl_235401_Y5wHCakiRVc8Kf1fJt96vh8Tr2I2_GJPLZy4G9455NX1o0Eql.webp?alt=media&token=8e96541e-6194-4d90-afb9-cc161a515f14
IKI,"Ekologiška bolivinė balanda ALVO ORGANIC, 400 g",2.99 €,https://firebasestorage.googleapis.com/v0/b/lastmile-ui/o/import%2Fphotos%2Fconverted%2Fproduct%2FthumbUrl%2FCvKfTzV4TN5U8BTMF1Hl_259076_Y5wHCakiRVc8Kf1fJt96vh8Tr2I2_o8ck5lZqmea4OCCLn0Gq.webp?alt=media&token=2c52aa1b-3f01-49a8-86d2-6b4f7e8295b7
IKI,"Dušo gelis FA YOGHURT ALOE VERA, 400 ml",2.74 €,https://firebasestorage.googleapis.com/v0/b/lastmile-ui/o/import%2Fphotos%2Fconverted%2Fproduct%2FthumbUrl%2FCvKfTzV4TN5U8BTMF1Hl_228760_Y5wHCakiRVc8Kf1fJt96vh8Tr2I2_kEi2u4ChevloqA3vHt9J.webp?alt=media&token=e953f10c-1538-43f5-af10-524c20b5be16
IKI,"Dušo želė MARGARITA su šaltalankių aliejumi, 500 ml",2.14 €,https://storage.googleapis.com/download/storage/v1/b/lastmile-ui/o/images%2Fproducts%2Fthumb_cEnrERQa3lNAqKODj4gW.jpg?generation=1623061281157288&alt=media
IKI,"Miltų mišinys tempurai kepti AJI, 200 g",1.81 €,https://storage.googleapis.com/download/storage/v1/b/lastmile-ui/o/images%2Fproducts%2Fthumb_h975NTzO3FkLOlJ7ZPXt.jpg?generation=1582203924248691&alt=media
IKI,"Pieštukinis dezodorantas OLD SPICE Tiger Claw, 50ml",2.64 €,https://firebasestorage.googleapis.com/v0/b/lastmile-ui/o/import%2Fphotos%2Fconverted%2Fproduct%2FthumbUrl%2FCvKfTzV4TN5U8BTMF1Hl_271057_Y5wHCakiRVc8Kf1fJt96vh8Tr2I2_dLiRrC4ozAgmuhT7iCuF.webp?alt=media&token=46543786-f280-4354-aa2f-9965749f6820
IKI,"Higieniniai paketai NATURELLA ULTRA, 40 vnt.",5.94 €,https://firebasestorage.googleapis.com/v0/b/lastmile-ui/o/import%2Fphotos%2Fconverted%2Fproduct%2FthumbUrl%2FCvKfTzV4TN5U8BTMF1Hl_249178_Y5wHCakiRVc8Kf1fJt96vh8Tr2I2_i0QgYWx66ULxyeb6936Y.webp?alt=media&token=0beee94c-826e-4083-9458-f44cb8b96273
IKI,"Dezodorantas MARGARITA SENSITIVE SKIN, 50 ml",1.74 €,https://storage.googleapis.com/download/storage/v1/b/lastmile-ui/o/images%2Fproducts%2Fthumb_DuvczCCCYI4Rz7PjR3FP.jpg?generation=1644058880659816&alt=media
IKI,Plaukų šampūnas HEAD&SHOULDERS Deep Hydration 400 ml,4.24 €,https://firebasestorage.googleapis.com/v0/b/lastmile-ui/o/import%2Fphotos%2Fconverted%2Fproduct%2FthumbUrl%2FCvKfTzV4TN5U8BTMF1Hl_270033_Y5wHCakiRVc8Kf1fJt96vh8Tr2I2_Tacqd5pP9N7AiM8VHHY6.webp?alt=media&token=75131841-47fb-4f54-a27e-50600df98ba4
IKI,"Saulėgrąžų mikrožalumynai LEAFOOD, 25 g",1.39 €,https://firebasestorage.googleapis.com/v0/b/lastmile-ui/o/import%2Fphotos%2Fconverted%2Fproduct%2FthumbUrl%2FCvKfTzV4TN5U8BTMF1Hl_282061_uF3DptJQvjXHqmno4Mal_jV5YLpSqyHvT5nytgEhX.webp?alt=media&token=0ce24ddf-6a33-4a6d-9c9b-0890ccdcec1a
IKI,"Kavos pupelės LAVAZZA ORO MOUNTAIN GROWN, 1 kg",19.99 €,https://firebasestorage.googleapis.com/v0/b/lastmile-ui/o/import%2Fphotos%2Fconverted%2Fproduct%2FthumbUrl%2FCvKfTzV4TN5U8BTMF1Hl_265785_OrXUvGAuc2NCJDRvzNOTXOM3rsp1_QXeKIDvCkocyglx9xnyF.webp?alt=media&token=3b9f029b-99f5-41e2-a474-1bfc254538a6
IKI,"Prezervatyvai LIFESTYLES ULTRATHIN, 16 vnt.",4.99 €,https://storage.googleapis.com/download/storage/v1/b/lastmile-ui/o/import%2Fphotos%2Fconverted%2Fproduct%2Fglobal_bUtT8uzuBCbBQjstXRH2_W5RvAbpnRicygag1V4nopPhtD8z2_fbrv01ak6mwh0xTbFyO6_thumb.jpg?generation=1684494381172845&alt=media
IKI,"Kvapiosios lazdelės AIR WICK MYSTICAL GARDEN, 30 ml",4.14 €,https://storage.googleapis.com/download/storage/v1/b/lastmile-ui/o/import%2Fphotos%2Fconverted%2Fproduct%2FCvKfTzV4TN5U8BTMF1Hl_chBnwB7B3ZYjOUt5qojF_CvKfTzV4TN5U8BTMF1Hl_W5RvAbpnRicygag1V4nopPhtD8z2_wggGLkU8ekTUHMofxXqC_thumb.jpg?generation=1689684928120826&alt=media
IKI,"Plaukų balzamas GLISS KUR ULTIMATE REPAIR, 200 ml",2.64 €,https://storage.googleapis.com/download/storage/v1/b/lastmile-ui/o/import%2Fphotos%2Fconverted%2Fproduct%2FCvKfTzV4TN5U8BTMF1Hl_q6MqZFzTmjkQSb5TY0VP_xGdb10o0VzY1SFD6eDjbpqgxmW02_cB3EUoZD7zc7MosvmFhr_thumb.jpg?generation=1676010682708425&alt=media
IKI,"Prezervatyvai Durex Classic, 3 vnt.",1.49 €,https://storage.googleapis.com/download/storage/v1/b/lastmile-ui/o/import%2Fphotos%2Fconverted%2Fproduct%2Fglobal_9s8ebAcVBRwriRoiUenZ_xGdb10o0VzY1SFD6eDjbpqgxmW02_fGOytB9WvwABnxneeePk_thumb.jpg?generation=1661236099857221&alt=media
IKI,"Artišokų ketvirčiai su prieskoniais SACLA, 285 g.",2.93 €,https://storage.googleapis.com/download/storage/v1/b/lastmile-ui/o/import%2Fphotos%2Fconverted%2Fproduct%2Fglobal_voZGDO4JZgAmWr9a3E3l_xGdb10o0VzY1SFD6eDjbpqgxmW02_HFNL9rJGjra20OO9Cu22_thumb.jpg?generation=1669377439159531&alt=media
IKI,Bengališkos ugnelės,0.74 €,https://firebasestorage.googleapis.com/v0/b/lastmile-ui/o/import%2Fphotos%2Fconverted%2Fproduct%2FthumbUrl%2FCvKfTzV4TN5U8BTMF1Hl_71422_uF3DptJQvjXHqmno4Mal_En0fPrCdsa8UU4KX89yZ.webp?alt=media&token=8543948a-f4bd-433e-a41d-e126c4d6f068
IKI,"Kosmetinis acetonas PURE ACETON SINCERO SALON, 50 ml",0.79 €,https://storage.googleapis.com/download/storage/v1/b/lastmile-ui/o/import%2Fphotos%2Fconverted%2Fproduct%2FCvKfTzV4TN5U8BTMF1Hl_248783_CvKfTzV4TN5U8BTMF1Hl_W5RvAbpnRicygag1V4nopPhtD8z2_9tqJkL7zhyyNuLuYYwUz_thumb.jpg?generation=1688450523546394&alt=media
IKI,"Skalbimo milteliai REX AROMATHERAPY COLOR, 18 skalbimų, 990 g",3.49 €,https://firebasestorage.googleapis.com/v0/b/lastmile-ui/o/import%2Fphotos%2Fconverted%2Fproduct%2FthumbUrl%2FCvKfTzV4TN5U8BTMF1Hl_281180_W5RvAbpnRicygag1V4nopPhtD8z2_obMSSe2c5hYFGINGGfCU.webp?alt=media&token=30bb2cbb-4f22-43d3-93d5-51fe3cbea62c
IKI,"Plaukų šampūnas HEAD&SHOULDERS Citrus, 400 ml",4.24 €,https://firebasestorage.googleapis.com/v0/b/lastmile-ui/o/import%2Fphotos%2Fconverted%2Fproduct%2FthumbUrl%2FCvKfTzV4TN5U8BTMF1Hl_245296_Y5wHCakiRVc8Kf1fJt96vh8Tr2I2_tI9vYO3oMYeZZOzP6FQi.webp?alt=media&token=fcacebe8-b1ab-474f-b723-ef9b0a01a58d
IKI,"Šokoladas MILKA GINGERBREAD LED, 300 g",3.24 €,https://firebasestorage.googleapis.com/v0/b/lastmile-ui/o/import%2Fphotos%2Fconverted%2Fproduct%2FthumbUrl%2FCvKfTzV4TN5U8BTMF1Hl_278391_uF3DptJQvjXHqmno4Mal_zuhLgxeawK1M23Lm7HbE.webp?alt=media&token=5e90af57-167f-445b-a793-d5d409c137a4
IKI,"Padažas SACLA PESTO Genovese Vegan, 230 g",2.58 €,https://firebasestorage.googleapis.com/v0/b/lastmile-ui/o/import%2Fphotos%2Fconverted%2Fproduct%2FthumbUrl%2FCvKfTzV4TN5U8BTMF1Hl_282808_W5RvAbpnRicygag1V4nopPhtD8z2_MC5gSz2l2SLvNwyRpUpt.webp?alt=media&token=f3eefe6e-667f-46b7-9f1e-15ed25d4f9d9
IKI,"Veido prausiklis GARNIER PURE 3 IN 1 DEEP CLEANSER, 150 ml",4.39 €,https://storage.googleapis.com/download/storage/v1/b/lastmile-ui/o/images%2Fproducts%2Fthumb_sQGEfuZp6KLQID7epx2N.jpg?generation=1631696104018303&alt=media
IKI,"Tartaletė BURGUNDIJA, 300 g",5.59 €,https://firebasestorage.googleapis.com/v0/b/lastmile-ui/o/import%2Fphotos%2Fconverted%2Fproduct%2FthumbUrl%2FCvKfTzV4TN5U8BTMF1Hl_277412_W5RvAbpnRicygag1V4nopPhtD8z2_PbJgSLqdqfYvTfqHtB0c.webp?alt=media&token=c7693134-d4ca-4cf3-accd-81b906bad903
IKI,"Šokoladiniai saldainiai NESTLE AFTER EIGHT, 200 g",5.19 €,https://firebasestorage.googleapis.com/v0/b/lastmile-ui/o/import%2Fphotos%2Fconverted%2Fproduct%2FthumbUrl%2FCvKfTzV4TN5U8BTMF1Hl_22769_Y5wHCakiRVc8Kf1fJt96vh8Tr2I2_3mHenl9UjS8Ybw8P0uZ1.webp?alt=media&token=75a76d87-f1d6-4641-865f-11dcbc12246c
IKI,"Skystasis muilas PALMOLIVE ULTRA MOISTURIZING OLIVE MILK, 300 ml",1.64 €,https://firebasestorage.googleapis.com/v0/b/lastmile-ui/o/import%2Fphotos%2Fconverted%2Fproduct%2FthumbUrl%2FCvKfTzV4TN5U8BTMF1Hl_6461_W5RvAbpnRicygag1V4nopPhtD8z2_NNeTiCjlaLlJVpYb7tKZ.webp?alt=media&token=7882b2a4-afc1-4da3-b3ea-9d564ea484f3
IKI,"Avinžirnių užkandis grietinės ir svogūnų skonio BILLA, 100 g",1.49 €,https://firebasestorage.googleapis.com/v0/b/lastmile-ui/o/import%2Fphotos%2Fconverted%2Fproduct%2FthumbUrl%2FCvKfTzV4TN5U8BTMF1Hl_284486_OrXUvGAuc2NCJDRvzNOTXOM3rsp1_NvH2LpytYIt8RIPUlhFf.webp?alt=media&token=3e3b53c4-f593-4d4d-bd1d-e37d1aee5277
IKI,"WC muiliukas DOMESTOS PINE, 35 g",1.24 €,https://firebasestorage.googleapis.com/v0/b/lastmile-ui/o/import%2Fphotos%2Fconverted%2Fproduct%2FthumbUrl%2FCvKfTzV4TN5U8BTMF1Hl_282847_Y5wHCakiRVc8Kf1fJt96vh8Tr2I2_JUNp1IPPCLUQJbIrwKKG.webp?alt=media&token=3ced6af5-d639-43ae-b820-ad05c7960062
IKI,"Ekologiški traškučiai su daržovėmis HIPP nuo 1 metų, 30 g",2.09 €,https://storage.googleapis.com/download/storage/v1/b/lastmile-ui/o/import%2Fphotos%2Fconverted%2Fproduct%2Fglobal_GrD5sPSFFMc5NR7rQofA_W5RvAbpnRicygag1V4nopPhtD8z2_KpJ4jkpCiGcFObdKzq6P_thumb.jpg?generation=1686902082656750&alt=media
IKI,"Žaliosios alyvuogės EL FARO Mojo Picon, 580 g",3.49 €,https://firebasestorage.googleapis.com/v0/b/lastmile-ui/o/import%2Fphotos%2Fconverted%2Fproduct%2FthumbUrl%2FCvKfTzV4TN5U8BTMF1Hl_284067_W5RvAbpnRicygag1V4nopPhtD8z2_L7s90S1r2ft7DBJfzygR.webp?alt=media&token=1794ccd9-22ea-40d6-8e1a-13e37e3161cc
IKI,"Popierinės nosinaitės, ZEWA SOFT&SENSITIVE",0.19 €,https://firebasestorage.googleapis.com/v0/b/lastmile-ui/o/import%2Fphotos%2Fconverted%2Fproduct%2FthumbUrl%2FCvKfTzV4TN5U8BTMF1Hl_281084_OrXUvGAuc2NCJDRvzNOTXOM3rsp1_YyW0wyb6axXuQTH34fjq.webp?alt=media&token=ff4fa5de-91dc-408b-b31f-6bb3d1bb258f
IKI,"Balti Shimeji grybai, 150 g",1.59 €,https://firebasestorage.googleapis.com/v0/b/lastmile-ui/o/import%2Fphotos%2Fconverted%2Fproduct%2FthumbUrl%2FCvKfTzV4TN5U8BTMF1Hl_281779_OrXUvGAuc2NCJDRvzNOTXOM3rsp1_jQg1aGzlOfWBJe28QifK.webp?alt=media&token=c9c5f6ec-880f-4096-98d3-ca2200551d9d
IKI,"Šokoladas su riešutais RŪTA, 300 g",11.19 €,https://storage.googleapis.com/download/storage/v1/b/lastmile-ui/o/import%2Fphotos%2Fconverted%2Fproduct%2FCvKfTzV4TN5U8BTMF1Hl_pTLGKrb7zNWBO1Yjie81_CvKfTzV4TN5U8BTMF1Hl_kgpjANKEn1eRogaXoIPCJKbg1243_VT9yp6KjLjGXYqMpOShw_thumb.webp?generation=1702638514524470&alt=media
IKI,"Hipp 2 combiotic ekologiškas tolesnio maitinimo kūdikių pieno mišinys, 800 g",14.99 €,https://firebasestorage.googleapis.com/v0/b/lastmile-ui/o/import%2Fphotos%2Fconverted%2Fproduct%2FthumbUrl%2FCvKfTzV4TN5U8BTMF1Hl_281016_Pos12xpkYpPSKaVDW3jqu7xnlg23_naooa04HukJjAiuee8CA.webp?alt=media&token=4dd4c61a-eb99-4bc2-88a5-baededc069f6
IKI,"Drėkinamasis kremas MARGARITA, 50 ml",2.49 €,https://firebasestorage.googleapis.com/v0/b/lastmile-ui/o/import%2Fphotos%2Fconverted%2Fproduct%2FthumbUrl%2FCvKfTzV4TN5U8BTMF1Hl_234078_OrXUvGAuc2NCJDRvzNOTXOM3rsp1_FA6GryRPSDNDbaD4oplF.webp?alt=media&token=8c3fddf9-44a4-43ce-b347-946f3278e6c3
IKI,"Dantų pasta SENSODYNE Sensitivity&Gum, 75 ml",3.74 €,https://firebasestorage.googleapis.com/v0/b/lastmile-ui/o/import%2Fphotos%2Fconverted%2Fproduct%2FthumbUrl%2FCvKfTzV4TN5U8BTMF1Hl_253851_Y5wHCakiRVc8Kf1fJt96vh8Tr2I2_kHvv1fR2L3y0Sg1mLNx0.webp?alt=media&token=17db8b32-0ca6-4974-b172-e1b02442d483
IKI,"Imtymusis gelis DUREX PLAY FEEL, 50 ml",4.49 €,https://storage.googleapis.com/download/storage/v1/b/lastmile-ui/o/import%2Fphotos%2Fconverted%2Fproduct%2Fglobal_keRc1CDV4JLNMnhe8Xb7_xGdb10o0VzY1SFD6eDjbpqgxmW02_pSayVjwo7i8I7d3BNuGT_thumb.jpg?generation=1661236095428796&alt=media
IKI,"Skalbinių minkštiklis SILAN SUPREME BLOSSOM, 46 skalbimai, 1012 ml",3.49 €,https://firebasestorage.googleapis.com/v0/b/lastmile-ui/o/import%2Fphotos%2Fconverted%2Fproduct%2FthumbUrl%2FCvKfTzV4TN5U8BTMF1Hl_281160_W5RvAbpnRicygag1V4nopPhtD8z2_RxNSs2LNWnn3oylseMn0.webp?alt=media&token=cc1d6945-f51e-4e36-ac4c-f429ceb4ed31
IKI,"Skystas skalbiklis FROSCH ALOE VERA, 1,5 l",4.99 €,https://firebasestorage.googleapis.com/v0/b/lastmile-ui/o/import%2Fphotos%2Fconverted%2Fproduct%2FthumbUrl%2FCvKfTzV4TN5U8BTMF1Hl_284679_OrXUvGAuc2NCJDRvzNOTXOM3rsp1_NQKDjuNRQHxD3JhYUm6K.webp?alt=media&token=19a2a270-39ae-40e7-8a8a-cae84076c0ea
IKI,"Oro gaiviklio užpildas vyšnių žiedai AIR WICK FM, 250 ml",4.29 €,https://storage.googleapis.com/download/storage/v1/b/lastmile-ui/o/images%2Fproducts%2Fthumb_irXh3L648OVKl9BCo9He.jpg?generation=1631695846657466&alt=media
IKI,"Micelinis vanduo jautriai odai NIVEA, 400 ml",4.49 €,https://storage.googleapis.com/download/storage/v1/b/lastmile-ui/o/import%2Fphotos%2Fconverted%2Fproduct%2FCvKfTzV4TN5U8BTMF1Hl_Wp1C3qMjfAHhY2W6LAXh_CvKfTzV4TN5U8BTMF1Hl_W5RvAbpnRicygag1V4nopPhtD8z2_SyWC40zbqQPQbskPXFOb_thumb.webp?generation=1699528118853180&alt=media
IKI,"Universalus kremas NIVEA, 150 ml",2.74 €,https://storage.googleapis.com/download/storage/v1/b/lastmile-ui/o/images%2Fproducts%2Fthumb_CbOAzgjkK9Im3A65kp6A.jpg?generation=1623061281946449&alt=media
IKI,"Žaliosios arbatos gėrimas ARIZONA su medumi, 450 ml",0.99 €,https://storage.googleapis.com/download/storage/v1/b/lastmile-ui/o/import%2Fphotos%2Fconverted%2Fproduct%2FCvKfTzV4TN5U8BTMF1Hl_276860_CvKfTzV4TN5U8BTMF1Hl_W5RvAbpnRicygag1V4nopPhtD8z2_zLIKdqKeHmryaAENFpii_thumb.jpg?generation=1690969827369079&alt=media
IKI,"Skystasis skalbiklis PERWOLL BLACK, 40 skalbimų, 2000 ml",7.49 €,https://firebasestorage.googleapis.com/v0/b/lastmile-ui/o/import%2Fphotos%2Fconverted%2Fproduct%2FthumbUrl%2FCvKfTzV4TN5U8BTMF1Hl_281163_W5RvAbpnRicygag1V4nopPhtD8z2_JsRf0a4b2tC400L121xL.webp?alt=media&token=36640a8b-7b4e-47a2-ae6d-3b27633cd9c9
IKI,"Gourmet salotos su pelėsiniu sūriu ir kriaušėmis, IKI ŠEFAI, 230 g",2.39 €,https://firebasestorage.googleapis.com/v0/b/lastmile-ui/o/import%2Fphotos%2Fconverted%2Fproduct%2FthumbUrl%2FCvKfTzV4TN5U8BTMF1Hl_285990_OrXUvGAuc2NCJDRvzNOTXOM3rsp1_hNgNMmEmCI2M6jCR29yb.webp?alt=media&token=08b18789-3a68-489b-b56d-2ac1c1214eda
IKI,"Moteriškas dezodorantas CONCERTINO CORAL, 75 ml",0.99 €,https://storage.googleapis.com/download/storage/v1/b/lastmile-ui/o/import%2Fphotos%2Fconverted%2Fproduct%2Fglobal_XUbfMrKjioYGm9MuFnvT_xGdb10o0VzY1SFD6eDjbpqgxmW02_ppr6spMSnyoLsEyaw1SS_thumb.jpg?generation=1655385619740046&alt=media
IKI,"Skalbimo milteliai PERSIL EXPERT FRESHNESS SILAN, 18 skalbimų, 990 g",4.49 €,https://firebasestorage.googleapis.com/v0/b/lastmile-ui/o/import%2Fphotos%2Fconverted%2Fproduct%2FthumbUrl%2FCvKfTzV4TN5U8BTMF1Hl_281176_W5RvAbpnRicygag1V4nopPhtD8z2_GYdpOENN11dJzYCOybxq.webp?alt=media&token=bdc55775-df99-4709-bf3b-af6a3adc9e81
IKI,"Intensyviai drėkinantis veido kremas GREEN FEEL'S, 50 ml",4.24 €,https://firebasestorage.googleapis.com/v0/b/lastmile-ui/o/import%2Fphotos%2Fconverted%2Fproduct%2FthumbUrl%2FCvKfTzV4TN5U8BTMF1Hl_262328_Y5wHCakiRVc8Kf1fJt96vh8Tr2I2_51OC7ZB6iz6PF13SfJYp.webp?alt=media&token=1ea6358b-5150-4e85-83d8-a8c6cee41e39
IKI,"Antiperspirantas GARNIER MINERAL INVISIBLE BLACK-WHITE, 50 ml",2.89 €,https://storage.googleapis.com/download/storage/v1/b/lastmile-ui/o/import%2Fphotos%2Fconverted%2Fproduct%2Fglobal_bKEQsym5iYN4szuooQWc_xGdb10o0VzY1SFD6eDjbpqgxmW02_brNKBMxBtWt4wV8Fe0OV_thumb.jpg?generation=1658742191273092&alt=media
IKI,"Rožinis nealkoholinis vynas NOZECO ROSE, 0,75 l",4.89 €,https://storage.googleapis.com/download/storage/v1/b/lastmile-ui/o/import%2Fphotos%2Fconverted%2Fproduct%2FCvKfTzV4TN5U8BTMF1Hl_276880_CvKfTzV4TN5U8BTMF1Hl_W5RvAbpnRicygag1V4nopPhtD8z2_VEveIYURi3wRyplw6mJE_thumb.jpg?generation=1690969828620821&alt=media
IKI,"ELSEVE Hyaluron Plump kondicionierius, 200ml",2.74 €,https://firebasestorage.googleapis.com/v0/b/lastmile-ui/o/import%2Fphotos%2Fconverted%2Fproduct%2FthumbUrl%2FCvKfTzV4TN5U8BTMF1Hl_286606_Y5wHCakiRVc8Kf1fJt96vh8Tr2I2_IjOujFHyap7fG7wxmUB2.webp?alt=media&token=0ce67d2a-3195-4d12-a703-99fca2c1a4d6
IKI,"Vienkartiniai skustuvai GILLETTE BLUE 2 Plus, 5 vnt.",1.99 €,https://firebasestorage.googleapis.com/v0/b/lastmile-ui/o/import%2Fphotos%2Fconverted%2Fproduct%2FthumbUrl%2FCvKfTzV4TN5U8BTMF1Hl_46073_Y5wHCakiRVc8Kf1fJt96vh8Tr2I2_maACuYRVEeZLTJpmJ4o6.webp?alt=media&token=5acdc74f-e6f4-486d-a2f0-653a0ac3093d
IKI,"Burnos skalavimo skystis LISTERINE TOTAL, 500 ml",4.24 €,https://storage.googleapis.com/download/storage/v1/b/lastmile-ui/o/images%2Fproducts%2Fthumb_6AUPvuNHlQKKvXctkCMG.jpg?generation=1631695764091603&alt=media
IKI,"Purškiamas vonios valiklis CIF, 500 ml",2.64 €,https://firebasestorage.googleapis.com/v0/b/lastmile-ui/o/import%2Fphotos%2Fconverted%2Fproduct%2FthumbUrl%2FCvKfTzV4TN5U8BTMF1Hl_282852_OrXUvGAuc2NCJDRvzNOTXOM3rsp1_VuVmfaPY7h1a7B9TuR1X.webp?alt=media&token=9e98afcf-1eb1-4230-88ff-4cdb2b8b74fc
IKI,"Ekologiškas tolesnio maitinimo pieno mišinys kūdikiams BIO HIPP3 (nuo 12 mėn.), 500 g",7.49 €,https://storage.googleapis.com/download/storage/v1/b/lastmile-ui/o/images%2Fproducts%2Fthumb_jUPPiBdq3oo7o6A5lUQQ.jpg?generation=1644048254340156&alt=media
IKI,"Šaltos arbatos gėrimas persikų skonio ARIZONA, 450 ml",0.99 €,https://storage.googleapis.com/download/storage/v1/b/lastmile-ui/o/import%2Fphotos%2Fconverted%2Fproduct%2FCvKfTzV4TN5U8BTMF1Hl_276861_CvKfTzV4TN5U8BTMF1Hl_W5RvAbpnRicygag1V4nopPhtD8z2_dui9Vgb7IEsV0HvDqhWE_thumb.jpg?generation=1690969827184065&alt=media
IKI,"Indų ploviklis FAIRY Apple, 900ml",2.63 €,https://firebasestorage.googleapis.com/v0/b/lastmile-ui/o/import%2Fphotos%2Fconverted%2Fproduct%2FthumbUrl%2FCvKfTzV4TN5U8BTMF1Hl_282874_Y5wHCakiRVc8Kf1fJt96vh8Tr2I2_ce6omyNKx75Rf22CWEM4.webp?alt=media&token=ecf3ff21-112b-48ac-a6a7-4bd514575f1c
IKI,"Minkštiklis LENOR Sicilia, 59 skalb., 1239ml",4.09 €,https://firebasestorage.googleapis.com/v0/b/lastmile-ui/o/import%2Fphotos%2Fconverted%2Fproduct%2FthumbUrl%2FCvKfTzV4TN5U8BTMF1Hl_287778_uF3DptJQvjXHqmno4Mal_fJRAKToPHCEB0krdZ6bt.webp?alt=media&token=10cfd532-f072-4762-bb76-fd6478665df1
IKI,"Rudi Shimeji grybai, 150 g",1.59 €,https://firebasestorage.googleapis.com/v0/b/lastmile-ui/o/import%2Fphotos%2Fconverted%2Fproduct%2FthumbUrl%2FCvKfTzV4TN5U8BTMF1Hl_281778_OrXUvGAuc2NCJDRvzNOTXOM3rsp1_I7IqCE6uNW1IaEasBeDs.webp?alt=media&token=d17f1332-b369-4588-8f0a-6e34a7d0f9e5
IKI,"Jautienos mėsos kukuliai MEATBALLS Grynuoliai, 300 g",3.99 €,https://firebasestorage.googleapis.com/v0/b/lastmile-ui/o/import%2Fphotos%2Fconverted%2Fproduct%2FthumbUrl%2FCvKfTzV4TN5U8BTMF1Hl_284796_OrXUvGAuc2NCJDRvzNOTXOM3rsp1_kspAINHeaQsYulG0TE6D.webp?alt=media&token=82b35a26-64a3-44e9-8aa5-c5a5d3c3b21d
IKI,"Dantų šepetėlis COLGATE 360 BLACK, 1 vnt.",2.24 €,https://firebasestorage.googleapis.com/v0/b/lastmile-ui/o/import%2Fphotos%2Fconverted%2Fproduct%2FthumbUrl%2FCvKfTzV4TN5U8BTMF1Hl_234031_uF3DptJQvjXHqmno4Mal_QlPyURgLqYaaDI5cuF7A.webp?alt=media&token=0f1544d3-2a0e-4d9b-8f7f-e83424219855
IKI,"Valgymo lazdelės AJI, 10 vnt.",1.39 €,https://storage.googleapis.com/download/storage/v1/b/lastmile-ui/o/images%2Fproducts%2Fthumb_PO4QjfwcbVDHZ8ITVluE.jpg?generation=1631696145908898&alt=media
IKI,"Dušo želė GREEN FEEL'S su graikinių riešutų aliejumi, 400 ml",2.19 €,https://storage.googleapis.com/download/storage/v1/b/lastmile-ui/o/images%2Fproducts%2Fthumb_Qv6UhAfLum977PqFrKpK.jpg?generation=1582200146977756&alt=media
IKI,"Raugintos pasukos ,,GAMTOS"" su braškėmis, 0,3% rieb., 0,5 kg",1.35 €,https://firebasestorage.googleapis.com/v0/b/lastmile-ui/o/import%2Fphotos%2Fconverted%2Fproduct%2FthumbUrl%2FCvKfTzV4TN5U8BTMF1Hl_288472_OrXUvGAuc2NCJDRvzNOTXOM3rsp1_iADQh8kaJCkIhvBUHzb8.webp?alt=media&token=f9fe038d-198b-4ace-8e9b-f6a74d45d2e1
IKI,"Šampūnas su ajerų ekstraktu nuo plaukų slinkimo MARGARITA, 400 ml",1.99 €,https://storage.googleapis.com/download/storage/v1/b/lastmile-ui/o/images%2Fproducts%2Fthumb_W4rJNIxjtQwfNkqfLRDV.jpg?generation=1644059039860956&alt=media
IKI,"Grikių salotos su tunu, IKI ŠEFAI, 200 g",1.37 €,https://firebasestorage.googleapis.com/v0/b/lastmile-ui/o/import%2Fphotos%2Fconverted%2Fproduct%2FthumbUrl%2FCvKfTzV4TN5U8BTMF1Hl_285985_OrXUvGAuc2NCJDRvzNOTXOM3rsp1_XgK3wHLEoquZ0GcMiTWW.webp?alt=media&token=6391c7ca-2fac-4566-876b-f8069ae9d918
IKI,"Saldainiai PERGALĖ VILNIUS ORIGINAL, 380 g",11.83 €,https://storage.googleapis.com/download/storage/v1/b/lastmile-ui/o/import%2Fphotos%2Fconverted%2Fproduct%2Fglobal_4Wiwi89cLAPDggGCgR8G_xGdb10o0VzY1SFD6eDjbpqgxmW02_HSxyp8k5GJOZXTcEB0Go_thumb.jpg?generation=1644326726125707&alt=media
IKI,"Šokoladinių saldainių asorti FONTESSA, 200 g",2.79 €,https://firebasestorage.googleapis.com/v0/b/lastmile-ui/o/import%2Fphotos%2Fconverted%2Fproduct%2FthumbUrl%2FCvKfTzV4TN5U8BTMF1Hl_11826_OrXUvGAuc2NCJDRvzNOTXOM3rsp1_Cf3JUuUxhhIqKGhItjTt.webp?alt=media&token=918febe2-2119-4b44-a2e9-c67756267cb0
IKI,"Ekologiška bananų, apelsinų, kriaušių ir mango tyrelė su ryžiais, 120 g",1.57 €,https://firebasestorage.googleapis.com/v0/b/lastmile-ui/o/import%2Fphotos%2Fconverted%2Fproduct%2FthumbUrl%2FCvKfTzV4TN5U8BTMF1Hl_281015_Pos12xpkYpPSKaVDW3jqu7xnlg23_uO2oowD0ncTRAEjdkxVY.webp?alt=media&token=f68033e5-fa92-41a9-a268-8e944fee1439
IKI,"Saldainių rinkinys RAFFAELLO, 260 g",6.79 €,https://storage.googleapis.com/download/storage/v1/b/lastmile-ui/o/images%2Fproducts%2Fthumb_wwN4f2wC5APDQgT0BqPz.jpg?generation=1582207623711927&alt=media
IKI,"Oro gaiviklis AIRWICK FRESH MATIC CITRUS, 250 ml",4.29 €,https://storage.googleapis.com/download/storage/v1/b/lastmile-ui/o/import%2Fphotos%2Fconverted%2Fproduct%2FCvKfTzV4TN5U8BTMF1Hl_Aw5hc6EPtZY61xIdA53Z_CvKfTzV4TN5U8BTMF1Hl_W5RvAbpnRicygag1V4nopPhtD8z2_C2cisFRG9nGEgdPfLdcy_thumb.jpg?generation=1689684928176554&alt=media
IKI,Juodas balinamasis burnos skalavimo skystis ECODENTA EKSTRA,3.39 €,https://storage.googleapis.com/download/storage/v1/b/lastmile-ui/o/images%2Fchain_products%2FIKI%2Fthumb_1IEYBxXsiRl6TbhkB0Eu.jpg?generation=1639147421854537&alt=media
IKI,"Skustuvai BIC3 M.SOLEIL COLOUR B4, 4 vnt.",3.39 €,https://storage.googleapis.com/download/storage/v1/b/lastmile-ui/o/images%2Fproducts%2Fthumb_1Te3nccHl0Pjb9vcrtIL.jpg?generation=1582194587055212&alt=media
IKI,"Karamelės skonio gazuotas gaivusis gėrimas SELITA KLASIKA, 1.5 l",0.89 €,https://firebasestorage.googleapis.com/v0/b/lastmile-ui/o/import%2Fphotos%2Fconverted%2Fproduct%2FthumbUrl%2FCvKfTzV4TN5U8BTMF1Hl_284602_Y5wHCakiRVc8Kf1fJt96vh8Tr2I2_Dr4Nf9KWqdk62okHGm1j.webp?alt=media&token=fafdffa6-eb18-4e71-bbf7-79928a0078af
IKI,"Teriyaki padažas, saldus, AJI, 200 ml",1.81 €,https://firebasestorage.googleapis.com/v0/b/lastmile-ui/o/import%2Fphotos%2Fconverted%2Fproduct%2FthumbUrl%2FCvKfTzV4TN5U8BTMF1Hl_281080_OrXUvGAuc2NCJDRvzNOTXOM3rsp1_wgzm31bgwtZQhrnalTEp.webp?alt=media&token=27fbd87b-6490-44e1-8101-7c2748a7f40b
IKI,"Veido prausimosi putos su ramunėlių ir medetkų ekstraktais MARGARITA, 150 ml",3.14 €,https://firebasestorage.googleapis.com/v0/b/lastmile-ui/o/import%2Fphotos%2Fconverted%2Fproduct%2FthumbUrl%2FCvKfTzV4TN5U8BTMF1Hl_270391_OrXUvGAuc2NCJDRvzNOTXOM3rsp1_bOeSYy4vsutSV5gwdBWv.webp?alt=media&token=580e5797-464a-4657-a5c8-426f90460b0a
IKI,"Skustuvas BIC FLEX4 COMFORT, 3 vnt.",3.39 €,https://storage.googleapis.com/download/storage/v1/b/lastmile-ui/o/images%2Fproducts%2Fthumb_9O9Gw54EqHOJxnsinfYr.jpg?generation=1631696001457444&alt=media
IKI,"Skalbimo gelis REX COLOR, 22 skalbimai, 990 ml",3.49 €,https://firebasestorage.googleapis.com/v0/b/lastmile-ui/o/import%2Fphotos%2Fconverted%2Fproduct%2FthumbUrl%2FCvKfTzV4TN5U8BTMF1Hl_281146_W5RvAbpnRicygag1V4nopPhtD8z2_k7Oo3OR33aMI2cokCYCQ.webp?alt=media&token=0b4c1df1-43d7-4871-bb78-775c785d0110
IKI,"Izotoninis gėrimas citrinų skonio OSHEE, 555 ml",1.11 €,https://firebasestorage.googleapis.com/v0/b/lastmile-ui/o/import%2Fphotos%2Fconverted%2Fproduct%2FthumbUrl%2FCvKfTzV4TN5U8BTMF1Hl_284557_OrXUvGAuc2NCJDRvzNOTXOM3rsp1_OqNjuiHNKOOFeJa0RJQw.webp?alt=media&token=53c68519-f338-4f1e-9afb-fd29b8192e3c
IKI,VELTIE SERVETĖLĖS DĖŽ. CUBE 56 vnt. 3 sl.,0.74 €,https://firebasestorage.googleapis.com/v0/b/lastmile-ui/o/import%2Fphotos%2Fconverted%2Fproduct%2FthumbUrl%2FCvKfTzV4TN5U8BTMF1Hl_288612_uF3DptJQvjXHqmno4Mal_ScxRsIZgsyKoiO9WBHiu.webp?alt=media&token=3a139c86-3002-4316-96af-265a03ad5b03
IKI,Plaukų dažai GARNIER COLOR NATURALS šviesaus smėlio,2.49 €,https://storage.googleapis.com/download/storage/v1/b/lastmile-ui/o/images%2Fproducts%2Fthumb_fO5UETj2J6vmDaToXWL4.jpg?generation=1644048036284768&alt=media
IKI,"Skutimosi gelis SATIN CARE Sensitive, 200ml",3.59 €,https://firebasestorage.googleapis.com/v0/b/lastmile-ui/o/import%2Fphotos%2Fconverted%2Fproduct%2FthumbUrl%2FCvKfTzV4TN5U8BTMF1Hl_14644_Y5wHCakiRVc8Kf1fJt96vh8Tr2I2_aOk8KFCqp1E35X5nIMUd.webp?alt=media&token=64b086b3-d7cd-4db5-acb8-876b1860faa9
IKI,"Purškiamas oro gaiviklis gaivaus aviečių ir žaliųjų citrinų kvapo AIR WICK, 237 ml",3.24 €,https://storage.googleapis.com/download/storage/v1/b/lastmile-ui/o/import%2Fphotos%2Fconverted%2Fproduct%2FCvKfTzV4TN5U8BTMF1Hl_268536_CvKfTzV4TN5U8BTMF1Hl_W5RvAbpnRicygag1V4nopPhtD8z2_YVBdZ5WTwqGxJEydGDFq_thumb.jpg?generation=1690192212413973&alt=media
IKI,"Valgomieji ledai OREO, 480ml",4.61 €,https://firebasestorage.googleapis.com/v0/b/lastmile-ui/o/import%2Fphotos%2Fconverted%2Fproduct%2FthumbUrl%2FCvKfTzV4TN5U8BTMF1Hl_287806_OrXUvGAuc2NCJDRvzNOTXOM3rsp1_ZGq506UFDHQ9PUwgHvpX.webp?alt=media&token=40d846c3-732d-4a0e-b5e5-c78030ab5612
IKI,"Plaukų šampūnas HEAD&SHOULDERS Tea Tree, 400 ml",4.24 €,https://firebasestorage.googleapis.com/v0/b/lastmile-ui/o/import%2Fphotos%2Fconverted%2Fproduct%2FthumbUrl%2FCvKfTzV4TN5U8BTMF1Hl_252614_Y5wHCakiRVc8Kf1fJt96vh8Tr2I2_rDqiZxpyTOahWUttPfAA.webp?alt=media&token=7fbde4f2-8c74-4686-a852-b9387dcc0008
IKI,"Pieninis šokoladas MARABOU DAIM, 250 g",3.49 €,https://storage.googleapis.com/download/storage/v1/b/lastmile-ui/o/import%2Fphotos%2Fconverted%2Fproduct%2Fglobal_xOKLINxzUWKxWN31BRRS_xGdb10o0VzY1SFD6eDjbpqgxmW02_jHMis0xYTLUR8evBVfau_thumb.jpg?generation=1671102706072146&alt=media
IKI,"Purškiamas oro gaiviklis atogrąžų eukaliptų ir frezijų kvapo AIR WICK, 237 ml",3.24 €,https://storage.googleapis.com/download/storage/v1/b/lastmile-ui/o/import%2Fphotos%2Fconverted%2Fproduct%2FCvKfTzV4TN5U8BTMF1Hl_268535_CvKfTzV4TN5U8BTMF1Hl_W5RvAbpnRicygag1V4nopPhtD8z2_H7jMTCPzVYy0tUdODxvB_thumb.jpg?generation=1690192210335405&alt=media
IKI,"Balzamas NIVEA MEN SENSITIVE po skutimosi (jautriai odai), 100 ml",6.49 €,https://storage.googleapis.com/download/storage/v1/b/lastmile-ui/o/images%2Fproducts%2Fthumb_N1zqBgmKyrYEiahvRJjZ.jpg?generation=1594714613609338&alt=media
IKI,"Skutimosi putos vyrams TODAY, 200 ml",1.64 €,https://storage.googleapis.com/download/storage/v1/b/lastmile-ui/o/images%2Fproducts%2Fthumb_PtivQWLYtKTmfqQMGJoN.jpg?generation=1582199925400982&alt=media
IKI,"Skustuvas VENUS Smooth, 2 galvutės",5.99 €,https://firebasestorage.googleapis.com/v0/b/lastmile-ui/o/import%2Fphotos%2Fconverted%2Fproduct%2FthumbUrl%2FCvKfTzV4TN5U8BTMF1Hl_18797_Y5wHCakiRVc8Kf1fJt96vh8Tr2I2_hyHRRABN8oGmuZCGT5QO.webp?alt=media&token=022c4204-2454-4910-9c16-185be98050d0
IKI,"Kalmarai augaliniame aliejuje SUN&SEA, 110 g",3.14 €,https://storage.googleapis.com/download/storage/v1/b/lastmile-ui/o/import%2Fphotos%2Fconverted%2Fproduct%2Fglobal_mQOUPp5EQx4mRTqdiyxQ_W5RvAbpnRicygag1V4nopPhtD8z2_U3UjAGGxh4CUHNQm2k5n_thumb.jpg?generation=1687174766717999&alt=media
IKI,"Dušo gelis OLD SPICE Captain, 400 ml",2.89 €,https://firebasestorage.googleapis.com/v0/b/lastmile-ui/o/import%2Fphotos%2Fconverted%2Fproduct%2FthumbUrl%2FCvKfTzV4TN5U8BTMF1Hl_262300_Y5wHCakiRVc8Kf1fJt96vh8Tr2I2_1p7zbEmweRfShWPy7d9j.webp?alt=media&token=3929d0c8-a904-4dcc-bdc3-5eb5a1057984
IKI,"Camembert sūris BILLA PREMIUM, 250 g",3.03 €,https://firebasestorage.googleapis.com/v0/b/lastmile-ui/o/import%2Fphotos%2Fconverted%2Fproduct%2FthumbUrl%2FCvKfTzV4TN5U8BTMF1Hl_279089_uF3DptJQvjXHqmno4Mal_oQtDFS6SuK04hzWQNPSy.webp?alt=media&token=4954e981-6a89-449b-bbd4-d4b3ca0248e6
IKI,"Dušo želė NIVEA LEMONGRASS & OIL, 250 ml",2.49 €,https://firebasestorage.googleapis.com/v0/b/lastmile-ui/o/import%2Fphotos%2Fconverted%2Fproduct%2FthumbUrl%2FCvKfTzV4TN5U8BTMF1Hl_29147_Pos12xpkYpPSKaVDW3jqu7xnlg23_NoBqXiXrVhxJrHzzn0ga.webp?alt=media&token=3d3781c0-e53d-42e0-b581-cffa0ea6b7c2
IKI,"Šiukšlių maišai SKUBIS STRONG 60 L, 10 vnt",1.07 €,https://firebasestorage.googleapis.com/v0/b/lastmile-ui/o/import%2Fphotos%2Fconverted%2Fproduct%2FthumbUrl%2FCvKfTzV4TN5U8BTMF1Hl_63317_OrXUvGAuc2NCJDRvzNOTXOM3rsp1_BfeAkch5b64ByXGrIpqG.webp?alt=media&token=a2c76cde-5e34-449a-9ea7-dcfb8c8d98fc
IKI,"Eukaliptų kvapo vonios aliejus HERBAMEDICUS, 500 ml",1.49 €,https://storage.googleapis.com/download/storage/v1/b/lastmile-ui/o/import%2Fphotos%2Fconverted%2Fproduct%2Fglobal_H03cjP7vaw7Zu8Fh66GO_xGdb10o0VzY1SFD6eDjbpqgxmW02_915KC093N6rlJpcFM9DW_thumb.jpg?generation=1646660353231396&alt=media
IKI,"Maitinamasis kremas NIVEA CARE, 100 ml",2.84 €,https://storage.googleapis.com/download/storage/v1/b/lastmile-ui/o/images%2Fchain_products%2FIKI%2Fthumb_4zfJYUmtMLRu3cnbhujh.jpg?generation=1644048226593055&alt=media
IKI,"Šampūnas SCHAUMA, 250 ml",1.99 €,https://storage.googleapis.com/download/storage/v1/b/lastmile-ui/o/import%2Fphotos%2Fconverted%2Fproduct%2FCvKfTzV4TN5U8BTMF1Hl_czQApvn5MUUc0X8Jqj3E_xGdb10o0VzY1SFD6eDjbpqgxmW02_K7W1dpgIRAH5XT1PKOTR_thumb.jpg?generation=1676010682809932&alt=media
IKI,"ACTIVUS & ŽALGIRIS aštri pupelių sriuba su jautiena, 400g",2.58 €,https://firebasestorage.googleapis.com/v0/b/lastmile-ui/o/import%2Fphotos%2Fconverted%2Fproduct%2FthumbUrl%2FCvKfTzV4TN5U8BTMF1Hl_283416_Y5wHCakiRVc8Kf1fJt96vh8Tr2I2_QUPKsdhUt7P64F3INIEo.webp?alt=media&token=5400c243-714f-4b5a-b4b1-823f39797afa
IKI,"Skutimosi gelis SATIN CARE Dry Skin, 200ml",3.59 €,https://firebasestorage.googleapis.com/v0/b/lastmile-ui/o/import%2Fphotos%2Fconverted%2Fproduct%2FthumbUrl%2FCvKfTzV4TN5U8BTMF1Hl_37893_Y5wHCakiRVc8Kf1fJt96vh8Tr2I2_A4FdkjhOFPgHFhBzWTnn.webp?alt=media&token=3f23e253-250f-45f4-bcc4-90e1b64f4e45
IKI,"Micelinis vanduo MARGARITA su šermukšnių ekstraktu, 150 ml",2.89 €,https://firebasestorage.googleapis.com/v0/b/lastmile-ui/o/import%2Fphotos%2Fconverted%2Fproduct%2FthumbUrl%2FCvKfTzV4TN5U8BTMF1Hl_243066_OrXUvGAuc2NCJDRvzNOTXOM3rsp1_fX1wCAlSptc8v0JsRaWJ.webp?alt=media&token=4b8417bc-45f3-4455-a321-64971fc88631
IKI,"AJAX valiklis Power Mousse Anti-limescale, 500 ml",3.24 €,https://firebasestorage.googleapis.com/v0/b/lastmile-ui/o/import%2Fphotos%2Fconverted%2Fproduct%2FthumbUrl%2FCvKfTzV4TN5U8BTMF1Hl_282859_Y5wHCakiRVc8Kf1fJt96vh8Tr2I2_eDieWXNuRuqxL0IH62lK.webp?alt=media&token=ae2b5481-4d4d-4884-b3b8-91a61d5c2194
IKI,"Skystas muilas PALMOLIVE SENSORIAL ESCAPE ROSE & PEONY REFILL, 500 ml",1.89 €,https://firebasestorage.googleapis.com/v0/b/lastmile-ui/o/import%2Fphotos%2Fconverted%2Fproduct%2FthumbUrl%2FCvKfTzV4TN5U8BTMF1Hl_285860_OrXUvGAuc2NCJDRvzNOTXOM3rsp1_Z5qxjGOrkQgT9tkQGBnk.webp?alt=media&token=9f9fa10c-a6e1-4c59-b0d2-487465088651
IKI,"Proteininiai sausainiai Cookie Brownie GO ON, 50 g",1.34 €,https://firebasestorage.googleapis.com/v0/b/lastmile-ui/o/import%2Fphotos%2Fconverted%2Fproduct%2FthumbUrl%2FCvKfTzV4TN5U8BTMF1Hl_285878_OrXUvGAuc2NCJDRvzNOTXOM3rsp1_CTW15cwi41PFeak5Dl9Q.webp?alt=media&token=5a5fd7b4-60ff-459d-8e3a-f418d7be6d5c
IKI,"Atstatomoji pažeistų plaukų balzamas-kaukė su varnalėšomis ELFA, 200 ml",1.99 €,https://storage.googleapis.com/download/storage/v1/b/lastmile-ui/o/import%2Fphotos%2Fconverted%2Fproduct%2Fglobal_EcVYDX6LMULfEsLVGDHx_xGdb10o0VzY1SFD6eDjbpqgxmW02_m9SV1Xaxsqzl3bg45GCP_thumb.jpg?generation=1655385623587088&alt=media
IKI,Varškės kremo tortas ŠAMONI,13.99 €,https://firebasestorage.googleapis.com/v0/b/lastmile-ui/o/import%2Fphotos%2Fconverted%2Fproduct%2FthumbUrl%2FCvKfTzV4TN5U8BTMF1Hl_280663_OrXUvGAuc2NCJDRvzNOTXOM3rsp1_HWaEAvEjHJSgekJ0WMvt.webp?alt=media&token=4d7b245f-0d85-4e7f-8a73-df2a7191449d
IKI,Dnatų šepetėlis SENSODYNE MULTICARE SOFT,1.99 €,https://firebasestorage.googleapis.com/v0/b/lastmile-ui/o/import%2Fphotos%2Fconverted%2Fproduct%2FthumbUrl%2FCvKfTzV4TN5U8BTMF1Hl_206082_Y5wHCakiRVc8Kf1fJt96vh8Tr2I2_F71siGz9Nl95AgwkaM7p.webp?alt=media&token=8c130d66-da88-4aef-b7d5-4b79bcdca77a
IKI,"Colgate dantų pasta Triple Action, 125 ml",1.74 €,https://firebasestorage.googleapis.com/v0/b/lastmile-ui/o/import%2Fphotos%2Fconverted%2Fproduct%2FthumbUrl%2FCvKfTzV4TN5U8BTMF1Hl_280428_Y5wHCakiRVc8Kf1fJt96vh8Tr2I2_eXCxCeQC6FAUt52NyYjV.webp?alt=media&token=8b867368-d87e-4d73-8a48-048e509b2115
IKI,"Atitirpintos baltakojės blyškiosios krevetės, ant iešmelio, nevirtos, lukštentos, 51–60, 1 vnt",1.25 €,https://firebasestorage.googleapis.com/v0/b/lastmile-ui/o/import%2Fphotos%2Fconverted%2Fproduct%2FthumbUrl%2FCvKfTzV4TN5U8BTMF1Hl_284531_uF3DptJQvjXHqmno4Mal_TqWwPz8hVzO8BMq0hI7Z.webp?alt=media&token=068a6594-35b2-47d6-a13f-eeceecd6bc12
IKI,"Midijos SUN&SEA marinate, 111 g",2.62 €,https://storage.googleapis.com/download/storage/v1/b/lastmile-ui/o/import%2Fphotos%2Fconverted%2Fproduct%2Fglobal_kE2sCVz2g7eRLUgobUbU_W5RvAbpnRicygag1V4nopPhtD8z2_Rfe3jhL0SYycg6lrfTV1_thumb.jpg?generation=1685538452144221&alt=media
IKI,"Dvifazis makiažo valiklis GARNIER SIMPLE ESSENTIALS, 125 ml",3.39 €,https://storage.googleapis.com/download/storage/v1/b/lastmile-ui/o/import%2Fphotos%2Fconverted%2Fproduct%2Fglobal_yJxxg5JxjtHCxMrIqqt1_xGdb10o0VzY1SFD6eDjbpqgxmW02_lrOP2GHDtWCixiCH2vND_thumb.jpg?generation=1674651246513576&alt=media
IKI,"Veido kaukė GARNIER SKIN NATURALS MOISTURE + COMFORT, 32 g",1.89 €,https://storage.googleapis.com/download/storage/v1/b/lastmile-ui/o/images%2Fproducts%2Fthumb_sk8o3teuavwChUubfjnb.jpg?generation=1644048370790653&alt=media
IKI,"Indaplovių gelis FINISH LEMON, 900 ml",11.49 €,https://storage.googleapis.com/download/storage/v1/b/lastmile-ui/o/import%2Fphotos%2Fconverted%2Fproduct%2FCvKfTzV4TN5U8BTMF1Hl_AoRYNQ8RSwKR9CPuTTq9_CvKfTzV4TN5U8BTMF1Hl_W5RvAbpnRicygag1V4nopPhtD8z2_Kutl2ZtggKKaTtaf4xAe_thumb.jpg?generation=1689684928671828&alt=media
IKI,"Micelinis valomasis vanduo GARNIER HYALURONIC ALOE, 400 ml",4.99 €,https://storage.googleapis.com/download/storage/v1/b/lastmile-ui/o/images%2Fproducts%2Fthumb_f1qKbzWoTDmWEI8UZuhk.jpg?generation=1644059192791985&alt=media
IKI,"Plaukų lakas SYOSS KERATIN, 300 ml",4.09 €,https://firebasestorage.googleapis.com/v0/b/lastmile-ui/o/import%2Fphotos%2Fconverted%2Fproduct%2FthumbUrl%2FCvKfTzV4TN5U8BTMF1Hl_225483_W5RvAbpnRicygag1V4nopPhtD8z2_buGhsq2FcVJxPUDe6Hwv.webp?alt=media&token=317e4c5a-ac00-4539-afa5-7e3cb6f81f07
IKI,"MARGARITA universalus kremas su šaltalankių aliejumi, 200 ml",1.99 €,https://storage.googleapis.com/download/storage/v1/b/lastmile-ui/o/images%2Fproducts%2Fthumb_sWyCIUbxqG4XrUo7FgEA.jpg?generation=1623061287332589&alt=media
IKI,"Nagų lako valiklis su citrinų ekstraktu BŪK, 150 ml",1.14 €,https://storage.googleapis.com/download/storage/v1/b/lastmile-ui/o/import%2Fphotos%2Fconverted%2Fproduct%2FCvKfTzV4TN5U8BTMF1Hl_67355_CvKfTzV4TN5U8BTMF1Hl_W5RvAbpnRicygag1V4nopPhtD8z2_yeVaRUk9wRwhqT0VnYeB_thumb.jpg?generation=1688450520326634&alt=media
IKI,"Rutulinis dezodorantas moterims GAR DEO MINERAL ACTION CONTROL CLINICAL, 50 ml",2.89 €,https://storage.googleapis.com/download/storage/v1/b/lastmile-ui/o/import%2Fphotos%2Fconverted%2Fproduct%2Fglobal_s9z0jUo3jyGhAQt3z9RW_xGdb10o0VzY1SFD6eDjbpqgxmW02_Os5QDUkMNBScwOT6jvRq_thumb.jpg?generation=1674560115815292&alt=media
IKI,"Automatinių indaplovių kapsulės FAIRY Platinum+ Lemon, 40vnt",14.99 €,https://firebasestorage.googleapis.com/v0/b/lastmile-ui/o/import%2Fphotos%2Fconverted%2Fproduct%2FthumbUrl%2FCvKfTzV4TN5U8BTMF1Hl_282562_Y5wHCakiRVc8Kf1fJt96vh8Tr2I2_l0ZKcapPoELN9nPRwLhP.webp?alt=media&token=b98147bd-f25b-4201-9434-ec10ca8eacd6
IKI,Paprastoji vilkžuvė RUSNĖS ŽUVYS,9.99 €,https://storage.googleapis.com/download/storage/v1/b/lastmile-ui/o/import%2Fphotos%2Fconverted%2Fproduct%2Fglobal_FCbb9E88yRG7rhtddawy_W5RvAbpnRicygag1V4nopPhtD8z2_j4s96vRlhO3lIUM0UmSq_thumb.jpg?generation=1687174768108235&alt=media
IKI,"Skystas muilas PALMOLIVE, 300 ml",1.64 €,https://firebasestorage.googleapis.com/v0/b/lastmile-ui/o/import%2Fphotos%2Fconverted%2Fproduct%2FthumbUrl%2FCvKfTzV4TN5U8BTMF1Hl_53914_W5RvAbpnRicygag1V4nopPhtD8z2_l1zMUM9FFMCCO5Z1nkuY.webp?alt=media&token=1d50ae02-ea88-46e1-82b0-acb89e6bdd7c
IKI,"Veido kaukė GARNIER SKIN NATURALS MOISTURE + FRESHNESS, 32 g",1.89 €,https://storage.googleapis.com/download/storage/v1/b/lastmile-ui/o/images%2Fproducts%2Fthumb_DpDrUkxA7Ow1BsGKbMUa.jpg?generation=1644048367693885&alt=media
IKI,"Karamelinė tartaletė su graikiniais riešutais, 100 g",2.39 €,https://firebasestorage.googleapis.com/v0/b/lastmile-ui/o/import%2Fphotos%2Fconverted%2Fproduct%2FthumbUrl%2FCvKfTzV4TN5U8BTMF1Hl_277426_W5RvAbpnRicygag1V4nopPhtD8z2_fcVUetQ24r33M9VODNKU.webp?alt=media&token=8061b306-c402-4ba0-a554-4cdc6c2fefbd
IKI,"WANPY mėsos pasta katėms su tunu, vištiena ir morkomis, 90 g",1.39 €,https://firebasestorage.googleapis.com/v0/b/lastmile-ui/o/import%2Fphotos%2Fconverted%2Fproduct%2FthumbUrl%2FCvKfTzV4TN5U8BTMF1Hl_280391_Y5wHCakiRVc8Kf1fJt96vh8Tr2I2_cEymBreterPHoV85VLPW.webp?alt=media&token=a5f535ad-e637-437b-9844-77d50b08957e
IKI,Žydintis augalas MEILENIS (AMARYLLIS),2.99 €,https://storage.googleapis.com/download/storage/v1/b/lastmile-ui/o/import%2Fphotos%2Fconverted%2Fproduct%2Fglobal_qGuNrtD9KPfYSyTn5h6B_xGdb10o0VzY1SFD6eDjbpqgxmW02_whw5ZzYXuq8GbGabYB9V_thumb.jpg?generation=1671102746879092&alt=media
IKI,"AGOTOS TYRA juoda duona su skaldytais rugių branduoliais ir saulėgrąžomis, 340 g.",0.95 €,https://firebasestorage.googleapis.com/v0/b/lastmile-ui/o/import%2Fphotos%2Fconverted%2Fproduct%2FthumbUrl%2FCvKfTzV4TN5U8BTMF1Hl_289281_OrXUvGAuc2NCJDRvzNOTXOM3rsp1_EqkPqabKEC8l8Bw5BKtH.webp?alt=media&token=de38dab5-84eb-4733-a375-6849d43aa4df
IKI,"Drėkinamasis kūno kremas NIVEA SOFT, 75 ml",2.74 €,https://firebasestorage.googleapis.com/v0/b/lastmile-ui/o/import%2Fphotos%2Fconverted%2Fproduct%2FthumbUrl%2FCvKfTzV4TN5U8BTMF1Hl_1571_Pos12xpkYpPSKaVDW3jqu7xnlg23_P5nOrDrSOQfaG3Hi8LD1.webp?alt=media&token=f2fb8125-b7b7-49c5-92d2-9759fe94028a
IKI,"Rankų kremas BEAUTYDERM Extra Care, 75 ml",0.89 €,https://storage.googleapis.com/download/storage/v1/b/lastmile-ui/o/import%2Fphotos%2Fconverted%2Fproduct%2Fglobal_DtWwlD0OL7lzSbDDWzpA_xGdb10o0VzY1SFD6eDjbpqgxmW02_L5XEF97yIabuSSVQHzdu_thumb.jpg?generation=1674560118268537&alt=media
IKI,"Pieninins šokoladas su sūriais migdolais MARABOU, 220 g",3.49 €,https://storage.googleapis.com/download/storage/v1/b/lastmile-ui/o/import%2Fphotos%2Fconverted%2Fproduct%2Fglobal_CbgIJBs1pC7URMYv5qgB_xGdb10o0VzY1SFD6eDjbpqgxmW02_KwKihgQ2lNtpz4UvrsPu_thumb.jpg?generation=1671102701198468&alt=media
IKI,"Valomasis vanduo BIODERMA Sensibio H2O, 0,5 l",8.34 €,https://storage.googleapis.com/download/storage/v1/b/lastmile-ui/o/import%2Fphotos%2Fconverted%2Fproduct%2FCvKfTzV4TN5U8BTMF1Hl_QSuXQfIcVI2ca2s4zpOZ_CvKfTzV4TN5U8BTMF1Hl_W5RvAbpnRicygag1V4nopPhtD8z2_wImdKPSrc1QWarIxKHnc_thumb.webp?generation=1699528113895470&alt=media
IKI,"Clin crystal langų valiklis, 500 ml",1.79 €,https://firebasestorage.googleapis.com/v0/b/lastmile-ui/o/import%2Fphotos%2Fconverted%2Fproduct%2FthumbUrl%2FCvKfTzV4TN5U8BTMF1Hl_281144_W5RvAbpnRicygag1V4nopPhtD8z2_N1Qqt7Ec1jl1FG3BkbSN.webp?alt=media&token=94f9d21b-891b-4275-9f2c-5565ca63d7b1
IKI,"Skalbimo milteliai PERSIL COLOR, 40 skalbimų, 2200 g",8.99 €,https://firebasestorage.googleapis.com/v0/b/lastmile-ui/o/import%2Fphotos%2Fconverted%2Fproduct%2FthumbUrl%2FCvKfTzV4TN5U8BTMF1Hl_281177_W5RvAbpnRicygag1V4nopPhtD8z2_qSXR8qGsAeZ2bDkiimR4.webp?alt=media&token=1f304a9c-0f29-43c5-8da2-82fe84e1596c
IKI,"Drėkinamasis veido kremas MARGARITA SENSITIVE SKIN, 50 ml",3.99 €,https://storage.googleapis.com/download/storage/v1/b/lastmile-ui/o/images%2Fproducts%2Fthumb_2vyCfixojHNpPSjEregI.jpg?generation=1644058895601169&alt=media
IKI,"Saldainių su likerio įdaru dėžutė LAIMA VILNIAUS, 180 g",5.99 €,https://storage.googleapis.com/download/storage/v1/b/lastmile-ui/o/images%2Fchain_products%2FIKI%2Fthumb_eQElPmHNVy3r5SHeyNXl.jpg?generation=1631695720066491&alt=media
IKI,"Dušo želė su įvairių vaisių ekstraktu GREEN FEEL'S, 250 ml",1.39 €,https://firebasestorage.googleapis.com/v0/b/lastmile-ui/o/import%2Fphotos%2Fconverted%2Fproduct%2FthumbUrl%2FCvKfTzV4TN5U8BTMF1Hl_244737_Y5wHCakiRVc8Kf1fJt96vh8Tr2I2_0OdRX4BbRLctxmAwz13U.webp?alt=media&token=277dedb8-5abf-4e67-8ce3-4d633a40d62f
IKI,"Šokoladiniai saldainiai M&M's minis, 176 g",1.99 €,https://firebasestorage.googleapis.com/v0/b/lastmile-ui/o/import%2Fphotos%2Fconverted%2Fproduct%2FthumbUrl%2FCvKfTzV4TN5U8BTMF1Hl_281350_Y5wHCakiRVc8Kf1fJt96vh8Tr2I2_gq0SHBHmBZLo9yFiampl.webp?alt=media&token=b413b827-af85-42a6-81c0-27689ba85e12
IKI,"Minkštiklis LENOR Cherry Blossom & Sage, 59 skalb., 1239ml",4.09 €,https://firebasestorage.googleapis.com/v0/b/lastmile-ui/o/import%2Fphotos%2Fconverted%2Fproduct%2FthumbUrl%2FCvKfTzV4TN5U8BTMF1Hl_287770_uF3DptJQvjXHqmno4Mal_baNbFdUEarGRY2wPk6Sq.webp?alt=media&token=dbdb5d85-fd42-4af0-8e93-22a79cd8a735
IKI,Plaukų dažai GARNIER COLOR Nr.4,2.49 €,https://storage.googleapis.com/download/storage/v1/b/lastmile-ui/o/images%2Fproducts%2Fthumb_iSeWPGNxDbLcpgCMs6kP.jpg?generation=1644048195686979&alt=media
IKI,"„L'Oréal Men Expert Carbon Protect“ rutulinis antiperspirantas, 50 ml",3.49 €,https://storage.googleapis.com/download/storage/v1/b/lastmile-ui/o/images%2Fproducts%2Fthumb_r2cdhI5TI6aHckcFnQxZ.jpg?generation=1644048291976248&alt=media
IKI,"Indaplovių tabletės SOMAT All in 1 Extra, 75 vnt.",15.49 €,https://firebasestorage.googleapis.com/v0/b/lastmile-ui/o/import%2Fphotos%2Fconverted%2Fproduct%2FthumbUrl%2FCvKfTzV4TN5U8BTMF1Hl_283735_Y5wHCakiRVc8Kf1fJt96vh8Tr2I2_k59BYur97zZsCMjsayfd.webp?alt=media&token=229b2fe0-0797-461f-aaee-0d0cbc70635d
IKI,"Skalbimo gelis PERSIL EXPERT LAVENDER COLOR, 40 skalbimų, 1800 ml",8.99 €,https://firebasestorage.googleapis.com/v0/b/lastmile-ui/o/import%2Fphotos%2Fconverted%2Fproduct%2FthumbUrl%2FCvKfTzV4TN5U8BTMF1Hl_281152_W5RvAbpnRicygag1V4nopPhtD8z2_dCEzKa8gZ4eYv6PLwEiM.webp?alt=media&token=27282d27-0b74-487e-826f-d32fb7bd67c9
IKI,"Vyriškas rutulinis dezodorantas GARNIER MINERAL INVISIBLE, 50 ml",2.89 €,https://firebasestorage.googleapis.com/v0/b/lastmile-ui/o/import%2Fphotos%2Fconverted%2Fproduct%2FthumbUrl%2FCvKfTzV4TN5U8BTMF1Hl_63918_uF3DptJQvjXHqmno4Mal_D6rqmNLibexfz6Y5YRS8.webp?alt=media&token=19147bd4-c964-4bad-94f3-8df3d03a7b82
IKI,"Balto šokolado saldainiai TOFFIFEE, 125 g",1.99 €,https://firebasestorage.googleapis.com/v0/b/lastmile-ui/o/import%2Fphotos%2Fconverted%2Fproduct%2FthumbUrl%2FCvKfTzV4TN5U8BTMF1Hl_290627_uF3DptJQvjXHqmno4Mal_42W9OoZ3bn75tUyfQikF.webp?alt=media&token=68b1d5d0-e03b-4c3e-b75b-9513b490df39
IKI,"Protezų valiklis COREGA TABS BIO FORMULA, 30 vnt.",2.99 €,https://firebasestorage.googleapis.com/v0/b/lastmile-ui/o/import%2Fphotos%2Fconverted%2Fproduct%2FthumbUrl%2FCvKfTzV4TN5U8BTMF1Hl_46198_Y5wHCakiRVc8Kf1fJt96vh8Tr2I2_kT1kHQ9WamNw942YaMXS.webp?alt=media&token=b8801e17-1df8-4e7c-a91a-6e2c3f2fe856
IKI,"L’Oréal Paris Age Specialist maitinamasis dieninis kremas nuo raukšlių 65+, 50 ml",5.99 €,https://storage.googleapis.com/download/storage/v1/b/lastmile-ui/o/images%2Fproducts%2Fthumb_D3BHhLoWHKW9DsfVSN4o.jpg?generation=1631695876792906&alt=media
IKI,"Trejopo poveikio dantų pasta ECODENTA, 100 ml",2.89 €,https://storage.googleapis.com/download/storage/v1/b/lastmile-ui/o/images%2Fproducts%2Fthumb_YySoxzxPfOl7nr2PKyyx.jpg?generation=1623061299075655&alt=media
IKI,"Plaukų lakas TAFT ULTIMATE, 250 ml",2.99 €,https://storage.googleapis.com/download/storage/v1/b/lastmile-ui/o/import%2Fphotos%2Fconverted%2Fproduct%2Fglobal_eaRH4dfIPdsEWTTDwQiQ_W5RvAbpnRicygag1V4nopPhtD8z2_n0uZoQw5tCfrRiFIJSg4_thumb.jpg?generation=1684494375486639&alt=media
IKI,Skustuvas GILLETTE FUSION + sk. galvutė 1vnt.,7.24 €,https://firebasestorage.googleapis.com/v0/b/lastmile-ui/o/import%2Fphotos%2Fconverted%2Fproduct%2FthumbUrl%2FCvKfTzV4TN5U8BTMF1Hl_34144_Y5wHCakiRVc8Kf1fJt96vh8Tr2I2_XMByoQuhg8jyGOI4yeCJ.webp?alt=media&token=5d31fd6f-1600-4628-afd3-5b1860e4cc07
IKI,"Purškiamas oro gaiviklis AMBI PUR Gold Orchid, 185ml",2.84 €,https://firebasestorage.googleapis.com/v0/b/lastmile-ui/o/import%2Fphotos%2Fconverted%2Fproduct%2FthumbUrl%2FCvKfTzV4TN5U8BTMF1Hl_282565_Y5wHCakiRVc8Kf1fJt96vh8Tr2I2_lMgaXbVrtix2xSdnRx0E.webp?alt=media&token=e3657937-9e10-4803-b315-8dc0ee51c0a8
IKI,"Minkštiklis LENOR  Spring Awakening, 71 skalb., 1491ml",4.09 €,https://firebasestorage.googleapis.com/v0/b/lastmile-ui/o/import%2Fphotos%2Fconverted%2Fproduct%2FthumbUrl%2FCvKfTzV4TN5U8BTMF1Hl_287774_OrXUvGAuc2NCJDRvzNOTXOM3rsp1_T8rxH5jvhyHgev2WqvUT.webp?alt=media&token=ae41b04c-a234-4935-8ee6-222fabfa4bd3
IKI,"Tartaletė su persikais, 50 g",1.43 €,https://firebasestorage.googleapis.com/v0/b/lastmile-ui/o/import%2Fphotos%2Fconverted%2Fproduct%2FthumbUrl%2FCvKfTzV4TN5U8BTMF1Hl_280650_W5RvAbpnRicygag1V4nopPhtD8z2_EmJtpaFuHthFLWBt6v8H.webp?alt=media&token=8f1a8214-94f6-4fde-a4c6-b761c5415fb4
IKI,"Elektrinių oro gaiviklių užpildas AIR WICK LUSH HIDEAWAY, 19 ml",3.99 €,https://storage.googleapis.com/download/storage/v1/b/lastmile-ui/o/import%2Fphotos%2Fconverted%2Fproduct%2FCvKfTzV4TN5U8BTMF1Hl_QlcZtarh4mVubQEhtYkn_CvKfTzV4TN5U8BTMF1Hl_W5RvAbpnRicygag1V4nopPhtD8z2_rgchCpJbsusKgPSoMclD_thumb.jpg?generation=1689684928522058&alt=media
IKI,"Dezodoruojantis kojų kremas MARGARITA, 75 ml",1.59 €,https://storage.googleapis.com/download/storage/v1/b/lastmile-ui/o/images%2Fchain_products%2FIKI%2Fthumb_0iUhRvS0aTHqZnlf2Dfm.jpg?generation=1644048062134500&alt=media
IKI,"Dantų pasta ORAL-B Pro-Expert, Professional Protection, 75ml",2.49 €,https://firebasestorage.googleapis.com/v0/b/lastmile-ui/o/import%2Fphotos%2Fconverted%2Fproduct%2FthumbUrl%2FCvKfTzV4TN5U8BTMF1Hl_280533_Y5wHCakiRVc8Kf1fJt96vh8Tr2I2_iSdv8WAuFkCyORBCy7Yd.webp?alt=media&token=cff2b7e1-b269-407a-96fc-c4e221263dc5
IKI,"Negliaudyti kepinti žemės riešutai, 1 kg",2.99 €,https://storage.googleapis.com/download/storage/v1/b/lastmile-ui/o/import%2Fphotos%2Fconverted%2Fproduct%2Fglobal_AWhbziMG1g9O7fGDiKrS_W5RvAbpnRicygag1V4nopPhtD8z2_v8Eb6unyCDQMsiXzGV4M_thumb.jpg?generation=1687181645527775&alt=media
IKI,Minkštas vaikiškas dantų šepetėlis JORDAN STEP 6 - 9 metai,1.99 €,https://storage.googleapis.com/download/storage/v1/b/lastmile-ui/o/import%2Fphotos%2Fconverted%2Fproduct%2Fglobal_ejr1u6obwcUUHVTxNQvv_r9n5kqSjCnW7eMWy9cQs7lSXyPx2_pvRglFEuGtq8DnxE3175_thumb.jpg?generation=1644304721038426&alt=media
IKI,"Intymusis ir masažo gelis su alavijais Durex Play Massage 2in1, 200 ml",6.99 €,https://storage.googleapis.com/download/storage/v1/b/lastmile-ui/o/import%2Fphotos%2Fconverted%2Fproduct%2Fglobal_pJp2i6y5MKobHtmjGOeY_xGdb10o0VzY1SFD6eDjbpqgxmW02_PQswWMw0Rl1v8RAUSxm1_thumb.jpg?generation=1661236093899324&alt=media
IKI,"Šlapias tualetinis popierius ZEWA PURE, 1 vnt.",2.14 €,https://storage.googleapis.com/download/storage/v1/b/lastmile-ui/o/images%2Fproducts%2Fthumb_4QElepQ6ZWsynYbWvlcs.jpg?generation=1631695889276691&alt=media
IKI,"AJAX Strong & Safe universalus valiklis, 1 l",2.24 €,https://firebasestorage.googleapis.com/v0/b/lastmile-ui/o/import%2Fphotos%2Fconverted%2Fproduct%2FthumbUrl%2FCvKfTzV4TN5U8BTMF1Hl_282858_Y5wHCakiRVc8Kf1fJt96vh8Tr2I2_Ooz0ppUULiTQ612dzFhH.webp?alt=media&token=699b56a1-0642-497e-84e1-f831d7d4e13e
IKI,Keptas kiaulienos sprandinės vyniotinis,14.39 €,https://firebasestorage.googleapis.com/v0/b/lastmile-ui/o/import%2Fphotos%2Fconverted%2Fproduct%2FthumbUrl%2FCvKfTzV4TN5U8BTMF1Hl_285828_OrXUvGAuc2NCJDRvzNOTXOM3rsp1_YxYJtNN1bra0CcRFM0MP.webp?alt=media&token=f1b7a5a3-0c84-45b7-837d-082e3393d292
IKI,"LAIMA zefyrai, grietinėlės skonio, 200g",1.49 €,https://firebasestorage.googleapis.com/v0/b/lastmile-ui/o/import%2Fphotos%2Fconverted%2Fproduct%2FthumbUrl%2FCvKfTzV4TN5U8BTMF1Hl_5307_OrXUvGAuc2NCJDRvzNOTXOM3rsp1_uLL88bu3Anx7opY43YgG.webp?alt=media&token=1f34dd9f-6efc-44e6-a7f4-d4a266ab118a
IKI,"Purškiamos WC valymo putos DOMESTOS CITRUS, 435 ml",2.99 €,https://firebasestorage.googleapis.com/v0/b/lastmile-ui/o/import%2Fphotos%2Fconverted%2Fproduct%2FthumbUrl%2FCvKfTzV4TN5U8BTMF1Hl_282851_Y5wHCakiRVc8Kf1fJt96vh8Tr2I2_4iqhp9A2SHfmdHuVRf4M.webp?alt=media&token=2a0b86c7-3142-4439-8c99-94dd6ec69184
IKI,"Saldainiai TOFFIFEE, 400 g",7.19 €,https://storage.googleapis.com/download/storage/v1/b/lastmile-ui/o/import%2Fphotos%2Fconverted%2Fproduct%2Fglobal_WcdNuaQiHFb1tuKIIYmU_xGdb10o0VzY1SFD6eDjbpqgxmW02_5oOboMQZkrueSCjTV8i3_thumb.jpg?generation=1646660355594608&alt=media
IKI,Plaukų dažai SYOSS COLOR Nr. 1-1,4.64 €,https://firebasestorage.googleapis.com/v0/b/lastmile-ui/o/import%2Fphotos%2Fconverted%2Fproduct%2FthumbUrl%2FCvKfTzV4TN5U8BTMF1Hl_78205_W5RvAbpnRicygag1V4nopPhtD8z2_EQPZKOgtrzWxhKOM44gj.webp?alt=media&token=e9d12cc0-25ca-4510-bd6e-e647b3bd4369
IKI,"Dantų šepetėliai COLGATE TB HIGH DENSITY, 2 vnt.",2.39 €,https://storage.googleapis.com/download/storage/v1/b/lastmile-ui/o/import%2Fphotos%2Fconverted%2Fproduct%2Fglobal_vH1iM6KHyDdQQVW8McfN_W5RvAbpnRicygag1V4nopPhtD8z2_gM2ryi9KhlNQGTZLC5Ck_thumb.jpg?generation=1687180048492655&alt=media
IKI,"Juodasis ricinos aliejus ir keratinas plaukų kaukė BIO NATURELL, 946 ml",2.99 €,https://storage.googleapis.com/download/storage/v1/b/lastmile-ui/o/import%2Fphotos%2Fconverted%2Fproduct%2Fglobal_gji8ZtI9nkd3JGCiUhiP_xGdb10o0VzY1SFD6eDjbpqgxmW02_aAJY4zTTVGxbEBGMgdrI_thumb.jpg?generation=1674560119144656&alt=media
IKI,"Saldainių dėžutė RAFFAELLO, 300 g",7.99 €,https://firebasestorage.googleapis.com/v0/b/lastmile-ui/o/import%2Fphotos%2Fconverted%2Fproduct%2FthumbUrl%2FCvKfTzV4TN5U8BTMF1Hl_229318_uF3DptJQvjXHqmno4Mal_ETLvOQicfW7i9UAwofDx.webp?alt=media&token=2b22b740-3846-4a60-ba59-84ca3ec562c1
IKI,"Skalbimo kapsulės PERSIL DISCS Color, 26 skalbimai",8.99 €,https://firebasestorage.googleapis.com/v0/b/lastmile-ui/o/import%2Fphotos%2Fconverted%2Fproduct%2FthumbUrl%2FCvKfTzV4TN5U8BTMF1Hl_284283_Y5wHCakiRVc8Kf1fJt96vh8Tr2I2_8BvNL2VJkzcod5AcR6Vz.webp?alt=media&token=8e9921c4-cb80-44c4-b5bd-80f64e888f3d
IKI,"Kelnaitės BABYWELL JUNIOR 5 dydis, 20 vnt",4.12 €,https://firebasestorage.googleapis.com/v0/b/lastmile-ui/o/import%2Fphotos%2Fconverted%2Fproduct%2FthumbUrl%2FCvKfTzV4TN5U8BTMF1Hl_283168_OrXUvGAuc2NCJDRvzNOTXOM3rsp1_WjvkFSmVmHuengBkjSc8.webp?alt=media&token=c2197221-6bb3-4829-a5b2-2fa47fd8c84d
IKI,"Plaukų balzamas GARNIER FRUCTIS COLOR RESIST, 200 ml",2.64 €,https://storage.googleapis.com/download/storage/v1/b/lastmile-ui/o/images%2Fproducts%2Fthumb_shjLOPIA9EcnqWFTrlc1.jpg?generation=1644048304581930&alt=media
IKI,"Skustuvo galvutės VENUS Smooth, 8vnt.",10.99 €,https://firebasestorage.googleapis.com/v0/b/lastmile-ui/o/import%2Fphotos%2Fconverted%2Fproduct%2FthumbUrl%2FCvKfTzV4TN5U8BTMF1Hl_266092_Y5wHCakiRVc8Kf1fJt96vh8Tr2I2_8Gz4PyoyFC9LhGlzI3Wh.webp?alt=media&token=ef5801f4-2d72-4ead-b5b3-2d81ffca5719
IKI,"Dantų pasta LACALUT KIDS 2-6 metų vaikams, 55 ml",2.74 €,https://storage.googleapis.com/download/storage/v1/b/lastmile-ui/o/import%2Fphotos%2Fconverted%2Fproduct%2FCvKfTzV4TN5U8BTMF1Hl_269656_CvKfTzV4TN5U8BTMF1Hl_W5RvAbpnRicygag1V4nopPhtD8z2_zOu5sDFse8yHfuAPDhQC_thumb.jpg?generation=1690192214288005&alt=media
IKI,"Tartaletė su uogomis, 330 g",6.39 €,https://firebasestorage.googleapis.com/v0/b/lastmile-ui/o/import%2Fphotos%2Fconverted%2Fproduct%2FthumbUrl%2FCvKfTzV4TN5U8BTMF1Hl_280657_W5RvAbpnRicygag1V4nopPhtD8z2_L79Rmofb8Y8AHZVh0Tat.webp?alt=media&token=38d0aaae-d6db-470c-a658-a3d56c618aec
IKI,"Prieskonių mišinys žvėrienai gardinti SAUDA, 100 g",0.62 €,https://storage.googleapis.com/download/storage/v1/b/lastmile-ui/o/images%2Fproducts%2Fthumb_oaIsgZmK3Nwt3js91B6J.jpg?generation=1582205623133879&alt=media
IKI,"Lūpų balzamas CARMEX TUBE, 10 g",3.49 €,https://storage.googleapis.com/download/storage/v1/b/lastmile-ui/o/import%2Fphotos%2Fconverted%2Fproduct%2Fglobal_lUhv6VJvZ8jSHue4J2tl_xGdb10o0VzY1SFD6eDjbpqgxmW02_BISlmmvSbweQDx3lESFr_thumb.jpg?generation=1680083930381238&alt=media
IKI,"AGOTOS GOURMET juoda duona su skrudintu salyku, 290 g.",0.95 €,https://firebasestorage.googleapis.com/v0/b/lastmile-ui/o/import%2Fphotos%2Fconverted%2Fproduct%2FthumbUrl%2FCvKfTzV4TN5U8BTMF1Hl_289282_OrXUvGAuc2NCJDRvzNOTXOM3rsp1_fcjRgGOBQHaDKSpAR7uA.webp?alt=media&token=b9feb604-28bc-43f7-a49c-9d26b800b77a
IKI,"Lūpų balzamas CARMEX CLICK STICK, 4,25 g",2.99 €,https://storage.googleapis.com/download/storage/v1/b/lastmile-ui/o/import%2Fphotos%2Fconverted%2Fproduct%2Fglobal_NzAKjjVvZ119YBIGPbgF_xGdb10o0VzY1SFD6eDjbpqgxmW02_oIOC6FeAtKqkNRce5Aob_thumb.jpg?generation=1680083929734579&alt=media
IKI,"Dantų šepetėlis JORDAN Ultralite, 2 vnt.",2.39 €,https://storage.googleapis.com/download/storage/v1/b/lastmile-ui/o/import%2Fphotos%2Fconverted%2Fproduct%2Fglobal_lOd1RpPKp0mtIOWGLFpW_W5RvAbpnRicygag1V4nopPhtD8z2_Sn9rPxpNHAUy4bFeJ2Lf_thumb.jpg?generation=1684494381373761&alt=media
IKI,"Šampūnas su alaus mielėmis MARGARITA, 400 ml",1.99 €,https://storage.googleapis.com/download/storage/v1/b/lastmile-ui/o/images%2Fchain_products%2FIKI%2Fthumb_ztu7w2J6cBVAzSmk8cow.jpg?generation=1644059043527983&alt=media
IKI,"Baltasis nealkoholinis vynas NOZECO CHARDONNAY, 0,75 l",4.89 €,https://storage.googleapis.com/download/storage/v1/b/lastmile-ui/o/import%2Fphotos%2Fconverted%2Fproduct%2FCvKfTzV4TN5U8BTMF1Hl_276883_CvKfTzV4TN5U8BTMF1Hl_W5RvAbpnRicygag1V4nopPhtD8z2_iY1T9EXjrqQDNVBEiEAw_thumb.jpg?generation=1690969824036257&alt=media
IKI,"Cat's best natūralus sušokantis pjuveninis kraikas, 8,6 kg",13.99 €,https://firebasestorage.googleapis.com/v0/b/lastmile-ui/o/import%2Fphotos%2Fconverted%2Fproduct%2FthumbUrl%2FCvKfTzV4TN5U8BTMF1Hl_281949_Y5wHCakiRVc8Kf1fJt96vh8Tr2I2_d2A5UCNTiy9pIGiOLcQ0.webp?alt=media&token=81c3cb61-8618-47b7-9d32-ee6e74982bb6
IKI,"Saldainiai PERGALĖ SOSTINĖS CREAM AND LIQUEUR, 380 g",11.83 €,https://storage.googleapis.com/download/storage/v1/b/lastmile-ui/o/import%2Fphotos%2Fconverted%2Fproduct%2Fglobal_UmlSdNdOUkFUuUBMbbB4_xGdb10o0VzY1SFD6eDjbpqgxmW02_KqeRCwVnZRNBLZI5wyRk_thumb.jpg?generation=1644326725016207&alt=media
IKI,"Tarpdančių krapštukai JORDAN CLEAN BETWEEN, 20 vnt.",1.99 €,https://storage.googleapis.com/download/storage/v1/b/lastmile-ui/o/import%2Fphotos%2Fconverted%2Fproduct%2Fglobal_07kMSZTnoT5404TuroiW_r9n5kqSjCnW7eMWy9cQs7lSXyPx2_qAGneT0mkkrlnt9bk3ZV_thumb.jpg?generation=1644304721808124&alt=media
IKI,"Rutulinis dezodorantas GAR DEO MINERAL DRY, 50 ml",2.89 €,https://storage.googleapis.com/download/storage/v1/b/lastmile-ui/o/import%2Fphotos%2Fconverted%2Fproduct%2Fglobal_uLQPYhsiWcFtEbPy8Eo6_xGdb10o0VzY1SFD6eDjbpqgxmW02_8dcpCkYYjCXWgOlnlNdf_thumb.jpg?generation=1658742190532531&alt=media
IKI,"Riešutų ir razinų mišinys, 1 kg",10.79 €,https://storage.googleapis.com/download/storage/v1/b/lastmile-ui/o/images%2Fproducts%2Fthumb_gR2ZBQM4BlRI6XufKMLJ.jpg?generation=1582203778854812&alt=media
IKI,"Plaukų putos SYOSS VOLUME LIFT, 250 ml",4.09 €,https://firebasestorage.googleapis.com/v0/b/lastmile-ui/o/import%2Fphotos%2Fconverted%2Fproduct%2FthumbUrl%2FCvKfTzV4TN5U8BTMF1Hl_13590_W5RvAbpnRicygag1V4nopPhtD8z2_gETeh0m6xV1g2mGLi191.webp?alt=media&token=4f46b9d9-1c34-422b-924a-cccb50b29831
IKI,"Lakštinė veido kaukė NIVEA SKIN DETOX, 27 g",1.74 €,https://firebasestorage.googleapis.com/v0/b/lastmile-ui/o/import%2Fphotos%2Fconverted%2Fproduct%2FthumbUrl%2FCvKfTzV4TN5U8BTMF1Hl_283700_Pos12xpkYpPSKaVDW3jqu7xnlg23_mMNpPGuhGWsBValrGOaq.webp?alt=media&token=17f9766b-ef44-4423-b7b2-f9086de6bdb1
IKI,"Skystas skalbiklis FROSCH GRANATAI 1,5 l",4.99 €,https://firebasestorage.googleapis.com/v0/b/lastmile-ui/o/import%2Fphotos%2Fconverted%2Fproduct%2FthumbUrl%2FCvKfTzV4TN5U8BTMF1Hl_284681_OrXUvGAuc2NCJDRvzNOTXOM3rsp1_eMPW4v4nRdCUxVnMqdLt.webp?alt=media&token=98ed4bd9-aed2-4fa7-b505-4814e962909d
IKI,"Šampūnas SCHAUMA 7 HERBS, 250 ml",1.99 €,https://storage.googleapis.com/download/storage/v1/b/lastmile-ui/o/import%2Fphotos%2Fconverted%2Fproduct%2FCvKfTzV4TN5U8BTMF1Hl_qzpa8Jmku2CSXiChcPD9_xGdb10o0VzY1SFD6eDjbpqgxmW02_mEqHNvCObgCsMSSp7Jli_thumb.jpg?generation=1646660352671941&alt=media
IKI,"Jogurtas su žemuogėmis ir plombyro skoniu ir bifidobak. JO, 2,4% rieb., 900 g",2.19 €,https://firebasestorage.googleapis.com/v0/b/lastmile-ui/o/import%2Fphotos%2Fconverted%2Fproduct%2FthumbUrl%2FCvKfTzV4TN5U8BTMF1Hl_290029_uF3DptJQvjXHqmno4Mal_FiMQLfjgTVrfBC2mQNMF.webp?alt=media&token=8af0070b-de4c-4082-b11f-08264e5c4d0e
IKI,"WC valiklis BREF 10X EFFECT PROTECTION SHIELD LAVENDER, 700 ml",2.24 €,https://storage.googleapis.com/download/storage/v1/b/lastmile-ui/o/import%2Fphotos%2Fconverted%2Fproduct%2FCvKfTzV4TN5U8BTMF1Hl_If1MnkMgbzr1UnDeTvrY_CvKfTzV4TN5U8BTMF1Hl_W5RvAbpnRicygag1V4nopPhtD8z2_44WUFrvE7ZKMApDAG9wL_thumb.jpg?generation=1695364987477286&alt=media
IKI,Plaukų dažai GARNIER COLOR Nr.3,2.49 €,https://storage.googleapis.com/download/storage/v1/b/lastmile-ui/o/import%2Fphotos%2Fconverted%2Fproduct%2FCvKfTzV4TN5U8BTMF1Hl_fH4BAvgV5vHf1dcMAQ0k_CvKfTzV4TN5U8BTMF1Hl_W5RvAbpnRicygag1V4nopPhtD8z2_7t581dLPv2T7nJAlmHYw_thumb.webp?generation=1699527947939221&alt=media
IKI,"Plaukų putos TAFT POWER CASHMERE, 200 ml",3.14 €,https://storage.googleapis.com/download/storage/v1/b/lastmile-ui/o/import%2Fphotos%2Fconverted%2Fproduct%2Fglobal_ut4KQ0KqUnMD3rYg4w3l_xGdb10o0VzY1SFD6eDjbpqgxmW02_eew1RWCBgN2LhZkMYQLt_thumb.jpg?generation=1674560116116297&alt=media
IKI,"Plaukų vaškas TAFT LOOKS CREATIVE LOOK, 75 ml",3.74 €,https://storage.googleapis.com/download/storage/v1/b/lastmile-ui/o/import%2Fphotos%2Fconverted%2Fproduct%2Fglobal_V0icD51Y3Kz8Qxlj98MY_xGdb10o0VzY1SFD6eDjbpqgxmW02_xWaPshGrPSzkqyKIms1h_thumb.jpg?generation=1676010683121791&alt=media
IKI,"Skalbimo gelis PERSIL EXPERT FRESHNESS SILAN, 40 skalbimų, 1800 ml",8.99 €,https://firebasestorage.googleapis.com/v0/b/lastmile-ui/o/import%2Fphotos%2Fconverted%2Fproduct%2FthumbUrl%2FCvKfTzV4TN5U8BTMF1Hl_281150_W5RvAbpnRicygag1V4nopPhtD8z2_S9H13ORad2is8WlakvJy.webp?alt=media&token=d561b27a-7b90-4b23-8d09-0904138b7236
IKI,"Kalėdinis augalas, EGLĖ PERFECTA",4.99 €,https://storage.googleapis.com/download/storage/v1/b/lastmile-ui/o/import%2Fphotos%2Fconverted%2Fproduct%2FCvKfTzV4TN5U8BTMF1Hl_267758_CvKfTzV4TN5U8BTMF1Hl_W5RvAbpnRicygag1V4nopPhtD8z2_zGQdZ3jWl9OxQY4ChxDo_thumb.webp?generation=1701760895035371&alt=media
IKI,"Skystas skalbiklis ARIEL Color, 40 skalb., 1,8 l",8.49 €,https://firebasestorage.googleapis.com/v0/b/lastmile-ui/o/import%2Fphotos%2Fconverted%2Fproduct%2FthumbUrl%2FCvKfTzV4TN5U8BTMF1Hl_287764_OrXUvGAuc2NCJDRvzNOTXOM3rsp1_YffkYGmDbMuauMvMVHyT.webp?alt=media&token=6c3c662d-ba74-4d64-aba3-2629ed558226
IKI,"Šampūnas su šaltalankių aliejumi MARGARITA, 400 ml",1.99 €,https://storage.googleapis.com/download/storage/v1/b/lastmile-ui/o/images%2Fchain_products%2FIKI%2Fthumb_bwvEEHzNHGMK4gpdpBzs.jpg?generation=1644059042437039&alt=media
IKI,"Pieniška košė su miško uogomis ir probiotikais, 250 g",3.67 €,https://firebasestorage.googleapis.com/v0/b/lastmile-ui/o/import%2Fphotos%2Fconverted%2Fproduct%2FthumbUrl%2FCvKfTzV4TN5U8BTMF1Hl_281011_Pos12xpkYpPSKaVDW3jqu7xnlg23_UX4Zhtu3OikFJPOAXJul.webp?alt=media&token=81dc01f1-d08b-48ce-bbfc-97a6ad25297d
IKI,"Grikių dribsniai DOBELE, 500 g",1.79 €,https://firebasestorage.googleapis.com/v0/b/lastmile-ui/o/import%2Fphotos%2Fconverted%2Fproduct%2FthumbUrl%2FCvKfTzV4TN5U8BTMF1Hl_281869_OrXUvGAuc2NCJDRvzNOTXOM3rsp1_ZsatZsA5GylfifsRw3Lk.webp?alt=media&token=a2454093-68cf-4b95-8921-3be7133a91cc
IKI,"Kremas veidui drėkinantis su sraigių sekretu JEE, 75 ml",0.84 €,https://storage.googleapis.com/download/storage/v1/b/lastmile-ui/o/import%2Fphotos%2Fconverted%2Fproduct%2Fglobal_mgHG4P1vgsQqlGjGOg38_xGdb10o0VzY1SFD6eDjbpqgxmW02_9nSfQdYUJ84g2bJC8k8W_thumb.jpg?generation=1674651237459038&alt=media
IKI,"Valymo priemonė AJAX FLORAL FIESTA JASMIN, 1 l",1.99 €,https://firebasestorage.googleapis.com/v0/b/lastmile-ui/o/import%2Fphotos%2Fconverted%2Fproduct%2FthumbUrl%2FCvKfTzV4TN5U8BTMF1Hl_274894_Y5wHCakiRVc8Kf1fJt96vh8Tr2I2_FJjiFo7KWh3fzyYjc6mP.webp?alt=media&token=905bc93f-89b9-4929-b85d-b989ef3ecf17
IKI,"Lakštinė veido kaukė GARNIER VITAMIN C, 28 g",1.89 €,https://storage.googleapis.com/download/storage/v1/b/lastmile-ui/o/images%2Fproducts%2Fthumb_Zl3ZAjDVoE4Zd7DNpQ6O.jpg?generation=1644059179722096&alt=media
IKI,"Sausainiai SKARELĖS su juodaisiais serbentais, 320 g",4.55 €,https://firebasestorage.googleapis.com/v0/b/lastmile-ui/o/import%2Fphotos%2Fconverted%2Fproduct%2FthumbUrl%2FCvKfTzV4TN5U8BTMF1Hl_279559_OrXUvGAuc2NCJDRvzNOTXOM3rsp1_j0c3V2mSlAuFDiRgdAgx.webp?alt=media&token=30c0b797-ab64-4cfd-8cc4-a2a7a8fad189
IKI,Tualetinis popierius Renova Skin Care Deco 3 sl. 8 vnt. 150 lap.,3.24 €,https://firebasestorage.googleapis.com/v0/b/lastmile-ui/o/import%2Fphotos%2Fconverted%2Fproduct%2FthumbUrl%2FCvKfTzV4TN5U8BTMF1Hl_287962_OrXUvGAuc2NCJDRvzNOTXOM3rsp1_NYJ2wvFp1EnkoQXyzA5X.webp?alt=media&token=b3d1e3e2-dc1b-4422-9efd-1b996fd1fb3c
IKI,"Konservuotas kačių ėdalas su vištiena WHISKAS CASSEROLE, 85 g",0.47 €,https://storage.googleapis.com/download/storage/v1/b/lastmile-ui/o/import%2Fphotos%2Fconverted%2Fproduct%2FCvKfTzV4TN5U8BTMF1Hl_eGcqAbGwwbXTiktDZH3x_xGdb10o0VzY1SFD6eDjbpqgxmW02_M5naKfo06JrpcqKAPXgW_thumb.jpg?generation=1679554247221502&alt=media
IKI,"ŠVEIČIAMOS KEMPINĖS VILEDA, 2 vnt.",2.09 €,https://storage.googleapis.com/download/storage/v1/b/lastmile-ui/o/import%2Fphotos%2Fconverted%2Fproduct%2Fglobal_mmeho6fKtxYW15HgeSmB_xGdb10o0VzY1SFD6eDjbpqgxmW02_XTEcF9jH166gcl73cONu_thumb.jpg?generation=1679554245485754&alt=media
IKI,Plaukų dažai SYOSS COLOR Nr. 3-1,4.64 €,https://firebasestorage.googleapis.com/v0/b/lastmile-ui/o/import%2Fphotos%2Fconverted%2Fproduct%2FthumbUrl%2FCvKfTzV4TN5U8BTMF1Hl_78289_W5RvAbpnRicygag1V4nopPhtD8z2_33GHU3F1H2PIsRBiWyni.webp?alt=media&token=7d69c25f-af08-4f63-b66d-7235414c84f0
IKI,"Dušo želė vyrams NIVEA MEN Sensitive, 500 ml",3.44 €,https://firebasestorage.googleapis.com/v0/b/lastmile-ui/o/import%2Fphotos%2Fconverted%2Fproduct%2FthumbUrl%2FCvKfTzV4TN5U8BTMF1Hl_277690_OrXUvGAuc2NCJDRvzNOTXOM3rsp1_3hhsnBtSRjVDhXgmmqag.webp?alt=media&token=a783447b-d15d-4420-84d4-655ae3a02938
IKI,"Saldainių dėžutė PERGALĖ MAGIC OF WINTER, 180 g",3.19 €,https://firebasestorage.googleapis.com/v0/b/lastmile-ui/o/import%2Fphotos%2Fconverted%2Fproduct%2FthumbUrl%2FCvKfTzV4TN5U8BTMF1Hl_278396_uF3DptJQvjXHqmno4Mal_7kvv1b3G737DDKwJI6Jk.webp?alt=media&token=87a99ada-b41d-41ec-ac9d-fa9d53efb83d
IKI,"Juodieji pipirai (malūnėlyje) SAUDA, 100 g",4.89 €,https://storage.googleapis.com/download/storage/v1/b/lastmile-ui/o/images%2Fproducts%2Fthumb_BToVmcNhiwYcq6poiPQL.jpg?generation=1582196748788130&alt=media
IKI,"Skalbimo kapsulės REX POWER CAPS AROMATHERAPY WHITE, 13 skalbimų",3.49 €,https://firebasestorage.googleapis.com/v0/b/lastmile-ui/o/import%2Fphotos%2Fconverted%2Fproduct%2FthumbUrl%2FCvKfTzV4TN5U8BTMF1Hl_281166_W5RvAbpnRicygag1V4nopPhtD8z2_lsmpfPUOlO93UtpFSgmT.webp?alt=media&token=95e28e6b-e1a4-4372-ad19-137bbabf7554
IKI,"Gaiviklis BREF SPA MOMENTS SERENITY WC, 2x50g",2.99 €,https://firebasestorage.googleapis.com/v0/b/lastmile-ui/o/import%2Fphotos%2Fconverted%2Fproduct%2FthumbUrl%2FCvKfTzV4TN5U8BTMF1Hl_281657_W5RvAbpnRicygag1V4nopPhtD8z2_GobT4thqvrw5PEWPhQK1.webp?alt=media&token=59dd515d-9218-47b7-83d5-a2634da418c3
IKI,Karštai rūkyti vaivorykštinio upėtakio gabalai,13.59 €,https://storage.googleapis.com/download/storage/v1/b/lastmile-ui/o/import%2Fphotos%2Fconverted%2Fproduct%2Fglobal_6j3wp0g8QXcZlGUNxFjM_W5RvAbpnRicygag1V4nopPhtD8z2_R2hKZ3tgKBIySpNIrSF1_thumb.jpg?generation=1684847139252064&alt=media
IKI,"Purškiamas dezodorantas REXONA MEN Invisible on B&W, 150 ml",2.14 €,https://www.googleapis.com/download/storage/v1/b/lastmile-ui/o/images%2Fproducts%2Fthumb_0P3eeZ9nNhsjuqgOwbQa.jpg?generation=1582194094625859&alt=media
IKI,"Maroko argano aliejus ir kolagenas šampūnas visų tipų plaukams BIO NATURELL, 946 ml",2.49 €,https://storage.googleapis.com/download/storage/v1/b/lastmile-ui/o/import%2Fphotos%2Fconverted%2Fproduct%2Fglobal_yoQzSaNVtAoReusoEmnx_xGdb10o0VzY1SFD6eDjbpqgxmW02_gEWABwrGMLK724xqd84X_thumb.jpg?generation=1674560118365038&alt=media
IKI,"Hohes C vitamin Energy vanduo Orange-Passionfruit su C+B6+B12+guarana 0,75l",1.39 €,https://firebasestorage.googleapis.com/v0/b/lastmile-ui/o/import%2Fphotos%2Fconverted%2Fproduct%2FthumbUrl%2FCvKfTzV4TN5U8BTMF1Hl_288188_OrXUvGAuc2NCJDRvzNOTXOM3rsp1_PsZKRPCy3Ewo1nhR18pP.webp?alt=media&token=e30ac2b8-ed2b-42e5-928a-5559c1d61242
IKI,"Micelinis vanduo MARGARITA SENSITIVE SKIN, 200 ml",2.89 €,https://firebasestorage.googleapis.com/v0/b/lastmile-ui/o/import%2Fphotos%2Fconverted%2Fproduct%2FthumbUrl%2FCvKfTzV4TN5U8BTMF1Hl_262316_OrXUvGAuc2NCJDRvzNOTXOM3rsp1_tmB7YdvdylkvcWrK4eYd.webp?alt=media&token=1f5bcd09-e6cf-42f3-ad85-56f05dda5e0e
IKI,"WANPY mėsos pasta katėms su lašiša, vištiena ir morkomis, 90 g",1.39 €,https://firebasestorage.googleapis.com/v0/b/lastmile-ui/o/import%2Fphotos%2Fconverted%2Fproduct%2FthumbUrl%2FCvKfTzV4TN5U8BTMF1Hl_280392_Y5wHCakiRVc8Kf1fJt96vh8Tr2I2_xhyXHoWBlCqSiDICKYQg.webp?alt=media&token=ee456cb0-47d9-4e1c-8365-696cde53a8e8
IKI,"Minkštiklis LENOR Lotus Flower & Diamond Figs, 59 skalb., 1239ml",4.09 €,https://firebasestorage.googleapis.com/v0/b/lastmile-ui/o/import%2Fphotos%2Fconverted%2Fproduct%2FthumbUrl%2FCvKfTzV4TN5U8BTMF1Hl_287772_OrXUvGAuc2NCJDRvzNOTXOM3rsp1_iJ3ty9p7nr39IK503gjW.webp?alt=media&token=5676662e-e16d-46ab-b4ad-df9d7b272182
IKI,„L'Oréal Paris“ dieninis kremas su SPF20 apsauga „Hyaluron Specialist“ 50 ml,5.99 €,https://storage.googleapis.com/download/storage/v1/b/lastmile-ui/o/images%2Fproducts%2Fthumb_H1vG7t8kfpv43sYMsAOR.jpg?generation=1644048440655128&alt=media
IKI,"Lakštinė veido kaukė NIVEA SKIN MOISTURE, 27 g",1.74 €,https://firebasestorage.googleapis.com/v0/b/lastmile-ui/o/import%2Fphotos%2Fconverted%2Fproduct%2FthumbUrl%2FCvKfTzV4TN5U8BTMF1Hl_282674_Pos12xpkYpPSKaVDW3jqu7xnlg23_RlDaN04AQDFJnISaQquM.webp?alt=media&token=fbc309f3-59eb-446e-a6ed-fbf9afca07f4
IKI,"Skalbimo kapsulės PERSIL POWER CAPS Color, 44 skalbimai",13.99 €,https://firebasestorage.googleapis.com/v0/b/lastmile-ui/o/import%2Fphotos%2Fconverted%2Fproduct%2FthumbUrl%2FCvKfTzV4TN5U8BTMF1Hl_284273_Y5wHCakiRVc8Kf1fJt96vh8Tr2I2_6wDXnuaEMMYfp1UlRDpR.webp?alt=media&token=a21446ab-debc-4d97-9e18-4979aeab076e
IKI,"Skalbimo kapsulės PERSIL DISCS Universal, 13 skalbimų",4.49 €,https://firebasestorage.googleapis.com/v0/b/lastmile-ui/o/import%2Fphotos%2Fconverted%2Fproduct%2FthumbUrl%2FCvKfTzV4TN5U8BTMF1Hl_284284_Y5wHCakiRVc8Kf1fJt96vh8Tr2I2_q2qPKoGcrqWAS4SQoY0z.webp?alt=media&token=68ffabf9-efd3-4c4a-a025-0ba0e3755f90
IKI,"Ekologiška trinta morkų sriuba ACTIVUS, 400 g",1.81 €,https://firebasestorage.googleapis.com/v0/b/lastmile-ui/o/import%2Fphotos%2Fconverted%2Fproduct%2FthumbUrl%2FCvKfTzV4TN5U8BTMF1Hl_287312_Y5wHCakiRVc8Kf1fJt96vh8Tr2I2_OamSek8bQG6sWOZBc8eF.webp?alt=media&token=a91117d5-1a5b-470b-b421-9f2a29b3cf05
IKI,"LAIMA zefyrai, spanguolių skonio, 200g",1.49 €,https://firebasestorage.googleapis.com/v0/b/lastmile-ui/o/import%2Fphotos%2Fconverted%2Fproduct%2FthumbUrl%2FCvKfTzV4TN5U8BTMF1Hl_235416_OrXUvGAuc2NCJDRvzNOTXOM3rsp1_u3BraEcNpj2fHCHYa1YF.webp?alt=media&token=aad91749-0379-4ca5-ba6f-6e746ce63702
IKI,"Lapinis augalas, ZAMIOKULKAS (ZAMIOCULKAS)",3.79 €,https://storage.googleapis.com/download/storage/v1/b/lastmile-ui/o/import%2Fphotos%2Fconverted%2Fproduct%2Fglobal_1nmW3aosY6N28wN7k3tY_xGdb10o0VzY1SFD6eDjbpqgxmW02_yuyE6mPyTCFDH7CS730t_thumb.jpg?generation=1675778810803321&alt=media
IKI,"Skustuvas BIC3 P4 ACTION BAG, 4 vnt.",1.99 €,https://storage.googleapis.com/download/storage/v1/b/lastmile-ui/o/images%2Fchain_products%2FIKI%2Fthumb_ubEOqEsLtG4l3OHOWv1F.jpg?generation=1631695800745528&alt=media
IKI,"Purškiamas dezodorantas moterims NIVEA BLACK&WHITE FRESH, 150 ml",2.39 €,https://storage.googleapis.com/download/storage/v1/b/lastmile-ui/o/images%2Fproducts%2Fthumb_AwTvOUma2nHSC18sddcU.jpg?generation=1644048373915763&alt=media
IKI,"Virtas-rūkytas vištienos vyniotinis su džiovintomis slyvomis, 300 g",12.39 €,https://firebasestorage.googleapis.com/v0/b/lastmile-ui/o/import%2Fphotos%2Fconverted%2Fproduct%2FthumbUrl%2FCvKfTzV4TN5U8BTMF1Hl_272033_OrXUvGAuc2NCJDRvzNOTXOM3rsp1_FjrEy4HhhALFuvd5vAB9.webp?alt=media&token=fd0f013e-ee78-408c-b6c0-8fef796e0a5e
IKI,"Kukurūzų kruopos be glitimo CASA RINALDI POLENTA, 1 kg",1.99 €,https://storage.googleapis.com/download/storage/v1/b/lastmile-ui/o/import%2Fphotos%2Fconverted%2Fproduct%2Fglobal_EaBcNPf5CBvQKuZxLesO_W5RvAbpnRicygag1V4nopPhtD8z2_e73HNwdyW2XUjR5J3nbr_thumb.jpg?generation=1687181649443240&alt=media
IKI,"Burnos skalavimo skystis LISTERINE COOL MINT MILD TASTE, 1l",5.24 €,https://firebasestorage.googleapis.com/v0/b/lastmile-ui/o/import%2Fphotos%2Fconverted%2Fproduct%2FthumbUrl%2FCvKfTzV4TN5U8BTMF1Hl_260910_uF3DptJQvjXHqmno4Mal_yxZiicTkbw0L9cKsJzkf.webp?alt=media&token=3f23f6ee-3679-482d-a3f1-05616936291b
IKI,"ACTIVUS & ŽALGIRIS grikiai su vištiena ir šitakių grybais, 250g",2.93 €,https://firebasestorage.googleapis.com/v0/b/lastmile-ui/o/import%2Fphotos%2Fconverted%2Fproduct%2FthumbUrl%2FCvKfTzV4TN5U8BTMF1Hl_283415_Y5wHCakiRVc8Kf1fJt96vh8Tr2I2_EGZWwukZmW1Imjh3DM6g.webp?alt=media&token=4c8996c5-f314-4e8e-aea3-9292569ee4d0
IKI,"Šiukšlių maišai SKUBIS STRONG 120 l, 10 vnt",1.61 €,https://firebasestorage.googleapis.com/v0/b/lastmile-ui/o/import%2Fphotos%2Fconverted%2Fproduct%2FthumbUrl%2FCvKfTzV4TN5U8BTMF1Hl_14587_OrXUvGAuc2NCJDRvzNOTXOM3rsp1_D0BvrgGIbjaJvIdN4GVz.webp?alt=media&token=3518edc0-da21-4ae0-9716-9b772e4335ba
IKI,Tualetinis popierius Renova Textil Papier 6 vnt. 4 sl. 140 lap.,2.99 €,https://firebasestorage.googleapis.com/v0/b/lastmile-ui/o/import%2Fphotos%2Fconverted%2Fproduct%2FthumbUrl%2FCvKfTzV4TN5U8BTMF1Hl_287965_OrXUvGAuc2NCJDRvzNOTXOM3rsp1_wCNy3kQ6iZvA6F0ObDOW.webp?alt=media&token=2676b787-2187-43a4-b580-9ce91fd86c30
IKI,"Pieštukinis dezodorantas moterims DOVE ORIGINAL, 40 ml",2.74 €,https://storage.googleapis.com/download/storage/v1/b/lastmile-ui/o/import%2Fphotos%2Fconverted%2Fproduct%2Fglobal_I2ZQGtLDsusrp4oy8yMw_W5RvAbpnRicygag1V4nopPhtD8z2_03jTmeOpp4carR504Nbv_thumb.jpg?generation=1685538455203753&alt=media
IKI,"Pieštukinis dezodorantas REXONA ALOE VERA, 40 ml",2.14 €,https://storage.googleapis.com/download/storage/v1/b/lastmile-ui/o/images%2Fproducts%2Fthumb_siqfBbwEkD1uENvubXsu.jpg?generation=1631696148352292&alt=media
IKI,"Spanguolių skiltelės šokolade LAIMA ŠOKOLADE, 190 g",4.12 €,https://firebasestorage.googleapis.com/v0/b/lastmile-ui/o/import%2Fphotos%2Fconverted%2Fproduct%2FthumbUrl%2FCvKfTzV4TN5U8BTMF1Hl_217799_OrXUvGAuc2NCJDRvzNOTXOM3rsp1_ghRa8XcK3jkR5ZTYbwGD.webp?alt=media&token=b57d91d6-c63c-4a3c-b9a6-fa206e3b25b9
IKI,"Muilas DOVE NOURISHING, 90 g",0.89 €,https://firebasestorage.googleapis.com/v0/b/lastmile-ui/o/import%2Fphotos%2Fconverted%2Fproduct%2FthumbUrl%2FCvKfTzV4TN5U8BTMF1Hl_285834_OrXUvGAuc2NCJDRvzNOTXOM3rsp1_BWE6goGBA4vAyeaCawOy.webp?alt=media&token=b2355e14-4f04-436e-adb2-59e0058a637d
IKI,FROSCH universalus skalbiklis visai tekstilei,4.99 €,https://firebasestorage.googleapis.com/v0/b/lastmile-ui/o/import%2Fphotos%2Fconverted%2Fproduct%2FthumbUrl%2FCvKfTzV4TN5U8BTMF1Hl_287286_OrXUvGAuc2NCJDRvzNOTXOM3rsp1_IOaK8FS1WKnN2herawoI.webp?alt=media&token=a7a613d5-558e-4e83-bc16-abd4477a32ea
IKI,Kanelės su avietėmis 160 g (greitai užšaldyti),2.29 €,https://firebasestorage.googleapis.com/v0/b/lastmile-ui/o/import%2Fphotos%2Fconverted%2Fproduct%2FthumbUrl%2FCvKfTzV4TN5U8BTMF1Hl_288137_OrXUvGAuc2NCJDRvzNOTXOM3rsp1_nliG8RVEOWu3w2GytMe0.webp?alt=media&token=fc41ffb0-dc88-4579-b952-809699818972
IKI,Virtos KAKĖ MAKĖ dešrelės dujose 240g,1.49 €,https://firebasestorage.googleapis.com/v0/b/lastmile-ui/o/import%2Fphotos%2Fconverted%2Fproduct%2FthumbUrl%2FCvKfTzV4TN5U8BTMF1Hl_290019_OrXUvGAuc2NCJDRvzNOTXOM3rsp1_UkdPZ85h5pX0fEE4fx4t.webp?alt=media&token=30eb42d2-aab1-417c-96cc-9dd1e2bb580d
IKI,"Valiklis-gaiviklis BREF BRILLIANT GEL ARCTIC OCEAN, 126 g",3.49 €,https://storage.googleapis.com/download/storage/v1/b/lastmile-ui/o/import%2Fphotos%2Fconverted%2Fproduct%2Fglobal_I6973i7nT9bSfGE5bCUo_W5RvAbpnRicygag1V4nopPhtD8z2_zG4VnVm3h57f2eYVT8Nq_thumb.jpg?generation=1687174778851019&alt=media
IKI,"Purškiamas dezodorantas, antiperspirantas NIVEA Fresh Sensation, 150 ml",2.39 €,https://storage.googleapis.com/download/storage/v1/b/lastmile-ui/o/import%2Fphotos%2Fconverted%2Fproduct%2FCvKfTzV4TN5U8BTMF1Hl_277687_CvKfTzV4TN5U8BTMF1Hl_W5RvAbpnRicygag1V4nopPhtD8z2_mOsgt4qvL8y0VQUqbc9x_thumb.webp?generation=1700137010150376&alt=media
IKI,Kempinėlė paviršiams VILEDA PURACTIVE,0.95 €,https://storage.googleapis.com/download/storage/v1/b/lastmile-ui/o/import%2Fphotos%2Fconverted%2Fproduct%2FCvKfTzV4TN5U8BTMF1Hl_221773_CvKfTzV4TN5U8BTMF1Hl_W5RvAbpnRicygag1V4nopPhtD8z2_Zl5ztwXlbFsChkWLodg1_thumb.jpg?generation=1688450528096477&alt=media
IKI,"Prezervatyvai Durex Mutual Pleasure, 3 vnt.",2.89 €,https://storage.googleapis.com/download/storage/v1/b/lastmile-ui/o/import%2Fphotos%2Fconverted%2Fproduct%2FCvKfTzV4TN5U8BTMF1Hl_rlxbBCOgIAot2qtJmQDZ_xGdb10o0VzY1SFD6eDjbpqgxmW02_EhlVCbCyBE7MQJy3kRa6_thumb.jpg?generation=1661236097896447&alt=media
IKI,"Kūno ir plaukų prausiklis vyrams NIVEA SENSITIVE, 250 ml",2.49 €,https://www.googleapis.com/download/storage/v1/b/lastmile-ui/o/images%2Fproducts%2Fthumb_bMBb9RimVd5oevCbCS9b.jpg?generation=1582202621419065&alt=media
IKI,"Dezodorantas NIVEA BLACK&WHITE ULTIMATE IMPACT, 150 ml",2.39 €,https://storage.googleapis.com/download/storage/v1/b/lastmile-ui/o/images%2Fchain_products%2FIKI%2Fthumb_jiUWQ9XajflKjlyH4KG8.jpg?generation=1644058966561662&alt=media
IKI,"Balzamas SYOSS Color, 440 ml",3.84 €,https://firebasestorage.googleapis.com/v0/b/lastmile-ui/o/import%2Fphotos%2Fconverted%2Fproduct%2FthumbUrl%2FCvKfTzV4TN5U8BTMF1Hl_262091_W5RvAbpnRicygag1V4nopPhtD8z2_Ksl43QltXhFakI4JFOkJ.webp?alt=media&token=67a4161b-fab2-4b57-9d10-b081cf18d5cd
IKI,"Gaivus ir apsaugantis burnos skalavimo skystis ECODENTA, 500 ml",3.39 €,https://storage.googleapis.com/download/storage/v1/b/lastmile-ui/o/import%2Fphotos%2Fconverted%2Fproduct%2Fglobal_YbsST5MOlRETZFOHchcm_W5RvAbpnRicygag1V4nopPhtD8z2_DRTF3Zxw52pwgM1ro5TI_thumb.jpg?generation=1684494378813942&alt=media
IKI,"Skutimosi želė NIVEA MILD, 200 ml",3.59 €,https://storage.googleapis.com/download/storage/v1/b/lastmile-ui/o/images%2Fproducts%2Fthumb_BMlzhk319kUDjkXlG7kY.jpg?generation=1594714694847085&alt=media
IKI,"Paprastasis karpis, filė, atv., su jūros druska bei žolelėmis, MAP 0,25-0,6",11.19 €,https://firebasestorage.googleapis.com/v0/b/lastmile-ui/o/import%2Fphotos%2Fconverted%2Fproduct%2FthumbUrl%2FCvKfTzV4TN5U8BTMF1Hl_288127_uF3DptJQvjXHqmno4Mal_uBoFZAHAPazbZ6BUrsOb.webp?alt=media&token=b864c2a5-4150-435e-b0b4-329b344d6414
IKI,"Skalbimo kapsulės ARIEL Color, 44 skalb.",12.99 €,https://firebasestorage.googleapis.com/v0/b/lastmile-ui/o/import%2Fphotos%2Fconverted%2Fproduct%2FthumbUrl%2FCvKfTzV4TN5U8BTMF1Hl_287782_OrXUvGAuc2NCJDRvzNOTXOM3rsp1_21LiAct8oebHEzEnvcQO.webp?alt=media&token=db6f09ae-cff2-465c-a899-3dd933753793
IKI,"Šokoladiniai saldainiai LAIMA VILNIUS, 360 g",6.74 €,https://storage.googleapis.com/download/storage/v1/b/lastmile-ui/o/images%2Fchain_products%2FIKI%2Fthumb_gQfBRwXfxlrYl2iVDQ2w.jpg?generation=1631696110219647&alt=media
IKI,DŽIUGAS ekologiškas kietas sūris 40% rieb.s.m. fas. 40g,0.79 €,https://storage.googleapis.com/download/storage/v1/b/lastmile-ui/o/import%2Fphotos%2Fconverted%2Fproduct%2FCvKfTzV4TN5U8BTMF1Hl_276757_CvKfTzV4TN5U8BTMF1Hl_W5RvAbpnRicygag1V4nopPhtD8z2_YTdxqccTUTTitzOkeqGp_thumb.jpg?generation=1688536404012382&alt=media
IKI,"Saldainių rinkinys SENELIO DOVANA, ROSHEN 160 G",1.99 €,https://storage.googleapis.com/download/storage/v1/b/lastmile-ui/o/import%2Fphotos%2Fconverted%2Fproduct%2FCvKfTzV4TN5U8BTMF1Hl_T9MbtAzIN7hvdDZdVoq4_CvKfTzV4TN5U8BTMF1Hl_W5RvAbpnRicygag1V4nopPhtD8z2_QBcptR8Zm3Z2cNCBpCJW_thumb.webp?generation=1699527950217521&alt=media
IKI,"Tamprūs pleistrai AMEDIPLUS, 7x2 cm, 10 vnt",1.09 €,https://firebasestorage.googleapis.com/v0/b/lastmile-ui/o/import%2Fphotos%2Fconverted%2Fproduct%2FthumbUrl%2FCvKfTzV4TN5U8BTMF1Hl_270037_OrXUvGAuc2NCJDRvzNOTXOM3rsp1_fNfUcuoXLTLJF26TTVwc.webp?alt=media&token=f621c0cb-c789-411c-97b6-c9d0d39cd0b6
IKI,"Atkuriamasis plaukų kondicionierius-kaukė su kanapių aliejumi GREEN FEEL'S, 200 ml",2.49 €,https://firebasestorage.googleapis.com/v0/b/lastmile-ui/o/import%2Fphotos%2Fconverted%2Fproduct%2FthumbUrl%2FCvKfTzV4TN5U8BTMF1Hl_258553_Y5wHCakiRVc8Kf1fJt96vh8Tr2I2_en88tSrip5DuAxkc0p6b.webp?alt=media&token=b3d68503-33f9-463c-833a-f6ce2d72c86f
IKI,"Plikyti sausainiai, 1kg.",7.79 €,https://storage.googleapis.com/download/storage/v1/b/lastmile-ui/o/import%2Fphotos%2Fconverted%2Fproduct%2Fglobal_0cWRaVNdjGIIpaLxHUnR_W5RvAbpnRicygag1V4nopPhtD8z2_bSKIwi3yzgRmYYW2k485_thumb.jpg?generation=1687174764268257&alt=media
IKI,"Kremas COREGA EXTRA STRONG, 40 g",4.99 €,https://firebasestorage.googleapis.com/v0/b/lastmile-ui/o/import%2Fphotos%2Fconverted%2Fproduct%2FthumbUrl%2FCvKfTzV4TN5U8BTMF1Hl_46203_Y5wHCakiRVc8Kf1fJt96vh8Tr2I2_1eTBRYcSKTzeLymED3A6.webp?alt=media&token=18ae972f-43a9-4c17-9246-a349243d65f7
IKI,"Drėkinamosios veido valymo servetėlės NEUTROGENA HYDRO BOOST, 25 vnt.",2.99 €,https://storage.googleapis.com/download/storage/v1/b/lastmile-ui/o/import%2Fphotos%2Fconverted%2Fproduct%2FCvKfTzV4TN5U8BTMF1Hl_276088_CvKfTzV4TN5U8BTMF1Hl_W5RvAbpnRicygag1V4nopPhtD8z2_nO6e9eAYBFuCppK1l8TO_thumb.jpg?generation=1688450528631301&alt=media
IKI,"Alyvuogių aliejus Extra Virgin CRETAN HARVEST, 1 l",8.99 €,https://firebasestorage.googleapis.com/v0/b/lastmile-ui/o/import%2Fphotos%2Fconverted%2Fproduct%2FthumbUrl%2FCvKfTzV4TN5U8BTMF1Hl_287507_OrXUvGAuc2NCJDRvzNOTXOM3rsp1_zHko7JvtVOnPjJtr4JIZ.webp?alt=media&token=248ddcaa-fe83-493c-824c-876d1510d1a0
IKI,Virta KAKĖ MAKĖ dešra griežinėliais dujose 190g,0.74 €,https://firebasestorage.googleapis.com/v0/b/lastmile-ui/o/import%2Fphotos%2Fconverted%2Fproduct%2FthumbUrl%2FCvKfTzV4TN5U8BTMF1Hl_290021_uF3DptJQvjXHqmno4Mal_SrH8swCXNvtANhKuxQWd.webp?alt=media&token=a9ce5a93-55b6-4639-9930-7bf571e9784b
IKI,"Skutimosi gelis GILLETTE Series Moisturising, 200ml",3.39 €,https://firebasestorage.googleapis.com/v0/b/lastmile-ui/o/import%2Fphotos%2Fconverted%2Fproduct%2FthumbUrl%2FCvKfTzV4TN5U8BTMF1Hl_1491_Y5wHCakiRVc8Kf1fJt96vh8Tr2I2_H8uZP6da3RUyApOnfEpr.webp?alt=media&token=698b4884-65b9-4ce2-ba4d-4e1e3999d2c6
IKI,"Ant grotelių keptos saldžiosios paprikos, aliejuje SACLA, 290 g",4.05 €,https://storage.googleapis.com/download/storage/v1/b/lastmile-ui/o/import%2Fphotos%2Fconverted%2Fproduct%2Fglobal_ni1VhpI5iRr4z4aiRk5e_xGdb10o0VzY1SFD6eDjbpqgxmW02_5TkLH7fPRAscjv8tl2Fe_thumb.jpg?generation=1675259630518152&alt=media
IKI,"Higieniniai paketai NATURELLA ULTRA REGULAR DEO, 18 vnt.",3.00 €,https://firebasestorage.googleapis.com/v0/b/lastmile-ui/o/import%2Fphotos%2Fconverted%2Fproduct%2FthumbUrl%2FCvKfTzV4TN5U8BTMF1Hl_274344_Y5wHCakiRVc8Kf1fJt96vh8Tr2I2_6txhb4VOFlUZIIK5aNd9.webp?alt=media&token=a3683325-532e-430e-b2c9-6e948c3cb5e3
IKI,"Kūno prausiklis DERMOMED su migdolų aliejumi, 1 l",2.29 €,https://storage.googleapis.com/download/storage/v1/b/lastmile-ui/o/images%2Fproducts%2Fthumb_4vLeAKGlfDR1vfNPZU7F.jpg?generation=1639147410253435&alt=media
IKI,"Dušo želė PALMOLIVE NATURAL WELLNESS MASSAGE, 250 ml",2.39 €,https://storage.googleapis.com/download/storage/v1/b/lastmile-ui/o/images%2Fproducts%2Fthumb_wjteyICqScpo38cPYJ3J.jpg?generation=1644059150686627&alt=media
IKI,"Šokoladiniai saldainiai M&M's minis, 70 g",1.09 €,https://firebasestorage.googleapis.com/v0/b/lastmile-ui/o/import%2Fphotos%2Fconverted%2Fproduct%2FthumbUrl%2FCvKfTzV4TN5U8BTMF1Hl_281349_Y5wHCakiRVc8Kf1fJt96vh8Tr2I2_DYGJSuxaPRdIiePTI39z.webp?alt=media&token=68143cf6-560b-446e-bc9c-a34e1e59a8f3
IKI,"GREEN FEEL'S dušo želė su mangų ekstraktu, 400 ml",2.19 €,https://storage.googleapis.com/download/storage/v1/b/lastmile-ui/o/import%2Fphotos%2Fconverted%2Fproduct%2Fglobal_TEa3fkBbV4tA0NnClwt6_W5RvAbpnRicygag1V4nopPhtD8z2_J8NAxRcKzrBkUuRqZzew_thumb.jpg?generation=1684494376931761&alt=media
IKI,"Juoda balinamoji dantų pasta su apelsinų skoniu, gvazdikėlių ekstraktais ECODENTA, 100 ml",2.49 €,https://storage.googleapis.com/download/storage/v1/b/lastmile-ui/o/import%2Fphotos%2Fconverted%2Fproduct%2FCvKfTzV4TN5U8BTMF1Hl_alJ0bcHnMlz2x33LndjW_W5RvAbpnRicygag1V4nopPhtD8z2_yE42dyBbRtlfhTkXKi7U_thumb.jpg?generation=1687248591252648&alt=media
IKI,"Tartaletė BURGUNDIJA, 300 g",5.59 €,https://firebasestorage.googleapis.com/v0/b/lastmile-ui/o/import%2Fphotos%2Fconverted%2Fproduct%2FthumbUrl%2FCvKfTzV4TN5U8BTMF1Hl_277410_W5RvAbpnRicygag1V4nopPhtD8z2_beRwH4by2w9gGuc0hQVe.webp?alt=media&token=4b32f795-d6de-4316-b98d-55fccd92aa5f
IKI,"AJAX valiklis Power Mousse Multi Surface, 500 ml",3.24 €,https://firebasestorage.googleapis.com/v0/b/lastmile-ui/o/import%2Fphotos%2Fconverted%2Fproduct%2FthumbUrl%2FCvKfTzV4TN5U8BTMF1Hl_282860_Y5wHCakiRVc8Kf1fJt96vh8Tr2I2_hKt5aLGO2XvURphjGzUV.webp?alt=media&token=ab4f8b62-85f9-46ca-a317-13b9daa0da87
IKI,"Ekologiškas unitazų valiklis eukaliptų kvapo HARPIC, 750 ml",2.49 €,https://storage.googleapis.com/download/storage/v1/b/lastmile-ui/o/import%2Fphotos%2Fconverted%2Fproduct%2Fglobal_C5MkhDbYZW6Z7Ht1Vibf_xGdb10o0VzY1SFD6eDjbpqgxmW02_YDp7M1uNQrJ5zgCQkYtJ_thumb.jpg?generation=1674651249389127&alt=media
IKI,"L'Oréal Paris Micelinis vanduo sausai ir jautriai odai, 400 ml",4.99 €,https://storage.googleapis.com/download/storage/v1/b/lastmile-ui/o/images%2Fproducts%2Fthumb_6xYHUWFEHFgBaKDzf66Y.jpg?generation=1631695875589222&alt=media
IKI,"WC gaiviklis-valiklis BREF SPA MOMENTS VITALITY, 100 g",2.99 €,https://storage.googleapis.com/download/storage/v1/b/lastmile-ui/o/import%2Fphotos%2Fconverted%2Fproduct%2FCvKfTzV4TN5U8BTMF1Hl_277063_CvKfTzV4TN5U8BTMF1Hl_W5RvAbpnRicygag1V4nopPhtD8z2_AKcBGWuQ544vwRfZGFEK_thumb.jpg?generation=1695364987997549&alt=media
IKI,"Purškiamas oro gaiviklis AMBI PUR Ocean Mist, 185ml",2.84 €,https://firebasestorage.googleapis.com/v0/b/lastmile-ui/o/import%2Fphotos%2Fconverted%2Fproduct%2FthumbUrl%2FCvKfTzV4TN5U8BTMF1Hl_282563_Y5wHCakiRVc8Kf1fJt96vh8Tr2I2_CxkZNviCcmR9oTGaTpOu.webp?alt=media&token=7b62ce01-b73e-473e-a1e5-85a94e3c1c86
IKI,"Plaukų dažai SYOSS COLOR, 1 vnt.",4.64 €,https://firebasestorage.googleapis.com/v0/b/lastmile-ui/o/import%2Fphotos%2Fconverted%2Fproduct%2FthumbUrl%2FCvKfTzV4TN5U8BTMF1Hl_78529_W5RvAbpnRicygag1V4nopPhtD8z2_S2hHFSlI3Fwuw77s5Xu6.webp?alt=media&token=b72c447a-54be-4172-9047-48b057cab2ff
IKI,Sausainiai su obuolių džemu,3.19 €,https://firebasestorage.googleapis.com/v0/b/lastmile-ui/o/import%2Fphotos%2Fconverted%2Fproduct%2FthumbUrl%2FCvKfTzV4TN5U8BTMF1Hl_285625_OrXUvGAuc2NCJDRvzNOTXOM3rsp1_6YoyWGOWd2GuM8Gr1fPC.webp?alt=media&token=139ec452-7226-44da-a529-066df60e2334
IKI,"Termiskai apdorotas jogurtas ZOTT ZOTTIS, 115 g",0.39 €,https://firebasestorage.googleapis.com/v0/b/lastmile-ui/o/import%2Fphotos%2Fconverted%2Fproduct%2FthumbUrl%2FCvKfTzV4TN5U8BTMF1Hl_280403_OrXUvGAuc2NCJDRvzNOTXOM3rsp1_pfHhbhcXuaJgkpyvCqy1.webp?alt=media&token=e7105bb6-4a45-4612-ab23-4f5da4082a1a
IKI,Plaukų dažai SYOSS COLOR 10-1,4.64 €,https://firebasestorage.googleapis.com/v0/b/lastmile-ui/o/import%2Fphotos%2Fconverted%2Fproduct%2FthumbUrl%2FCvKfTzV4TN5U8BTMF1Hl_234743_W5RvAbpnRicygag1V4nopPhtD8z2_94VLDaCAIJA9jB8oVQVY.webp?alt=media&token=d30b960a-3283-43f0-b7f5-0bc99f785bc4
IKI,"Prezervatyvai DUREX CLASSIC, 12 vnt.",4.99 €,https://www.googleapis.com/download/storage/v1/b/lastmile-ui/o/images%2Fproducts%2Fthumb_obSsvNMOy6rPyH2NM7oi.jpg?generation=1582205629462842&alt=media
IKI,"Ekologiškas obuolių, bananų ir uogų glotnutis, 250 g",1.72 €,https://firebasestorage.googleapis.com/v0/b/lastmile-ui/o/import%2Fphotos%2Fconverted%2Fproduct%2FthumbUrl%2FCvKfTzV4TN5U8BTMF1Hl_281743_Pos12xpkYpPSKaVDW3jqu7xnlg23_jmH7lxlThTh8ExTa4g4z.webp?alt=media&token=d9a53b7a-d2ff-4c0e-b73f-50182e7fb6fa
IKI,"Rankų kremas GREEN FEEL'S NUNU KĄ TU?, 75 ml",2.14 €,https://firebasestorage.googleapis.com/v0/b/lastmile-ui/o/import%2Fphotos%2Fconverted%2Fproduct%2FthumbUrl%2FCvKfTzV4TN5U8BTMF1Hl_262326_Y5wHCakiRVc8Kf1fJt96vh8Tr2I2_CTVG7I8VSOyx8MINXFzM.webp?alt=media&token=cb167cd4-258a-4599-b7eb-6012ec4ff4a7
IKI,"Saldainių dėžutė GEISHA DARK, 150 g",4.47 €,https://firebasestorage.googleapis.com/v0/b/lastmile-ui/o/import%2Fphotos%2Fconverted%2Fproduct%2FthumbUrl%2FCvKfTzV4TN5U8BTMF1Hl_102703_OrXUvGAuc2NCJDRvzNOTXOM3rsp1_fKMNAhMo2AmLkCT9y3rG.webp?alt=media&token=ef51afba-a81f-4fe2-a818-03249cbbd14b
IKI,"Moteriškas dezoderantas FABIO VERSO, 150 ml",1.74 €,https://storage.googleapis.com/download/storage/v1/b/lastmile-ui/o/images%2Fproducts%2Fthumb_HULrYs7r3GVj1dGQQtj7.jpg?generation=1582198067091642&alt=media
IKI,"Žemės riešutai ALVO, 200 g",0.99 €,https://firebasestorage.googleapis.com/v0/b/lastmile-ui/o/import%2Fphotos%2Fconverted%2Fproduct%2FthumbUrl%2FCvKfTzV4TN5U8BTMF1Hl_68524_OrXUvGAuc2NCJDRvzNOTXOM3rsp1_MuSFkmokmf21mcFQpwSr.webp?alt=media&token=c9eb8e8a-af20-4d3a-aa3d-a0eb8c2a557b
IKI,"Šampūnas NIVEA HAIRMILK NATURAL SHINE, 250 ml",2.39 €,https://storage.googleapis.com/download/storage/v1/b/lastmile-ui/o/import%2Fphotos%2Fconverted%2Fproduct%2Fglobal_gur6SARV03c35D0IafLv_xGdb10o0VzY1SFD6eDjbpqgxmW02_iRBcDFtYtEv3yk8PkdqX_thumb.jpg?generation=1674560115715345&alt=media
IKI,"Purškiamas plaukų kondicionierius GLISS SPLIT ENDS, 200 ml",3.74 €,https://storage.googleapis.com/download/storage/v1/b/lastmile-ui/o/import%2Fphotos%2Fconverted%2Fproduct%2Fglobal_sslNwiHmwODilhi4VT6J_xGdb10o0VzY1SFD6eDjbpqgxmW02_JUrVXG7YSIFZnIjUttSs_thumb.jpg?generation=1674560117868616&alt=media
IKI,"Kvapiosios lazdelės AIR WICK melionų ir jostrų kvapo, 40 ml",3.49 €,https://storage.googleapis.com/download/storage/v1/b/lastmile-ui/o/import%2Fphotos%2Fconverted%2Fproduct%2FCvKfTzV4TN5U8BTMF1Hl_268538_CvKfTzV4TN5U8BTMF1Hl_W5RvAbpnRicygag1V4nopPhtD8z2_dIVWL84QvJv45v6kVZA9_thumb.jpg?generation=1690192212580859&alt=media
IKI,"Moteriškas rutulinis antiperspirantas DOVE ACAI BERRY, 50 ml",2.74 €,https://storage.googleapis.com/download/storage/v1/b/lastmile-ui/o/import%2Fphotos%2Fconverted%2Fproduct%2Fglobal_X2sc5TICjwgPBSTmkES7_xGdb10o0VzY1SFD6eDjbpqgxmW02_PzcNcMlUHJXyfMJ6n78G_thumb.jpg?generation=1674560117272507&alt=media
IKI,"Gaivusis gėrimas UNIQA VITAMINS, braškių rabarbarų Good Mood 0,5 l",0.69 €,https://firebasestorage.googleapis.com/v0/b/lastmile-ui/o/import%2Fphotos%2Fconverted%2Fproduct%2FthumbUrl%2FCvKfTzV4TN5U8BTMF1Hl_284587_OrXUvGAuc2NCJDRvzNOTXOM3rsp1_SOv9uP35o1DsAfxWSmJW.webp?alt=media&token=9998feed-03c1-4b1a-8fac-df6741c39299
IKI,Žuvies piršteliai MINI SEA FANTASY 270g,1.74 €,https://firebasestorage.googleapis.com/v0/b/lastmile-ui/o/import%2Fphotos%2Fconverted%2Fproduct%2FthumbUrl%2FCvKfTzV4TN5U8BTMF1Hl_290477_OrXUvGAuc2NCJDRvzNOTXOM3rsp1_1IWbBgFY5ufaMFezwIp4.webp?alt=media&token=10e62a9b-6dcd-4d2e-8e8d-7e314d99c909
IKI,"Purškiamas dezodorantas vyrams JEAN MARK COPACABANA, 150 ml",1.24 €,https://storage.googleapis.com/download/storage/v1/b/lastmile-ui/o/images%2Fproducts%2Fthumb_TRF7oMIhLshMObFzdetv.jpg?generation=1582200741530780&alt=media
IKI,"Dantų pasta COLGATE DP MAX WHITE CHARCOAL, 75 ml",3.39 €,https://storage.googleapis.com/download/storage/v1/b/lastmile-ui/o/images%2Fproducts%2Fthumb_Uo7PrW5istlHv8MsbRP5.jpg?generation=1644048413661522&alt=media
IKI,"Lakas plaukams NIVEA ULTRA STRONG, 250 ml",3.74 €,https://storage.googleapis.com/download/storage/v1/b/lastmile-ui/o/import%2Fphotos%2Fconverted%2Fproduct%2Fglobal_GIe7LVzcBGlRD17z1czK_xGdb10o0VzY1SFD6eDjbpqgxmW02_JF2eHmbP7Iit2NyUkUGo_thumb.jpg?generation=1674560115151953&alt=media
IKI,"Skalbimo kapsulės PERWOLL BLACK, 23 skalbimai",7.49 €,https://firebasestorage.googleapis.com/v0/b/lastmile-ui/o/import%2Fphotos%2Fconverted%2Fproduct%2FthumbUrl%2FCvKfTzV4TN5U8BTMF1Hl_281149_W5RvAbpnRicygag1V4nopPhtD8z2_fKb3jS5RpvpX2cwMwKkP.webp?alt=media&token=9a463944-9b7f-4b11-b448-824c59fba55f
IKI,"Lakštinė paaskių kaukė su apelsinų sultimis ir hialurono rūgštimi GARNIER, 32 g",1.89 €,https://storage.googleapis.com/download/storage/v1/b/lastmile-ui/o/images%2Fproducts%2Fthumb_IyRijppdWvNsrXBBYBqo.jpg?generation=1644048458948949&alt=media
IKI,"ELSEVE Hyaluron Plump šampūnas, 400ml",3.59 €,https://firebasestorage.googleapis.com/v0/b/lastmile-ui/o/import%2Fphotos%2Fconverted%2Fproduct%2FthumbUrl%2FCvKfTzV4TN5U8BTMF1Hl_286590_Y5wHCakiRVc8Kf1fJt96vh8Tr2I2_Ebqn2krTrdjxwYSkbx13.webp?alt=media&token=c4ed64a1-d7a1-4144-b0e5-4fa489f48967
IKI,"Negazuotas yuzu vaisių-aviečių skonio gaivusis gėrimas CIDO Hydrate+ Defense 0,6 l",1.11 €,https://firebasestorage.googleapis.com/v0/b/lastmile-ui/o/import%2Fphotos%2Fconverted%2Fproduct%2FthumbUrl%2FCvKfTzV4TN5U8BTMF1Hl_288324_uF3DptJQvjXHqmno4Mal_tycsMRYd7JR1FXuU9Wl4.webp?alt=media&token=9131e724-071a-4f8b-8ed6-0420bfcb32c9
IKI,"Plaukų šampūnas SYOSS OLEO INTENSE, 440 ml",3.84 €,https://firebasestorage.googleapis.com/v0/b/lastmile-ui/o/import%2Fphotos%2Fconverted%2Fproduct%2FthumbUrl%2FCvKfTzV4TN5U8BTMF1Hl_275338_W5RvAbpnRicygag1V4nopPhtD8z2_ncP7g4P7yYpaTNMxco2l.webp?alt=media&token=f084b2bc-cb9a-4d73-814f-2c8e1c1250e4
IKI,"Saldainiai raudonoji aguona PERGALĖ, 170 g",2.95 €,https://firebasestorage.googleapis.com/v0/b/lastmile-ui/o/import%2Fphotos%2Fconverted%2Fproduct%2FthumbUrl%2FCvKfTzV4TN5U8BTMF1Hl_279320_Y5wHCakiRVc8Kf1fJt96vh8Tr2I2_BquHqrBHXqp4IkSGjVzT.webp?alt=media&token=bb6b206f-714d-42c8-bd24-cbb738c5b28c
IKI,"Elmex dantų pasta Caries Protection, 75 ml",3.09 €,https://firebasestorage.googleapis.com/v0/b/lastmile-ui/o/import%2Fphotos%2Fconverted%2Fproduct%2FthumbUrl%2FCvKfTzV4TN5U8BTMF1Hl_280425_Y5wHCakiRVc8Kf1fJt96vh8Tr2I2_Wg5F1LZdg4KvxshUZVF2.webp?alt=media&token=4708b0e9-5283-4f04-a663-4d386b9ec73e
IKI,"Indaplovių tabletės SOMAT Excellence Premium 5in1, 42 vnt.",15.49 €,https://firebasestorage.googleapis.com/v0/b/lastmile-ui/o/import%2Fphotos%2Fconverted%2Fproduct%2FthumbUrl%2FCvKfTzV4TN5U8BTMF1Hl_283732_Y5wHCakiRVc8Kf1fJt96vh8Tr2I2_dVBhrHwwp2aHfCotuyJJ.webp?alt=media&token=37322145-e427-4f31-ab32-41ae7e08df73
IKI,"Depiliacinės vaško juostelės VEET COLD WAX STRIPS SENSITIVE SKIN, 12 vnt.",4.24 €,https://storage.googleapis.com/download/storage/v1/b/lastmile-ui/o/import%2Fphotos%2Fconverted%2Fproduct%2Fglobal_NzfZfbc25cODJBQ8AO3i_xGdb10o0VzY1SFD6eDjbpqgxmW02_DPTgjWzMD1ntkNGztAvK_thumb.jpg?generation=1646660350803915&alt=media
IKI,Dantų šepetėlis SENSODYNE Sensitivity&Gum,2.99 €,https://firebasestorage.googleapis.com/v0/b/lastmile-ui/o/import%2Fphotos%2Fconverted%2Fproduct%2FthumbUrl%2FCvKfTzV4TN5U8BTMF1Hl_255413_Y5wHCakiRVc8Kf1fJt96vh8Tr2I2_1i2IwGxdgh027uDb83lX.webp?alt=media&token=c287020f-c7a3-4940-adad-22073bca0377
IKI,"Kosmetinis pienelis MARGARITA su kviečių gemalų aliejumi, 200 ml",2.49 €,https://firebasestorage.googleapis.com/v0/b/lastmile-ui/o/import%2Fphotos%2Fconverted%2Fproduct%2FthumbUrl%2FCvKfTzV4TN5U8BTMF1Hl_245250_OrXUvGAuc2NCJDRvzNOTXOM3rsp1_HjYzYWfs17szH3bZjoUv.webp?alt=media&token=c6f6ffb1-d5bd-4595-91ff-646afdebe25e
IKI,"Moteriškas pieštukinis dezodorantas DOVE INVISIBLE DRY, 40 ml",2.74 €,https://storage.googleapis.com/download/storage/v1/b/lastmile-ui/o/images%2Fproducts%2Fthumb_YH4OQ3n4GiF5C9LAh8Mc.jpg?generation=1605181775516190&alt=media
IKI,"Jūržolių užkandis, AJI, BBQ skonio.3X5 g",1.67 €,https://firebasestorage.googleapis.com/v0/b/lastmile-ui/o/import%2Fphotos%2Fconverted%2Fproduct%2FthumbUrl%2FCvKfTzV4TN5U8BTMF1Hl_281082_OrXUvGAuc2NCJDRvzNOTXOM3rsp1_dLFlOJNdox3o1DzmE0Q1.webp?alt=media&token=72ff1755-1065-4ac6-960a-54cd2f4c8f44
IKI,Virtas KAKĖ MAKĖ kalakutų krūtinėlių kumpis griežinėliais 90g,1.49 €,https://firebasestorage.googleapis.com/v0/b/lastmile-ui/o/import%2Fphotos%2Fconverted%2Fproduct%2FthumbUrl%2FCvKfTzV4TN5U8BTMF1Hl_290020_OrXUvGAuc2NCJDRvzNOTXOM3rsp1_2qw0kWd6ce9y3FlDycIO.webp?alt=media&token=a50e19dd-6ed1-4ed9-925b-4a6bb599a06b
IKI,"Universalus plaukų šampūnas su kanapių aliejumi GREEN FEEL'S, 400 ml",2.89 €,https://firebasestorage.googleapis.com/v0/b/lastmile-ui/o/import%2Fphotos%2Fconverted%2Fproduct%2FthumbUrl%2FCvKfTzV4TN5U8BTMF1Hl_258556_Y5wHCakiRVc8Kf1fJt96vh8Tr2I2_Ji8ahbO6rihUTLTXL54n.webp?alt=media&token=d27c5e78-1587-489c-9db1-afb834343a49
IKI,Plokštelių šepetėlis JORDAN INTERBRUSH,1.24 €,https://storage.googleapis.com/download/storage/v1/b/lastmile-ui/o/import%2Fphotos%2Fconverted%2Fproduct%2Fglobal_Ik7dR8Cmhq2G5cSyD6PV_r9n5kqSjCnW7eMWy9cQs7lSXyPx2_3pWjFbeh7Qfi3s6N8lqr_thumb.jpg?generation=1644304719349384&alt=media
IKI,"Dilgėlių šampūnas slenkantiems ir riebiems plaukams, 500 ml",1.39 €,https://storage.googleapis.com/download/storage/v1/b/lastmile-ui/o/import%2Fphotos%2Fconverted%2Fproduct%2Fglobal_a7i8sCV0Wg3rfvlHHz5M_xGdb10o0VzY1SFD6eDjbpqgxmW02_0cNAjGtM6qGoYcLnPWEG_thumb.jpg?generation=1674560118523217&alt=media
IKI,"Dezodorantas NIVEA, 150 ml",2.39 €,https://storage.googleapis.com/download/storage/v1/b/lastmile-ui/o/import%2Fphotos%2Fconverted%2Fproduct%2Fglobal_BHdihjwOS2As6ZS5oL1A_xGdb10o0VzY1SFD6eDjbpqgxmW02_beCT3Rg3LQNxzwSUE1a3_thumb.jpg?generation=1674560115154298&alt=media
IKI,"Prezervatyvai LIFESTYLES SKYN 5 SENSES, 5 vnt.",4.24 €,https://storage.googleapis.com/download/storage/v1/b/lastmile-ui/o/import%2Fphotos%2Fconverted%2Fproduct%2Fglobal_opmXSU0Lsn5mMa7AcCod_xGdb10o0VzY1SFD6eDjbpqgxmW02_kYEDJ5XTDbnJVMXQ4DAN_thumb.jpg?generation=1660117939838107&alt=media
IKI,"Colgate dantų pasta Advanced White, 75 ml",1.89 €,https://firebasestorage.googleapis.com/v0/b/lastmile-ui/o/import%2Fphotos%2Fconverted%2Fproduct%2FthumbUrl%2FCvKfTzV4TN5U8BTMF1Hl_280417_Y5wHCakiRVc8Kf1fJt96vh8Tr2I2_X5tKJyfbXH0YJL5n832s.webp?alt=media&token=21082483-1b9d-4c8c-a63e-caa313c50de9
IKI,"Alyvuogių aliejus Extra Virgin CRETAN HARVEST, 500 ml",4.99 €,https://firebasestorage.googleapis.com/v0/b/lastmile-ui/o/import%2Fphotos%2Fconverted%2Fproduct%2FthumbUrl%2FCvKfTzV4TN5U8BTMF1Hl_287504_OrXUvGAuc2NCJDRvzNOTXOM3rsp1_4sW1TnrzdwdE4sLOHyVQ.webp?alt=media&token=c8b0f3d2-58a2-4837-a54f-5d21a5346667
IKI,"Losjonas po skutimosi OLD SPICE WHITE WATER, 100ml",5.49 €,https://firebasestorage.googleapis.com/v0/b/lastmile-ui/o/import%2Fphotos%2Fconverted%2Fproduct%2FthumbUrl%2FCvKfTzV4TN5U8BTMF1Hl_55449_Y5wHCakiRVc8Kf1fJt96vh8Tr2I2_KdyNcHzGMmx1lWcNoC09.webp?alt=media&token=236ff16d-019a-4a45-a959-083a247979cc
IKI,"Atkuriamasis plaukų kondicionierius-kaukė KILIG, 200 ml",2.64 €,https://firebasestorage.googleapis.com/v0/b/lastmile-ui/o/import%2Fphotos%2Fconverted%2Fproduct%2FthumbUrl%2FCvKfTzV4TN5U8BTMF1Hl_266610_Y5wHCakiRVc8Kf1fJt96vh8Tr2I2_SNi2uojPIujUrQooranJ.webp?alt=media&token=7a3dd39f-524c-4116-94f7-5f74b9445010
IKI,"Moteriškas purškiamas dezodorantas DOVE ACAI BERRY, 150 ml",2.74 €,https://storage.googleapis.com/download/storage/v1/b/lastmile-ui/o/import%2Fphotos%2Fconverted%2Fproduct%2Fglobal_QR74X1lPOwlPHwxLce07_xGdb10o0VzY1SFD6eDjbpqgxmW02_XICsn8fJk2ZcEbkgkwAU_thumb.jpg?generation=1674560117995012&alt=media
IKI,"Augalinės kilmės šepetėlis HUMBLE BRUSH, 2 vnt.",2.89 €,https://storage.googleapis.com/download/storage/v1/b/lastmile-ui/o/import%2Fphotos%2Fconverted%2Fproduct%2Fglobal_ovqWPhkGfZBVbHk0Va8c_xGdb10o0VzY1SFD6eDjbpqgxmW02_mLkLTYpx7Xal4gbDQeDf_thumb.jpg?generation=1674560117292046&alt=media
IKI,"Rutulinis dezodorantas, antiperspirantas moterims NIVEA Fresh Sensation, 50 ml",2.39 €,https://storage.googleapis.com/download/storage/v1/b/lastmile-ui/o/import%2Fphotos%2Fconverted%2Fproduct%2FCvKfTzV4TN5U8BTMF1Hl_277689_CvKfTzV4TN5U8BTMF1Hl_W5RvAbpnRicygag1V4nopPhtD8z2_dYB8KInmMrwmpWPbjfOM_thumb.webp?generation=1700137011275922&alt=media
IKI,ELSEVE Extraordinary Oil šampūnas 250ml,2.74 €,https://firebasestorage.googleapis.com/v0/b/lastmile-ui/o/import%2Fphotos%2Fconverted%2Fproduct%2FthumbUrl%2FCvKfTzV4TN5U8BTMF1Hl_286616_Y5wHCakiRVc8Kf1fJt96vh8Tr2I2_aoVZAX1KeLINcR6EtgNo.webp?alt=media&token=6934bfc2-2c02-45c1-8469-726b3f583450
IKI,"Hohes C vitamin Antiox vanduo strawberry-grapefruit su C+E+Se 0,75l",1.39 €,https://firebasestorage.googleapis.com/v0/b/lastmile-ui/o/import%2Fphotos%2Fconverted%2Fproduct%2FthumbUrl%2FCvKfTzV4TN5U8BTMF1Hl_288187_OrXUvGAuc2NCJDRvzNOTXOM3rsp1_sbwpJPitpuWaBuB3oHDS.webp?alt=media&token=c753f239-80c5-4f2a-b353-bb7a227beeee
IKI,Plaukų dažai GARNIER Nr.1,2.49 €,https://storage.googleapis.com/download/storage/v1/b/lastmile-ui/o/import%2Fphotos%2Fconverted%2Fproduct%2FCvKfTzV4TN5U8BTMF1Hl_UfN5ylEptOVdfy9e2V20_CvKfTzV4TN5U8BTMF1Hl_W5RvAbpnRicygag1V4nopPhtD8z2_IQFk76wqPeRzdC8aVk28_thumb.webp?generation=1699527949596473&alt=media
IKI,"Purškiamas dezodorantas DOVE MEN + CARE CLEAN COMFORT, 150 ml",2.74 €,https://storage.googleapis.com/download/storage/v1/b/lastmile-ui/o/images%2Fproducts%2Fthumb_zZPZkaD9QoHceR8R0vml.jpg?generation=1644048085246138&alt=media
IKI,"Kondicionierius NIVEA HAIRMILK NATURAL SHINE, 200 ml",2.39 €,https://storage.googleapis.com/download/storage/v1/b/lastmile-ui/o/import%2Fphotos%2Fconverted%2Fproduct%2FCvKfTzV4TN5U8BTMF1Hl_mdehmrbxccVtTf8HZYXz_CvKfTzV4TN5U8BTMF1Hl_W5RvAbpnRicygag1V4nopPhtD8z2_Jd1pc0GUqAWMJ9umTaUT_thumb.webp?generation=1700137009783277&alt=media
IKI,"Hydrate dušo gelis DOVE, 450 ml",4.49 €,https://firebasestorage.googleapis.com/v0/b/lastmile-ui/o/import%2Fphotos%2Fconverted%2Fproduct%2FthumbUrl%2FCvKfTzV4TN5U8BTMF1Hl_282613_Y5wHCakiRVc8Kf1fJt96vh8Tr2I2_xUlsfeIMc0tiyC7TkZEP.webp?alt=media&token=95ce12b5-df90-4a0e-8b06-cdd475a545ad
IKI,"Nilinių tilapijų filė be odos, atitirpintos",8.99 €,https://firebasestorage.googleapis.com/v0/b/lastmile-ui/o/import%2Fphotos%2Fconverted%2Fproduct%2FthumbUrl%2FCvKfTzV4TN5U8BTMF1Hl_282928_OrXUvGAuc2NCJDRvzNOTXOM3rsp1_Bb0ST8QLbGNPh2ldn2pU.webp?alt=media&token=f3feaa2c-a8bc-4d03-a74b-9decae38d9fe
IKI,"Atitirpintos, skrostos atlantinės Argentinos be galvų ARGENTINA SILUS",4.99 €,https://firebasestorage.googleapis.com/v0/b/lastmile-ui/o/import%2Fphotos%2Fconverted%2Fproduct%2FthumbUrl%2FCvKfTzV4TN5U8BTMF1Hl_273656_OrXUvGAuc2NCJDRvzNOTXOM3rsp1_NMRfLBxbfnuT2WMQ6nJ7.webp?alt=media&token=2d4eee3a-9cfe-420c-beb0-9cfb77f888f2
IKI,"Plaukų putos NIVEA (CARE&HOLD), 150 ml",3.49 €,https://storage.googleapis.com/download/storage/v1/b/lastmile-ui/o/images%2Fproducts%2Fthumb_UjgSs3LHtlyhgDF15Sk5.jpg?generation=1594714606365234&alt=media
IKI,"Akių makiažo valiklis GREEN FEEL, 150 ml",2.39 €,https://storage.googleapis.com/download/storage/v1/b/lastmile-ui/o/import%2Fphotos%2Fconverted%2Fproduct%2Fglobal_Fy1FxFftVnrCHWuaQTx6_xGdb10o0VzY1SFD6eDjbpqgxmW02_oz9kDPcA55AUfYlRJfbN_thumb.jpg?generation=1674651239713200&alt=media
IKI,"Skalbimo gelis PERSIL SENSITIVE, 40 skalbimų, 1800ml",8.99 €,https://firebasestorage.googleapis.com/v0/b/lastmile-ui/o/import%2Fphotos%2Fconverted%2Fproduct%2FthumbUrl%2FCvKfTzV4TN5U8BTMF1Hl_281154_W5RvAbpnRicygag1V4nopPhtD8z2_FEvNup4AH1WaaYxINBHo.webp?alt=media&token=e2b7a78d-0243-4118-bb71-92555aae42da
IKI,"Veido kaukė su anglimi ir dubliais GARNIER SKIN NATURALS, 28 g",1.89 €,https://storage.googleapis.com/download/storage/v1/b/lastmile-ui/o/images%2Fproducts%2Fthumb_toDkGAVYMTNHfI4CiveR.jpg?generation=1644048450180849&alt=media
IKI,"Izotoninis gėrimas vaisių skonio 4 MOVE, 750 ml",1.11 €,https://firebasestorage.googleapis.com/v0/b/lastmile-ui/o/import%2Fphotos%2Fconverted%2Fproduct%2FthumbUrl%2FCvKfTzV4TN5U8BTMF1Hl_284593_Y5wHCakiRVc8Kf1fJt96vh8Tr2I2_5f50r4Df7zgtWeoXLz7i.webp?alt=media&token=d967046a-5401-411f-adce-77528702bf0f
IKI,"Vitamininis vanduo 4MOVE VITAMIN WATER VITAMINS & MINERALS, 0,556 l",1.11 €,https://firebasestorage.googleapis.com/v0/b/lastmile-ui/o/import%2Fphotos%2Fconverted%2Fproduct%2FthumbUrl%2FCvKfTzV4TN5U8BTMF1Hl_284599_Y5wHCakiRVc8Kf1fJt96vh8Tr2I2_1RDCuMti8Xkd8Ub6FKmP.webp?alt=media&token=1a588f40-eaa1-4707-a7e5-42767f1ca7b7
IKI,Karštai rūkytos strimėlės Dauparų žuvis,5.19 €,https://firebasestorage.googleapis.com/v0/b/lastmile-ui/o/import%2Fphotos%2Fconverted%2Fproduct%2FthumbUrl%2FCvKfTzV4TN5U8BTMF1Hl_284560_OrXUvGAuc2NCJDRvzNOTXOM3rsp1_XKccf2RQfqJFPncJOkmT.webp?alt=media&token=4df34294-99ee-49ef-b25c-7f24c81bb69c
IKI,"Plaukų eliksyras - serumas GLISS KUR OIL ELIXIR, 75 ml",5.24 €,https://storage.googleapis.com/download/storage/v1/b/lastmile-ui/o/import%2Fphotos%2Fconverted%2Fproduct%2Fglobal_4sHMHqt8Xi5qGKUZmGBt_xGdb10o0VzY1SFD6eDjbpqgxmW02_CtB68hurCScaI2voE1Cy_thumb.jpg?generation=1676010682634551&alt=media
IKI,"Drėkinamasis kremas GARNIER SKIN NATURALS ROSE, 50 ml",3.24 €,https://storage.googleapis.com/download/storage/v1/b/lastmile-ui/o/import%2Fphotos%2Fconverted%2Fproduct%2Fglobal_LMzdsWyo8HFieD2Ntdbu_r9n5kqSjCnW7eMWy9cQs7lSXyPx2_ij5l4PW4jwm2CA29sPoY_thumb.jpg?generation=1653663070786552&alt=media
IKI,"Prezervatyvai LIFESTYLES PLAY, 12 vnt.",3.99 €,https://storage.googleapis.com/download/storage/v1/b/lastmile-ui/o/import%2Fphotos%2Fconverted%2Fproduct%2Fglobal_rzk7vSmVTlk9RsyWJNjR_W5RvAbpnRicygag1V4nopPhtD8z2_N60pZqTss1OT4QMfgV4L_thumb.jpg?generation=1684494374886717&alt=media
IKI,"Mikropluošto šluostės VILEDA ULTRA FRESH, 3 vnt.",4.07 €,https://storage.googleapis.com/download/storage/v1/b/lastmile-ui/o/import%2Fphotos%2Fconverted%2Fproduct%2FCvKfTzV4TN5U8BTMF1Hl_277108_CvKfTzV4TN5U8BTMF1Hl_W5RvAbpnRicygag1V4nopPhtD8z2_sAtECA5nry1yO1zMoxEW_thumb.webp?generation=1699528115426733&alt=media
IKI,"Fruity nourish dušo gelis DOVE, 450 ml",4.49 €,https://firebasestorage.googleapis.com/v0/b/lastmile-ui/o/import%2Fphotos%2Fconverted%2Fproduct%2FthumbUrl%2FCvKfTzV4TN5U8BTMF1Hl_282615_Y5wHCakiRVc8Kf1fJt96vh8Tr2I2_wSGTt9FfkPTV7uKPKlWf.webp?alt=media&token=148e31b2-cae5-4db3-a6ff-88300e9e014a
IKI,"ELSEVE Hyaluron Plump šampūnas, 250ml",2.74 €,https://firebasestorage.googleapis.com/v0/b/lastmile-ui/o/import%2Fphotos%2Fconverted%2Fproduct%2FthumbUrl%2FCvKfTzV4TN5U8BTMF1Hl_286594_Y5wHCakiRVc8Kf1fJt96vh8Tr2I2_aChpk8rxJPGlE1tXUpcx.webp?alt=media&token=20e98844-a42e-4611-a332-a4b582451baa
IKI,"Šokoladinių saldainių rinkinys RŪTA, 450 g",21.59 €,https://storage.googleapis.com/download/storage/v1/b/lastmile-ui/o/import%2Fphotos%2Fconverted%2Fproduct%2Fglobal_QMb8kwCAnDnM7tANc870_W5RvAbpnRicygag1V4nopPhtD8z2_XGFCAbXBdKmxIsr4gIf9_thumb.jpg?generation=1687181626784748&alt=media
IKI,"Skalbimo gelis PERSIL UNIVERSAL GEL, 44 skalbimai, 1980 ml",8.99 €,https://firebasestorage.googleapis.com/v0/b/lastmile-ui/o/import%2Fphotos%2Fconverted%2Fproduct%2FthumbUrl%2FCvKfTzV4TN5U8BTMF1Hl_281158_W5RvAbpnRicygag1V4nopPhtD8z2_cNdAhfuGGfXHw6cAUdp2.webp?alt=media&token=add9a81c-87cb-4df9-a5ce-746d75265944
IKI,"MAITINAMASIS VEIDO KREMAS SU NATŪRALIU AVOKADŲ ALIEJUMI GREEN FEEL, 50 ml",3.39 €,https://storage.googleapis.com/download/storage/v1/b/lastmile-ui/o/import%2Fphotos%2Fconverted%2Fproduct%2Fglobal_D5acGQdBmCqJMDOZUT47_xGdb10o0VzY1SFD6eDjbpqgxmW02_oMMBBYuHJjsJZiIJpxRe_thumb.jpg?generation=1674651245654242&alt=media
IKI,"Plaukų balzamas su alaus mielių ekstraktu ir keratinu MARGARITA, 200 ml",2.09 €,https://storage.googleapis.com/download/storage/v1/b/lastmile-ui/o/import%2Fphotos%2Fconverted%2Fproduct%2Fglobal_vSuK34wbdAVZuPi4zfZs_W5RvAbpnRicygag1V4nopPhtD8z2_uo3hyYhQVGtf1wSJ73XX_thumb.jpg?generation=1684494385501036&alt=media
IKI,"Pleistras nuospaudoms AMEDIPLUS 7X2,2 cm, 10 vnt.",1.39 €,https://storage.googleapis.com/download/storage/v1/b/lastmile-ui/o/import%2Fphotos%2Fconverted%2Fproduct%2FCvKfTzV4TN5U8BTMF1Hl_269200_CvKfTzV4TN5U8BTMF1Hl_W5RvAbpnRicygag1V4nopPhtD8z2_w06CA7J97sfYd8u4snhO_thumb.jpg?generation=1690192212871739&alt=media
IKI,"Negazuotas įvairių vaisių skonio gaivusis gėrimas PULSE, 500 ml",0.97 €,https://firebasestorage.googleapis.com/v0/b/lastmile-ui/o/import%2Fphotos%2Fconverted%2Fproduct%2FthumbUrl%2FCvKfTzV4TN5U8BTMF1Hl_284528_Y5wHCakiRVc8Kf1fJt96vh8Tr2I2_kRknfKYWAIAzkiO39vr4.webp?alt=media&token=14881419-0a82-4ee3-a657-987712f926a0
IKI,"Kondicionierius SYOSS INTENSIVE KERATIN, 250 ml",3.84 €,https://firebasestorage.googleapis.com/v0/b/lastmile-ui/o/import%2Fphotos%2Fconverted%2Fproduct%2FthumbUrl%2FCvKfTzV4TN5U8BTMF1Hl_284781_W5RvAbpnRicygag1V4nopPhtD8z2_9LoFAweiiUBtkJsN4P9q.webp?alt=media&token=7b2d84ba-af11-447a-bf6d-8b31d0c628c5
IKI,"Indų ploviklis FAIRY Lemon, 1350ml",3.89 €,https://firebasestorage.googleapis.com/v0/b/lastmile-ui/o/import%2Fphotos%2Fconverted%2Fproduct%2FthumbUrl%2FCvKfTzV4TN5U8BTMF1Hl_282876_Y5wHCakiRVc8Kf1fJt96vh8Tr2I2_LOBSEMzn8vGlIbuwp9HV.webp?alt=media&token=e693e6c3-e051-4317-a797-0f74b90cb545
IKI,"ROKIŠKIO NAMINĖ GRIETINĖ 30 % RIEB.,/500 G",2.55 €,https://firebasestorage.googleapis.com/v0/b/lastmile-ui/o/import%2Fphotos%2Fconverted%2Fproduct%2FthumbUrl%2FCvKfTzV4TN5U8BTMF1Hl_289382_uF3DptJQvjXHqmno4Mal_CbkrevSJ66n6ZY9fPg1R.webp?alt=media&token=cc1669dd-c62a-4c5a-b5e1-2a11f2ba9e1b
IKI,"Lakštinė veido kaukė GARNIER HYALURONIC ALOE, 28 g",1.89 €,https://storage.googleapis.com/download/storage/v1/b/lastmile-ui/o/import%2Fphotos%2Fconverted%2Fproduct%2Fglobal_TXAnfGy4323CJgzPcVcW_W5RvAbpnRicygag1V4nopPhtD8z2_whuIJaSJVY82Ir6XfFht_thumb.jpg?generation=1684828969714526&alt=media
IKI,"Vienkartiniai skustuvai GILLETTE BLUE 3 Plus Red, 6+2vnt",4.99 €,https://firebasestorage.googleapis.com/v0/b/lastmile-ui/o/import%2Fphotos%2Fconverted%2Fproduct%2FthumbUrl%2FCvKfTzV4TN5U8BTMF1Hl_269615_Y5wHCakiRVc8Kf1fJt96vh8Tr2I2_gKoeRmbREiKeRhXc31XZ.webp?alt=media&token=3dbceb31-7c1f-4ed3-a18f-8c935536c908
IKI,"Kvapiosios lazdelės AIR WICK ryto rasos ir gervuogių kvapo, 40 ml",3.49 €,https://storage.googleapis.com/download/storage/v1/b/lastmile-ui/o/import%2Fphotos%2Fconverted%2Fproduct%2FCvKfTzV4TN5U8BTMF1Hl_268537_CvKfTzV4TN5U8BTMF1Hl_W5RvAbpnRicygag1V4nopPhtD8z2_bdXkgvFdh5OK7HLhhk9X_thumb.jpg?generation=1690192211870203&alt=media
IKI,"NIVEA balzamas lūpoms Watermelon Shine, 19 g",2.14 €,https://firebasestorage.googleapis.com/v0/b/lastmile-ui/o/import%2Fphotos%2Fconverted%2Fproduct%2FthumbUrl%2FCvKfTzV4TN5U8BTMF1Hl_277297_Pos12xpkYpPSKaVDW3jqu7xnlg23_2GoURQMlz3ggmwHsGyro.webp?alt=media&token=c6a7da9a-bde9-4c9a-874f-6b5e11e00362
IKI,"Izotoninis gėrimas žaliųjų citrinų ir mėtų skonio 4 MOVE, 750 ml",1.11 €,https://firebasestorage.googleapis.com/v0/b/lastmile-ui/o/import%2Fphotos%2Fconverted%2Fproduct%2FthumbUrl%2FCvKfTzV4TN5U8BTMF1Hl_284594_Y5wHCakiRVc8Kf1fJt96vh8Tr2I2_lfZPlyKYnKjEjuQEjPj3.webp?alt=media&token=a70291a5-5d29-45c2-87f2-1b42a84b2d0f
IKI,"WC valiklis-gaiviklis DOMESTOS POWER 5 LIME, 2X50G",2.24 €,https://firebasestorage.googleapis.com/v0/b/lastmile-ui/o/import%2Fphotos%2Fconverted%2Fproduct%2FthumbUrl%2FCvKfTzV4TN5U8BTMF1Hl_284096_OrXUvGAuc2NCJDRvzNOTXOM3rsp1_zPXApVTfZjnFIzyWLBQg.webp?alt=media&token=2e96939c-40c8-4283-b932-df788e2f6b29
IKI,Skystas muilas gėlių su glicerinu 500 ml,0.89 €,https://firebasestorage.googleapis.com/v0/b/lastmile-ui/o/import%2Fphotos%2Fconverted%2Fproduct%2FthumbUrl%2FCvKfTzV4TN5U8BTMF1Hl_285871_OrXUvGAuc2NCJDRvzNOTXOM3rsp1_nHgUIgR9w08hfNFNzcLG.webp?alt=media&token=dcec9b12-9c10-47db-ab3e-cf64a2fd4fb4
IKI,"Dantis balinantis burnos skalavimo skystis LISTERINE ADVANCED WHITE, 500 ml",4.24 €,https://storage.googleapis.com/download/storage/v1/b/lastmile-ui/o/import%2Fphotos%2Fconverted%2Fproduct%2Fglobal_bmIK6vkXdlP9OiN9n9u1_xGdb10o0VzY1SFD6eDjbpqgxmW02_85hkJbQKgopxFjn6bQPk_thumb.jpg?generation=1655385622713361&alt=media
IKI,"Plaukus stiprinantis šampūnas su vitaminų kompleksu KILIG VITAMIN BOMB, 400 ml",3.14 €,https://firebasestorage.googleapis.com/v0/b/lastmile-ui/o/import%2Fphotos%2Fconverted%2Fproduct%2FthumbUrl%2FCvKfTzV4TN5U8BTMF1Hl_266609_Y5wHCakiRVc8Kf1fJt96vh8Tr2I2_3LyQ75iSmdq5j9ig9YVr.webp?alt=media&token=7a9dbcb0-bee6-4811-88f0-1bcfef31b52a
IKI,"Pieštukinis dezodorantas OLD SPICE Night Panther, 50ml",2.64 €,https://firebasestorage.googleapis.com/v0/b/lastmile-ui/o/import%2Fphotos%2Fconverted%2Fproduct%2FthumbUrl%2FCvKfTzV4TN5U8BTMF1Hl_271054_Y5wHCakiRVc8Kf1fJt96vh8Tr2I2_gUigO3rTAFGJaMRdZm0z.webp?alt=media&token=deed85de-a33c-46f0-8fa4-02d29e28ea8a
IKI,"Skalbimo milteliai REX AMAZONIA FRESHNESS, 20 skalbimų, 1100 g",3.49 €,https://firebasestorage.googleapis.com/v0/b/lastmile-ui/o/import%2Fphotos%2Fconverted%2Fproduct%2FthumbUrl%2FCvKfTzV4TN5U8BTMF1Hl_281155_W5RvAbpnRicygag1V4nopPhtD8z2_43JtRey2ADfbWqYHk2UW.webp?alt=media&token=4f898715-c4b4-4a1b-aa28-7d51684b7904
IKI,"Saldainiai FERRERO ROCHER, 350 g",16.79 €,https://storage.googleapis.com/download/storage/v1/b/lastmile-ui/o/import%2Fphotos%2Fconverted%2Fproduct%2FCvKfTzV4TN5U8BTMF1Hl_eyij32QEjenUqbFMO2yX_CvKfTzV4TN5U8BTMF1Hl_W5RvAbpnRicygag1V4nopPhtD8z2_UiP8Ef7gwXGHUZaL7G5D_thumb.webp?generation=1699527946674409&alt=media
IKI,"Citrus WC muiliuko pakeitimas DOMESTOS, 35 g",0.74 €,https://firebasestorage.googleapis.com/v0/b/lastmile-ui/o/import%2Fphotos%2Fconverted%2Fproduct%2FthumbUrl%2FCvKfTzV4TN5U8BTMF1Hl_282850_Y5wHCakiRVc8Kf1fJt96vh8Tr2I2_skeTBfNeE8nNbBQYNdtO.webp?alt=media&token=ff8c4ca6-85d4-43ad-8fbb-5f9ca755a6ce
IKI,"Kvapiosios lazdelės AIR WICK kriaušių ir cinamono kvapo, 40 ml",3.49 €,https://storage.googleapis.com/download/storage/v1/b/lastmile-ui/o/import%2Fphotos%2Fconverted%2Fproduct%2FCvKfTzV4TN5U8BTMF1Hl_268539_CvKfTzV4TN5U8BTMF1Hl_W5RvAbpnRicygag1V4nopPhtD8z2_8ZyprAP3yYqLFt2B8x4F_thumb.jpg?generation=1690192214502281&alt=media
IKI,Vaikiškas dantų šepetėlis 9+ JORDAN HELLO SMILE,1.59 €,https://storage.googleapis.com/download/storage/v1/b/lastmile-ui/o/import%2Fphotos%2Fconverted%2Fproduct%2Fglobal_MX5LNI755YSU2xs4UHLb_r9n5kqSjCnW7eMWy9cQs7lSXyPx2_MaY2gx1xP1XfU97dlsOo_thumb.jpg?generation=1644304719297295&alt=media
IKI,"Intensyviai drėkinantis micelinis vanduo GREEN FEEL'S, 400 ml",3.99 €,https://firebasestorage.googleapis.com/v0/b/lastmile-ui/o/import%2Fphotos%2Fconverted%2Fproduct%2FthumbUrl%2FCvKfTzV4TN5U8BTMF1Hl_262327_Y5wHCakiRVc8Kf1fJt96vh8Tr2I2_Jitf3dGY56bW5Uqual52.webp?alt=media&token=ab766d5f-4c3d-4a26-9e99-095a4cd2588f
IKI,"Muilas DOVE PINK, 90 g",0.89 €,https://firebasestorage.googleapis.com/v0/b/lastmile-ui/o/import%2Fphotos%2Fconverted%2Fproduct%2FthumbUrl%2FCvKfTzV4TN5U8BTMF1Hl_285826_OrXUvGAuc2NCJDRvzNOTXOM3rsp1_kGoBZI8LqEMwkttPP6p4.webp?alt=media&token=8c61579c-cd79-4380-9550-67ea2cc40617
IKI,"Sausainiai SNIEGUTIS, 400 g",3.19 €,https://firebasestorage.googleapis.com/v0/b/lastmile-ui/o/import%2Fphotos%2Fconverted%2Fproduct%2FthumbUrl%2FCvKfTzV4TN5U8BTMF1Hl_279561_OrXUvGAuc2NCJDRvzNOTXOM3rsp1_ETbScaoMBXjky3htZx3p.webp?alt=media&token=23702861-7205-42d6-872f-8b7bc9add457
IKI,"Džiovintas, tarkuotas sūris grietinėlės ir svogūnų skonio 35% rieb.s.m. DŽIUGAS, 80 g",2.99 €,https://firebasestorage.googleapis.com/v0/b/lastmile-ui/o/import%2Fphotos%2Fconverted%2Fproduct%2FthumbUrl%2FCvKfTzV4TN5U8BTMF1Hl_290694_OrXUvGAuc2NCJDRvzNOTXOM3rsp1_M5qCKriw3KPwOHrn3CtR.webp?alt=media&token=d19ae5ae-e7b2-4017-ae92-690ef7667a9d
IKI,"Plaukų lakas TAFT POWER MEGA STRONG, 250 ml",2.99 €,https://storage.googleapis.com/download/storage/v1/b/lastmile-ui/o/import%2Fphotos%2Fconverted%2Fproduct%2Fglobal_BuMLs6VeuzCHzXRjMeFY_xGdb10o0VzY1SFD6eDjbpqgxmW02_VRF5OhkKaSgMVqIaEEDW_thumb.jpg?generation=1674560115012902&alt=media
IKI,"Prezervatyvai LIFESTYLES SKYN EXTRA LUBE, 3 vnt.",2.39 €,https://storage.googleapis.com/download/storage/v1/b/lastmile-ui/o/images%2Fproducts%2Fthumb_XkAmwD47Ma03XK8UpuZA.jpg?generation=1631695752955206&alt=media
IKI,"Dvigubo poveikio akių makiažo valiklis NIVEA, 125 ml",3.99 €,https://firebasestorage.googleapis.com/v0/b/lastmile-ui/o/import%2Fphotos%2Fconverted%2Fproduct%2FthumbUrl%2FCvKfTzV4TN5U8BTMF1Hl_269060_uF3DptJQvjXHqmno4Mal_BEflgjKlX57jqSGvMEhZ.webp?alt=media&token=cb96ba3b-fbcb-45ca-9d1b-d43f9ce06630
IKI,"Triufeliai apelsinų ir lazdyno riešutų skonio BILLA PREMIUM, 200 g",3.19 €,https://firebasestorage.googleapis.com/v0/b/lastmile-ui/o/import%2Fphotos%2Fconverted%2Fproduct%2FthumbUrl%2FCvKfTzV4TN5U8BTMF1Hl_278525_OrXUvGAuc2NCJDRvzNOTXOM3rsp1_zup6fOmzJGdPk2SqBrXV.webp?alt=media&token=08bfea84-6d47-42f8-bc1d-2e9f6b9ade88
IKI,"Hohes C vitamin Protect vanduo Lime-Ginger su C+D+E+Zn 0,75l",1.39 €,https://firebasestorage.googleapis.com/v0/b/lastmile-ui/o/import%2Fphotos%2Fconverted%2Fproduct%2FthumbUrl%2FCvKfTzV4TN5U8BTMF1Hl_288189_OrXUvGAuc2NCJDRvzNOTXOM3rsp1_rhwNrzEEjBF8RQdbOSU8.webp?alt=media&token=026fceec-d6db-4cc6-87c0-9f404f21f782
IKI,"Raminamasis veido kremas MARGARITA SENSITIVE SKIN, 50 ml",3.99 €,https://storage.googleapis.com/download/storage/v1/b/lastmile-ui/o/images%2Fproducts%2Fthumb_916YgTLyY2ksPWGSXuQe.jpg?generation=1644058918806950&alt=media
IKI,"Plaukų kaukė su keratinu GREEN FEEL'S PROF LINE, 200 ml",4.24 €,https://storage.googleapis.com/download/storage/v1/b/lastmile-ui/o/import%2Fphotos%2Fconverted%2Fproduct%2Fglobal_hiF1KJaZr8oOkDBdmxtv_xGdb10o0VzY1SFD6eDjbpqgxmW02_g4DrcbcfBEVMrmxVjliR_thumb.jpg?generation=1674560119307551&alt=media
IKI,"Plaukų šampūnas GARNIER FRUCTIS Good Bye Damage, 400 ml",3.59 €,https://storage.googleapis.com/download/storage/v1/b/lastmile-ui/o/import%2Fphotos%2Fconverted%2Fproduct%2Fglobal_nSOk9Jk8B931VNcu98Dg_xGdb10o0VzY1SFD6eDjbpqgxmW02_CDgKXyXjggZufamLWfTu_thumb.jpg?generation=1674560117880062&alt=media
IKI,Vaikiškas dantų šepetėlis JORDAN Green Clean 5-10 m,1.74 €,https://storage.googleapis.com/download/storage/v1/b/lastmile-ui/o/import%2Fphotos%2Fconverted%2Fproduct%2Fglobal_FrCKEKpEYBTuH4YuVY9t_r9n5kqSjCnW7eMWy9cQs7lSXyPx2_YjGMmYl8dCQuORQGd7mm_thumb.jpg?generation=1644304720284154&alt=media
IKI,"Dantų pasta LACALUT BABY 0-2 metų vaikams, 55 ml",2.74 €,https://storage.googleapis.com/download/storage/v1/b/lastmile-ui/o/import%2Fphotos%2Fconverted%2Fproduct%2Fglobal_f5YpsPic161gkSj3ZoJi_W5RvAbpnRicygag1V4nopPhtD8z2_fnNzzv3kF1ApcEybBHtf_thumb.jpg?generation=1687181627237898&alt=media
IKI,Rankšluoščių rinkinys PIERRE CARDIN,14.99 €,https://storage.googleapis.com/download/storage/v1/b/lastmile-ui/o/import%2Fphotos%2Fconverted%2Fproduct%2FCvKfTzV4TN5U8BTMF1Hl_276548_CvKfTzV4TN5U8BTMF1Hl_W5RvAbpnRicygag1V4nopPhtD8z2_0GF78t475jz3RYUBJOij_thumb.jpg?generation=1695117383168227&alt=media
IKI,Kėnio šakų vainikas 25-30 cm,5.99 €,https://storage.googleapis.com/download/storage/v1/b/lastmile-ui/o/import%2Fphotos%2Fconverted%2Fproduct%2Fglobal_LhuiDyLyarEteExvMwBT_xGdb10o0VzY1SFD6eDjbpqgxmW02_6eRMnhP3owK59sgLtgIU_thumb.jpg?generation=1671102743037289&alt=media
IKI,Colgate Zig-Zag Charcoal 3-pack dantų šepetėlis,1.89 €,https://firebasestorage.googleapis.com/v0/b/lastmile-ui/o/import%2Fphotos%2Fconverted%2Fproduct%2FthumbUrl%2FCvKfTzV4TN5U8BTMF1Hl_261985_Y5wHCakiRVc8Kf1fJt96vh8Tr2I2_Qg5GkIqanCWf8zFzOQCF.webp?alt=media&token=970f01c1-5b7d-4290-871f-28dd6965e91d
IKI,"Makaronai iš avinžirnių miltų Fusilli BILLA BIO, 250 g",1.99 €,https://firebasestorage.googleapis.com/v0/b/lastmile-ui/o/import%2Fphotos%2Fconverted%2Fproduct%2FthumbUrl%2FCvKfTzV4TN5U8BTMF1Hl_280223_OrXUvGAuc2NCJDRvzNOTXOM3rsp1_kJ5OpXbJ0ckIXmx0c2Tm.webp?alt=media&token=311b590d-1f40-4060-98fd-45806fd29cb7
IKI,"Kiaulienos kaulai, rūkyti, ~0.700 kg",3.19 €,https://firebasestorage.googleapis.com/v0/b/lastmile-ui/o/import%2Fphotos%2Fconverted%2Fproduct%2FthumbUrl%2FCvKfTzV4TN5U8BTMF1Hl_288139_uF3DptJQvjXHqmno4Mal_f4e6H1gUuw9NULbnSmW9.webp?alt=media&token=e7c7e93f-e9da-4939-b6c5-7b947bda4577
IKI,"Lako valiklis geliniam lakavimui valyti SINCERO SALON, 150 ml",1.84 €,https://storage.googleapis.com/download/storage/v1/b/lastmile-ui/o/images%2Fproducts%2Fthumb_DKRzTKThyNovcXiKNCZt.jpg?generation=1639147344467821&alt=media
IKI,"Automodelis HOT WHEELS, 1 vnt.",2.99 €,https://storage.googleapis.com/download/storage/v1/b/lastmile-ui/o/import%2Fphotos%2Fconverted%2Fproduct%2FCvKfTzV4TN5U8BTMF1Hl_RF8xz2dxCevBlZ709erM_CvKfTzV4TN5U8BTMF1Hl_W5RvAbpnRicygag1V4nopPhtD8z2_jzSyt1NCHzV2c7iGLEyF_thumb.webp?generation=1701172764561112&alt=media
IKI,Lakštinė kaukė NIVEA 10 MINUČIŲ HYALURON CELLULAR FILLER,2.64 €,https://firebasestorage.googleapis.com/v0/b/lastmile-ui/o/import%2Fphotos%2Fconverted%2Fproduct%2FthumbUrl%2FCvKfTzV4TN5U8BTMF1Hl_257163_Pos12xpkYpPSKaVDW3jqu7xnlg23_VzNBuiTgFUV8TR54NV1J.webp?alt=media&token=a299ed36-d318-4107-878d-cff659374170
IKI,"Valiklis-gaiviklis BREF BRILLIANT GEL SPRING RAIN, 84 g",2.89 €,https://storage.googleapis.com/download/storage/v1/b/lastmile-ui/o/import%2Fphotos%2Fconverted%2Fproduct%2FCvKfTzV4TN5U8BTMF1Hl_265922_CvKfTzV4TN5U8BTMF1Hl_W5RvAbpnRicygag1V4nopPhtD8z2_Chu7bdItQTxhSrgI8SEy_thumb.jpg?generation=1693481681380566&alt=media
IKI,Labanoro kiaulienos rūkyti lašiniai aukščiausia rūšis,10.07 €,https://firebasestorage.googleapis.com/v0/b/lastmile-ui/o/import%2Fphotos%2Fconverted%2Fproduct%2FthumbUrl%2FCvKfTzV4TN5U8BTMF1Hl_279881_OrXUvGAuc2NCJDRvzNOTXOM3rsp1_BOrw2dfYguCCVAelNPxb.webp?alt=media&token=cb59d6ed-7f79-4b94-afc7-eed64aa48b63
IKI,"WC muiliuko pakeitimas DOMESTOS PINE, 35 g",0.74 €,https://firebasestorage.googleapis.com/v0/b/lastmile-ui/o/import%2Fphotos%2Fconverted%2Fproduct%2FthumbUrl%2FCvKfTzV4TN5U8BTMF1Hl_282854_Y5wHCakiRVc8Kf1fJt96vh8Tr2I2_Uomt6EQGwczEyvNOnwat.webp?alt=media&token=7c14ca6c-9153-436c-ae03-515bb4d49927
IKI,"Alyvuogių aliejus Extra Virgin CRETAN HARVEST, 750 ml met. pak.",6.74 €,https://firebasestorage.googleapis.com/v0/b/lastmile-ui/o/import%2Fphotos%2Fconverted%2Fproduct%2FthumbUrl%2FCvKfTzV4TN5U8BTMF1Hl_287506_OrXUvGAuc2NCJDRvzNOTXOM3rsp1_kYdcSPBCpICeKOQZhhI8.webp?alt=media&token=0e88b14b-4523-42a7-aa62-1ec4124f5bb1
IKI,"Avižų sėlenos DOBELE, 500 g",1.34 €,https://firebasestorage.googleapis.com/v0/b/lastmile-ui/o/import%2Fphotos%2Fconverted%2Fproduct%2FthumbUrl%2FCvKfTzV4TN5U8BTMF1Hl_281870_OrXUvGAuc2NCJDRvzNOTXOM3rsp1_Lundybbq3aoUeCXaH0Oy.webp?alt=media&token=d5c86fe5-58ec-4d1b-8329-6f433ce6fb46
IKI,"Dieninis veido kremas NIVEA (Q10 PLUS C) nuo raukšlių, 50 ml",9.99 €,https://storage.googleapis.com/download/storage/v1/b/lastmile-ui/o/import%2Fphotos%2Fconverted%2Fproduct%2FCvKfTzV4TN5U8BTMF1Hl_RVt4gvf3cvcma1VjuM8m_CvKfTzV4TN5U8BTMF1Hl_W5RvAbpnRicygag1V4nopPhtD8z2_PfcxQNte4cdY1uUr2Xqe_thumb.webp?generation=1699528111517103&alt=media
IKI,Lakštinė kaukė NIVEA 10 MINUČIŲ Q10 PLUS C,2.24 €,https://firebasestorage.googleapis.com/v0/b/lastmile-ui/o/import%2Fphotos%2Fconverted%2Fproduct%2FthumbUrl%2FCvKfTzV4TN5U8BTMF1Hl_257162_Pos12xpkYpPSKaVDW3jqu7xnlg23_DWU8o90xvvo89m7xwpgb.webp?alt=media&token=98b3240f-1d8c-405e-a5bd-b1bdc38e25ee
IKI,"Skalbimo kapsulės PERSIL DISCS EXPERT STAIN REMOVAL, 11 skalbimų",4.49 €,https://firebasestorage.googleapis.com/v0/b/lastmile-ui/o/import%2Fphotos%2Fconverted%2Fproduct%2FthumbUrl%2FCvKfTzV4TN5U8BTMF1Hl_284277_Y5wHCakiRVc8Kf1fJt96vh8Tr2I2_JpM1fbOYbFzIJg1hnYg4.webp?alt=media&token=9b760a33-49a4-41ef-adc2-00ef5308be05
IKI,"Skystas muilas PALMOLIVE NATURALS OLIVE/MILK, 1000 ml doypack",3.74 €,https://firebasestorage.googleapis.com/v0/b/lastmile-ui/o/import%2Fphotos%2Fconverted%2Fproduct%2FthumbUrl%2FCvKfTzV4TN5U8BTMF1Hl_281292_OrXUvGAuc2NCJDRvzNOTXOM3rsp1_FIjkSaY3TcDl7L9lmLEN.webp?alt=media&token=1da604b6-669c-4f47-ba3e-0af5ca6bd107
IKI,"Šampūnas-kondicionierius ir dušo želė ARAS 3IN1, 250 ml",1.99 €,https://storage.googleapis.com/download/storage/v1/b/lastmile-ui/o/import%2Fphotos%2Fconverted%2Fproduct%2Fglobal_lyYOq7hekQ6HaF2FjIeS_W5RvAbpnRicygag1V4nopPhtD8z2_MDvBN7zdh1nN6QkdVLQS_thumb.jpg?generation=1684494381266181&alt=media
IKI,"Lengvai įsigeriantis rankų kremas NEUTROGENA, 75 ml",3.49 €,https://storage.googleapis.com/download/storage/v1/b/lastmile-ui/o/import%2Fphotos%2Fconverted%2Fproduct%2Fglobal_Noihb2ScWdmTtHQVBbn6_W5RvAbpnRicygag1V4nopPhtD8z2_PbsAYSTHF8PN7bRvnNu6_thumb.jpg?generation=1687174763902295&alt=media
IKI,"Plaukų lakas NIVEA VOLUME SENSATION, 250 ml",3.74 €,https://storage.googleapis.com/download/storage/v1/b/lastmile-ui/o/import%2Fphotos%2Fconverted%2Fproduct%2Fglobal_4wDUBlH2oIDZRxOWptQr_xGdb10o0VzY1SFD6eDjbpqgxmW02_Ix0TapsrwypqcU2rrnmA_thumb.jpg?generation=1674560113705208&alt=media
IKI,"Plaukų balzamas GLISS KUR COLOR PROTECT, 200 ml",2.64 €,https://storage.googleapis.com/download/storage/v1/b/lastmile-ui/o/import%2Fphotos%2Fconverted%2Fproduct%2FCvKfTzV4TN5U8BTMF1Hl_Haq8DbxQqdJFuJkofBCP_xGdb10o0VzY1SFD6eDjbpqgxmW02_JJZNgQ0Iy2Wx4EeRf4rP_thumb.jpg?generation=1676010682413201&alt=media
IKI,"Prezervatyvai LIFESTYLES SKYN ELITE, 3 vnt.",2.74 €,https://storage.googleapis.com/download/storage/v1/b/lastmile-ui/o/import%2Fphotos%2Fconverted%2Fproduct%2Fglobal_I7kGDLVsDrKGiQwLMjE1_W5RvAbpnRicygag1V4nopPhtD8z2_iksuwX0TYVyQpFS5aA46_thumb.jpg?generation=1684482738963811&alt=media
IKI,"Dušo želė PALMOLIVE Men Intense Spice, 500 ml",3.24 €,https://storage.googleapis.com/download/storage/v1/b/lastmile-ui/o/import%2Fphotos%2Fconverted%2Fproduct%2FCvKfTzV4TN5U8BTMF1Hl_275341_CvKfTzV4TN5U8BTMF1Hl_W5RvAbpnRicygag1V4nopPhtD8z2_BLTkxjfOgG7LoSYfepAJ_thumb.jpg?generation=1690192215571008&alt=media
IKI,"Kruopos Natural Mix su grikiais, 4x100 g",1.51 €,https://firebasestorage.googleapis.com/v0/b/lastmile-ui/o/import%2Fphotos%2Fconverted%2Fproduct%2FthumbUrl%2FCvKfTzV4TN5U8BTMF1Hl_284379_OrXUvGAuc2NCJDRvzNOTXOM3rsp1_ipfGTS9tl5d9eHq9b7Sp.webp?alt=media&token=c5df9b1f-f276-4171-a9df-c81ea8f1ee51
IKI,"Skystas skalbiklis ARIEL Color, 25 skalb., 1,125 l",5.99 €,https://firebasestorage.googleapis.com/v0/b/lastmile-ui/o/import%2Fphotos%2Fconverted%2Fproduct%2FthumbUrl%2FCvKfTzV4TN5U8BTMF1Hl_287766_OrXUvGAuc2NCJDRvzNOTXOM3rsp1_TpOmxHHyYvYbJt6SICcB.webp?alt=media&token=82d129ba-6f93-4594-a8dd-da43389dc0b0
IKI,Tualetinis popierius Veltie Comfort 10 vnt. 3 sl. 200 lap.,3.99 €,https://firebasestorage.googleapis.com/v0/b/lastmile-ui/o/import%2Fphotos%2Fconverted%2Fproduct%2FthumbUrl%2FCvKfTzV4TN5U8BTMF1Hl_288611_OrXUvGAuc2NCJDRvzNOTXOM3rsp1_Kcyzou6Y9sZb9Sp97MQQ.webp?alt=media&token=724a49e2-c974-4c22-aef5-2208e2b0a985
IKI,"Himalajų druska su juodaisiais pipirais SAUDA, 190 g",5.24 €,https://storage.googleapis.com/download/storage/v1/b/lastmile-ui/o/images%2Fproducts%2Fthumb_rv0URaSaAZhEK8acC2GN.jpg?generation=1631695934706504&alt=media
IKI,"Universalus veido ir kūno kremas su natūraliu kanapių aliejumi GREEN FEEL'S, 200 ml",3.39 €,https://firebasestorage.googleapis.com/v0/b/lastmile-ui/o/import%2Fphotos%2Fconverted%2Fproduct%2FthumbUrl%2FCvKfTzV4TN5U8BTMF1Hl_254478_Y5wHCakiRVc8Kf1fJt96vh8Tr2I2_eaKoLTUdzBFxF83GZVoS.webp?alt=media&token=3fd0b0b2-4092-43e8-a5ae-ed6266b322c5
IKI,"Naktinis veido kremas NIVEA Q10 PLUS ANTI-WRINKLE, 50 ml",9.99 €,https://storage.googleapis.com/download/storage/v1/b/lastmile-ui/o/import%2Fphotos%2Fconverted%2Fproduct%2FCvKfTzV4TN5U8BTMF1Hl_fMyKNxx0pUzxawtWRXfX_CvKfTzV4TN5U8BTMF1Hl_W5RvAbpnRicygag1V4nopPhtD8z2_gBoi7Am6QnqlHs3ZQgTU_thumb.webp?generation=1699528113473989&alt=media
IKI,"Skutimosi putos GILLETTE Series Soothing, 200ml",2.49 €,https://firebasestorage.googleapis.com/v0/b/lastmile-ui/o/import%2Fphotos%2Fconverted%2Fproduct%2FthumbUrl%2FCvKfTzV4TN5U8BTMF1Hl_274825_Y5wHCakiRVc8Kf1fJt96vh8Tr2I2_X4Ou2CQr0qDA7fBB8bDB.webp?alt=media&token=8e03fd67-466e-46c4-bd78-854dbb0bb591
IKI,Ekologiški kūdikių sausainiai nuo 6 mėn. HIPP,3.07 €,https://firebasestorage.googleapis.com/v0/b/lastmile-ui/o/import%2Fphotos%2Fconverted%2Fproduct%2FthumbUrl%2FCvKfTzV4TN5U8BTMF1Hl_286730_OrXUvGAuc2NCJDRvzNOTXOM3rsp1_ReFaAHWL0uHLv6N4NCxY.webp?alt=media&token=4c3bb637-f8f6-4860-8605-b0c65c089b7c
IKI,"Skystas skalbiklis FROSCH CITRINA 1,5 l",4.99 €,https://firebasestorage.googleapis.com/v0/b/lastmile-ui/o/import%2Fphotos%2Fconverted%2Fproduct%2FthumbUrl%2FCvKfTzV4TN5U8BTMF1Hl_284680_OrXUvGAuc2NCJDRvzNOTXOM3rsp1_3v0SspHjISdTPrpIQLZP.webp?alt=media&token=221a050a-d08c-4aec-8582-4d53ae035abd
IKI,"Tualetinis popierius VELTIE SOFT WHITE, 16 VNT., 3SL., 150 LAP.",4.99 €,https://firebasestorage.googleapis.com/v0/b/lastmile-ui/o/import%2Fphotos%2Fconverted%2Fproduct%2FthumbUrl%2FCvKfTzV4TN5U8BTMF1Hl_282553_OrXUvGAuc2NCJDRvzNOTXOM3rsp1_vip0OQHp3iNN5PePAccE.webp?alt=media&token=5726bef8-37ef-4e5d-ad16-2e1faf135aaf
IKI,"Plaukų lakas SYOSS CERAMIDE, 300 ml",4.09 €,https://firebasestorage.googleapis.com/v0/b/lastmile-ui/o/import%2Fphotos%2Fconverted%2Fproduct%2FthumbUrl%2FCvKfTzV4TN5U8BTMF1Hl_232310_W5RvAbpnRicygag1V4nopPhtD8z2_rBXKisgr6kGIbm6x0Lyj.webp?alt=media&token=3a0f34cf-24ea-4ee9-8c70-05315b1db9ef
IKI,"Micelinis vanduo su rožių vandeniu GARNIER ROSE, 400 ml",4.74 €,https://storage.googleapis.com/download/storage/v1/b/lastmile-ui/o/import%2Fphotos%2Fconverted%2Fproduct%2Fglobal_UT3i1Aq3KTQcjlnwTCFP_xGdb10o0VzY1SFD6eDjbpqgxmW02_5Olz2v9iPbNCKd7ztZ1H_thumb.jpg?generation=1674651240028272&alt=media
IKI,"L'Oréal Paris Revitalift Filler glotninamasis veido serumas su 1,5 % grynąja hialurono rūgštimi, 30 ml",11.49 €,https://storage.googleapis.com/download/storage/v1/b/lastmile-ui/o/images%2Fproducts%2Fthumb_5ZbekfFHZA6ZIrZmhVAP.jpg?generation=1644058952393732&alt=media
IKI,"Intensyviai plaukus drėkinantis kondicionierius KILIG, 200 ml",2.24 €,https://firebasestorage.googleapis.com/v0/b/lastmile-ui/o/import%2Fphotos%2Fconverted%2Fproduct%2FthumbUrl%2FCvKfTzV4TN5U8BTMF1Hl_266612_Y5wHCakiRVc8Kf1fJt96vh8Tr2I2_fr0wXsOLZluXRGdr2Xiw.webp?alt=media&token=ded19b27-c1ad-4845-959c-8652498488bd
IKI,"Lakštinė veido kaukė NIVEA SKIN RADIANCE, 27 g",1.74 €,https://firebasestorage.googleapis.com/v0/b/lastmile-ui/o/import%2Fphotos%2Fconverted%2Fproduct%2FthumbUrl%2FCvKfTzV4TN5U8BTMF1Hl_283701_Pos12xpkYpPSKaVDW3jqu7xnlg23_7SxJHYtWtsv3rvKnzFH4.webp?alt=media&token=553fbb6c-715c-46fe-9344-9b990dd61316
IKI,"Vitamininis vanduo 4MOVE VITAMIN WATER MAGNESIUM + VITAMINS, 0,556 l",1.11 €,https://firebasestorage.googleapis.com/v0/b/lastmile-ui/o/import%2Fphotos%2Fconverted%2Fproduct%2FthumbUrl%2FCvKfTzV4TN5U8BTMF1Hl_284595_Y5wHCakiRVc8Kf1fJt96vh8Tr2I2_awXvruVeccehbV7nIGo4.webp?alt=media&token=8838810e-1644-4122-a5ee-06e3bf52ced6
IKI,Indaplovių tabletės SOMAT Excellence 4in1 50vnt,15.49 €,https://firebasestorage.googleapis.com/v0/b/lastmile-ui/o/import%2Fphotos%2Fconverted%2Fproduct%2FthumbUrl%2FCvKfTzV4TN5U8BTMF1Hl_283725_Y5wHCakiRVc8Kf1fJt96vh8Tr2I2_bNcq47MlNkf8cIP5gTd2.webp?alt=media&token=dec66f64-b5ee-4676-8ac6-fb0d766d3d56
IKI,"Higieniniai įklotai NATURELLA Camomile Light, 100 vnt.",4.54 €,https://firebasestorage.googleapis.com/v0/b/lastmile-ui/o/import%2Fphotos%2Fconverted%2Fproduct%2FthumbUrl%2FCvKfTzV4TN5U8BTMF1Hl_283739_Y5wHCakiRVc8Kf1fJt96vh8Tr2I2_pLhrB1ndJAe3MQ65Zag8.webp?alt=media&token=d9df26a1-da1f-4828-b476-b48a90b3a557
IKI,"Muilas LAVANDA ROSA DEL CHIANTI, 150 g",1.99 €,https://storage.googleapis.com/download/storage/v1/b/lastmile-ui/o/import%2Fphotos%2Fconverted%2Fproduct%2Fglobal_8N7MueVJf3Si08vB9cz7_W5RvAbpnRicygag1V4nopPhtD8z2_UdyaAUhdCeF42jv3dNlV_thumb.jpg?generation=1686902082120483&alt=media
IKI,"Šampūnas MARGARITA ECO COSMOS NATURAL BEATOS, 500 ml",2.89 €,https://storage.googleapis.com/download/storage/v1/b/lastmile-ui/o/images%2Fchain_products%2FIKI%2Fthumb_g5fvrmtIpbXpu8C4WWQ1.jpg?generation=1644058842042487&alt=media
IKI,"Ekologiški PENNE makaronai iš raudonųjų lęšių BILLA BIO, 250 g",1.99 €,https://firebasestorage.googleapis.com/v0/b/lastmile-ui/o/import%2Fphotos%2Fconverted%2Fproduct%2FthumbUrl%2FCvKfTzV4TN5U8BTMF1Hl_280221_OrXUvGAuc2NCJDRvzNOTXOM3rsp1_i3C2Jqu3yJk47m2x2fs7.webp?alt=media&token=e21ac866-11ec-43e3-9437-b7799d678d62
IKI,"Kavos pupelės LAVAZZA QUALITA ORO GRAN RISERVA, 1 kg",19.99 €,https://storage.googleapis.com/download/storage/v1/b/lastmile-ui/o/import%2Fphotos%2Fconverted%2Fproduct%2Fglobal_B7lbxgKMJx2snVpReapq_W5RvAbpnRicygag1V4nopPhtD8z2_tokggtU6h0aEtaeqOMbJ_thumb.jpg?generation=1683206276809864&alt=media
IKI,Plaukų dažai SYOSS COLOR Nr. 4-1,4.64 €,https://firebasestorage.googleapis.com/v0/b/lastmile-ui/o/import%2Fphotos%2Fconverted%2Fproduct%2FthumbUrl%2FCvKfTzV4TN5U8BTMF1Hl_78321_W5RvAbpnRicygag1V4nopPhtD8z2_cLyKNGHxQPE91GgA6u5o.webp?alt=media&token=bede59e6-08d6-4c64-8aaf-9a2d16a420b9
IKI,"Plaukų šampūnas HEAD&SHOULDERS  Citrus, 250 ml",3.24 €,https://firebasestorage.googleapis.com/v0/b/lastmile-ui/o/import%2Fphotos%2Fconverted%2Fproduct%2FthumbUrl%2FCvKfTzV4TN5U8BTMF1Hl_263557_Y5wHCakiRVc8Kf1fJt96vh8Tr2I2_9D0BoY94SDTuG97klFbl.webp?alt=media&token=016c8825-1c2a-4c72-87f3-2db098b128af
IKI,Dantų šepetėlis JORDAN Target Sensitive,1.99 €,https://storage.googleapis.com/download/storage/v1/b/lastmile-ui/o/import%2Fphotos%2Fconverted%2Fproduct%2Fglobal_EvRrWMrO4V70VQY6FmbE_W5RvAbpnRicygag1V4nopPhtD8z2_at5Vt1urpi87I5KbFfJ0_thumb.jpg?generation=1684494378975744&alt=media
IKI,"Nealkoholinis kokteilis NOZECO ORANGE MIMOSA, 0,75 l",3.84 €,https://storage.googleapis.com/download/storage/v1/b/lastmile-ui/o/import%2Fphotos%2Fconverted%2Fproduct%2FCvKfTzV4TN5U8BTMF1Hl_275886_CvKfTzV4TN5U8BTMF1Hl_W5RvAbpnRicygag1V4nopPhtD8z2_DnkULAc5OXPY88dP1Mnq_thumb.jpg?generation=1690969823024927&alt=media
IKI,"Skalbimo lapeliai K2R Colour catcher, 22 vnt",4.49 €,https://firebasestorage.googleapis.com/v0/b/lastmile-ui/o/import%2Fphotos%2Fconverted%2Fproduct%2FthumbUrl%2FCvKfTzV4TN5U8BTMF1Hl_285207_Y5wHCakiRVc8Kf1fJt96vh8Tr2I2_oMqKQRemkQ3xg4oJQawf.webp?alt=media&token=8aa8ed04-7c3f-42ca-9d24-e18373ea376a
IKI,"Dantų pasta ORAL-B Pro Expert, Healthy White, 75ml",2.49 €,https://firebasestorage.googleapis.com/v0/b/lastmile-ui/o/import%2Fphotos%2Fconverted%2Fproduct%2FthumbUrl%2FCvKfTzV4TN5U8BTMF1Hl_280529_Y5wHCakiRVc8Kf1fJt96vh8Tr2I2_TlbxVmLuH1DBH38W0tkb.webp?alt=media&token=74b63683-1f5a-40db-b37b-17c91e121151
IKI,"WC valiklis-gaiviklis DOMESTOS POWER 5 OCEAN, 2X50G",2.24 €,https://firebasestorage.googleapis.com/v0/b/lastmile-ui/o/import%2Fphotos%2Fconverted%2Fproduct%2FthumbUrl%2FCvKfTzV4TN5U8BTMF1Hl_284095_OrXUvGAuc2NCJDRvzNOTXOM3rsp1_th9j3776o6G3AsxcFjoH.webp?alt=media&token=4efda458-ae05-47c6-aa63-61b46ee877e1
IKI,Plaukų dažai GARNIER COLOR NATURALS Nr.5,2.49 €,https://storage.googleapis.com/download/storage/v1/b/lastmile-ui/o/images%2Fproducts%2Fthumb_BlvV2iphM96C2MBIeJfc.jpg?generation=1644048197939250&alt=media
IKI,"Regeneruojamasis veido kremas KILIG WOMAN VITAMIN C, 50 ml",5.99 €,https://firebasestorage.googleapis.com/v0/b/lastmile-ui/o/import%2Fphotos%2Fconverted%2Fproduct%2FthumbUrl%2FCvKfTzV4TN5U8BTMF1Hl_249151_Y5wHCakiRVc8Kf1fJt96vh8Tr2I2_GCDG6KUDSfkN2Mn11Lkh.webp?alt=media&token=6a73cf69-deaf-431f-b067-b456c357029d
IKI,"Plaukų Lakas NOVA, 200 ml",2.24 €,https://storage.googleapis.com/download/storage/v1/b/lastmile-ui/o/import%2Fphotos%2Fconverted%2Fproduct%2Fglobal_eflkyN58LzAnBOqPViRV_xGdb10o0VzY1SFD6eDjbpqgxmW02_DlP1fpRpmvys8Ml1yUAt_thumb.jpg?generation=1674560114463199&alt=media
IKI,Plaukų dažai GARNIER OLIA,4.99 €,https://storage.googleapis.com/download/storage/v1/b/lastmile-ui/o/images%2Fproducts%2Fthumb_N7wbJWzfqlUTQMuiksZy.jpg?generation=1644048317531506&alt=media
IKI,Dantų šepetėlis ELMEX SENSITIVE EXTRA SOFT,3.99 €,https://firebasestorage.googleapis.com/v0/b/lastmile-ui/o/import%2Fphotos%2Fconverted%2Fproduct%2FthumbUrl%2FCvKfTzV4TN5U8BTMF1Hl_246976_W5RvAbpnRicygag1V4nopPhtD8z2_YmlvP80zvhzy7YCAUcTl.webp?alt=media&token=665ec96f-24b2-470c-8f8f-145fcee7ad5e
IKI,"Stiprios fiksacijos plaukų lakas su alaus mielių ekstraktu ir keratinu MARGARITA, 250 ml",2.99 €,https://storage.googleapis.com/download/storage/v1/b/lastmile-ui/o/import%2Fphotos%2Fconverted%2Fproduct%2Fglobal_MHjfFmzwcuJutBLHXCXJ_xGdb10o0VzY1SFD6eDjbpqgxmW02_6XyUebzgvMJOkBSbl0LP_thumb.jpg?generation=1674560116635317&alt=media
IKI,"Dantų pasta COLGATE Max White, 75 ml",3.49 €,https://storage.googleapis.com/download/storage/v1/b/lastmile-ui/o/import%2Fphotos%2Fconverted%2Fproduct%2FCvKfTzV4TN5U8BTMF1Hl_278801_CvKfTzV4TN5U8BTMF1Hl_W5RvAbpnRicygag1V4nopPhtD8z2_dPZwdwiRSmfNA3sfwobG_thumb.webp?generation=1699528120565548&alt=media
IKI,"Rutulinis dezodorantas DOVE MEN + CARE CLEAN COMFORT, 50 ml",2.74 €,https://storage.googleapis.com/download/storage/v1/b/lastmile-ui/o/import%2Fphotos%2Fconverted%2Fproduct%2Fglobal_syLil1wSDDVKrUgBTIHq_xGdb10o0VzY1SFD6eDjbpqgxmW02_gmK2fi36pwZqdK9rvPje_thumb.jpg?generation=1679554240163074&alt=media
IKI,"Oro gaiviklis AMBI PUR Spring Awakening, 8ml",2.84 €,https://firebasestorage.googleapis.com/v0/b/lastmile-ui/o/import%2Fphotos%2Fconverted%2Fproduct%2FthumbUrl%2FCvKfTzV4TN5U8BTMF1Hl_282875_uF3DptJQvjXHqmno4Mal_GiPUakoubtiFrTcVWPz5.webp?alt=media&token=4faf4e1a-e17a-443b-b15f-dd4b7da0d3f7
IKI,"Dantų pasta SENSODYNE PRONAMEL 6-12M, 50 ml",2.24 €,https://firebasestorage.googleapis.com/v0/b/lastmile-ui/o/import%2Fphotos%2Fconverted%2Fproduct%2FthumbUrl%2FCvKfTzV4TN5U8BTMF1Hl_284305_OrXUvGAuc2NCJDRvzNOTXOM3rsp1_VUyJWJ99MnE5wMleNjO8.webp?alt=media&token=aa7be712-9588-46fc-ae54-60a06db76ecf
IKI,"Gaivusis gėrimas citrinų skonio UNIQA Vitamins, 0,5 l",0.69 €,https://firebasestorage.googleapis.com/v0/b/lastmile-ui/o/import%2Fphotos%2Fconverted%2Fproduct%2FthumbUrl%2FCvKfTzV4TN5U8BTMF1Hl_284585_OrXUvGAuc2NCJDRvzNOTXOM3rsp1_nlH4kLppcVZq2qWPPei3.webp?alt=media&token=2565a396-32be-4a77-b1af-e2a965700439
IKI,"Minkštiklis LENOR Ruby Jasmine, 59 skalb., 1239ml",4.09 €,https://firebasestorage.googleapis.com/v0/b/lastmile-ui/o/import%2Fphotos%2Fconverted%2Fproduct%2FthumbUrl%2FCvKfTzV4TN5U8BTMF1Hl_287777_OrXUvGAuc2NCJDRvzNOTXOM3rsp1_r65tzyIm6z1MrpAXYPlq.webp?alt=media&token=1f150e94-e483-4cc1-af1a-1d771facf259
IKI,"Šampūnas plaukams NIVEA VOLUME SENSATION, 250 ml",2.39 €,https://storage.googleapis.com/download/storage/v1/b/lastmile-ui/o/import%2Fphotos%2Fconverted%2Fproduct%2Fglobal_KxYdaXrY6Np3rHUw5PIy_xGdb10o0VzY1SFD6eDjbpqgxmW02_oZPOthggNeQPOllp0F7V_thumb.jpg?generation=1674560116448092&alt=media
IKI,"Valiklis BREF EXCELLENCE GEL OCEAN WC, 700 ml",2.24 €,https://firebasestorage.googleapis.com/v0/b/lastmile-ui/o/import%2Fphotos%2Fconverted%2Fproduct%2FthumbUrl%2FCvKfTzV4TN5U8BTMF1Hl_224588_W5RvAbpnRicygag1V4nopPhtD8z2_ptRoIrlxcTVPZmcaLcTP.webp?alt=media&token=a32f78fc-bcc5-441e-9460-c121e1bb7216
IKI,"Prezervatyvai LIFESTYLES SKYN ORIGINAL, 10 vnt.",6.99 €,https://storage.googleapis.com/download/storage/v1/b/lastmile-ui/o/import%2Fphotos%2Fconverted%2Fproduct%2Fglobal_0y9NsUBJy54G27RvArNH_W5RvAbpnRicygag1V4nopPhtD8z2_EUrK1GF7YsPwJuZeYhOU_thumb.jpg?generation=1684482738439420&alt=media
IKI,"Atkuriamasis plaukų šampūnas KILIG, 400 ml",3.14 €,https://firebasestorage.googleapis.com/v0/b/lastmile-ui/o/import%2Fphotos%2Fconverted%2Fproduct%2FthumbUrl%2FCvKfTzV4TN5U8BTMF1Hl_266611_Y5wHCakiRVc8Kf1fJt96vh8Tr2I2_G7drHKWVL2boGRjRJDyd.webp?alt=media&token=5025a6b4-2196-4a5f-b0e2-c5b5f39ff84f
IKI,"Regeneruojanti veido kaukė nakčiai GARNIER HYDRA BOMB, 28 g",1.89 €,https://storage.googleapis.com/download/storage/v1/b/lastmile-ui/o/import%2Fphotos%2Fconverted%2Fproduct%2Fglobal_zZhRuq8DRoujCo2GrWEx_W5RvAbpnRicygag1V4nopPhtD8z2_ZRSOvzXmTtOKgxWgcvgO_thumb.jpg?generation=1684828969193213&alt=media
IKI,"Itin stiprios fiksacijos plaukų lakas su dilgėlių ekstraktu ir kolagenu MARGARITA, 250 ml",2.99 €,https://storage.googleapis.com/download/storage/v1/b/lastmile-ui/o/import%2Fphotos%2Fconverted%2Fproduct%2Fglobal_t9B5EGmUnsvGVNuRO0Av_xGdb10o0VzY1SFD6eDjbpqgxmW02_qqNAviNtzCajOpDbrUrY_thumb.jpg?generation=1674560112803503&alt=media
IKI,Šernienos skonio gabalėliai ADVENTUROS,1.19 €,https://firebasestorage.googleapis.com/v0/b/lastmile-ui/o/import%2Fphotos%2Fconverted%2Fproduct%2FthumbUrl%2FCvKfTzV4TN5U8BTMF1Hl_241697_Y5wHCakiRVc8Kf1fJt96vh8Tr2I2_7JPBLkCA6FUZ8949LtMz.webp?alt=media&token=1c34d699-14eb-49c4-960d-af217b10fc1d
IKI,"Indaplovių kapsulės FINISH POWERBALL POWER ALL IN 1, 50 vnt",13.99 €,https://firebasestorage.googleapis.com/v0/b/lastmile-ui/o/import%2Fphotos%2Fconverted%2Fproduct%2FthumbUrl%2FCvKfTzV4TN5U8BTMF1Hl_279576_OrXUvGAuc2NCJDRvzNOTXOM3rsp1_pKV5CXZ8CjIPCuyb2Gdg.webp?alt=media&token=52c457f6-c40e-462d-8b33-92d65d651548
IKI,DUBAI stiliaus batonėlis 70g,2.99 €,https://firebasestorage.googleapis.com/v0/b/lastmile-ui/o/import%2Fphotos%2Fconverted%2Fproduct%2FthumbUrl%2FCvKfTzV4TN5U8BTMF1Hl_287379_OrXUvGAuc2NCJDRvzNOTXOM3rsp1_sLAwJN3XeGq4ZUSywDno.webp?alt=media&token=0d8c9b5c-6502-4518-a17f-de5607d055b6
IKI,"Skystas skalbiklis ARIEL Extra Clean, 30 skalb., 1,35 l",8.49 €,https://firebasestorage.googleapis.com/v0/b/lastmile-ui/o/import%2Fphotos%2Fconverted%2Fproduct%2FthumbUrl%2FCvKfTzV4TN5U8BTMF1Hl_287763_OrXUvGAuc2NCJDRvzNOTXOM3rsp1_ejUBTSh0JQ3w7gLzYf0t.webp?alt=media&token=e0b36311-e514-4ecd-87a5-cc0bb354449a
IKI,COLGATE DANTŲ PASTA Cavity Protection 75ml,0.89 €,https://firebasestorage.googleapis.com/v0/b/lastmile-ui/o/import%2Fphotos%2Fconverted%2Fproduct%2FthumbUrl%2FCvKfTzV4TN5U8BTMF1Hl_288454_OrXUvGAuc2NCJDRvzNOTXOM3rsp1_fA8tZjjFU1PEwfh7luSm.webp?alt=media&token=3137ed85-0e1f-42dd-ac57-044191f72830
IKI,"Nelukštentos moliūgų sėklos, 1 kg",5.39 €,https://storage.googleapis.com/download/storage/v1/b/lastmile-ui/o/import%2Fphotos%2Fconverted%2Fproduct%2Fglobal_MFjyTzEcB7EjqVR3bvL0_W5RvAbpnRicygag1V4nopPhtD8z2_l3qXXMrsyTfBYdB0CCeh_thumb.jpg?generation=1684847128507294&alt=media
IKI,"Indų ploviklis ECO GREEN LIME MINT OP, 500 ml",2.99 €,https://firebasestorage.googleapis.com/v0/b/lastmile-ui/o/import%2Fphotos%2Fconverted%2Fproduct%2FthumbUrl%2FCvKfTzV4TN5U8BTMF1Hl_278022_uF3DptJQvjXHqmno4Mal_PGR3VKcuZl7fmis0VLuR.webp?alt=media&token=6b5fe930-c027-4ba2-a2db-a73cce716937
IKI,"Lakas dažytiems plaukams NIVEA COLOUR PROTECT, 250 ml",3.74 €,https://storage.googleapis.com/download/storage/v1/b/lastmile-ui/o/import%2Fphotos%2Fconverted%2Fproduct%2Fglobal_Gl2OTo6zwYhnV58HlOnP_xGdb10o0VzY1SFD6eDjbpqgxmW02_VFkYxkIIL8mcXkEl82BA_thumb.jpg?generation=1674560111377675&alt=media
IKI,"Kremas NIVEA MEN, 150 ml",4.09 €,https://storage.googleapis.com/download/storage/v1/b/lastmile-ui/o/images%2Fchain_products%2FIKI%2Fthumb_ZKV4DTZ5KCbHhXGKNqrK.jpg?generation=1631695832034201&alt=media
IKI,"Stiprios fiksacijos plaukų putos su alaus alaus mielių ekstraktu ir keratinu MARGARITA, 250 ml",2.99 €,https://storage.googleapis.com/download/storage/v1/b/lastmile-ui/o/import%2Fphotos%2Fconverted%2Fproduct%2Fglobal_Je3bTiCzHAAALBwUCnKi_xGdb10o0VzY1SFD6eDjbpqgxmW02_vAnzV1PIin89HaaG0I17_thumb.jpg?generation=1674560118445187&alt=media
IKI,"Skustuvo galvutės GILLETTE FUSION, 8vnt.",19.99 €,https://firebasestorage.googleapis.com/v0/b/lastmile-ui/o/import%2Fphotos%2Fconverted%2Fproduct%2FthumbUrl%2FCvKfTzV4TN5U8BTMF1Hl_266104_Y5wHCakiRVc8Kf1fJt96vh8Tr2I2_ECHquiwo6pgvqZxpOV0d.webp?alt=media&token=d874213b-44ea-4f48-917e-eeb17e3fded5
IKI,Varškės kremo tortas ŠAMONI,13.99 €,https://firebasestorage.googleapis.com/v0/b/lastmile-ui/o/import%2Fphotos%2Fconverted%2Fproduct%2FthumbUrl%2FCvKfTzV4TN5U8BTMF1Hl_280661_OrXUvGAuc2NCJDRvzNOTXOM3rsp1_f1tFsi7H85VAj9R01N90.webp?alt=media&token=e9706718-00e8-4ab2-9137-e93571875563
IKI,"Indų ploviklis Eco GREEN TEA OP, 500 ml",2.99 €,https://storage.googleapis.com/download/storage/v1/b/lastmile-ui/o/import%2Fphotos%2Fconverted%2Fproduct%2FCvKfTzV4TN5U8BTMF1Hl_278023_CvKfTzV4TN5U8BTMF1Hl_W5RvAbpnRicygag1V4nopPhtD8z2_43HCnQDG7yMBxNbyAIUD_thumb.jpg?generation=1693481691040055&alt=media
IKI,"Ekologiški grikių dribsniai DOBELE, 500 g",2.09 €,https://www.googleapis.com/download/storage/v1/b/lastmile-ui/o/images%2Fproducts%2Fthumb_JQQRxgJuw8ZnG1SL2U5a.jpg?generation=1582198494101501&alt=media
IKI,"Indaplovių gelis SOMAT Anti-Grease, 684 ml",9.99 €,https://firebasestorage.googleapis.com/v0/b/lastmile-ui/o/import%2Fphotos%2Fconverted%2Fproduct%2FthumbUrl%2FCvKfTzV4TN5U8BTMF1Hl_283737_Y5wHCakiRVc8Kf1fJt96vh8Tr2I2_WBRyvBRZbkd4KNpjsjvt.webp?alt=media&token=bf9c48c2-d1a6-41e2-8479-ed918425c5f1
IKI,Plaukų dažai GARNIER COLOR NATURALS Nr.8.1,2.49 €,https://storage.googleapis.com/download/storage/v1/b/lastmile-ui/o/images%2Fchain_products%2FIKI%2Fthumb_IPQWh2f6uI4CYrfRKC4l.jpg?generation=1644048210616927&alt=media
IKI,Plaukų dažai GARNIER COLOR NATURALS Nr.7.1,2.49 €,https://storage.googleapis.com/download/storage/v1/b/lastmile-ui/o/images%2Fchain_products%2FIKI%2Fthumb_JyQ6qpFmRXy9XEFuBFiu.jpg?generation=1644048207804113&alt=media
IKI,"ELSEVE Hyaluron Pure šampūnas, 400 ml",3.59 €,https://firebasestorage.googleapis.com/v0/b/lastmile-ui/o/import%2Fphotos%2Fconverted%2Fproduct%2FthumbUrl%2FCvKfTzV4TN5U8BTMF1Hl_286600_Y5wHCakiRVc8Kf1fJt96vh8Tr2I2_XAgnPMys8QQcbTGPaWKw.webp?alt=media&token=c7b59616-6775-4716-bef9-fea0deee0acc
IKI,"Purškiamas virtuvės valiklis CIF, 500 ml",2.49 €,https://firebasestorage.googleapis.com/v0/b/lastmile-ui/o/import%2Fphotos%2Fconverted%2Fproduct%2FthumbUrl%2FCvKfTzV4TN5U8BTMF1Hl_282848_OrXUvGAuc2NCJDRvzNOTXOM3rsp1_ZWTRHGrFwzxAU3L3JHzF.webp?alt=media&token=acc6c122-b6b2-4cc3-870d-c501fc67fe50
IKI,"Drėgnos servetėlės PETINO skirtos gyvūnams, 20 vnt",0.99 €,https://firebasestorage.googleapis.com/v0/b/lastmile-ui/o/import%2Fphotos%2Fconverted%2Fproduct%2FthumbUrl%2FCvKfTzV4TN5U8BTMF1Hl_280390_OrXUvGAuc2NCJDRvzNOTXOM3rsp1_RvH5WIqtw5jCA7nHqCkk.webp?alt=media&token=dd19acc1-20e3-4d9e-b4f6-ec87199b4c22
IKI,"Alyvuogių aliejus Extra Virgin CRETAN HARVEST, 750 ml",7.49 €,https://firebasestorage.googleapis.com/v0/b/lastmile-ui/o/import%2Fphotos%2Fconverted%2Fproduct%2FthumbUrl%2FCvKfTzV4TN5U8BTMF1Hl_287505_OrXUvGAuc2NCJDRvzNOTXOM3rsp1_EseUwspxPOTlK5D7otKO.webp?alt=media&token=bb406b02-87bf-43b1-952b-c09c3f214bd3
IKI,Plaukų dažai GARNIER COLOR NATURALS NR.5.15,2.49 €,https://storage.googleapis.com/download/storage/v1/b/lastmile-ui/o/images%2Fproducts%2Fthumb_o8uvPABmG5wJQItEqHeF.jpg?generation=1644048070613134&alt=media
IKI,"Plaukų šampūnas SYOSS KERATIN, 750 ml",5.99 €,https://firebasestorage.googleapis.com/v0/b/lastmile-ui/o/import%2Fphotos%2Fconverted%2Fproduct%2FthumbUrl%2FCvKfTzV4TN5U8BTMF1Hl_275340_W5RvAbpnRicygag1V4nopPhtD8z2_tHfUXFoHONsYI9A7tXcn.webp?alt=media&token=18ac7dda-63b6-4b03-9676-a4cc1c733376
IKI,"Vienkartiniai skustuvai GILLETTE BLUE 3 Plus Comfort, 3 vnt.",1.99 €,https://firebasestorage.googleapis.com/v0/b/lastmile-ui/o/import%2Fphotos%2Fconverted%2Fproduct%2FthumbUrl%2FCvKfTzV4TN5U8BTMF1Hl_31678_Y5wHCakiRVc8Kf1fJt96vh8Tr2I2_IomhKP04pD5YJAp7lP7B.webp?alt=media&token=5012fbc0-1fea-48b5-849f-4adb3239ed3e
IKI,"Purškiamas kondicionierius GLISS ULTIMATE REPAIR, 200 ml",3.74 €,https://firebasestorage.googleapis.com/v0/b/lastmile-ui/o/import%2Fphotos%2Fconverted%2Fproduct%2FthumbUrl%2FCvKfTzV4TN5U8BTMF1Hl_15532_Y5wHCakiRVc8Kf1fJt96vh8Tr2I2_LXDdG8Kv0C2jxMX4TA2A.webp?alt=media&token=726a0713-1576-4d39-aa4b-626d170d95e4
IKI,"Ėdalas su vištiena ir daržovėmis, ėriena, kalakutiena WHISKAS TASTY MIX 1+, 4x85 g",1.55 €,https://firebasestorage.googleapis.com/v0/b/lastmile-ui/o/import%2Fphotos%2Fconverted%2Fproduct%2FthumbUrl%2FCvKfTzV4TN5U8BTMF1Hl_277940_OrXUvGAuc2NCJDRvzNOTXOM3rsp1_1SnpebXPg1fUv7gz0RZ8.webp?alt=media&token=64c787cc-f5d6-4a37-9c45-b79636d79ba3
IKI,"Tepamasis sūris su lašiša PHILADELPHIA, 175 g",2.55 €,https://firebasestorage.googleapis.com/v0/b/lastmile-ui/o/import%2Fphotos%2Fconverted%2Fproduct%2FthumbUrl%2FCvKfTzV4TN5U8BTMF1Hl_289731_uF3DptJQvjXHqmno4Mal_AJgPj0bGZvSX0ucr9esL.webp?alt=media&token=eff5fc7d-05f4-494c-997a-0edac3e7fd84
IKI,Plaukų dažai GARNIER COLOR NATURAL 6,2.49 €,https://storage.googleapis.com/download/storage/v1/b/lastmile-ui/o/images%2Fproducts%2Fthumb_RV0HG52dgd5TmXrAAws8.jpg?generation=1644048327301194&alt=media
IKI,"Muilas LAVANDA OFFICINALE, 150 g",1.99 €,https://storage.googleapis.com/download/storage/v1/b/lastmile-ui/o/import%2Fphotos%2Fconverted%2Fproduct%2Fglobal_28Kp3WuYzXpKDf2Xyjtx_W5RvAbpnRicygag1V4nopPhtD8z2_qzkXWhpK1O0vTEm5DkKe_thumb.jpg?generation=1686902082945294&alt=media
IKI,"Ekologiškas tolesnio maitinimo pieno mišinys nuo 6 mėn. HIPP 2 BIO COMBIOTIC, 300 g",5.62 €,https://storage.googleapis.com/download/storage/v1/b/lastmile-ui/o/images%2Fproducts%2Fthumb_lTbqP7o8VohPk5LprAh2.jpg?generation=1644048241234274&alt=media
IKI,"Moteriškas dezodorantas GARNIER DEO MINERAL PURE ACTIV, 50 ml",2.89 €,https://storage.googleapis.com/download/storage/v1/b/lastmile-ui/o/import%2Fphotos%2Fconverted%2Fproduct%2Fglobal_VT8jFlia3Dg0M6pwjKlg_xGdb10o0VzY1SFD6eDjbpqgxmW02_SNw0XtP7ftIluu9t0jxt_thumb.jpg?generation=1674560116238639&alt=media
IKI,"Prezervatyvai LIFESTYLES SKYN EXTRA LUBE, 10 vnt.",6.99 €,https://storage.googleapis.com/download/storage/v1/b/lastmile-ui/o/import%2Fphotos%2Fconverted%2Fproduct%2Fglobal_73aAQ5X945umwgQReo3x_W5RvAbpnRicygag1V4nopPhtD8z2_zyB6QOkRCatlf1Kp57Pu_thumb.jpg?generation=1684482742669854&alt=media
IKI,"Dušo želė PALMOLIVE NATURAL MILK&HONEY, 500 ml",3.24 €,https://firebasestorage.googleapis.com/v0/b/lastmile-ui/o/import%2Fphotos%2Fconverted%2Fproduct%2FthumbUrl%2FCvKfTzV4TN5U8BTMF1Hl_269194_W5RvAbpnRicygag1V4nopPhtD8z2_ffFs9JBvTfUEu5ZNAm0D.webp?alt=media&token=790e8a50-b1a4-45d9-ba18-b3e7a8f5bf0b
IKI,"Šampūnas su keratinu GREEN FEEL'S PROF LINE, 250 ml",2.99 €,https://storage.googleapis.com/download/storage/v1/b/lastmile-ui/o/import%2Fphotos%2Fconverted%2Fproduct%2Fglobal_r4QETUc3k5ZXmPuHr4Qi_W5RvAbpnRicygag1V4nopPhtD8z2_uq5IHUl52RhhHbUnB4Vz_thumb.jpg?generation=1684494385098540&alt=media
IKI,"Ekologiška morkų, ryžių ir veršienos tyrelė nuo 4 mėn. HIPP",1.87 €,https://firebasestorage.googleapis.com/v0/b/lastmile-ui/o/import%2Fphotos%2Fconverted%2Fproduct%2FthumbUrl%2FCvKfTzV4TN5U8BTMF1Hl_286727_OrXUvGAuc2NCJDRvzNOTXOM3rsp1_HAvsuLHqMRPF1auMDB4Y.webp?alt=media&token=5a181d3e-a08c-4de7-b615-363f3bcb3b16
IKI,"Pieštukinis dezodorantas REXONA INVISIBLE, 40 ml",2.14 €,https://firebasestorage.googleapis.com/v0/b/lastmile-ui/o/import%2Fphotos%2Fconverted%2Fproduct%2FthumbUrl%2FCvKfTzV4TN5U8BTMF1Hl_214733_OrXUvGAuc2NCJDRvzNOTXOM3rsp1_SpFqKsBcCdH8rPf05KiB.webp?alt=media&token=d472316c-d9a2-4697-bb94-611750c37567
IKI,"L’Oréal Paris Age Specialist atkuriamasis dieninis kremas nuo raukšlių 55+, 50 ml",5.99 €,https://storage.googleapis.com/download/storage/v1/b/lastmile-ui/o/images%2Fproducts%2Fthumb_c53uymHgdfudNrOG6rKP.jpg?generation=1631695810966865&alt=media
IKI,Plaukų dažai SYOSS COLOR Nr. 9-5,4.64 €,https://firebasestorage.googleapis.com/v0/b/lastmile-ui/o/import%2Fphotos%2Fconverted%2Fproduct%2FthumbUrl%2FCvKfTzV4TN5U8BTMF1Hl_80308_W5RvAbpnRicygag1V4nopPhtD8z2_CkYJdOlRFqBpJZKVv7Gb.webp?alt=media&token=26e1570f-5351-4be8-b00f-44b3d74c933d
IKI,"Vienkartiniai skustuvai VENUS 3, 3vnt.",3.74 €,https://firebasestorage.googleapis.com/v0/b/lastmile-ui/o/import%2Fphotos%2Fconverted%2Fproduct%2FthumbUrl%2FCvKfTzV4TN5U8BTMF1Hl_244577_Y5wHCakiRVc8Kf1fJt96vh8Tr2I2_xmQiGohOA4P5Yi6Kkrs0.webp?alt=media&token=0a7e043e-7e00-4f7d-ba7d-b98cd9bf3706
IKI,"Prezervatyvai DUREX FETHERLITE ELITE, 12 vnt.",2.39 €,https://storage.googleapis.com/download/storage/v1/b/lastmile-ui/o/images%2Fproducts%2Fthumb_KDJHpWVdLAJNRlzcGXM7.jpg?generation=1594714682371646&alt=media
IKI,"Purškiamas dezodorantas MEN EXPERT DEO CARBON, 150 ml",2.99 €,https://storage.googleapis.com/download/storage/v1/b/lastmile-ui/o/import%2Fphotos%2Fconverted%2Fproduct%2Fglobal_1weDp9dkIxqDChlhxXkK_xGdb10o0VzY1SFD6eDjbpqgxmW02_ypTqbxlnng1XCcsVyePx_thumb.jpg?generation=1646660359863206&alt=media
IKI,"Burnos skalavimo skystis ELMEX CARIES PROTECTION, 400 ml",5.09 €,https://storage.googleapis.com/download/storage/v1/b/lastmile-ui/o/import%2Fphotos%2Fconverted%2Fproduct%2FCvKfTzV4TN5U8BTMF1Hl_273353_CvKfTzV4TN5U8BTMF1Hl_W5RvAbpnRicygag1V4nopPhtD8z2_mmBQqpEF4qlJm1Ac14hN_thumb.jpg?generation=1690192212938274&alt=media
IKI,"Riešutų mišinys, 1 kg",16.79 €,https://storage.googleapis.com/download/storage/v1/b/lastmile-ui/o/import%2Fphotos%2Fconverted%2Fproduct%2Fglobal_7X6wva3Pnh1dzIcrdfhu_xGdb10o0VzY1SFD6eDjbpqgxmW02_Cdr5gvX4GfYBrCw01HIC_thumb.jpg?generation=1675259250116351&alt=media
IKI,"Prezervatyvai LIFESTYLES ULTRATHIN, 3 vnt.",1.89 €,https://storage.googleapis.com/download/storage/v1/b/lastmile-ui/o/import%2Fphotos%2Fconverted%2Fproduct%2Fglobal_lvENI1CCiyRz1yvA0TbV_W5RvAbpnRicygag1V4nopPhtD8z2_dkL297MjpaM3okRvXZ9E_thumb.jpg?generation=1684482742739081&alt=media
IKI,Colgate dantų šepetėlis High Density Charcoal Soft,1.74 €,https://firebasestorage.googleapis.com/v0/b/lastmile-ui/o/import%2Fphotos%2Fconverted%2Fproduct%2FthumbUrl%2FCvKfTzV4TN5U8BTMF1Hl_283691_Y5wHCakiRVc8Kf1fJt96vh8Tr2I2_I6YeyrlxxbogAAVvqjS0.webp?alt=media&token=2a1fff88-53b4-428a-923d-4f628db50625
IKI,"Minkštiklis LENOR Fresh Wind, 50 skalb., 700 ml",4.24 €,https://firebasestorage.googleapis.com/v0/b/lastmile-ui/o/import%2Fphotos%2Fconverted%2Fproduct%2FthumbUrl%2FCvKfTzV4TN5U8BTMF1Hl_287769_OrXUvGAuc2NCJDRvzNOTXOM3rsp1_R8t92EGv417QoRLud3WC.webp?alt=media&token=e4b27f27-b6ef-492a-bfcd-e759e3ebf56d
IKI,"Skalbimo kapsulės ARIEL Color, 12 skalb.",4.29 €,https://firebasestorage.googleapis.com/v0/b/lastmile-ui/o/import%2Fphotos%2Fconverted%2Fproduct%2FthumbUrl%2FCvKfTzV4TN5U8BTMF1Hl_287785_OrXUvGAuc2NCJDRvzNOTXOM3rsp1_oQrmxW4XVRcbXTYvcGPT.webp?alt=media&token=254b7774-1caa-4405-a730-a5f4e1c04abf
IKI,Tartalečių rinkinys DŽIAUGSMO TRIO,3.19 €,https://firebasestorage.googleapis.com/v0/b/lastmile-ui/o/import%2Fphotos%2Fconverted%2Fproduct%2FthumbUrl%2FCvKfTzV4TN5U8BTMF1Hl_288098_OrXUvGAuc2NCJDRvzNOTXOM3rsp1_ERoeQVhvJR1OSF4IlPqI.webp?alt=media&token=6af5be3c-cee5-4fc9-9e72-dd6e6f3acb61
IKI,"Kondicionierius plaukams NIVEA DIAMOND GLOSS, 200 ml",2.39 €,https://storage.googleapis.com/download/storage/v1/b/lastmile-ui/o/import%2Fphotos%2Fconverted%2Fproduct%2Fglobal_4kp0AWyhXjDQi5rAYKFJ_xGdb10o0VzY1SFD6eDjbpqgxmW02_EohCywrGiyi4wHW89Ksf_thumb.jpg?generation=1674560115035477&alt=media
IKI,"Stangrinanti bei odos paviršių lygininanti veido kaukė GARNIER HYDRA BOMB, 28 g",1.89 €,https://storage.googleapis.com/download/storage/v1/b/lastmile-ui/o/import%2Fphotos%2Fconverted%2Fproduct%2Fglobal_he2rH1LCKN5bgWa4btYb_W5RvAbpnRicygag1V4nopPhtD8z2_gYVC8Xn84AOzUKWSo6zz_thumb.jpg?generation=1684828970270237&alt=media
IKI,"Skalbimo milteliai PERSIL EXPERT FRESHNESS SILAN, 36 skalbimai, 1980 g",8.99 €,https://firebasestorage.googleapis.com/v0/b/lastmile-ui/o/import%2Fphotos%2Fconverted%2Fproduct%2FthumbUrl%2FCvKfTzV4TN5U8BTMF1Hl_281178_W5RvAbpnRicygag1V4nopPhtD8z2_Zf0XajU2aq0HCp03dXCn.webp?alt=media&token=03822e59-3aa2-4825-b225-68b6341884ce
IKI,ELSEVE Extraordinary Oil balzamas 200ml,2.74 €,https://firebasestorage.googleapis.com/v0/b/lastmile-ui/o/import%2Fphotos%2Fconverted%2Fproduct%2FthumbUrl%2FCvKfTzV4TN5U8BTMF1Hl_286615_Y5wHCakiRVc8Kf1fJt96vh8Tr2I2_eVdNoIcPAFgyciwe7rxg.webp?alt=media&token=8dcb3a09-b405-4977-a771-09aeb32eb508
IKI,"Negazuotas levandų-persikų skonio gaivusis gėrimas CIDO Hydrate+ Balance 0,6 l",1.11 €,https://firebasestorage.googleapis.com/v0/b/lastmile-ui/o/import%2Fphotos%2Fconverted%2Fproduct%2FthumbUrl%2FCvKfTzV4TN5U8BTMF1Hl_288325_uF3DptJQvjXHqmno4Mal_LKU6GiJwqADQ3RdHVnoJ.webp?alt=media&token=723e83df-3926-45f0-a918-cbd098412377
IKI,PALMOLIVE skystas muilas Naturals Milk & Honey Refill 1000ml,3.49 €,https://firebasestorage.googleapis.com/v0/b/lastmile-ui/o/import%2Fphotos%2Fconverted%2Fproduct%2FthumbUrl%2FCvKfTzV4TN5U8BTMF1Hl_288715_OrXUvGAuc2NCJDRvzNOTXOM3rsp1_4anPMIXWzAhaj21AsV9V.webp?alt=media&token=d96e68e3-a056-494b-a6a9-3fe430cded2c
IKI,NAPOLEONAS pyragas,9.99 €,https://firebasestorage.googleapis.com/v0/b/lastmile-ui/o/import%2Fphotos%2Fconverted%2Fproduct%2FthumbUrl%2FCvKfTzV4TN5U8BTMF1Hl_278403_OrXUvGAuc2NCJDRvzNOTXOM3rsp1_I9ivj3SQvjQDcGTXIWmT.webp?alt=media&token=539b99e4-7203-4c7d-9b03-195e66f1314d
IKI,"Antiperspirantas GARNIER MINERAL MEN ACTION CONTROL, 50 ml",2.89 €,https://storage.googleapis.com/download/storage/v1/b/lastmile-ui/o/import%2Fphotos%2Fconverted%2Fproduct%2Fglobal_sKvERBr1dZZBCOmsz1Ce_W5RvAbpnRicygag1V4nopPhtD8z2_ip8CQMGnkFo6YKDl4dgq_thumb.jpg?generation=1684828964714829&alt=media
IKI,"Daugiafunkcė dantų pasta su kanapių aliejumi ECODENTA ORGANIC, 75 ml",3.39 €,https://storage.googleapis.com/download/storage/v1/b/lastmile-ui/o/images%2Fchain_products%2FIKI%2Fthumb_15AZwdGGEMs6evFb991I.jpg?generation=1644048496694687&alt=media
IKI,"L'Oréal Paris Hyaluron Specialist drėkinamasis micelinis vanduo, 200 ml",4.39 €,https://storage.googleapis.com/download/storage/v1/b/lastmile-ui/o/import%2Fphotos%2Fconverted%2Fproduct%2Fglobal_FL0qbnvBBHKKiGnCSkKU_xGdb10o0VzY1SFD6eDjbpqgxmW02_poyE8cCoeYhwAlAIxdwQ_thumb.jpg?generation=1674651246850347&alt=media
IKI,Lankelis su elnio ragais 28 cm 4 spalvų,1.49 €,https://firebasestorage.googleapis.com/v0/b/lastmile-ui/o/import%2Fphotos%2Fconverted%2Fproduct%2FthumbUrl%2FCvKfTzV4TN5U8BTMF1Hl_279178_uF3DptJQvjXHqmno4Mal_gc5iCqPHB42gApTXK2zV.webp?alt=media&token=00e5e8b2-a549-4342-b652-5e8225cef730
IKI,"HIPP organic 2 ekologiškas tolesnio maitinimo kūdikių pieno mišinys, 800 g",13.19 €,https://firebasestorage.googleapis.com/v0/b/lastmile-ui/o/import%2Fphotos%2Fconverted%2Fproduct%2FthumbUrl%2FCvKfTzV4TN5U8BTMF1Hl_281012_Pos12xpkYpPSKaVDW3jqu7xnlg23_4WmsuiZ0yyX93LwsUdLp.webp?alt=media&token=640f2d72-6031-49fe-bd71-5597069173e1
IKI,"Lakštinė veido kaukė GARNIER PURE ACTIVE, 28 g",1.89 €,https://storage.googleapis.com/download/storage/v1/b/lastmile-ui/o/images%2Fproducts%2Fthumb_lTx7Excrx8Lil0rfH8Uc.jpg?generation=1644059176822844&alt=media
IKI,"Kalėdiniai saldumynai su žaislu MILKA, 96 g",7.49 €,https://firebasestorage.googleapis.com/v0/b/lastmile-ui/o/import%2Fphotos%2Fconverted%2Fproduct%2FthumbUrl%2FCvKfTzV4TN5U8BTMF1Hl_262715_uF3DptJQvjXHqmno4Mal_cUQAieN9HJGRyzzCMj0L.webp?alt=media&token=77a15bfd-d5e0-429b-b034-dd81967e233d
IKI,Skalbimo kapsulės PERSIL DISCS Universal 26 skalbimai,8.99 €,https://firebasestorage.googleapis.com/v0/b/lastmile-ui/o/import%2Fphotos%2Fconverted%2Fproduct%2FthumbUrl%2FCvKfTzV4TN5U8BTMF1Hl_284286_Y5wHCakiRVc8Kf1fJt96vh8Tr2I2_wNFq2thjUyeyKMghpWC7.webp?alt=media&token=814a609d-6ecc-46a4-be3e-0a17942f1e09
IKI,"Visavertis konservuotas pašaras katėms su vištiena, lašiša drebučiuose CLUB 4 PAWS Premium, 340 g",1.74 €,https://firebasestorage.googleapis.com/v0/b/lastmile-ui/o/import%2Fphotos%2Fconverted%2Fproduct%2FthumbUrl%2FCvKfTzV4TN5U8BTMF1Hl_280568_OrXUvGAuc2NCJDRvzNOTXOM3rsp1_eqwPzMiD43VzCyMkAd5k.webp?alt=media&token=9fa64724-9161-4db5-b55b-72e447e1e050
IKI,"Purškiamas dezodorantas REXONA FRAGRANCE SEXY, 150 ml",2.14 €,https://firebasestorage.googleapis.com/v0/b/lastmile-ui/o/import%2Fphotos%2Fconverted%2Fproduct%2FthumbUrl%2FCvKfTzV4TN5U8BTMF1Hl_285831_OrXUvGAuc2NCJDRvzNOTXOM3rsp1_lAJ7gqfotsz1QPfGHOkx.webp?alt=media&token=5623b5af-ecf0-40a4-ac0e-9fd2908d322f
IKI,Vytintos mini dešrelės BERNŲ,4.89 €,https://firebasestorage.googleapis.com/v0/b/lastmile-ui/o/import%2Fphotos%2Fconverted%2Fproduct%2FthumbUrl%2FCvKfTzV4TN5U8BTMF1Hl_286918_OrXUvGAuc2NCJDRvzNOTXOM3rsp1_qqyZRvApRJobpg9LoUNJ.webp?alt=media&token=86db1229-026d-4d24-9ca2-7626691067e0
IKI,Šokoladas Milka Chocolate Dessert 100g,1.29 €,https://firebasestorage.googleapis.com/v0/b/lastmile-ui/o/import%2Fphotos%2Fconverted%2Fproduct%2FthumbUrl%2FCvKfTzV4TN5U8BTMF1Hl_287517_OrXUvGAuc2NCJDRvzNOTXOM3rsp1_9Zo5B4WUOL09dPMK6aHQ.webp?alt=media&token=6aab9824-2cf3-4104-a7d4-b80c7ec3a6d6
IKI,"Greitai paruošiami ekologiški avižų dribsniai DOBELE, 500 g",1.42 €,https://firebasestorage.googleapis.com/v0/b/lastmile-ui/o/import%2Fphotos%2Fconverted%2Fproduct%2FthumbUrl%2FCvKfTzV4TN5U8BTMF1Hl_282592_OrXUvGAuc2NCJDRvzNOTXOM3rsp1_b2IdN9zqjMtmynwtyK6x.webp?alt=media&token=295f31b9-24bb-4a3f-9bcf-68d51e750c90
IKI,"Skalbimo kapsulės ARIEL Extra Clean, 38 skalb.",12.99 €,https://firebasestorage.googleapis.com/v0/b/lastmile-ui/o/import%2Fphotos%2Fconverted%2Fproduct%2FthumbUrl%2FCvKfTzV4TN5U8BTMF1Hl_287781_OrXUvGAuc2NCJDRvzNOTXOM3rsp1_oDJX1gvk9YwAFOgU2YFM.webp?alt=media&token=91e0b804-b8fd-4505-b943-10b44629dc14
IKI,"Losjonas po skutimosi NIVEA SENSITIVE, 100 ml",6.49 €,https://storage.googleapis.com/download/storage/v1/b/lastmile-ui/o/import%2Fphotos%2Fconverted%2Fproduct%2Fglobal_GB75kvbQNcZ33yaRl0kg_xGdb10o0VzY1SFD6eDjbpqgxmW02_v4GIhj2684VZBExr7pOR_thumb.jpg?generation=1674651247159450&alt=media
IKI,"Plaukų lakas WELLAFLEX 2D VOLUME, 250 ml",3.09 €,https://firebasestorage.googleapis.com/v0/b/lastmile-ui/o/import%2Fphotos%2Fconverted%2Fproduct%2FthumbUrl%2FCvKfTzV4TN5U8BTMF1Hl_203975_OrXUvGAuc2NCJDRvzNOTXOM3rsp1_B1lIBzwHeAkCxAP6bTaS.webp?alt=media&token=a511d1b5-99c3-4af2-8bba-a8833a5b8aeb
IKI,"Šveistukai VILEDA GLITZI INOX, 2 vnt.",2.27 €,https://storage.googleapis.com/download/storage/v1/b/lastmile-ui/o/import%2Fphotos%2Fconverted%2Fproduct%2Fglobal_0EUYK6K5BNOkxGhhzCkA_xGdb10o0VzY1SFD6eDjbpqgxmW02_7VyaQVFagmYibcKUxAoK_thumb.jpg?generation=1679554246364250&alt=media
IKI,"Kremas GARNIER HYALURONIC ALOE, 50 ml",4.74 €,https://storage.googleapis.com/download/storage/v1/b/lastmile-ui/o/images%2Fproducts%2Fthumb_1CFH4MvYbLsWqlj62TLS.jpg?generation=1644058959315957&alt=media
IKI,"Skustuvo galvutės GILLETTE MACH3, 5vnt.",8.99 €,https://firebasestorage.googleapis.com/v0/b/lastmile-ui/o/import%2Fphotos%2Fconverted%2Fproduct%2FthumbUrl%2FCvKfTzV4TN5U8BTMF1Hl_266101_Y5wHCakiRVc8Kf1fJt96vh8Tr2I2_ubJLzjOquPUuXu3EYJP4.webp?alt=media&token=72930eab-addf-4a73-aae5-092cff99e633
IKI,Žydintis augalas PUANSETIJA,2.99 €,https://storage.googleapis.com/download/storage/v1/b/lastmile-ui/o/import%2Fphotos%2Fconverted%2Fproduct%2FCvKfTzV4TN5U8BTMF1Hl_90918_CvKfTzV4TN5U8BTMF1Hl_W5RvAbpnRicygag1V4nopPhtD8z2_PcIY8ETjolY5soLyGAGj_thumb.webp?generation=1702536903185347&alt=media
IKI,"Purškiamas kondicionierius GLISS LIQUID SILK, 200 ML",3.74 €,https://firebasestorage.googleapis.com/v0/b/lastmile-ui/o/import%2Fphotos%2Fconverted%2Fproduct%2FthumbUrl%2FCvKfTzV4TN5U8BTMF1Hl_81082_Y5wHCakiRVc8Kf1fJt96vh8Tr2I2_VdQvjS68S8JQLON2eEet.webp?alt=media&token=b8513499-83a5-482e-831f-1cbe4317a0f0
IKI,"Skalbimo kapsulės ARIEL Extra Clean, 19 skalb.",7.49 €,https://firebasestorage.googleapis.com/v0/b/lastmile-ui/o/import%2Fphotos%2Fconverted%2Fproduct%2FthumbUrl%2FCvKfTzV4TN5U8BTMF1Hl_287789_OrXUvGAuc2NCJDRvzNOTXOM3rsp1_aD7eY6GHNiKn0K4nuxCr.webp?alt=media&token=585e1064-5b93-4c2f-b676-8d2ad7a5b19a
IKI,"Švediški mėsos kukuliai Nowaco Best Dinner Choice, virti, sušaldyti, 300 g",3.49 €,https://firebasestorage.googleapis.com/v0/b/lastmile-ui/o/import%2Fphotos%2Fconverted%2Fproduct%2FthumbUrl%2FCvKfTzV4TN5U8BTMF1Hl_290335_OrXUvGAuc2NCJDRvzNOTXOM3rsp1_ZF9lWyePRMCchumCrsoB.webp?alt=media&token=c1347800-336b-4fa1-8b2d-64f1fb6fb0a8
IKI,"Skustuvo galvutės VENUS Deluxe Extra Smooth, 4vnt.",12.47 €,https://firebasestorage.googleapis.com/v0/b/lastmile-ui/o/import%2Fphotos%2Fconverted%2Fproduct%2FthumbUrl%2FCvKfTzV4TN5U8BTMF1Hl_5355_Y5wHCakiRVc8Kf1fJt96vh8Tr2I2_4a9J4VVbjJlAV5CcrbEe.webp?alt=media&token=67521cee-6ba0-49ad-a465-e4a720333bdf
IKI,"Maišai šiukšlėms MAXECONOMY, 42 vnt.",1.07 €,https://www.googleapis.com/download/storage/v1/b/lastmile-ui/o/images%2Fproducts%2Fthumb_lB4Xx0DBNmkbPzGpugIK.jpg?generation=1582204828595131&alt=media
IKI,Plaukų dažai GARNIER COLOR NATURALS Nr.9.1,2.49 €,https://storage.googleapis.com/download/storage/v1/b/lastmile-ui/o/images%2Fchain_products%2FIKI%2Fthumb_WZsr1sX7UFOb0UoukXl9.jpg?generation=1644048213780766&alt=media
IKI,"Šampūnas GLISS ULTIMATE REPAIR, 400 ml",3.49 €,https://firebasestorage.googleapis.com/v0/b/lastmile-ui/o/import%2Fphotos%2Fconverted%2Fproduct%2FthumbUrl%2FCvKfTzV4TN5U8BTMF1Hl_265324_W5RvAbpnRicygag1V4nopPhtD8z2_kq6MJy4dNW6ek0IbFJ64.webp?alt=media&token=9f9b5798-3235-4763-88ca-407745c31c36
IKI,"Prezervatyvai LIFESTYLES SKYN ELITE, 10 vnt.",7.99 €,https://storage.googleapis.com/download/storage/v1/b/lastmile-ui/o/import%2Fphotos%2Fconverted%2Fproduct%2Fglobal_JeiezeI7oSB5gg7y8xOq_xGdb10o0VzY1SFD6eDjbpqgxmW02_hojRdUUggpxsrC3sN0cU_thumb.jpg?generation=1660117939585364&alt=media
IKI,"Pieštukinis dezodorantas moterims REXONA SEXY BOUQUET, 40 ml",2.14 €,https://storage.googleapis.com/download/storage/v1/b/lastmile-ui/o/import%2Fphotos%2Fconverted%2Fproduct%2FCvKfTzV4TN5U8BTMF1Hl_277547_CvKfTzV4TN5U8BTMF1Hl_W5RvAbpnRicygag1V4nopPhtD8z2_gIo3guUrqjOQUxq06omX_thumb.webp?generation=1700137043058825&alt=media
IKI,"Skutimosi peiliukai GILLETTE Platinum, 5vnt",0.49 €,https://firebasestorage.googleapis.com/v0/b/lastmile-ui/o/import%2Fphotos%2Fconverted%2Fproduct%2FthumbUrl%2FCvKfTzV4TN5U8BTMF1Hl_283838_Y5wHCakiRVc8Kf1fJt96vh8Tr2I2_g4S4CeznchbFvMFNupsn.webp?alt=media&token=bfa3cb06-2fec-4bb7-a6ea-09051e2a9e57
IKI,"Plaukų šampūnas AUSSIE Deep Hydration, 300 ml",4.99 €,https://firebasestorage.googleapis.com/v0/b/lastmile-ui/o/import%2Fphotos%2Fconverted%2Fproduct%2FthumbUrl%2FCvKfTzV4TN5U8BTMF1Hl_277680_OrXUvGAuc2NCJDRvzNOTXOM3rsp1_tKe4VbIeXkRYfomVT4hC.webp?alt=media&token=43ca21ac-faad-45dd-a858-dbda597bb71e
IKI,Ekologiška abrikosų tyrelė nuo 4 mėn. HIPP,1.42 €,https://firebasestorage.googleapis.com/v0/b/lastmile-ui/o/import%2Fphotos%2Fconverted%2Fproduct%2FthumbUrl%2FCvKfTzV4TN5U8BTMF1Hl_286728_OrXUvGAuc2NCJDRvzNOTXOM3rsp1_U2fhG9qz44IRjEYD6sI1.webp?alt=media&token=c1a8d867-d4b3-4a29-9054-e04b680ef4d9
IKI,"Tualetinis vanduo vyrams HOME COLLECTION BOSCO, 100 ml",2.99 €,https://storage.googleapis.com/download/storage/v1/b/lastmile-ui/o/import%2Fphotos%2Fconverted%2Fproduct%2Fglobal_3HFD1toNxYaMSLSZPrlY_W5RvAbpnRicygag1V4nopPhtD8z2_24VStnhqNLOoH1xZl7dA_thumb.jpg?generation=1687181646050061&alt=media
IKI,"Nenuplaunamas plaukų kondicionierius GREEN FEEL'S PROF LINE, 100 ml",2.99 €,https://storage.googleapis.com/download/storage/v1/b/lastmile-ui/o/import%2Fphotos%2Fconverted%2Fproduct%2Fglobal_pfXkids4wJlIgd9koPaB_xGdb10o0VzY1SFD6eDjbpqgxmW02_NZX2e2XigN6eeHrUQbac_thumb.jpg?generation=1674560119039725&alt=media
IKI,"Dušo gelis OLD SPICE Tiger Claw, 400 ml",2.89 €,https://firebasestorage.googleapis.com/v0/b/lastmile-ui/o/import%2Fphotos%2Fconverted%2Fproduct%2FthumbUrl%2FCvKfTzV4TN5U8BTMF1Hl_271055_Y5wHCakiRVc8Kf1fJt96vh8Tr2I2_hNs4HH8VKctR8mk7bzBh.webp?alt=media&token=ffd07766-8615-4e61-9d42-c6304ca45b65
IKI,"GARNIER BB HYALURONIC ALOE ALL-IN-1 veido kremas, 50 ml",5.99 €,https://storage.googleapis.com/download/storage/v1/b/lastmile-ui/o/import%2Fphotos%2Fconverted%2Fproduct%2Fglobal_XToO0GOY8SRgkqslD9qS_xGdb10o0VzY1SFD6eDjbpqgxmW02_19WOBGAGeRLGGxC0p3Zm_thumb.jpg?generation=1674651248218731&alt=media
IKI,"Rutulinis antiperspirantas vyrams NIVEA MEN, 50 ml",2.39 €,https://storage.googleapis.com/download/storage/v1/b/lastmile-ui/o/import%2Fphotos%2Fconverted%2Fproduct%2FCvKfTzV4TN5U8BTMF1Hl_277684_CvKfTzV4TN5U8BTMF1Hl_W5RvAbpnRicygag1V4nopPhtD8z2_ReCDn20Nw3aNs2cshnDg_thumb.webp?generation=1700137030055217&alt=media
IKI,"Pieštukinis antiperspirantas moterims NIVEA BLACK & WHITE CLEAR, 50 ml",2.99 €,https://storage.googleapis.com/download/storage/v1/b/lastmile-ui/o/import%2Fphotos%2Fconverted%2Fproduct%2FCvKfTzV4TN5U8BTMF1Hl_277295_CvKfTzV4TN5U8BTMF1Hl_W5RvAbpnRicygag1V4nopPhtD8z2_5gWstTnycIgEGVDGlVoW_thumb.webp?generation=1700137014413701&alt=media
IKI,"Visavertis pašaras suaugusiems mažos veislės CLUB 4 PAWS Premium, 2 kg",5.59 €,https://firebasestorage.googleapis.com/v0/b/lastmile-ui/o/import%2Fphotos%2Fconverted%2Fproduct%2FthumbUrl%2FCvKfTzV4TN5U8BTMF1Hl_280565_W5RvAbpnRicygag1V4nopPhtD8z2_uXm9nDFHjUuL8SZj3s3M.webp?alt=media&token=37fe6a55-ec4b-4ddd-afd7-86f8166b2387
IKI,ELSEVE Arginine balzamas 200ml,2.74 €,https://firebasestorage.googleapis.com/v0/b/lastmile-ui/o/import%2Fphotos%2Fconverted%2Fproduct%2FthumbUrl%2FCvKfTzV4TN5U8BTMF1Hl_286608_Y5wHCakiRVc8Kf1fJt96vh8Tr2I2_qv6jFgoXnYW5C3Fenygj.webp?alt=media&token=6e2c2d52-9383-4124-8702-dfeae46bfce6
IKI,"Indaplovių kapsulės FINISH POWERBALL ULTIMATE ALL IN 1, 70 vnt",19.99 €,https://firebasestorage.googleapis.com/v0/b/lastmile-ui/o/import%2Fphotos%2Fconverted%2Fproduct%2FthumbUrl%2FCvKfTzV4TN5U8BTMF1Hl_282856_OrXUvGAuc2NCJDRvzNOTXOM3rsp1_hqBov6TAYQsvdKxw2DIl.webp?alt=media&token=d5044ae8-3226-4a89-81a5-ff44b0c1b9ee
IKI,"ECODENTA KAKĖ MAKĖ minkštas dantų šepetėlis vaikams, 3-7 m.",1.99 €,https://firebasestorage.googleapis.com/v0/b/lastmile-ui/o/import%2Fphotos%2Fconverted%2Fproduct%2FthumbUrl%2FCvKfTzV4TN5U8BTMF1Hl_288467_OrXUvGAuc2NCJDRvzNOTXOM3rsp1_Ki2TSHttd6rVRtaeWD73.webp?alt=media&token=6352b40d-c83d-40a4-aa40-aeecf7fba7ea
IKI,DŽIUGAS džiovintas tarkuotas kietas sūris 40% rieb.s.m. 80g,2.99 €,https://firebasestorage.googleapis.com/v0/b/lastmile-ui/o/import%2Fphotos%2Fconverted%2Fproduct%2FthumbUrl%2FCvKfTzV4TN5U8BTMF1Hl_290695_OrXUvGAuc2NCJDRvzNOTXOM3rsp1_XO34r1lPgF0IemzpnHcd.webp?alt=media&token=db167d87-a4dc-4762-b5b8-63705babaa3f
IKI,"Anakardžių riešutai kepinti ir sūdyti, 1 kg",10.79 €,https://storage.googleapis.com/download/storage/v1/b/lastmile-ui/o/import%2Fphotos%2Fconverted%2Fproduct%2Fglobal_0Uu3171xxnY65q2XbHND_xGdb10o0VzY1SFD6eDjbpqgxmW02_SPFrp7Oazff2RSzpA032_thumb.jpg?generation=1675259250371477&alt=media
IKI,"Protezų kremas COREGA Gum, 40 g",3.49 €,https://firebasestorage.googleapis.com/v0/b/lastmile-ui/o/import%2Fphotos%2Fconverted%2Fproduct%2FthumbUrl%2FCvKfTzV4TN5U8BTMF1Hl_260972_uF3DptJQvjXHqmno4Mal_TaRqKdB7gBIZ7nKtiZHW.webp?alt=media&token=1f308ae4-f18b-4add-b2a5-1c6f8a03ae05
IKI,"Intensyviai drėkinantis veido kremas GREEN FEEL'S, 50 ml",4.24 €,https://firebasestorage.googleapis.com/v0/b/lastmile-ui/o/import%2Fphotos%2Fconverted%2Fproduct%2FthumbUrl%2FCvKfTzV4TN5U8BTMF1Hl_262329_Y5wHCakiRVc8Kf1fJt96vh8Tr2I2_JTYnkBL2lIdtjT2C1QOy.webp?alt=media&token=6587e7d0-2e63-481b-a917-49f540e92f53
IKI,"Burnos skalavimo skystis LISTERINE TOTAL CARE, 1 l",6.49 €,https://firebasestorage.googleapis.com/v0/b/lastmile-ui/o/import%2Fphotos%2Fconverted%2Fproduct%2FthumbUrl%2FCvKfTzV4TN5U8BTMF1Hl_269611_uF3DptJQvjXHqmno4Mal_JlJg4qcShFG3H0L4x9Jh.webp?alt=media&token=84c2bcf4-2502-4fea-8094-15808dd2ef1e
IKI,"WANPY mėsos pasta šunims su antiena, morkomis ir žirneliais, 90 g",1.39 €,https://firebasestorage.googleapis.com/v0/b/lastmile-ui/o/import%2Fphotos%2Fconverted%2Fproduct%2FthumbUrl%2FCvKfTzV4TN5U8BTMF1Hl_280394_Y5wHCakiRVc8Kf1fJt96vh8Tr2I2_uviyG38CMlqXPgjrW8ZW.webp?alt=media&token=c4d9434b-9d61-4ac4-bc59-201bd796c428
IKI,"Colgate dantų pasta Big Kids' Smiles, 6-9 metų, 50 ml",1.49 €,https://firebasestorage.googleapis.com/v0/b/lastmile-ui/o/import%2Fphotos%2Fconverted%2Fproduct%2FthumbUrl%2FCvKfTzV4TN5U8BTMF1Hl_280420_Y5wHCakiRVc8Kf1fJt96vh8Tr2I2_sGwoMuwd9MDKfr3yn8rq.webp?alt=media&token=2c68ff3a-6e09-4e7a-a8f6-095726799a87
IKI,"Rutulinis antiperspirantas moterims Nivea Dry Comfort, 50 ml",2.39 €,https://firebasestorage.googleapis.com/v0/b/lastmile-ui/o/import%2Fphotos%2Fconverted%2Fproduct%2FthumbUrl%2FCvKfTzV4TN5U8BTMF1Hl_280011_Pos12xpkYpPSKaVDW3jqu7xnlg23_hIlNgDNe8HWHtOVb4eSe.webp?alt=media&token=4354ad00-15c8-416c-b5de-17143fdb1bbc
IKI,"Drėkinamoji lakštinė veido kaukė RASA HYDRO INTENSE, 23 g",2.39 €,https://firebasestorage.googleapis.com/v0/b/lastmile-ui/o/import%2Fphotos%2Fconverted%2Fproduct%2FthumbUrl%2FCvKfTzV4TN5U8BTMF1Hl_282303_Y5wHCakiRVc8Kf1fJt96vh8Tr2I2_xix9mdbm69bSOqLVTemO.webp?alt=media&token=26b013d0-b9d0-4324-8b6b-e529774b1654
IKI,"WC valiklis-gaiviklis DOMESTOS POWER 5 LIME, 3X50G",3.24 €,https://firebasestorage.googleapis.com/v0/b/lastmile-ui/o/import%2Fphotos%2Fconverted%2Fproduct%2FthumbUrl%2FCvKfTzV4TN5U8BTMF1Hl_284094_OrXUvGAuc2NCJDRvzNOTXOM3rsp1_O14CSlRYUKUozSXaredW.webp?alt=media&token=71d1acc7-9f37-445d-9ff9-410cc227aeac
IKI,"Sauskelnės BABYWELL Junior 5 dydis, 36 vnt",5.24 €,https://firebasestorage.googleapis.com/v0/b/lastmile-ui/o/import%2Fphotos%2Fconverted%2Fproduct%2FthumbUrl%2FCvKfTzV4TN5U8BTMF1Hl_283094_OrXUvGAuc2NCJDRvzNOTXOM3rsp1_QsTPMcuNreRAr2MNDHHF.webp?alt=media&token=6c08458c-e34c-48bd-b141-17947902d82b
IKI,"Šiukšlių maišai SKUBIS STRONG 30 L, 20 vnt",1.07 €,https://firebasestorage.googleapis.com/v0/b/lastmile-ui/o/import%2Fphotos%2Fconverted%2Fproduct%2FthumbUrl%2FCvKfTzV4TN5U8BTMF1Hl_18834_uF3DptJQvjXHqmno4Mal_590zLGgJ5u1k1W8sHQHo.webp?alt=media&token=e97a2f85-2472-4008-9490-aacfc5e3f64b
IKI,"Skystas skalbiklis ARIEL Mountain Spring, 40 skalb., 1,8 l",8.49 €,https://firebasestorage.googleapis.com/v0/b/lastmile-ui/o/import%2Fphotos%2Fconverted%2Fproduct%2FthumbUrl%2FCvKfTzV4TN5U8BTMF1Hl_287762_OrXUvGAuc2NCJDRvzNOTXOM3rsp1_jza0kiKcy32AwA3EHBCp.webp?alt=media&token=6f7ba7fb-e9ae-45f1-9bea-93b7d08c9ddc
IKI,Plaukų dažai GARNIER COLOR NATURALS Nr.8,2.49 €,https://storage.googleapis.com/download/storage/v1/b/lastmile-ui/o/images%2Fproducts%2Fthumb_bQrDZlPGo7BRxBQDcN7X.jpg?generation=1644048204481459&alt=media
IKI,"Kaukė GARNIER FRUCTIS HAIR FOOD BANANA, 390 ml",5.39 €,https://storage.googleapis.com/download/storage/v1/b/lastmile-ui/o/images%2Fproducts%2Fthumb_aoNCKkU8S3sl0WYJpl6R.jpg?generation=1644048416417013&alt=media
IKI,"Moteriškos puskojinės INCANTO PODIUM 20 DEN, vienas dydis, spalva NATUREL, 2 vnt.",2.39 €,https://storage.googleapis.com/download/storage/v1/b/lastmile-ui/o/import%2Fphotos%2Fconverted%2Fproduct%2FCvKfTzV4TN5U8BTMF1Hl_236747_CvKfTzV4TN5U8BTMF1Hl_W5RvAbpnRicygag1V4nopPhtD8z2_spy6pmzE3VHyE63yQLX3_thumb.webp?generation=1699884884380373&alt=media
IKI,"Micelinis vanduo RASA CLEAN EFFECT, 250 ml",3.99 €,https://storage.googleapis.com/download/storage/v1/b/lastmile-ui/o/import%2Fphotos%2Fconverted%2Fproduct%2Fglobal_ZMuBaHFI0VF47oz1YNDk_W5RvAbpnRicygag1V4nopPhtD8z2_WsxwSVIlfvzwXKQNjmPM_thumb.jpg?generation=1686288645402704&alt=media
IKI,"Šokoladas su traškučiais ir jogurtu MILKA, 300 g",3.14 €,https://firebasestorage.googleapis.com/v0/b/lastmile-ui/o/import%2Fphotos%2Fconverted%2Fproduct%2FthumbUrl%2FCvKfTzV4TN5U8BTMF1Hl_28884_uF3DptJQvjXHqmno4Mal_HvfLS4DWEGQZU9Qv15DD.webp?alt=media&token=3ad246cd-d991-4490-bc6b-0702d87a4a67
IKI,"Taft Power Activity“ modeliavimo želė plaukams, 150 ml",2.69 €,https://firebasestorage.googleapis.com/v0/b/lastmile-ui/o/import%2Fphotos%2Fconverted%2Fproduct%2FthumbUrl%2FCvKfTzV4TN5U8BTMF1Hl_280509_Y5wHCakiRVc8Kf1fJt96vh8Tr2I2_CTuqRxJHqSoY3RrVYKx1.webp?alt=media&token=ec651619-9d0f-4701-b812-10c8b1d8cbd7
IKI,"Higieniniai paketai NATURELLA Ultra Night, S4, 28 vnt",5.94 €,https://firebasestorage.googleapis.com/v0/b/lastmile-ui/o/import%2Fphotos%2Fconverted%2Fproduct%2FthumbUrl%2FCvKfTzV4TN5U8BTMF1Hl_283741_Y5wHCakiRVc8Kf1fJt96vh8Tr2I2_50wjEN5fxiTata84gRoG.webp?alt=media&token=63ddd36f-e965-4c49-8a44-4275183b6b93
IKI,"ELSEVE Hyaluron Plump plaukų serumas, 150ml",4.24 €,https://firebasestorage.googleapis.com/v0/b/lastmile-ui/o/import%2Fphotos%2Fconverted%2Fproduct%2FthumbUrl%2FCvKfTzV4TN5U8BTMF1Hl_286614_Y5wHCakiRVc8Kf1fJt96vh8Tr2I2_Rp56rcQQArqQLcRCqI1y.webp?alt=media&token=72179a1f-be89-405e-94b0-2636c7f3fd0a
IKI,"Rutulinis dezodorantas REXONA INVISIBLE, 50 ml",2.14 €,https://firebasestorage.googleapis.com/v0/b/lastmile-ui/o/import%2Fphotos%2Fconverted%2Fproduct%2FthumbUrl%2FCvKfTzV4TN5U8BTMF1Hl_285827_OrXUvGAuc2NCJDRvzNOTXOM3rsp1_cZ10EAeJt72ldE5Yc8ML.webp?alt=media&token=07c1ddad-2b24-4f61-b46a-ce218657f1d4
IKI,"Tunas savo sultyse SUN&SEA, 160 g",2.24 €,https://firebasestorage.googleapis.com/v0/b/lastmile-ui/o/import%2Fphotos%2Fconverted%2Fproduct%2FthumbUrl%2FCvKfTzV4TN5U8BTMF1Hl_290240_OrXUvGAuc2NCJDRvzNOTXOM3rsp1_DHrWFvgmvqWGEiDbzlrr.webp?alt=media&token=593369f7-0a7a-417b-91a1-e1d51af7da9f
IKI,"Juodasis ricinos aliejus ir keratinas šampūnas visų tipų plaukams BIO NATURELL, 946 ml",2.49 €,https://storage.googleapis.com/download/storage/v1/b/lastmile-ui/o/import%2Fphotos%2Fconverted%2Fproduct%2Fglobal_PlzUoMpCfdMO3UISrZgG_xGdb10o0VzY1SFD6eDjbpqgxmW02_4gqVKRbdXWAKxwRh8Tev_thumb.jpg?generation=1674560119821496&alt=media
IKI,Tartaletė su avietėmis 15 cm,15.19 €,https://firebasestorage.googleapis.com/v0/b/lastmile-ui/o/import%2Fphotos%2Fconverted%2Fproduct%2FthumbUrl%2FCvKfTzV4TN5U8BTMF1Hl_238594_W5RvAbpnRicygag1V4nopPhtD8z2_CenS8hcrAuw5T7g6i8g9.webp?alt=media&token=8dd86ef7-7d21-4e9a-8493-110215996bdf
IKI,Sukulentas keraminiame vazone,1.99 €,https://storage.googleapis.com/download/storage/v1/b/lastmile-ui/o/import%2Fphotos%2Fconverted%2Fproduct%2Fglobal_lnS12PgNEBgFal5r0ewd_xGdb10o0VzY1SFD6eDjbpqgxmW02_Kj7cQcNBuVj3Pyzf4Cez_thumb.jpg?generation=1676633492725282&alt=media
IKI,"Colgate dantų šepetėlis Big Kids' Smiles, 6-9 metų",1.59 €,https://firebasestorage.googleapis.com/v0/b/lastmile-ui/o/import%2Fphotos%2Fconverted%2Fproduct%2FthumbUrl%2FCvKfTzV4TN5U8BTMF1Hl_280421_Y5wHCakiRVc8Kf1fJt96vh8Tr2I2_KVDaCyq35HM356joMT2s.webp?alt=media&token=e3d7eca4-5f0b-4d39-9f4f-3717f53d48ae
IKI,"Intensyvus plaukų kondicionierius AUSSIE Deep Hydration, 225ml",4.99 €,https://firebasestorage.googleapis.com/v0/b/lastmile-ui/o/import%2Fphotos%2Fconverted%2Fproduct%2FthumbUrl%2FCvKfTzV4TN5U8BTMF1Hl_277688_OrXUvGAuc2NCJDRvzNOTXOM3rsp1_oDp6Zg9NPZJleoJ5IKUV.webp?alt=media&token=913caa9d-7d20-4ebe-926f-33e488b176fc
IKI,"Makaronai DOBELE Durum Farfalle Nr.103, 500 g",0.99 €,https://firebasestorage.googleapis.com/v0/b/lastmile-ui/o/import%2Fphotos%2Fconverted%2Fproduct%2FthumbUrl%2FCvKfTzV4TN5U8BTMF1Hl_281843_OrXUvGAuc2NCJDRvzNOTXOM3rsp1_og5nZHN0u2bWgkcgwE9S.webp?alt=media&token=1d8c2d76-b285-4ae4-b0ac-f96a0496bfc9
IKI,Virtas liežuvio-ausų vyniotinis,3.99 €,https://firebasestorage.googleapis.com/v0/b/lastmile-ui/o/import%2Fphotos%2Fconverted%2Fproduct%2FthumbUrl%2FCvKfTzV4TN5U8BTMF1Hl_288970_OrXUvGAuc2NCJDRvzNOTXOM3rsp1_KGRrOTcuVS6oVEbspinq.webp?alt=media&token=91f83fcb-8d5d-4349-b23d-92b5b0eb8f26
IKI,Natūralios granatų sultys SAVILLE 1l,3.79 €,https://firebasestorage.googleapis.com/v0/b/lastmile-ui/o/import%2Fphotos%2Fconverted%2Fproduct%2FthumbUrl%2FCvKfTzV4TN5U8BTMF1Hl_290471_OrXUvGAuc2NCJDRvzNOTXOM3rsp1_HbR4vJdT9vzcDg1wMBsp.webp?alt=media&token=058a1b8d-9378-4238-88ab-bed8649f7f4e
IKI,"Dušo želė su agurku ir alavijų ekstraktu GREEN FEEL'S, 250 ml",1.39 €,https://storage.googleapis.com/download/storage/v1/b/lastmile-ui/o/import%2Fphotos%2Fconverted%2Fproduct%2Fglobal_75A655LBEP6VUNW7Qy7O_W5RvAbpnRicygag1V4nopPhtD8z2_FIX2PssK485cnTxcB2Po_thumb.jpg?generation=1684494377433817&alt=media
IKI,"Šampūnas FRUCTIS PAPAYA HAIR FOOD, 350 ml",3.99 €,https://storage.googleapis.com/download/storage/v1/b/lastmile-ui/o/import%2Fphotos%2Fconverted%2Fproduct%2Fglobal_BAKVabhwIBzVAvjAOH3t_xGdb10o0VzY1SFD6eDjbpqgxmW02_BbQYNeeOaQa2I1l2FwmP_thumb.jpg?generation=1674560118857259&alt=media
IKI,"Šampūnas GLISS KUR ULTIMATE COLOR, 400 ml",3.49 €,https://firebasestorage.googleapis.com/v0/b/lastmile-ui/o/import%2Fphotos%2Fconverted%2Fproduct%2FthumbUrl%2FCvKfTzV4TN5U8BTMF1Hl_265322_W5RvAbpnRicygag1V4nopPhtD8z2_0Yt6UwxACgNtORlQ5QMz.webp?alt=media&token=1651d9f5-03ae-4247-9534-d31a7511fc62
IKI,"Vyriškas dezodorantas REXONA COBALT, 150 ml",2.14 €,https://storage.googleapis.com/download/storage/v1/b/lastmile-ui/o/import%2Fphotos%2Fconverted%2Fproduct%2Fglobal_SEBZRqK2N4aSF7njFbD1_xGdb10o0VzY1SFD6eDjbpqgxmW02_y7JipEUYM1ac8GIZOT2T_thumb.jpg?generation=1655385620913778&alt=media
IKI,"Colgate dantų pasta Advanced White Charcoal, 75 ml",1.89 €,https://firebasestorage.googleapis.com/v0/b/lastmile-ui/o/import%2Fphotos%2Fconverted%2Fproduct%2FthumbUrl%2FCvKfTzV4TN5U8BTMF1Hl_280431_Y5wHCakiRVc8Kf1fJt96vh8Tr2I2_YJRO0iEQBhkGnL9r3VRM.webp?alt=media&token=3469d013-1b29-433f-b199-d7b54e20ce3c
IKI,"Baltosios arbatos gėrimas ARIZONA, mėlynių skonio, 450ml PET D",0.99 €,https://firebasestorage.googleapis.com/v0/b/lastmile-ui/o/import%2Fphotos%2Fconverted%2Fproduct%2FthumbUrl%2FCvKfTzV4TN5U8BTMF1Hl_284596_Y5wHCakiRVc8Kf1fJt96vh8Tr2I2_JYc9aoO9nesZwMKDAqLc.webp?alt=media&token=982f23c6-fc86-4759-a6bc-fb5aaf992c96
IKI,"Visavertis konservuotas pašaras suaugusioms katėms CLUB 4 PAWS Premium su jautiena drebučiuose, 340 g",1.74 €,https://firebasestorage.googleapis.com/v0/b/lastmile-ui/o/import%2Fphotos%2Fconverted%2Fproduct%2FthumbUrl%2FCvKfTzV4TN5U8BTMF1Hl_280567_OrXUvGAuc2NCJDRvzNOTXOM3rsp1_7yVwZh6YKduCuetCcSRI.webp?alt=media&token=b1f98caa-0f5a-415b-ab8d-d565ffec3f8b
IKI,Kraikas katėms CAT'S BEST SMART PELLETS,9.79 €,https://firebasestorage.googleapis.com/v0/b/lastmile-ui/o/import%2Fphotos%2Fconverted%2Fproduct%2FthumbUrl%2FCvKfTzV4TN5U8BTMF1Hl_287001_uF3DptJQvjXHqmno4Mal_5mmJvP1O6p6siwxvpiV1.webp?alt=media&token=cf42472d-d04e-4e1a-bc4f-ac82c92fd7dd
IKI,"Skalbimo kapsulės ARIEL Color, 22 skalb.",7.49 €,https://firebasestorage.googleapis.com/v0/b/lastmile-ui/o/import%2Fphotos%2Fconverted%2Fproduct%2FthumbUrl%2FCvKfTzV4TN5U8BTMF1Hl_287786_OrXUvGAuc2NCJDRvzNOTXOM3rsp1_UL1hl3Nvh71XMeJW7mf2.webp?alt=media&token=37f0cbcb-07f7-4e7c-b85e-410fc945c2f9
IKI,"Skustuvo galvutės VENUS Swirl, 4vnt.",13.97 €,https://firebasestorage.googleapis.com/v0/b/lastmile-ui/o/import%2Fphotos%2Fconverted%2Fproduct%2FthumbUrl%2FCvKfTzV4TN5U8BTMF1Hl_235375_Y5wHCakiRVc8Kf1fJt96vh8Tr2I2_yDOg8HoVNkc02fDYfjMP.webp?alt=media&token=764a7a7d-baf5-4530-beda-152bf788f716
IKI,"Balzamas po skutimosi SENSITIVE COOLING, 100 ml",6.49 €,https://storage.googleapis.com/download/storage/v1/b/lastmile-ui/o/images%2Fproducts%2Fthumb_7s283t8A1ydgwr3WSQBt.jpg?generation=1631695884639042&alt=media
IKI,"Skutimosi putos jautriai odai NIVEA MEN COOLING, 200 ml",2.99 €,https://storage.googleapis.com/download/storage/v1/b/lastmile-ui/o/import%2Fphotos%2Fconverted%2Fproduct%2Fglobal_JUcCO3sQ78S7A1ZnRf8K_xGdb10o0VzY1SFD6eDjbpqgxmW02_JNyWDrrqG0Px9TzSnBZU_thumb.jpg?generation=1674560115581980&alt=media
IKI,"Skutimosi putos NIVEA MEN Fresh Kick, 200 ml",2.99 €,https://storage.googleapis.com/download/storage/v1/b/lastmile-ui/o/images%2Fchain_products%2FIKI%2Fthumb_gn7VOGoyGWf5EcEnn57N.jpg?generation=1644059015900488&alt=media
IKI,"Plaukų šampūnas HEAD&SHOULDERS Menthol 2in1, 330 ml",4.24 €,https://firebasestorage.googleapis.com/v0/b/lastmile-ui/o/import%2Fphotos%2Fconverted%2Fproduct%2FthumbUrl%2FCvKfTzV4TN5U8BTMF1Hl_281652_Y5wHCakiRVc8Kf1fJt96vh8Tr2I2_jO5BYks6fQEnEv9Glfbs.webp?alt=media&token=e2106d9f-ba79-495d-84a8-7831c52a6230
IKI,"Visaverčio, konservuoto pašaro rinkinys CLUB 4 PAWS PREMIUM šunims su ėriena, 340 g",1.81 €,https://firebasestorage.googleapis.com/v0/b/lastmile-ui/o/import%2Fphotos%2Fconverted%2Fproduct%2FthumbUrl%2FCvKfTzV4TN5U8BTMF1Hl_280558_OrXUvGAuc2NCJDRvzNOTXOM3rsp1_bn2bVfnN1ahDdssQYmkj.webp?alt=media&token=9351d075-7282-4bf5-bb0f-93015937bfe8
IKI,ELSEVE Color-Vive šampūnas 400ml,3.59 €,https://firebasestorage.googleapis.com/v0/b/lastmile-ui/o/import%2Fphotos%2Fconverted%2Fproduct%2FthumbUrl%2FCvKfTzV4TN5U8BTMF1Hl_286611_uF3DptJQvjXHqmno4Mal_m0xoMuvihMvLsR9CJ3my.webp?alt=media&token=871ec4e3-b6cc-45fa-8f98-b55ce970eb79
IKI,"Sausas plaukų šampūnas BATISTE CHERRY, 200 ml",3.24 €,https://firebasestorage.googleapis.com/v0/b/lastmile-ui/o/import%2Fphotos%2Fconverted%2Fproduct%2FthumbUrl%2FCvKfTzV4TN5U8BTMF1Hl_283697_OrXUvGAuc2NCJDRvzNOTXOM3rsp1_DnrA3uwBpiZ9CWbWaaLu.webp?alt=media&token=6291a211-5886-45a7-86d9-6229011b9fa7
IKI,PERSIMONAI 1 kg,2.99 €,https://firebasestorage.googleapis.com/v0/b/lastmile-ui/o/import%2Fphotos%2Fconverted%2Fproduct%2FthumbUrl%2FCvKfTzV4TN5U8BTMF1Hl_77026_OrXUvGAuc2NCJDRvzNOTXOM3rsp1_Cgg3lOjOVizGDKeasodd.webp?alt=media&token=935ecf12-d6ef-4d7a-9f0c-513a29db68fd
IKI,"Imbieriniai MINI GAIDELIS sausainiai, apelsinų skonio 380g",1.59 €,https://firebasestorage.googleapis.com/v0/b/lastmile-ui/o/import%2Fphotos%2Fconverted%2Fproduct%2FthumbUrl%2FCvKfTzV4TN5U8BTMF1Hl_290764_uF3DptJQvjXHqmno4Mal_XrXmXAy98IP5fSiw72eY.webp?alt=media&token=9458403c-fbc6-423e-b12a-3d2c6cdcdf55
IKI,"Nuriebinimo priemonė NAIL PREP SINCERO SALON, 50 ml",0.84 €,https://storage.googleapis.com/download/storage/v1/b/lastmile-ui/o/import%2Fphotos%2Fconverted%2Fproduct%2FCvKfTzV4TN5U8BTMF1Hl_248784_CvKfTzV4TN5U8BTMF1Hl_W5RvAbpnRicygag1V4nopPhtD8z2_loDpaPOehw4zo2jQ80KD_thumb.jpg?generation=1688450521908092&alt=media
IKI,"Dantų pasta COLGATE MAX WHITE ULTRA ACTIVE FOAM, 50 ml",4.99 €,https://storage.googleapis.com/download/storage/v1/b/lastmile-ui/o/import%2Fphotos%2Fconverted%2Fproduct%2FCvKfTzV4TN5U8BTMF1Hl_270766_CvKfTzV4TN5U8BTMF1Hl_W5RvAbpnRicygag1V4nopPhtD8z2_CQu8VRFJhOfpIO8qF5iX_thumb.jpg?generation=1690192211828645&alt=media
IKI,"Kūno losjonas sausai odai NEUTROGENA Deep Moisture, 400 ml",5.49 €,https://firebasestorage.googleapis.com/v0/b/lastmile-ui/o/import%2Fphotos%2Fconverted%2Fproduct%2FthumbUrl%2FCvKfTzV4TN5U8BTMF1Hl_276091_OrXUvGAuc2NCJDRvzNOTXOM3rsp1_CkRxdMqNNfXgK9p0Y8qP.webp?alt=media&token=313898a5-ad10-4c05-8efb-ceef88878da7
IKI,"Šampūnas SYOSS INTENSE PLEX, 440 ml",3.84 €,https://firebasestorage.googleapis.com/v0/b/lastmile-ui/o/import%2Fphotos%2Fconverted%2Fproduct%2FthumbUrl%2FCvKfTzV4TN5U8BTMF1Hl_282628_W5RvAbpnRicygag1V4nopPhtD8z2_0SIi64qbJtP111fAJaeH.webp?alt=media&token=be66dacd-aa53-4dc5-9d5a-277a8747f857
IKI,ELSEVE Total Repair 5 balzamas 200ml,2.74 €,https://firebasestorage.googleapis.com/v0/b/lastmile-ui/o/import%2Fphotos%2Fconverted%2Fproduct%2FthumbUrl%2FCvKfTzV4TN5U8BTMF1Hl_286589_Y5wHCakiRVc8Kf1fJt96vh8Tr2I2_VuFm4erHX5R6eJWXIiLo.webp?alt=media&token=99edfc93-a951-4ee1-a142-5563b5c84d75
IKI,"Sauskelnės BABYWELL Xl 6 dydis, 32 vnt",5.99 €,https://firebasestorage.googleapis.com/v0/b/lastmile-ui/o/import%2Fphotos%2Fconverted%2Fproduct%2FthumbUrl%2FCvKfTzV4TN5U8BTMF1Hl_283091_OrXUvGAuc2NCJDRvzNOTXOM3rsp1_mUvqyqNyWnzdg9vfRdfh.webp?alt=media&token=7399cebe-ca00-4b3c-9e66-22d29bd5e8b8
IKI,"Mėlynės šokolade LAIMA, 140 g",3.37 €,https://firebasestorage.googleapis.com/v0/b/lastmile-ui/o/import%2Fphotos%2Fconverted%2Fproduct%2FthumbUrl%2FCvKfTzV4TN5U8BTMF1Hl_287116_OrXUvGAuc2NCJDRvzNOTXOM3rsp1_XJYrfqojjBDDh8cdbmiN.webp?alt=media&token=ed5bced7-c345-45b7-948a-2a96b5f2bf20
IKI,"Kūno losjonas NEUTROGENA INTENSE REPAIR CICA, 400 ml",5.49 €,https://storage.googleapis.com/download/storage/v1/b/lastmile-ui/o/import%2Fphotos%2Fconverted%2Fproduct%2Fglobal_p8agM7F0mHrlIu394517_W5RvAbpnRicygag1V4nopPhtD8z2_WJLra3gALOnd4DRRqgJ9_thumb.jpg?generation=1687174778335165&alt=media
IKI,"Veido kontūrus koreguojantis dieninis kremas 65+ NIVEA, 50 ml",6.74 €,https://storage.googleapis.com/download/storage/v1/b/lastmile-ui/o/import%2Fphotos%2Fconverted%2Fproduct%2FCvKfTzV4TN5U8BTMF1Hl_gu7FMAwrUajkV5BQvx4l_CvKfTzV4TN5U8BTMF1Hl_W5RvAbpnRicygag1V4nopPhtD8z2_YZKJxWD1vlEQdFJ9W243_thumb.webp?generation=1699528117939823&alt=media
IKI,"Purškiamas dezodorantas antiperspirantas vyrams NIVEA MEN, 150 ml",2.39 €,https://storage.googleapis.com/download/storage/v1/b/lastmile-ui/o/import%2Fphotos%2Fconverted%2Fproduct%2FCvKfTzV4TN5U8BTMF1Hl_277681_CvKfTzV4TN5U8BTMF1Hl_W5RvAbpnRicygag1V4nopPhtD8z2_6L7BWN7YMFxHw5Apswhn_thumb.webp?generation=1700137039390813&alt=media
IKI,ELSEVE Total Repair 5 šampūnas 250ml,2.74 €,https://firebasestorage.googleapis.com/v0/b/lastmile-ui/o/import%2Fphotos%2Fconverted%2Fproduct%2FthumbUrl%2FCvKfTzV4TN5U8BTMF1Hl_286599_Y5wHCakiRVc8Kf1fJt96vh8Tr2I2_LhT81cO7UC0BfIQKB0q6.webp?alt=media&token=a812812c-3b37-43c0-9ae3-97035d530f1d
IKI,ELSEVE Color-Vive šampūnas 250ml,2.74 €,https://firebasestorage.googleapis.com/v0/b/lastmile-ui/o/import%2Fphotos%2Fconverted%2Fproduct%2FthumbUrl%2FCvKfTzV4TN5U8BTMF1Hl_286586_Y5wHCakiRVc8Kf1fJt96vh8Tr2I2_lsgNqziKbAPCXbVCMcu4.webp?alt=media&token=ea91ffe3-d089-4254-8749-a053438fe23c
IKI,Ekologiški avinžirniai sūryme ACTIVUS,1.39 €,https://firebasestorage.googleapis.com/v0/b/lastmile-ui/o/import%2Fphotos%2Fconverted%2Fproduct%2FthumbUrl%2FCvKfTzV4TN5U8BTMF1Hl_286876_Y5wHCakiRVc8Kf1fJt96vh8Tr2I2_w4HDJLdZsfDgMSnmpZRI.webp?alt=media&token=5895a850-180b-4eb9-9aee-404973bbaef2
IKI,"Sauskelnės BABYWELL Maxi 4 dydis, 42 vnt",5.62 €,https://firebasestorage.googleapis.com/v0/b/lastmile-ui/o/import%2Fphotos%2Fconverted%2Fproduct%2FthumbUrl%2FCvKfTzV4TN5U8BTMF1Hl_283095_OrXUvGAuc2NCJDRvzNOTXOM3rsp1_IhiTDdboyo1xGXBnpRLy.webp?alt=media&token=59f66790-2a45-4fd5-9abd-a1c1cbc039bf
IKI,"Sausainiai be glitimo su pistacijomis ir spanguolėmis, 160 g",2.23 €,https://firebasestorage.googleapis.com/v0/b/lastmile-ui/o/import%2Fphotos%2Fconverted%2Fproduct%2FthumbUrl%2FCvKfTzV4TN5U8BTMF1Hl_279562_OrXUvGAuc2NCJDRvzNOTXOM3rsp1_rl0Ahoo8XnupuOXFkb6H.webp?alt=media&token=75a5c391-a781-460a-bee8-59fa77d80f24
IKI,Nagų lako valiklis beacetonis su migdolų ekstraktu BŪK,1.14 €,https://firebasestorage.googleapis.com/v0/b/lastmile-ui/o/import%2Fphotos%2Fconverted%2Fproduct%2FthumbUrl%2FCvKfTzV4TN5U8BTMF1Hl_67358_OrXUvGAuc2NCJDRvzNOTXOM3rsp1_gEZ6zvs68ZumGKr6sxoX.webp?alt=media&token=fbb6ef5b-11ab-4199-8ab0-aa3d06d0872a
IKI,"Kvapniosios granulės LENOR Gold Orchid&Vanilla, 22 skalb., 270g",5.24 €,https://firebasestorage.googleapis.com/v0/b/lastmile-ui/o/import%2Fphotos%2Fconverted%2Fproduct%2FthumbUrl%2FCvKfTzV4TN5U8BTMF1Hl_287767_OrXUvGAuc2NCJDRvzNOTXOM3rsp1_3wq2GEYc00qkrzuyGLH8.webp?alt=media&token=5b1aad56-8453-4ab4-9db8-729b61331a65
IKI,Tartaletė su migdolų kremu ir serbentais,1.35 €,https://firebasestorage.googleapis.com/v0/b/lastmile-ui/o/import%2Fphotos%2Fconverted%2Fproduct%2FthumbUrl%2FCvKfTzV4TN5U8BTMF1Hl_288479_OrXUvGAuc2NCJDRvzNOTXOM3rsp1_rYC8sOkjg2dAA8Oh3p0o.webp?alt=media&token=a10ae3a0-743f-46db-8850-027f400904af
IKI,"Virtos lietuviškos sardelės, a.r.",5.59 €,https://storage.googleapis.com/download/storage/v1/b/lastmile-ui/o/import%2Fphotos%2Fconverted%2Fproduct%2FCvKfTzV4TN5U8BTMF1Hl_279069_CvKfTzV4TN5U8BTMF1Hl_W5RvAbpnRicygag1V4nopPhtD8z2_XN3rhtjSJjQ6bZlBCEIx_thumb.webp?generation=1702043134981776&alt=media
IKI,"Moteriškos pėdkelnės INCANTO Micro Velvet 70, 1 vnt.",5.39 €,https://storage.googleapis.com/download/storage/v1/b/lastmile-ui/o/import%2Fphotos%2Fconverted%2Fproduct%2FCvKfTzV4TN5U8BTMF1Hl_MHoLGLAjdoLt1SoOlvWt_CvKfTzV4TN5U8BTMF1Hl_W5RvAbpnRicygag1V4nopPhtD8z2_7WnwJ15Jx3xlPfSdsK0I_thumb.jpg?generation=1696426676105119&alt=media
IKI,"Moteriškos puskojinės INCANTO CINDY 40 DEN, vienas dydis, spalva NERO, 2 poros",2.39 €,https://storage.googleapis.com/download/storage/v1/b/lastmile-ui/o/import%2Fphotos%2Fconverted%2Fproduct%2FCvKfTzV4TN5U8BTMF1Hl_253325_CvKfTzV4TN5U8BTMF1Hl_W5RvAbpnRicygag1V4nopPhtD8z2_Z4x6PTR9Ud9CwqUI9b9K_thumb.webp?generation=1699884888662877&alt=media
IKI,"Priemonė po skutimosi TODAY DARK INTENSE, 100 ml",1.99 €,https://storage.googleapis.com/download/storage/v1/b/lastmile-ui/o/images%2Fproducts%2Fthumb_gmjrbSx9h3BDO2eEDTdO.jpg?generation=1644058887273580&alt=media
IKI,"Automatinis oro gaiviklis AIR WICK su užpildu, 228 ml",7.49 €,https://storage.googleapis.com/download/storage/v1/b/lastmile-ui/o/import%2Fphotos%2Fconverted%2Fproduct%2FCvKfTzV4TN5U8BTMF1Hl_275380_CvKfTzV4TN5U8BTMF1Hl_W5RvAbpnRicygag1V4nopPhtD8z2_5rTvDNjqxSYpk1E4hxan_thumb.jpg?generation=1690192211487759&alt=media
IKI,"Plaukų kondicionierius PANTENE Bond Repair, 160 ml",3.74 €,https://firebasestorage.googleapis.com/v0/b/lastmile-ui/o/import%2Fphotos%2Fconverted%2Fproduct%2FthumbUrl%2FCvKfTzV4TN5U8BTMF1Hl_281650_OrXUvGAuc2NCJDRvzNOTXOM3rsp1_hLCZZnGPeTBLvNW56K6Y.webp?alt=media&token=1f265f47-ffe2-42ad-882d-5b63fcba2e41
IKI,Popieriniai rankšluosčiai Renova Textil Papier 2 vnt. 3 sl. 100 lap.,2.74 €,https://firebasestorage.googleapis.com/v0/b/lastmile-ui/o/import%2Fphotos%2Fconverted%2Fproduct%2FthumbUrl%2FCvKfTzV4TN5U8BTMF1Hl_287961_OrXUvGAuc2NCJDRvzNOTXOM3rsp1_88XQiyF8Z4qZpjDalH0Q.webp?alt=media&token=5c21a690-7593-4396-8443-1bf01b4030f2
IKI,"Argentininių lydekų filė kepsneliai Nowaco, 400g, sušaldyti",3.49 €,https://firebasestorage.googleapis.com/v0/b/lastmile-ui/o/import%2Fphotos%2Fconverted%2Fproduct%2FthumbUrl%2FCvKfTzV4TN5U8BTMF1Hl_290336_OrXUvGAuc2NCJDRvzNOTXOM3rsp1_XJPN2JB9W1mP2xeMMcBR.webp?alt=media&token=dfa90504-1352-4575-ad57-c63f245f8a06
IKI,"Kondicionierius dažytiems plaukams NIVEA COLOR PROTECT, 200 ml",2.39 €,https://storage.googleapis.com/download/storage/v1/b/lastmile-ui/o/import%2Fphotos%2Fconverted%2Fproduct%2Fglobal_zKfk1qTqXY0MAuNslLRF_xGdb10o0VzY1SFD6eDjbpqgxmW02_CFAVLM0c121owvSNTVjn_thumb.jpg?generation=1674560110699776&alt=media
IKI,"Plaukų lakas TAFT Ultra Strong, 250 ml",2.99 €,https://storage.googleapis.com/download/storage/v1/b/lastmile-ui/o/import%2Fphotos%2Fconverted%2Fproduct%2Fglobal_kdiZGtwT1mT6CvExkdO8_xGdb10o0VzY1SFD6eDjbpqgxmW02_SZ3cI5rdgslbJv8Nw0m8_thumb.jpg?generation=1674560110653572&alt=media
IKI,"Šampūnas dažytiems plaukams NIVEA COLOR PROTECT, 250 ml",2.39 €,https://storage.googleapis.com/download/storage/v1/b/lastmile-ui/o/import%2Fphotos%2Fconverted%2Fproduct%2Fglobal_6WPifgd6sRHJoBxWHCQS_xGdb10o0VzY1SFD6eDjbpqgxmW02_AWtnkMwaOfkuIbVJJ3Yr_thumb.jpg?generation=1674560115069433&alt=media
IKI,"WANPY mėsos pasta šunims su jautiena, morkomis ir žirneliais, 90 g",1.39 €,https://firebasestorage.googleapis.com/v0/b/lastmile-ui/o/import%2Fphotos%2Fconverted%2Fproduct%2FthumbUrl%2FCvKfTzV4TN5U8BTMF1Hl_280393_Y5wHCakiRVc8Kf1fJt96vh8Tr2I2_BVC6wCOyBb6DcZYk6Y2q.webp?alt=media&token=3e6f8881-f9a5-4596-b72c-c4e864e3058c
IKI,"Saldainiai Veliuona PERGALĖ, 170 g",2.95 €,https://firebasestorage.googleapis.com/v0/b/lastmile-ui/o/import%2Fphotos%2Fconverted%2Fproduct%2FthumbUrl%2FCvKfTzV4TN5U8BTMF1Hl_279321_Y5wHCakiRVc8Kf1fJt96vh8Tr2I2_i3DJtd2kutsUUajiC9Wy.webp?alt=media&token=6fe196f4-b2b2-4261-b065-387a863af94d
IKI,"Skustuvo galvutės VENUS Breeze, 8vnt.",13.99 €,https://firebasestorage.googleapis.com/v0/b/lastmile-ui/o/import%2Fphotos%2Fconverted%2Fproduct%2FthumbUrl%2FCvKfTzV4TN5U8BTMF1Hl_283843_Y5wHCakiRVc8Kf1fJt96vh8Tr2I2_btZM3JYzUjlxXmYt3e0I.webp?alt=media&token=49736f13-a9c0-466a-ac22-9c96219ad23b
IKI,"Stangrinamoji lakštinė veido kaukė RASA AGE CONTROL , 23 g",2.39 €,https://firebasestorage.googleapis.com/v0/b/lastmile-ui/o/import%2Fphotos%2Fconverted%2Fproduct%2FthumbUrl%2FCvKfTzV4TN5U8BTMF1Hl_282300_uF3DptJQvjXHqmno4Mal_yPQwc88gDSbnw7pjzzXd.webp?alt=media&token=5be41939-59e1-4d1e-a5b7-98e8bbe457d4
IKI,"Plaukų šampūnas HEAD&SHOULDERS Classic Clean 2in1, 330 ml",4.24 €,https://firebasestorage.googleapis.com/v0/b/lastmile-ui/o/import%2Fphotos%2Fconverted%2Fproduct%2FthumbUrl%2FCvKfTzV4TN5U8BTMF1Hl_281649_Y5wHCakiRVc8Kf1fJt96vh8Tr2I2_xqT6ayxbGeIEp00RqOuW.webp?alt=media&token=ab8aabce-698f-488d-9bd6-b80e3f80b7e3
IKI,"Skalbinių servetėlės VANISH, 30 vnt",5.39 €,https://firebasestorage.googleapis.com/v0/b/lastmile-ui/o/import%2Fphotos%2Fconverted%2Fproduct%2FthumbUrl%2FCvKfTzV4TN5U8BTMF1Hl_282931_OrXUvGAuc2NCJDRvzNOTXOM3rsp1_Plw3nlAJXpxrUA9aECly.webp?alt=media&token=4c09fdae-1fcd-4c29-9036-15d99e0b2b88
IKI,"Indaplovių kapsulės FINISH POWERBALL POWER ESSENTIAL, 42 vnt",11.49 €,https://firebasestorage.googleapis.com/v0/b/lastmile-ui/o/import%2Fphotos%2Fconverted%2Fproduct%2FthumbUrl%2FCvKfTzV4TN5U8BTMF1Hl_279575_OrXUvGAuc2NCJDRvzNOTXOM3rsp1_CO6bGkM4nrqLvpWA47qS.webp?alt=media&token=e548769f-a3b8-4f01-98db-2f593e41c03b
IKI,"Kepinti, sūdyti anakardžių riešutai su luobele ALVO, 150 g",1.99 €,https://firebasestorage.googleapis.com/v0/b/lastmile-ui/o/import%2Fphotos%2Fconverted%2Fproduct%2FthumbUrl%2FCvKfTzV4TN5U8BTMF1Hl_284609_uF3DptJQvjXHqmno4Mal_zbovtaGF6H4P8enSdg6w.webp?alt=media&token=667a9655-4655-4e07-aa3b-f27ac806ed3d
IKI,Tartalečių rinkinys DŽIAUGSMO TRIO,3.19 €,https://firebasestorage.googleapis.com/v0/b/lastmile-ui/o/import%2Fphotos%2Fconverted%2Fproduct%2FthumbUrl%2FCvKfTzV4TN5U8BTMF1Hl_288099_OrXUvGAuc2NCJDRvzNOTXOM3rsp1_PUqEdns3PzTCi34o379r.webp?alt=media&token=fc00caf1-6c28-43f9-ae41-2f5dad55a174
IKI,"Rūkyti šprotai aliejuje SUN&SEA, 160 g",1.87 €,https://firebasestorage.googleapis.com/v0/b/lastmile-ui/o/import%2Fphotos%2Fconverted%2Fproduct%2FthumbUrl%2FCvKfTzV4TN5U8BTMF1Hl_289660_uF3DptJQvjXHqmno4Mal_JCeipnDhMh7CBnqJbq5L.webp?alt=media&token=047e9ae1-9bf6-45af-8663-420a01fb092c
IKI,"L’Oréal Paris Age Specialist maitinamasis naktinis kremas nuo raukšlių 65+, 50 ml",5.99 €,https://storage.googleapis.com/download/storage/v1/b/lastmile-ui/o/images%2Fproducts%2Fthumb_4Yfj9UgXkF0kAbKq6sQm.jpg?generation=1644059235227113&alt=media
IKI,"Plaukų lakas WELLAFLEX SILK FINISH & HOLD, 250 ml",3.09 €,https://firebasestorage.googleapis.com/v0/b/lastmile-ui/o/import%2Fphotos%2Fconverted%2Fproduct%2FthumbUrl%2FCvKfTzV4TN5U8BTMF1Hl_65961_OrXUvGAuc2NCJDRvzNOTXOM3rsp1_NCuIVvZDm1pqNjsFGc6c.webp?alt=media&token=ccdad80f-633e-4c2d-952f-273ef396222d
IKI,"Kaukė GARNIER FRUCTIS HAIR FOOD PAPAYE, 390 ml",5.39 €,https://storage.googleapis.com/download/storage/v1/b/lastmile-ui/o/images%2Fproducts%2Fthumb_XK9Ttc5spGuP4KnWwu7m.jpg?generation=1644048455158350&alt=media
IKI,"Balzamas GLISS SPLIT ENDS, 200 ml",2.64 €,https://storage.googleapis.com/download/storage/v1/b/lastmile-ui/o/import%2Fphotos%2Fconverted%2Fproduct%2Fglobal_gJyIt0nPoJasUyqG4EsJ_xGdb10o0VzY1SFD6eDjbpqgxmW02_VThcMrlJyjuO0HZLYqKE_thumb.jpg?generation=1674560118278481&alt=media
IKI,"Fiksuojamasis dantų protezų kremas BLEND A DENT Complete Strong Hold, Fresh Flavor, 47 g",3.99 €,https://firebasestorage.googleapis.com/v0/b/lastmile-ui/o/import%2Fphotos%2Fconverted%2Fproduct%2FthumbUrl%2FCvKfTzV4TN5U8BTMF1Hl_243052_Y5wHCakiRVc8Kf1fJt96vh8Tr2I2_qSTVAmcluYYd4pAQjtGW.webp?alt=media&token=5e14743d-dfdb-497c-9d30-77de52914727
IKI,"Saldainiai VILNIUS MARC DE CHAMPAGNE, 500 g",15.19 €,https://firebasestorage.googleapis.com/v0/b/lastmile-ui/o/import%2Fphotos%2Fconverted%2Fproduct%2FthumbUrl%2FCvKfTzV4TN5U8BTMF1Hl_278352_uF3DptJQvjXHqmno4Mal_w74qxgn5JyU6SV4W9g8e.webp?alt=media&token=8318701b-1a11-4074-adc5-adf55b57fbac
IKI,"Negazuotas greipfrutų skonio gaivusis gėrimas PULSE, 500 ml",0.97 €,https://firebasestorage.googleapis.com/v0/b/lastmile-ui/o/import%2Fphotos%2Fconverted%2Fproduct%2FthumbUrl%2FCvKfTzV4TN5U8BTMF1Hl_284523_Y5wHCakiRVc8Kf1fJt96vh8Tr2I2_gD2hsCGwQstQfe7EeA07.webp?alt=media&token=860db846-8197-4a94-8e44-6a9111741ef5
IKI,"Visavertis pašaras suaugusiems šunims CLUB 4 PAWS PREMIUM ėriena ir ryžiai, 900 g",5.03 €,https://firebasestorage.googleapis.com/v0/b/lastmile-ui/o/import%2Fphotos%2Fconverted%2Fproduct%2FthumbUrl%2FCvKfTzV4TN5U8BTMF1Hl_280559_OrXUvGAuc2NCJDRvzNOTXOM3rsp1_GHWNPiHc718SeUN8OsAW.webp?alt=media&token=483bed4d-c725-46e5-83ef-a4fc139839dd
IKI,"Sausainiai Laputė su obuolių džemu ir karamelės skonio įdaru, 330 g",3.99 €,https://firebasestorage.googleapis.com/v0/b/lastmile-ui/o/import%2Fphotos%2Fconverted%2Fproduct%2FthumbUrl%2FCvKfTzV4TN5U8BTMF1Hl_289116_OrXUvGAuc2NCJDRvzNOTXOM3rsp1_4XYlkbhgmyWe4T7t32R9.webp?alt=media&token=df965a07-4ee0-400a-8cd4-3b8bc3fe7f0b
IKI,"Baltųjų garstyčių sėklos BRACO, 1 kg",0.99 €,https://firebasestorage.googleapis.com/v0/b/lastmile-ui/o/import%2Fphotos%2Fconverted%2Fproduct%2FthumbUrl%2FCvKfTzV4TN5U8BTMF1Hl_284070_OrXUvGAuc2NCJDRvzNOTXOM3rsp1_deiubZsl9Q5KCmJ1l1fJ.webp?alt=media&token=7829ad1b-a74c-4e5d-bc93-27bf2934ef8e
IKI,"Atkuriamasis dieninis kremas nuo raukšlių 55+ NIVEA, 50 ml",6.74 €,https://storage.googleapis.com/download/storage/v1/b/lastmile-ui/o/import%2Fphotos%2Fconverted%2Fproduct%2FCvKfTzV4TN5U8BTMF1Hl_0iEaZnHQlKjO4an2U4To_CvKfTzV4TN5U8BTMF1Hl_W5RvAbpnRicygag1V4nopPhtD8z2_gZSgGDV89XAlY9wL9RvS_thumb.webp?generation=1699528118961805&alt=media
IKI,"Dantų pasta SENSODYNE PRONAMEL Mint, 75 ml",3.89 €,https://firebasestorage.googleapis.com/v0/b/lastmile-ui/o/import%2Fphotos%2Fconverted%2Fproduct%2FthumbUrl%2FCvKfTzV4TN5U8BTMF1Hl_20607_Y5wHCakiRVc8Kf1fJt96vh8Tr2I2_SJtKTNFwzPyQtqnagFd2.webp?alt=media&token=db3eec99-6b69-4f1c-8abb-ae7079d120ed
IKI,"Skustuvo kotelis su peiliukais LASER SUPER CLICK RAZOR, 1 vnt.",0.84 €,https://storage.googleapis.com/download/storage/v1/b/lastmile-ui/o/import%2Fphotos%2Fconverted%2Fproduct%2Fglobal_cwp7iSI2MnXjwhsB3YKk_xGdb10o0VzY1SFD6eDjbpqgxmW02_DbB3H0NM34ecCb0aqxEI_thumb.jpg?generation=1673609265870641&alt=media
IKI,"Ramunėlių šampūnas normaliems plaukams, 500 ml",1.24 €,https://storage.googleapis.com/download/storage/v1/b/lastmile-ui/o/import%2Fphotos%2Fconverted%2Fproduct%2Fglobal_Knm4mkOM9Jxso8Z3nipf_W5RvAbpnRicygag1V4nopPhtD8z2_UIF2yVNI3duj1SZy5Epc_thumb.jpg?generation=1687181628743780&alt=media
IKI,"Prezervatyvai LIFESTYLES SKYN INTENSE FEEL, 3 vnt.",2.74 €,https://storage.googleapis.com/download/storage/v1/b/lastmile-ui/o/import%2Fphotos%2Fconverted%2Fproduct%2Fglobal_EWlhldW5eQ94b4Cw9CLt_W5RvAbpnRicygag1V4nopPhtD8z2_xugryk1J2QbcSJEhxFKP_thumb.jpg?generation=1684482739113286&alt=media
IKI,"Skalbimo kapsulės PERSIL DISCS Color, 40 skalbimų",13.99 €,https://firebasestorage.googleapis.com/v0/b/lastmile-ui/o/import%2Fphotos%2Fconverted%2Fproduct%2FthumbUrl%2FCvKfTzV4TN5U8BTMF1Hl_284285_Y5wHCakiRVc8Kf1fJt96vh8Tr2I2_GoP1MadjjjsNmtsMay0e.webp?alt=media&token=780e8d11-9205-4c0b-a5a9-ea511aa51ea8
IKI,"Šviežios Austrės, 3 dydis (Creuse)+ peilis, 850 g",5.99 €,https://firebasestorage.googleapis.com/v0/b/lastmile-ui/o/import%2Fphotos%2Fconverted%2Fproduct%2FthumbUrl%2FCvKfTzV4TN5U8BTMF1Hl_285949_W5RvAbpnRicygag1V4nopPhtD8z2_1GZwXJdn8IKGcKsDvEsb.webp?alt=media&token=3b8ada3c-e721-4d03-be8a-b1dedbbf40ee
IKI,ELSEVE Arginine šampūnas 250ml,2.74 €,https://firebasestorage.googleapis.com/v0/b/lastmile-ui/o/import%2Fphotos%2Fconverted%2Fproduct%2FthumbUrl%2FCvKfTzV4TN5U8BTMF1Hl_286596_Y5wHCakiRVc8Kf1fJt96vh8Tr2I2_AgO3kYnKfixT6znf0LG4.webp?alt=media&token=4743cb8d-389c-4d3e-89f0-7d3624ec04b9
IKI,"WC valiklis-gaiviklis DOMESTOS POWER 5 PINE, 2X50G",2.24 €,https://firebasestorage.googleapis.com/v0/b/lastmile-ui/o/import%2Fphotos%2Fconverted%2Fproduct%2FthumbUrl%2FCvKfTzV4TN5U8BTMF1Hl_284098_OrXUvGAuc2NCJDRvzNOTXOM3rsp1_L9A7VbrgVji6Bqbb75XN.webp?alt=media&token=0777c60c-fe94-4ed3-be72-f3a141c79d8f
IKI,"Cukruotos spanguolės ALVO, 300 g",1.99 €,https://firebasestorage.googleapis.com/v0/b/lastmile-ui/o/import%2Fphotos%2Fconverted%2Fproduct%2FthumbUrl%2FCvKfTzV4TN5U8BTMF1Hl_284606_OrXUvGAuc2NCJDRvzNOTXOM3rsp1_RSK23ZDLuC1Pu9rVJV0F.webp?alt=media&token=d1530263-91de-469d-8c93-dd1206cf47df
IKI,"Picos padažas SACLA, 350 g",2.23 €,https://firebasestorage.googleapis.com/v0/b/lastmile-ui/o/import%2Fphotos%2Fconverted%2Fproduct%2FthumbUrl%2FCvKfTzV4TN5U8BTMF1Hl_286248_OrXUvGAuc2NCJDRvzNOTXOM3rsp1_ZY8Bcy4XRRfKzGZ7nGFo.webp?alt=media&token=624b5f8d-00ce-4c43-adca-d7cb86f2f274
IKI,Maitinamasis nagų lakas su vitaminais BŪK,1.24 €,https://firebasestorage.googleapis.com/v0/b/lastmile-ui/o/import%2Fphotos%2Fconverted%2Fproduct%2FthumbUrl%2FCvKfTzV4TN5U8BTMF1Hl_32845_OrXUvGAuc2NCJDRvzNOTXOM3rsp1_PslXVuuvs0QZjGG3qtcw.webp?alt=media&token=f28dabfa-d9c6-48d1-964f-7d634e0652b6
IKI,"Pieštukinis dezodorantas vyrams REXONA FM INVISIBLE B&W CEE, 50 ml",2.14 €,https://storage.googleapis.com/download/storage/v1/b/lastmile-ui/o/import%2Fphotos%2Fconverted%2Fproduct%2FCvKfTzV4TN5U8BTMF1Hl_217753_CvKfTzV4TN5U8BTMF1Hl_W5RvAbpnRicygag1V4nopPhtD8z2_Bys3tmzEqu5VmTTKXDFA_thumb.webp?generation=1700137032093839&alt=media
IKI,Plaukų dažai SYOSS COLOR 12-59,4.64 €,https://firebasestorage.googleapis.com/v0/b/lastmile-ui/o/import%2Fphotos%2Fconverted%2Fproduct%2FthumbUrl%2FCvKfTzV4TN5U8BTMF1Hl_265333_W5RvAbpnRicygag1V4nopPhtD8z2_SMtSvE1JEXE3li2XKSgq.webp?alt=media&token=67830c61-bd5d-4746-977f-a99781d65c7d
IKI,"Pur balsam calendula indų ploviklis, 750 ml",1.97 €,https://firebasestorage.googleapis.com/v0/b/lastmile-ui/o/import%2Fphotos%2Fconverted%2Fproduct%2FthumbUrl%2FCvKfTzV4TN5U8BTMF1Hl_281148_uF3DptJQvjXHqmno4Mal_7snqAsC3U8cQ3BnM3kWT.webp?alt=media&token=1b8e25dc-46a5-4aa2-9edf-f6d1589131f6
IKI,"Skustuvas GILLETTE MACH3, +2 galvutės",5.49 €,https://firebasestorage.googleapis.com/v0/b/lastmile-ui/o/import%2Fphotos%2Fconverted%2Fproduct%2FthumbUrl%2FCvKfTzV4TN5U8BTMF1Hl_21489_Y5wHCakiRVc8Kf1fJt96vh8Tr2I2_aXXv3kSeXAsZhY22OD7W.webp?alt=media&token=49f12d31-0970-48ba-adbb-9d4b7f175565
IKI,"Plaukų lakas TAFT INVISIBLE HOLD, 250 ml",2.99 €,https://storage.googleapis.com/download/storage/v1/b/lastmile-ui/o/import%2Fphotos%2Fconverted%2Fproduct%2Fglobal_6pQ5Wano7irKqJVr6ekp_xGdb10o0VzY1SFD6eDjbpqgxmW02_3LSMQ9QnSxr10Dw4Hapb_thumb.jpg?generation=1674560115809948&alt=media
IKI,"Dušo gelis OLD SPICE Night Panther, 400 ml",2.89 €,https://firebasestorage.googleapis.com/v0/b/lastmile-ui/o/import%2Fphotos%2Fconverted%2Fproduct%2FthumbUrl%2FCvKfTzV4TN5U8BTMF1Hl_271059_Y5wHCakiRVc8Kf1fJt96vh8Tr2I2_fh4R3WjZbNX1DYRR5JJz.webp?alt=media&token=057b2d6c-26eb-4f68-9b9b-6f2a93a515a5
IKI,"Skalbimo lapeliai K2R REVIVE COLOURS, 18 vnt.",4.49 €,https://storage.googleapis.com/download/storage/v1/b/lastmile-ui/o/import%2Fphotos%2Fconverted%2Fproduct%2Fglobal_wkimyZrlVIzm9fyPuv9t_W5RvAbpnRicygag1V4nopPhtD8z2_BhyERIWyntalFqw4Okc8_thumb.jpg?generation=1686902084856237&alt=media
IKI,"Tampax Compak Pearl Super tamponai, 16 vnt",4.79 €,https://firebasestorage.googleapis.com/v0/b/lastmile-ui/o/import%2Fphotos%2Fconverted%2Fproduct%2FthumbUrl%2FCvKfTzV4TN5U8BTMF1Hl_244589_Y5wHCakiRVc8Kf1fJt96vh8Tr2I2_z57SOt9sc6rzaWnYFU9W.webp?alt=media&token=6a456f40-2b30-48c5-8965-25d748eaf5d3
IKI,"Micelinis vanduo mišriai odai Nivea, 400 ml",3.49 €,https://firebasestorage.googleapis.com/v0/b/lastmile-ui/o/import%2Fphotos%2Fconverted%2Fproduct%2FthumbUrl%2FCvKfTzV4TN5U8BTMF1Hl_281006_Pos12xpkYpPSKaVDW3jqu7xnlg23_PVFscs6TwOHzBgfSwHdm.webp?alt=media&token=018731db-3f50-4465-87d9-5330cf485d3f
IKI,"Šampūnas GLISS LIQUID SILK, 400 ml",3.49 €,https://firebasestorage.googleapis.com/v0/b/lastmile-ui/o/import%2Fphotos%2Fconverted%2Fproduct%2FthumbUrl%2FCvKfTzV4TN5U8BTMF1Hl_284742_Y5wHCakiRVc8Kf1fJt96vh8Tr2I2_PFjmNy8uDOgzOJCcQttH.webp?alt=media&token=b379eb80-cc4f-42a1-bd75-39a24675ee36
IKI,"Oro gaiviklis AMBI PUR Cotton, 8ml",2.84 €,https://firebasestorage.googleapis.com/v0/b/lastmile-ui/o/import%2Fphotos%2Fconverted%2Fproduct%2FthumbUrl%2FCvKfTzV4TN5U8BTMF1Hl_282877_Y5wHCakiRVc8Kf1fJt96vh8Tr2I2_4pM2nMXgP9nVLl30krnu.webp?alt=media&token=581c9fe1-c14e-40ab-b9f0-d1070135e20a
IKI,"L’Oréal Paris Age Specialist stangrinamasis dieninis kremas nuo raukšlių 45+, 50 ml",7.24 €,https://storage.googleapis.com/download/storage/v1/b/lastmile-ui/o/import%2Fphotos%2Fconverted%2Fproduct%2Fglobal_HwZPC4Yir7jtrvNF5y5f_xGdb10o0VzY1SFD6eDjbpqgxmW02_Sdb0mKf6ggY8e7bE7bpz_thumb.jpg?generation=1655385623533417&alt=media
IKI,Dažomasis plaukų kremas SYOSS Nr. 4-2,4.64 €,https://firebasestorage.googleapis.com/v0/b/lastmile-ui/o/import%2Fphotos%2Fconverted%2Fproduct%2FthumbUrl%2FCvKfTzV4TN5U8BTMF1Hl_78329_W5RvAbpnRicygag1V4nopPhtD8z2_0KJQNOaGbb2tDuMtkXTm.webp?alt=media&token=b115aa93-7439-47f6-9352-59ae78df0742
IKI,Dantų šepetėlis COLGATE SLIM SOFT WHITE + CAp,2.39 €,https://storage.googleapis.com/download/storage/v1/b/lastmile-ui/o/import%2Fphotos%2Fconverted%2Fproduct%2FCvKfTzV4TN5U8BTMF1Hl_234032_CvKfTzV4TN5U8BTMF1Hl_W5RvAbpnRicygag1V4nopPhtD8z2_6vgBM18IIDY9YygkznzK_thumb.webp?generation=1699528113760395&alt=media
IKI,"Plaukų šampūnas BIODERMA NODE FLUIDE, 400 ml",9.49 €,https://storage.googleapis.com/download/storage/v1/b/lastmile-ui/o/import%2Fphotos%2Fconverted%2Fproduct%2FCvKfTzV4TN5U8BTMF1Hl_lMBKHNEGRXLchPWMtoUP_CvKfTzV4TN5U8BTMF1Hl_W5RvAbpnRicygag1V4nopPhtD8z2_9k2Mt7HvcBCC16R70y5f_thumb.webp?generation=1699528114166106&alt=media
IKI,"Pudra plaukams TAFT VOLUME, 10 g",3.99 €,https://storage.googleapis.com/download/storage/v1/b/lastmile-ui/o/import%2Fphotos%2Fconverted%2Fproduct%2Fglobal_HZg8egPiGazg2txPFZZE_W5RvAbpnRicygag1V4nopPhtD8z2_qeU4aQIyhn5uF3RG5tt1_thumb.jpg?generation=1684494376150927&alt=media
IKI,"Protezų kremas COREGA, 70g",5.49 €,https://firebasestorage.googleapis.com/v0/b/lastmile-ui/o/import%2Fphotos%2Fconverted%2Fproduct%2FthumbUrl%2FCvKfTzV4TN5U8BTMF1Hl_280405_Y5wHCakiRVc8Kf1fJt96vh8Tr2I2_YQl9EP1vYTYZCOqPWRmg.webp?alt=media&token=6a74a95f-32da-4e1b-8d4b-9119d09559b0
IKI,"Masažo gelis LIFESTYLES SKYN ORIENTAL TOUCH, 2in1, 200 ml",7.49 €,https://firebasestorage.googleapis.com/v0/b/lastmile-ui/o/import%2Fphotos%2Fconverted%2Fproduct%2FthumbUrl%2FCvKfTzV4TN5U8BTMF1Hl_278555_Y5wHCakiRVc8Kf1fJt96vh8Tr2I2_QdSajICJCvEyhrA8kyPs.webp?alt=media&token=9e6106ff-67aa-46d5-9605-850ee718eac4
IKI,"Indų ploviklis FAIRY Apple, 1350ml",3.89 €,https://firebasestorage.googleapis.com/v0/b/lastmile-ui/o/import%2Fphotos%2Fconverted%2Fproduct%2FthumbUrl%2FCvKfTzV4TN5U8BTMF1Hl_289012_uF3DptJQvjXHqmno4Mal_YuySi9ugfuc0CGao0lOC.webp?alt=media&token=44ae1aca-a18d-4755-8394-754ff2d0f724
IKI,"Sausainiai OREO VANILLA, 154 g",1.94 €,https://firebasestorage.googleapis.com/v0/b/lastmile-ui/o/import%2Fphotos%2Fconverted%2Fproduct%2FthumbUrl%2FCvKfTzV4TN5U8BTMF1Hl_290592_OrXUvGAuc2NCJDRvzNOTXOM3rsp1_m7fQRbJYAsvwE8xSgIS6.webp?alt=media&token=2d75d23f-ad23-4b06-ba7b-b274bf7b6c36
IKI,Plaukų dažai SYOSS COLOR SYOSS Nr. 3-3,4.64 €,https://firebasestorage.googleapis.com/v0/b/lastmile-ui/o/import%2Fphotos%2Fconverted%2Fproduct%2FthumbUrl%2FCvKfTzV4TN5U8BTMF1Hl_78297_W5RvAbpnRicygag1V4nopPhtD8z2_c21ZmznmbEiyfYQbZisJ.webp?alt=media&token=b20f9a37-0fc2-4124-ae0a-dbcc62b74767
IKI,"Plaukų kaukė PANTENE Intensive Repair Active Nutri-Plex, 300 ml",4.99 €,https://firebasestorage.googleapis.com/v0/b/lastmile-ui/o/import%2Fphotos%2Fconverted%2Fproduct%2FthumbUrl%2FCvKfTzV4TN5U8BTMF1Hl_265701_Y5wHCakiRVc8Kf1fJt96vh8Tr2I2_wFnixeOPuDQFjpMLe6Yc.webp?alt=media&token=f8af2e6a-4fc4-4e94-ae49-ff4147b39c48
IKI,"Drėkinamasis veido kremas NIVEA MEN SENSITIVE, 50 ml",4.79 €,https://storage.googleapis.com/download/storage/v1/b/lastmile-ui/o/images%2Fproducts%2Fthumb_YUWP0vaHrwuH5OjEw7Dq.jpg?generation=1644058980006109&alt=media
IKI,Akinių rėmeliai su elnio ragais,1.24 €,https://storage.googleapis.com/download/storage/v1/b/lastmile-ui/o/import%2Fphotos%2Fconverted%2Fproduct%2FCvKfTzV4TN5U8BTMF1Hl_279173_CvKfTzV4TN5U8BTMF1Hl_W5RvAbpnRicygag1V4nopPhtD8z2_iC4kJOpI3UfNeb2E1nbH_thumb.webp?generation=1700725618861328&alt=media
IKI,"Skutimosi gelis GILLETTE FUSION Ultra Moisturizing, 200ml",3.99 €,https://firebasestorage.googleapis.com/v0/b/lastmile-ui/o/import%2Fphotos%2Fconverted%2Fproduct%2FthumbUrl%2FCvKfTzV4TN5U8BTMF1Hl_283839_Y5wHCakiRVc8Kf1fJt96vh8Tr2I2_kZ46cU8KBRi50y9UtY0t.webp?alt=media&token=af859505-ec1a-488d-a7f3-39284ff2e15e
IKI,"Tamponai TAMPAX Compak Pearl, Super Plus, 16 vnt.",4.79 €,https://firebasestorage.googleapis.com/v0/b/lastmile-ui/o/import%2Fphotos%2Fconverted%2Fproduct%2FthumbUrl%2FCvKfTzV4TN5U8BTMF1Hl_283740_Y5wHCakiRVc8Kf1fJt96vh8Tr2I2_YLanr7IvhniqFEIecGlg.webp?alt=media&token=90b5a3dc-d955-4f1c-880b-0e6b2b9f4477
IKI,"Plaukų kondicionierius PANTENE Intensive Repair Active Nutri-Plex, 275 ml",3.89 €,https://firebasestorage.googleapis.com/v0/b/lastmile-ui/o/import%2Fphotos%2Fconverted%2Fproduct%2FthumbUrl%2FCvKfTzV4TN5U8BTMF1Hl_284733_Y5wHCakiRVc8Kf1fJt96vh8Tr2I2_QvH5vpqhnA3gdMM8oGqB.webp?alt=media&token=b5533999-6efb-4e13-8d42-acd734c5faab
IKI,Sausas maistas katėms su vištiena CLUB 4 PAWS,3.70 €,https://firebasestorage.googleapis.com/v0/b/lastmile-ui/o/import%2Fphotos%2Fconverted%2Fproduct%2FthumbUrl%2FCvKfTzV4TN5U8BTMF1Hl_286731_OrXUvGAuc2NCJDRvzNOTXOM3rsp1_ZUH7MtS4CIaES5FXuOZj.webp?alt=media&token=cb67c247-9725-4599-83d6-a6814af02a9d
IKI,"Skalbimo kapsulės ARIEL Mountain Spring, 22 skalb.",7.49 €,https://firebasestorage.googleapis.com/v0/b/lastmile-ui/o/import%2Fphotos%2Fconverted%2Fproduct%2FthumbUrl%2FCvKfTzV4TN5U8BTMF1Hl_287787_OrXUvGAuc2NCJDRvzNOTXOM3rsp1_BmSz7gmO7yRc16fWtrSa.webp?alt=media&token=b6b5dcf7-af0f-46d4-b582-495d73613a63
IKI,KRIAUŠĖS CEPUNA,1.79 €,https://firebasestorage.googleapis.com/v0/b/lastmile-ui/o/import%2Fphotos%2Fconverted%2Fproduct%2FthumbUrl%2FCvKfTzV4TN5U8BTMF1Hl_2373_OrXUvGAuc2NCJDRvzNOTXOM3rsp1_p9kqCba1TigdvXVSqnLZ.webp?alt=media&token=847660a6-9584-42a0-ae03-08e2f1098b45
IKI,"Skustuvas VENUS Extra Smooth, 1 galvutė",5.49 €,https://firebasestorage.googleapis.com/v0/b/lastmile-ui/o/import%2Fphotos%2Fconverted%2Fproduct%2FthumbUrl%2FCvKfTzV4TN5U8BTMF1Hl_77891_Y5wHCakiRVc8Kf1fJt96vh8Tr2I2_tDDf6nzdSbUT6GNJakSI.webp?alt=media&token=347314ac-6585-4b07-ae45-60a389529788
IKI,Žydintis augalas BROMELIJA,4.79 €,https://storage.googleapis.com/download/storage/v1/b/lastmile-ui/o/import%2Fphotos%2Fconverted%2Fproduct%2Fglobal_6dcCM72rwUGAw8ClmmDT_xGdb10o0VzY1SFD6eDjbpqgxmW02_M7u8QlzHWkWTwuJ4AGtX_thumb.jpg?generation=1676633486323865&alt=media
IKI,"Burnos gaiviklis STAY COOL, 20 ml",2.89 €,https://storage.googleapis.com/download/storage/v1/b/lastmile-ui/o/import%2Fphotos%2Fconverted%2Fproduct%2Fglobal_1lWapVAAzj0U3HMoiUB4_W5RvAbpnRicygag1V4nopPhtD8z2_jkYbvkmyxJBFk3LwKUYQ_thumb.jpg?generation=1684494375898594&alt=media
IKI,"Automatinio oro gaiviklio užpildas AIR WICK, 228 ml",4.99 €,https://storage.googleapis.com/download/storage/v1/b/lastmile-ui/o/import%2Fphotos%2Fconverted%2Fproduct%2FCvKfTzV4TN5U8BTMF1Hl_275382_CvKfTzV4TN5U8BTMF1Hl_W5RvAbpnRicygag1V4nopPhtD8z2_t4VtWhIMBZiqad55Mm4q_thumb.jpg?generation=1690192215163917&alt=media
IKI,"Lakštinė kaukė su kokosų pienu sausai odai NUTRI BOMB, 28 g",1.89 €,https://storage.googleapis.com/download/storage/v1/b/lastmile-ui/o/import%2Fphotos%2Fconverted%2Fproduct%2Fglobal_0dE6LBpPLRonWTZs2IKi_W5RvAbpnRicygag1V4nopPhtD8z2_cvPfAXLbCN4wb8CjsSuf_thumb.jpg?generation=1684828971065817&alt=media
IKI,"Purškiamoji apsauga nuo karščio TAFT, 250 ml",3.89 €,https://firebasestorage.googleapis.com/v0/b/lastmile-ui/o/import%2Fphotos%2Fconverted%2Fproduct%2FthumbUrl%2FCvKfTzV4TN5U8BTMF1Hl_284746_Y5wHCakiRVc8Kf1fJt96vh8Tr2I2_hlQN1MsoCHpmBvH6Yj14.webp?alt=media&token=27cbbd18-6876-47f9-9fc1-c4c012bea6d0
IKI,"Kvapniosios granulės LENOR Fresh, 22 skalb., 270g",5.24 €,https://firebasestorage.googleapis.com/v0/b/lastmile-ui/o/import%2Fphotos%2Fconverted%2Fproduct%2FthumbUrl%2FCvKfTzV4TN5U8BTMF1Hl_287768_OrXUvGAuc2NCJDRvzNOTXOM3rsp1_R2xe0BJrTWnBw4aRd4VF.webp?alt=media&token=6c2b30fc-bd80-4381-bada-47328eff008e
IKI,MARGARITA COSMOS ORGANIC dušo želė sandalmedžio aromato 400 ml,3.24 €,https://firebasestorage.googleapis.com/v0/b/lastmile-ui/o/import%2Fphotos%2Fconverted%2Fproduct%2FthumbUrl%2FCvKfTzV4TN5U8BTMF1Hl_288605_OrXUvGAuc2NCJDRvzNOTXOM3rsp1_UplzBPaW1bnmsHlUCN1I.webp?alt=media&token=27f27ad8-c96d-4669-a515-59c22e2e434f
IKI,"Sausainiai OREO DOUBLE, 157 g",1.94 €,https://firebasestorage.googleapis.com/v0/b/lastmile-ui/o/import%2Fphotos%2Fconverted%2Fproduct%2FthumbUrl%2FCvKfTzV4TN5U8BTMF1Hl_290594_OrXUvGAuc2NCJDRvzNOTXOM3rsp1_WAb5GwwjeQ2FYKQRNEKm.webp?alt=media&token=0330ed14-f23e-4b6b-bf03-e2c608a014a8
IKI,Rinkinys AURORA KIDS MAGIC Bath bombs 3*50g Bubble Gum,1.49 €,https://firebasestorage.googleapis.com/v0/b/lastmile-ui/o/import%2Fphotos%2Fconverted%2Fproduct%2FthumbUrl%2FCvKfTzV4TN5U8BTMF1Hl_291022_OrXUvGAuc2NCJDRvzNOTXOM3rsp1_qpJ1zmjH0dL2hQob0Q11.webp?alt=media&token=872aef4a-446a-4d87-b2d7-f7a5fbca48d9
IKI,"MAGIC RETOUCH akimirksniu ataugusias šaknis paslepiantis purškiklis, Dark Brown, 75 ml",5.99 €,https://storage.googleapis.com/download/storage/v1/b/lastmile-ui/o/import%2Fphotos%2Fconverted%2Fproduct%2FCvKfTzV4TN5U8BTMF1Hl_237420_CvKfTzV4TN5U8BTMF1Hl_W5RvAbpnRicygag1V4nopPhtD8z2_kOMuuvzgxJSatrMQibQv_thumb.webp?generation=1700137022482466&alt=media
IKI,"Automatinio oro gaiviklio užpildas AIR WICK, 228 ml",4.99 €,https://storage.googleapis.com/download/storage/v1/b/lastmile-ui/o/import%2Fphotos%2Fconverted%2Fproduct%2FCvKfTzV4TN5U8BTMF1Hl_275381_CvKfTzV4TN5U8BTMF1Hl_W5RvAbpnRicygag1V4nopPhtD8z2_kPpSl8EwI6rYQM5bY2uX_thumb.jpg?generation=1690192214030443&alt=media
IKI,"GARNIER CRYO JELLY vėsinanti regeneruojanti lakštinė veido kaukė, 27 g",1.89 €,https://firebasestorage.googleapis.com/v0/b/lastmile-ui/o/import%2Fphotos%2Fconverted%2Fproduct%2FthumbUrl%2FCvKfTzV4TN5U8BTMF1Hl_279894_Y5wHCakiRVc8Kf1fJt96vh8Tr2I2_9UrDBydqD70Jw1ZkyDH3.webp?alt=media&token=b1332c1a-9fd0-4ce1-9952-b9633c7fb32f
IKI,"Plaukų šampūnas, kondicionierius ir intensyvi priežiūra PANTENE Intensive Repair 3in1, 325 ml",3.14 €,https://firebasestorage.googleapis.com/v0/b/lastmile-ui/o/import%2Fphotos%2Fconverted%2Fproduct%2FthumbUrl%2FCvKfTzV4TN5U8BTMF1Hl_284728_Y5wHCakiRVc8Kf1fJt96vh8Tr2I2_7wPp9QNn30ZOC3yqkyu6.webp?alt=media&token=325e6638-cba0-4bce-9aed-db1c3479aadb
IKI,"Visaverčio konservuoto pašaro rinkinys CLUB 4 PAWS Premium šuniukams su kalakutiena, 340 g",1.81 €,https://firebasestorage.googleapis.com/v0/b/lastmile-ui/o/import%2Fphotos%2Fconverted%2Fproduct%2FthumbUrl%2FCvKfTzV4TN5U8BTMF1Hl_280557_OrXUvGAuc2NCJDRvzNOTXOM3rsp1_0dICv0CzWdnjovdv4tIN.webp?alt=media&token=cc58c6f4-07c0-4d4e-9130-1b9b750a371a
IKI,"ELSEVE Glycolic Gloss serumas, 150 ml",6.24 €,https://firebasestorage.googleapis.com/v0/b/lastmile-ui/o/import%2Fphotos%2Fconverted%2Fproduct%2FthumbUrl%2FCvKfTzV4TN5U8BTMF1Hl_286609_Y5wHCakiRVc8Kf1fJt96vh8Tr2I2_WUnXYMOIccyeYKNYHs7G.webp?alt=media&token=d30d3629-987f-4c0b-a4b0-7f9e5d7320f9
IKI,"Tualetinis popierius VELTIE CAMOMILE ALOE, 8VNT., 3SL., 150 LAP.",3.49 €,https://firebasestorage.googleapis.com/v0/b/lastmile-ui/o/import%2Fphotos%2Fconverted%2Fproduct%2FthumbUrl%2FCvKfTzV4TN5U8BTMF1Hl_282554_OrXUvGAuc2NCJDRvzNOTXOM3rsp1_70ycnGdruMuLPMWGETT2.webp?alt=media&token=f1ac4d87-b86e-467a-8ccf-9c85c09e91ff
IKI,"Dantų šepetėlis ORAL-B Pro-3DWhite, Whitening Clean, Medium, balti šereliai, 2 vnt.",2.49 €,https://firebasestorage.googleapis.com/v0/b/lastmile-ui/o/import%2Fphotos%2Fconverted%2Fproduct%2FthumbUrl%2FCvKfTzV4TN5U8BTMF1Hl_288744_OrXUvGAuc2NCJDRvzNOTXOM3rsp1_pikaUyNHG4tkQPb52xIR.webp?alt=media&token=287f7f32-3471-4b03-b9fc-1f81469f878c
IKI,"Hochwald Poppy´s Kitchen termiškai apdorota saldinta grietinėlė slėginiame inde, 19,6%, 250 g",2.29 €,https://firebasestorage.googleapis.com/v0/b/lastmile-ui/o/import%2Fphotos%2Fconverted%2Fproduct%2FthumbUrl%2FCvKfTzV4TN5U8BTMF1Hl_289398_OrXUvGAuc2NCJDRvzNOTXOM3rsp1_qGCiXC44zz9ubF5oSboe.webp?alt=media&token=6795bf82-5aad-42cd-aab8-5423812f6b5d
IKI,Plaukų dažai PALETTE 10-1,2.99 €,https://storage.googleapis.com/download/storage/v1/b/lastmile-ui/o/import%2Fphotos%2Fconverted%2Fproduct%2Fglobal_U8vt3KnxqP5QaVurJHu0_W5RvAbpnRicygag1V4nopPhtD8z2_0mPTtPTiRWxci9dNpPNP_thumb.jpg?generation=1684494385850490&alt=media
IKI,"Lengvas drėkinamasis kremas visai šeimai NIVEA FAMILY CARE, 450 ml",5.49 €,https://storage.googleapis.com/download/storage/v1/b/lastmile-ui/o/import%2Fphotos%2Fconverted%2Fproduct%2Fglobal_ocMGRhFYjsJCgIiotHb4_xGdb10o0VzY1SFD6eDjbpqgxmW02_HA4y0a4slTpPZAvLWO7e_thumb.jpg?generation=1674651248249814&alt=media
IKI,"Colgate dantų šepetėlis Little Kids Smiles 3-5, 2 vnt",1.89 €,https://firebasestorage.googleapis.com/v0/b/lastmile-ui/o/import%2Fphotos%2Fconverted%2Fproduct%2FthumbUrl%2FCvKfTzV4TN5U8BTMF1Hl_280424_OrXUvGAuc2NCJDRvzNOTXOM3rsp1_WtXMjSuzvGHhoctimEQv.webp?alt=media&token=5f79244d-895d-4fd3-bbf7-61df2ea5e01c
IKI,"MSS dezodorantas Alpine Stick, 50 g",2.39 €,https://firebasestorage.googleapis.com/v0/b/lastmile-ui/o/import%2Fphotos%2Fconverted%2Fproduct%2FthumbUrl%2FCvKfTzV4TN5U8BTMF1Hl_283687_Y5wHCakiRVc8Kf1fJt96vh8Tr2I2_BFPKY2BVq8VqPrpDgbX2.webp?alt=media&token=b2a37915-dcd8-4ae2-a70e-fb0a0b5c914e
IKI,"Maitinamasis rankų kremas RASA INTENSE BODY CARE, 75 ml",2.39 €,https://firebasestorage.googleapis.com/v0/b/lastmile-ui/o/import%2Fphotos%2Fconverted%2Fproduct%2FthumbUrl%2FCvKfTzV4TN5U8BTMF1Hl_282301_uF3DptJQvjXHqmno4Mal_MnXowGyHLO7TNL8t7pW6.webp?alt=media&token=872031e7-83a0-40c3-b811-70b031b50368
IKI,"Skalbimo kapsulės PERSIL DISCS Universal, 40 skalbimų",13.99 €,https://firebasestorage.googleapis.com/v0/b/lastmile-ui/o/import%2Fphotos%2Fconverted%2Fproduct%2FthumbUrl%2FCvKfTzV4TN5U8BTMF1Hl_284275_Y5wHCakiRVc8Kf1fJt96vh8Tr2I2_B3GAk7vyYJb4GFOPGNSm.webp?alt=media&token=94e025ea-f222-4c91-8abe-1cd63e87c2e3
IKI,"Higieniniai įklotai DISCREET Normal, 60 vnt.",3.83 €,https://firebasestorage.googleapis.com/v0/b/lastmile-ui/o/import%2Fphotos%2Fconverted%2Fproduct%2FthumbUrl%2FCvKfTzV4TN5U8BTMF1Hl_283738_Y5wHCakiRVc8Kf1fJt96vh8Tr2I2_IBxpkWSx882BZDDkh4P2.webp?alt=media&token=63c140be-e598-42fe-938f-ac8ad75449ab
IKI,Ekologiška tyrelė daržovės su ryžiais ir vištiena HIPP,1.87 €,https://firebasestorage.googleapis.com/v0/b/lastmile-ui/o/import%2Fphotos%2Fconverted%2Fproduct%2FthumbUrl%2FCvKfTzV4TN5U8BTMF1Hl_286729_OrXUvGAuc2NCJDRvzNOTXOM3rsp1_hstcma0hFBNYKaUi602b.webp?alt=media&token=e791a98d-c346-4018-b3d1-703ddec6dcf3
IKI,ALVO Sūrio skonio riešutų ir kukurūzų mišinys 350g,2.49 €,https://firebasestorage.googleapis.com/v0/b/lastmile-ui/o/import%2Fphotos%2Fconverted%2Fproduct%2FthumbUrl%2FCvKfTzV4TN5U8BTMF1Hl_288129_OrXUvGAuc2NCJDRvzNOTXOM3rsp1_6ABYSdq5kmL8WEGRKOXF.webp?alt=media&token=b93a6d90-7a8d-4ac1-a446-bdc0508dd85a
IKI,"Kalmarų filė be odos Nowaco Exclusive sušald. glaz., 550g",4.54 €,https://firebasestorage.googleapis.com/v0/b/lastmile-ui/o/import%2Fphotos%2Fconverted%2Fproduct%2FthumbUrl%2FCvKfTzV4TN5U8BTMF1Hl_15021_OrXUvGAuc2NCJDRvzNOTXOM3rsp1_WsWv1O5c3IWGOjpW2cVG.webp?alt=media&token=0a36e96f-881d-4b5a-8da3-e569bb720f26
IKI,"Putojantis standiklis TAFT Volume Push Up, 200 ml",3.24 €,https://storage.googleapis.com/download/storage/v1/b/lastmile-ui/o/import%2Fphotos%2Fconverted%2Fproduct%2Fglobal_HVtchcEf2rtLkUSCtBuH_xGdb10o0VzY1SFD6eDjbpqgxmW02_H9P1CQV8ueAQjSHLszOl_thumb.jpg?generation=1674560115096991&alt=media
IKI,Plaukų dažai GARNIER COLOR NATURALS Nr.6.34,2.49 €,https://storage.googleapis.com/download/storage/v1/b/lastmile-ui/o/images%2Fproducts%2Fthumb_kMtiZ96CvXGLnjGJZ6br.jpg?generation=1644048025413283&alt=media
IKI,"Stangrinantis serumas su alavijų ekstraktu GARNIER HYALURONIC ALOE, 30 ml",8.99 €,https://storage.googleapis.com/download/storage/v1/b/lastmile-ui/o/import%2Fphotos%2Fconverted%2Fproduct%2Fglobal_QFJJPWEIVyN3U9TtUYGr_xGdb10o0VzY1SFD6eDjbpqgxmW02_IeqdOiv0fEEbmB6DyH1e_thumb.jpg?generation=1674651243392661&alt=media
IKI,"Šampūnas nuo plaukų slinkimo GROŽVITA PRO, 200 ml",6.49 €,https://storage.googleapis.com/download/storage/v1/b/lastmile-ui/o/import%2Fphotos%2Fconverted%2Fproduct%2Fglobal_1ZNDU4EkzzSWslF0TVW9_W5RvAbpnRicygag1V4nopPhtD8z2_asWiM1NwdeJMW527vsTv_thumb.jpg?generation=1687181628448665&alt=media
IKI,"Kvaposios lazdelelės santalų ir jausmingos vanilės kvapo AIR WICK, 300 ml",4.14 €,https://storage.googleapis.com/download/storage/v1/b/lastmile-ui/o/import%2Fphotos%2Fconverted%2Fproduct%2FCvKfTzV4TN5U8BTMF1Hl_276075_CvKfTzV4TN5U8BTMF1Hl_W5RvAbpnRicygag1V4nopPhtD8z2_v1QBocUS6DkEv2nDOuDi_thumb.jpg?generation=1690192214675918&alt=media
IKI,"Tamponai TAMPAX COMPAK PEARL NORMAL, 16 vnt.",4.79 €,https://firebasestorage.googleapis.com/v0/b/lastmile-ui/o/import%2Fphotos%2Fconverted%2Fproduct%2FthumbUrl%2FCvKfTzV4TN5U8BTMF1Hl_51380_Y5wHCakiRVc8Kf1fJt96vh8Tr2I2_5wnD37SaDbYleDjMeMC9.webp?alt=media&token=1958da02-7b99-4da9-bb86-6264928bca6a
IKI,"Purškiamas dezodorantas OLD SPICE Tiger Claw, 150ml",2.74 €,https://firebasestorage.googleapis.com/v0/b/lastmile-ui/o/import%2Fphotos%2Fconverted%2Fproduct%2FthumbUrl%2FCvKfTzV4TN5U8BTMF1Hl_285825_Y5wHCakiRVc8Kf1fJt96vh8Tr2I2_oOnlYT2GLGyZNVkgnWjj.webp?alt=media&token=1fdd3e61-0046-4627-88a3-91543de5bde3
IKI,"Dušo želė PALMOLIVE NATURALS MACADAMIA, 500 ml",3.24 €,https://firebasestorage.googleapis.com/v0/b/lastmile-ui/o/import%2Fphotos%2Fconverted%2Fproduct%2FthumbUrl%2FCvKfTzV4TN5U8BTMF1Hl_285859_OrXUvGAuc2NCJDRvzNOTXOM3rsp1_VFMNJhap8yysCAvj85J6.webp?alt=media&token=ed22dc96-d596-49fa-bd23-1d138e8a58a1
IKI,"Dantų pasta sauganti dantenas su arbatmedžio aliejumi ECODENTA, 100 ml",2.89 €,https://firebasestorage.googleapis.com/v0/b/lastmile-ui/o/import%2Fphotos%2Fconverted%2Fproduct%2FthumbUrl%2FCvKfTzV4TN5U8BTMF1Hl_285275_OrXUvGAuc2NCJDRvzNOTXOM3rsp1_wPGzPdYtXEnVefiByCia.webp?alt=media&token=911cf93b-b0de-4945-bdef-4f26883f3217
IKI,"Mėlynosios razinos ALVO, 200 g",1.49 €,https://firebasestorage.googleapis.com/v0/b/lastmile-ui/o/import%2Fphotos%2Fconverted%2Fproduct%2FthumbUrl%2FCvKfTzV4TN5U8BTMF1Hl_284608_OrXUvGAuc2NCJDRvzNOTXOM3rsp1_h8bzcIrS13e0AIunq70O.webp?alt=media&token=9fe886f0-ea43-4367-94fe-705b88186277
IKI,"Burnos skalavimo skystis ORAL-B 3D White Luxe Perfection, 500 ml",3.39 €,https://firebasestorage.googleapis.com/v0/b/lastmile-ui/o/import%2Fphotos%2Fconverted%2Fproduct%2FthumbUrl%2FCvKfTzV4TN5U8BTMF1Hl_288737_OrXUvGAuc2NCJDRvzNOTXOM3rsp1_4SdiolAh8YuJWr8zo8lz.webp?alt=media&token=29ca0f36-959e-4c70-8f8e-ca72dd22d430
IKI,COLGATE DANTŲ ŠEPETĖLIS Ultra Soft 2pack,2.99 €,https://firebasestorage.googleapis.com/v0/b/lastmile-ui/o/import%2Fphotos%2Fconverted%2Fproduct%2FthumbUrl%2FCvKfTzV4TN5U8BTMF1Hl_288455_uF3DptJQvjXHqmno4Mal_AWsF2nFgZwGQmuHSw2Hf.webp?alt=media&token=531a2406-098e-4615-b61a-9db8a4d708f8
IKI,COLGATE DANTŲ PASTA Total Original 125ml,2.24 €,https://firebasestorage.googleapis.com/v0/b/lastmile-ui/o/import%2Fphotos%2Fconverted%2Fproduct%2FthumbUrl%2FCvKfTzV4TN5U8BTMF1Hl_288456_OrXUvGAuc2NCJDRvzNOTXOM3rsp1_P7a0sTT9EYKKEXuQ3tD2.webp?alt=media&token=eac76ff2-8e7a-43e6-8e4c-7c65c9a07a84
IKI,ELMEX Sensitive Plus Sensitivity dantų pasta + Gum 75 ml,4.79 €,https://firebasestorage.googleapis.com/v0/b/lastmile-ui/o/import%2Fphotos%2Fconverted%2Fproduct%2FthumbUrl%2FCvKfTzV4TN5U8BTMF1Hl_288465_OrXUvGAuc2NCJDRvzNOTXOM3rsp1_tLCeCRSIlpCRzTuUew4P.webp?alt=media&token=6e1659a5-22ff-463c-838f-8981ac5a4185
IKI,"Tunas alyvuogių aliejuje  SUN&SEA, 160 g",2.24 €,https://firebasestorage.googleapis.com/v0/b/lastmile-ui/o/import%2Fphotos%2Fconverted%2Fproduct%2FthumbUrl%2FCvKfTzV4TN5U8BTMF1Hl_290247_OrXUvGAuc2NCJDRvzNOTXOM3rsp1_EJCE1PmU8B0Tri7lvBVN.webp?alt=media&token=7582ba53-26a7-4b82-9566-327f63c5fb5c
IKI,"Moteriškos kojinaitės GLAMOUR EASY 40 DEN, vienas dydis, spalva DAINO, 2 poros",1.79 €,https://storage.googleapis.com/download/storage/v1/b/lastmile-ui/o/import%2Fphotos%2Fconverted%2Fproduct%2FCvKfTzV4TN5U8BTMF1Hl_261145_CvKfTzV4TN5U8BTMF1Hl_W5RvAbpnRicygag1V4nopPhtD8z2_L0EoISqfpPgITjstgoHY_thumb.webp?generation=1699884895691560&alt=media
IKI,"Drėkinamasis šampūnas NIVEA Moisture Hyaluron, 250 ml",2.39 €,https://storage.googleapis.com/download/storage/v1/b/lastmile-ui/o/import%2Fphotos%2Fconverted%2Fproduct%2FCvKfTzV4TN5U8BTMF1Hl_277691_CvKfTzV4TN5U8BTMF1Hl_W5RvAbpnRicygag1V4nopPhtD8z2_UrnJzJyJPDqlSpMN6BTl_thumb.webp?generation=1700137013127859&alt=media
IKI,"Šveičiamasis kremas CIF LILA FLOWERS, 780 ml",2.74 €,https://firebasestorage.googleapis.com/v0/b/lastmile-ui/o/import%2Fphotos%2Fconverted%2Fproduct%2FthumbUrl%2FCvKfTzV4TN5U8BTMF1Hl_282849_OrXUvGAuc2NCJDRvzNOTXOM3rsp1_06ZlACqsBm4vYy8qhEHy.webp?alt=media&token=26af6591-af59-4ea9-a152-8a8ce89dd3c2
IKI,"Ėdalas su jautiena, vištiena WHISKAS CLASSIC SELECTION, 4x85 g",1.55 €,https://firebasestorage.googleapis.com/v0/b/lastmile-ui/o/import%2Fphotos%2Fconverted%2Fproduct%2FthumbUrl%2FCvKfTzV4TN5U8BTMF1Hl_277939_OrXUvGAuc2NCJDRvzNOTXOM3rsp1_c1RiOEyuUmgcOfNdKFdL.webp?alt=media&token=fc161d00-0e34-483c-ab6e-e673df13117b
IKI,"Prezervatyvai DUREX SENSUAL, 3 vnt",2.74 €,https://firebasestorage.googleapis.com/v0/b/lastmile-ui/o/import%2Fphotos%2Fconverted%2Fproduct%2FthumbUrl%2FCvKfTzV4TN5U8BTMF1Hl_285835_OrXUvGAuc2NCJDRvzNOTXOM3rsp1_FqeasKamblAU6I6RwUai.webp?alt=media&token=03689d01-766c-468d-9e36-99c367408085
IKI,"Elseve Glycolic Gloss kondicionierius žvilgantiems plaukams, 200 ml",2.74 €,https://firebasestorage.googleapis.com/v0/b/lastmile-ui/o/import%2Fphotos%2Fconverted%2Fproduct%2FthumbUrl%2FCvKfTzV4TN5U8BTMF1Hl_289678_OrXUvGAuc2NCJDRvzNOTXOM3rsp1_BLbk9U9H5SvUUWiiXGwj.webp?alt=media&token=2693dde7-a453-4919-a153-dc3ec88850da
IKI,Virta KAKĖ MAKĖ dešra 320g,1.99 €,https://firebasestorage.googleapis.com/v0/b/lastmile-ui/o/import%2Fphotos%2Fconverted%2Fproduct%2FthumbUrl%2FCvKfTzV4TN5U8BTMF1Hl_290018_OrXUvGAuc2NCJDRvzNOTXOM3rsp1_mKCg31iSenL5TCX6qE0z.webp?alt=media&token=17e61ead-9867-4f6e-8864-0961a67eff92
IKI,"Indų ploviklis FAIRY Pure & Clean, 450ml",1.49 €,https://firebasestorage.googleapis.com/v0/b/lastmile-ui/o/import%2Fphotos%2Fconverted%2Fproduct%2FthumbUrl%2FCvKfTzV4TN5U8BTMF1Hl_291026_OrXUvGAuc2NCJDRvzNOTXOM3rsp1_QE5nOC9DOWI33tTzP5MK.webp?alt=media&token=b17a6bfa-3799-4fa6-af20-4fc171166098
IKI,Plaukų dažai GARNIER COLOR NATURALS 5 1/2,2.49 €,https://storage.googleapis.com/download/storage/v1/b/lastmile-ui/o/images%2Fproducts%2Fthumb_1HKolv4N5Ph8IQmMgcTW.jpg?generation=1644048076193468&alt=media
IKI,"Pirties Juodas muilas TRAVY I SBORY AGAFJI, 500 ml",4.99 €,https://storage.googleapis.com/download/storage/v1/b/lastmile-ui/o/import%2Fphotos%2Fconverted%2Fproduct%2Fglobal_SfiINGJfjIlPzijFL9UY_W5RvAbpnRicygag1V4nopPhtD8z2_Rib6vM7aGM5GNtlbVsnQ_thumb.jpg?generation=1684494388843417&alt=media
IKI,„L'Oréal Paris“ naktinis kremas „Hyaluron Specialist“ 50 ml,5.99 €,https://storage.googleapis.com/download/storage/v1/b/lastmile-ui/o/images%2Fproducts%2Fthumb_2f2gmME2SeEHoALGDueK.jpg?generation=1644048447620399&alt=media
IKI,Šviestuvas mini 11 cm skaidrus,1.24 €,https://storage.googleapis.com/download/storage/v1/b/lastmile-ui/o/import%2Fphotos%2Fconverted%2Fproduct%2FCvKfTzV4TN5U8BTMF1Hl_279206_CvKfTzV4TN5U8BTMF1Hl_W5RvAbpnRicygag1V4nopPhtD8z2_maFnfIN88WMzCSj0LurS_thumb.webp?generation=1700725713757244&alt=media
IKI,Skustuvas GILLETTE FUSION PROGLIDE + sk. galvutės 4vnt.,12.74 €,https://firebasestorage.googleapis.com/v0/b/lastmile-ui/o/import%2Fphotos%2Fconverted%2Fproduct%2FthumbUrl%2FCvKfTzV4TN5U8BTMF1Hl_283846_Y5wHCakiRVc8Kf1fJt96vh8Tr2I2_uNrIK8eM7pZ5B9J9dGlB.webp?alt=media&token=eb32672b-e678-4fe5-a076-387177949931
IKI,"Pieštukinis antiperspirantas moterims Nivea Pearl & Beauty, 50 ml",2.99 €,https://firebasestorage.googleapis.com/v0/b/lastmile-ui/o/import%2Fphotos%2Fconverted%2Fproduct%2FthumbUrl%2FCvKfTzV4TN5U8BTMF1Hl_280014_Pos12xpkYpPSKaVDW3jqu7xnlg23_V4wjIx2h73AQQi8Xk2YH.webp?alt=media&token=96a238c9-38e3-45fb-9a0d-183edfda7937
IKI,"Plaukų šampūnas HEAD&SHOULDERS Men Ultra Old Spice, 330 ml",4.24 €,https://firebasestorage.googleapis.com/v0/b/lastmile-ui/o/import%2Fphotos%2Fconverted%2Fproduct%2FthumbUrl%2FCvKfTzV4TN5U8BTMF1Hl_281653_OrXUvGAuc2NCJDRvzNOTXOM3rsp1_i7a6L5hGnsapXFBrh1tE.webp?alt=media&token=0ec58d45-ea13-47ed-8020-6496aac4f2bd
IKI,"ELSEVE Glycolic Gloss kondicionierius, 150 ml",4.49 €,https://firebasestorage.googleapis.com/v0/b/lastmile-ui/o/import%2Fphotos%2Fconverted%2Fproduct%2FthumbUrl%2FCvKfTzV4TN5U8BTMF1Hl_286607_Y5wHCakiRVc8Kf1fJt96vh8Tr2I2_VYfjtiPXEvuyPgrqOnp5.webp?alt=media&token=cc3df471-3c04-46d1-ba8c-e1a6e7d76367
IKI,Šaltai rūkytos auksaspalvės dorados,16.79 €,https://firebasestorage.googleapis.com/v0/b/lastmile-ui/o/import%2Fphotos%2Fconverted%2Fproduct%2FthumbUrl%2FCvKfTzV4TN5U8BTMF1Hl_273530_OrXUvGAuc2NCJDRvzNOTXOM3rsp1_EamehUgOfM0kLl4u7RIk.webp?alt=media&token=7475fb73-6474-4286-80e9-f12d84ed781a
IKI,"Maigums zefyrai šokolade, širdelės 135g",3.59 €,https://firebasestorage.googleapis.com/v0/b/lastmile-ui/o/import%2Fphotos%2Fconverted%2Fproduct%2FthumbUrl%2FCvKfTzV4TN5U8BTMF1Hl_288345_OrXUvGAuc2NCJDRvzNOTXOM3rsp1_nB9mkzhGtdaIxBh12cxo.webp?alt=media&token=f51a0bec-d6ec-477b-8cad-83a5093f09d8
IKI,Rutulinis dezodorantas GARNIER MINERAL HYALURONIC CARE 50 ml,2.89 €,https://firebasestorage.googleapis.com/v0/b/lastmile-ui/o/import%2Fphotos%2Fconverted%2Fproduct%2FthumbUrl%2FCvKfTzV4TN5U8BTMF1Hl_271105_OrXUvGAuc2NCJDRvzNOTXOM3rsp1_I09vGvo0Y3IVm64ziJb3.webp?alt=media&token=0365dae2-660a-4f10-a646-2ba99627c82b
IKI,"Moteriškos pėdkelnės INCANTO COSMO 40 DEN, 4 dydis, spalva NATUREL",3.29 €,https://storage.googleapis.com/download/storage/v1/b/lastmile-ui/o/import%2Fphotos%2Fconverted%2Fproduct%2FCvKfTzV4TN5U8BTMF1Hl_220165_CvKfTzV4TN5U8BTMF1Hl_W5RvAbpnRicygag1V4nopPhtD8z2_BkunLgeG20tucadSiyQX_thumb.webp?generation=1699884881175450&alt=media
IKI,"Skutimosi gelis GILLETTE FUSION PROGLIDE Sensitive, 200ml",4.99 €,https://firebasestorage.googleapis.com/v0/b/lastmile-ui/o/import%2Fphotos%2Fconverted%2Fproduct%2FthumbUrl%2FCvKfTzV4TN5U8BTMF1Hl_270031_Y5wHCakiRVc8Kf1fJt96vh8Tr2I2_BuWevt4ycQVdlP7BIYlF.webp?alt=media&token=8c54c47c-4301-4b83-a128-20e7b0ee3833
IKI,"Dušo želė-šampūnas su mentoliu ARAS 2IN1, 250 ml",1.99 €,https://storage.googleapis.com/download/storage/v1/b/lastmile-ui/o/import%2Fphotos%2Fconverted%2Fproduct%2Fglobal_VHR0cFujPshtQBI1XD2v_W5RvAbpnRicygag1V4nopPhtD8z2_MaP64NY8hEraKePbTvd8_thumb.jpg?generation=1684494380421444&alt=media
IKI,Plaukų dažai GARNIER COLOR NATURALS,2.49 €,https://storage.googleapis.com/download/storage/v1/b/lastmile-ui/o/import%2Fphotos%2Fconverted%2Fproduct%2FCvKfTzV4TN5U8BTMF1Hl_277600_CvKfTzV4TN5U8BTMF1Hl_W5RvAbpnRicygag1V4nopPhtD8z2_pMEewZ0CksMSInxMWfrs_thumb.webp?generation=1700137046046687&alt=media
IKI,"Tamponai TAMPAX COMPAK PEARL SUPER, 16 vnt.",4.79 €,https://firebasestorage.googleapis.com/v0/b/lastmile-ui/o/import%2Fphotos%2Fconverted%2Fproduct%2FthumbUrl%2FCvKfTzV4TN5U8BTMF1Hl_244590_Y5wHCakiRVc8Kf1fJt96vh8Tr2I2_7YximF8LA9yO7McktzaE.webp?alt=media&token=f62b1929-bc69-4689-a815-2862592457c9
IKI,Vileda šepečio teleskopinis kotas,3.59 €,https://firebasestorage.googleapis.com/v0/b/lastmile-ui/o/import%2Fphotos%2Fconverted%2Fproduct%2FthumbUrl%2FCvKfTzV4TN5U8BTMF1Hl_39052_Y5wHCakiRVc8Kf1fJt96vh8Tr2I2_z1AoX7HEbqo0T8IaBVTw.webp?alt=media&token=b35c6f04-280e-415b-a904-b57ab83c31db
IKI,"LISTERINE Smart Rinse uogų skonio burnos skalavimo skystis, 500 ml",4.24 €,https://firebasestorage.googleapis.com/v0/b/lastmile-ui/o/import%2Fphotos%2Fconverted%2Fproduct%2FthumbUrl%2FCvKfTzV4TN5U8BTMF1Hl_281503_Y5wHCakiRVc8Kf1fJt96vh8Tr2I2_EsUzx8nzuRHsOhyeRKkm.webp?alt=media&token=42ccc6bf-b7db-42bf-be3b-5a5cb6b7d6e8
IKI,"Kondicionierius GLISS LIQUID SILK, 200 ML",2.64 €,https://firebasestorage.googleapis.com/v0/b/lastmile-ui/o/import%2Fphotos%2Fconverted%2Fproduct%2FthumbUrl%2FCvKfTzV4TN5U8BTMF1Hl_73058_Y5wHCakiRVc8Kf1fJt96vh8Tr2I2_lMHHoySlaJZDbRldlYgc.webp?alt=media&token=ed1f8937-ad18-43aa-aecd-61f889611f79
IKI,"Plaukų kondicionierius AUSSIE Deep Hydration, 200 ml",5.24 €,https://firebasestorage.googleapis.com/v0/b/lastmile-ui/o/import%2Fphotos%2Fconverted%2Fproduct%2FthumbUrl%2FCvKfTzV4TN5U8BTMF1Hl_277685_OrXUvGAuc2NCJDRvzNOTXOM3rsp1_kKN25pH3tMyy30aB03jp.webp?alt=media&token=910604c0-ad2c-4a58-9994-1bac1b9e7373
IKI,"Plaukų šampūnas PANTENE Infinitely Long Active Nutri-Plex, 400 ml",4.09 €,https://firebasestorage.googleapis.com/v0/b/lastmile-ui/o/import%2Fphotos%2Fconverted%2Fproduct%2FthumbUrl%2FCvKfTzV4TN5U8BTMF1Hl_281647_Y5wHCakiRVc8Kf1fJt96vh8Tr2I2_kKAPoJPrnG3sLg2gxNHE.webp?alt=media&token=b9343246-3a0a-49f1-9f87-9873909678d7
IKI,"Plaukų šampūnas HEAD&SHOULDERS Men Ultra Anti-Hairfall, 330 ml",4.24 €,https://firebasestorage.googleapis.com/v0/b/lastmile-ui/o/import%2Fphotos%2Fconverted%2Fproduct%2FthumbUrl%2FCvKfTzV4TN5U8BTMF1Hl_284730_Y5wHCakiRVc8Kf1fJt96vh8Tr2I2_myyxb4S7ygMyGGtLSwuN.webp?alt=media&token=a8a30fba-29e9-414d-adc1-45a26c5dfa19
IKI,"PALMOLIVE dušo želė Men Intense Jazz Up, 500ml",3.24 €,https://firebasestorage.googleapis.com/v0/b/lastmile-ui/o/import%2Fphotos%2Fconverted%2Fproduct%2FthumbUrl%2FCvKfTzV4TN5U8BTMF1Hl_288718_OrXUvGAuc2NCJDRvzNOTXOM3rsp1_i39m7LdGrBFPqWco3FQ9.webp?alt=media&token=92e34d84-63f7-412e-8f68-792b7a5c5e79
IKI,"PALMOLIVE dušo želė Skin Radiance Papaya Peach, 500ml",3.49 €,https://firebasestorage.googleapis.com/v0/b/lastmile-ui/o/import%2Fphotos%2Fconverted%2Fproduct%2FthumbUrl%2FCvKfTzV4TN5U8BTMF1Hl_288716_OrXUvGAuc2NCJDRvzNOTXOM3rsp1_gvy2vJJpcwU2PX2UwSCr.webp?alt=media&token=87cfa880-c372-440f-a7c5-93547cc010c9
IKI,"Indaplovių kapsulės ""SOMAT Excellence 4in1"" 30sk.",7.99 €,https://firebasestorage.googleapis.com/v0/b/lastmile-ui/o/import%2Fphotos%2Fconverted%2Fproduct%2FthumbUrl%2FCvKfTzV4TN5U8BTMF1Hl_289406_OrXUvGAuc2NCJDRvzNOTXOM3rsp1_OgdzRYlRrQ9PzgcEbPcw.webp?alt=media&token=f9d6dfc4-bb2f-4f35-bf4f-2e2617a60e0f
IKI,"Kakavos kapsulės NESCAFE DOLCE GUSTO Kit Kat, 16 vnt",4.99 €,https://firebasestorage.googleapis.com/v0/b/lastmile-ui/o/import%2Fphotos%2Fconverted%2Fproduct%2FthumbUrl%2FCvKfTzV4TN5U8BTMF1Hl_290307_OrXUvGAuc2NCJDRvzNOTXOM3rsp1_UQ7KLLn94YsjE3ICZ9jE.webp?alt=media&token=212c3c13-73c9-4e81-99a2-f02f7bf8fede
IKI,"Sidabrinės vielos Led 100 lempučių girlianda, šilta balta",1.49 €,https://firebasestorage.googleapis.com/v0/b/lastmile-ui/o/import%2Fphotos%2Fconverted%2Fproduct%2FthumbUrl%2FCvKfTzV4TN5U8BTMF1Hl_279221_OrXUvGAuc2NCJDRvzNOTXOM3rsp1_bxNAEikQub0VofPSoq4C.webp?alt=media&token=bd610819-cd3c-4c9d-a756-b405dfc84245
IKI,Plaukų dažai PALETTE,2.99 €,https://storage.googleapis.com/download/storage/v1/b/lastmile-ui/o/import%2Fphotos%2Fconverted%2Fproduct%2Fglobal_IrWriL2eoQw1DCP1e9Vy_xGdb10o0VzY1SFD6eDjbpqgxmW02_JY9O7MTgk2BGcP9v8NRC_thumb.jpg?generation=1679554240899120&alt=media
IKI,"Dieninis veido kremas NIVEA Q10 ENERGY VISAGE, 50 ml",8.99 €,https://storage.googleapis.com/download/storage/v1/b/lastmile-ui/o/images%2Fproducts%2Fthumb_3TluKEeIENDkmfiMEX1y.jpg?generation=1644048204350483&alt=media
IKI,Skustuvas GILLETTE MACH3 + 5 galvutės,8.99 €,https://firebasestorage.googleapis.com/v0/b/lastmile-ui/o/import%2Fphotos%2Fconverted%2Fproduct%2FthumbUrl%2FCvKfTzV4TN5U8BTMF1Hl_266103_Y5wHCakiRVc8Kf1fJt96vh8Tr2I2_Z5SAb1rrk17Grn3C9d13.webp?alt=media&token=9fc4351e-2d50-4b78-81bb-8ca5256cb3fb
IKI,"Plaukus stiprinanti kaukė su vitaminų kompleksu KILIG Vitamin Bomb, 200 ml",2.64 €,https://firebasestorage.googleapis.com/v0/b/lastmile-ui/o/import%2Fphotos%2Fconverted%2Fproduct%2FthumbUrl%2FCvKfTzV4TN5U8BTMF1Hl_266607_Y5wHCakiRVc8Kf1fJt96vh8Tr2I2_uvmCmuN804GL7jK6ltwa.webp?alt=media&token=dadd1446-1fd8-48e7-864a-1550332a14b0
IKI,"Intensyviai plaukus ir galvos odą drėkinantis šampūnas KILIG, 400 ml",3.14 €,https://firebasestorage.googleapis.com/v0/b/lastmile-ui/o/import%2Fphotos%2Fconverted%2Fproduct%2FthumbUrl%2FCvKfTzV4TN5U8BTMF1Hl_266613_Y5wHCakiRVc8Kf1fJt96vh8Tr2I2_cjked9Ub3TXKbQtfdkFb.webp?alt=media&token=fbabbb61-b42a-4806-8ff8-c002cc93b994
IKI,"Makaronai DOBELE FILINI PICCOLI, 500 g",0.99 €,https://storage.googleapis.com/download/storage/v1/b/lastmile-ui/o/images%2Fproducts%2Fthumb_4DsHhHfn33a4AvtUx0wO.jpg?generation=1640008857457263&alt=media
IKI,"Modeliavimo želė plaukams TAFT STAND UP LOOK, 150 ml",2.69 €,https://firebasestorage.googleapis.com/v0/b/lastmile-ui/o/import%2Fphotos%2Fconverted%2Fproduct%2FthumbUrl%2FCvKfTzV4TN5U8BTMF1Hl_282630_Y5wHCakiRVc8Kf1fJt96vh8Tr2I2_t18Y7zvcHBdPdSFOtzfP.webp?alt=media&token=79dadbb6-e8ca-4f0d-ae4d-037b9b95efff
IKI,"Visavertis pašaras suaugusioms sterilizuotoms katėms CLUB 4 PAWS Premium, 300 g",1.39 €,https://firebasestorage.googleapis.com/v0/b/lastmile-ui/o/import%2Fphotos%2Fconverted%2Fproduct%2FthumbUrl%2FCvKfTzV4TN5U8BTMF1Hl_280572_OrXUvGAuc2NCJDRvzNOTXOM3rsp1_WLXgW9TcxJPGzQGGZXFg.webp?alt=media&token=3ed84140-e2a5-4582-ba8d-475a6ddadfe9
IKI,"Drėkinantis putų prausiklis veidui su hialurono rūgštimi GREEN FEEL'S, 200 ml",3.99 €,https://firebasestorage.googleapis.com/v0/b/lastmile-ui/o/import%2Fphotos%2Fconverted%2Fproduct%2FthumbUrl%2FCvKfTzV4TN5U8BTMF1Hl_282567_OrXUvGAuc2NCJDRvzNOTXOM3rsp1_Eqrj83TWlatco9OUl3iQ.webp?alt=media&token=89e23b03-d24d-41e4-9306-22fb7b5548a6
IKI,Veido prausiklis MARGARITA SENSITIVE SKIN,3.49 €,https://firebasestorage.googleapis.com/v0/b/lastmile-ui/o/import%2Fphotos%2Fconverted%2Fproduct%2FthumbUrl%2FCvKfTzV4TN5U8BTMF1Hl_285541_OrXUvGAuc2NCJDRvzNOTXOM3rsp1_FxOs12IRJzrxsl0hW5tm.webp?alt=media&token=c5d95e48-0c29-4ffe-b1e9-7fdca21164e4
IKI,"Dėmių šalinimo gelis VANISH OXI ACTION, 750 ml",3.99 €,https://firebasestorage.googleapis.com/v0/b/lastmile-ui/o/import%2Fphotos%2Fconverted%2Fproduct%2FthumbUrl%2FCvKfTzV4TN5U8BTMF1Hl_283351_OrXUvGAuc2NCJDRvzNOTXOM3rsp1_UShtc7zsikQr6XizKm0N.webp?alt=media&token=50eb5be3-b360-479c-916b-b483c67d02bb
IKI,"Makaronai DOBELE Durum Linguine, 500 g",0.99 €,https://firebasestorage.googleapis.com/v0/b/lastmile-ui/o/import%2Fphotos%2Fconverted%2Fproduct%2FthumbUrl%2FCvKfTzV4TN5U8BTMF1Hl_281867_OrXUvGAuc2NCJDRvzNOTXOM3rsp1_z58vFPHSFfSPBCgOvIyN.webp?alt=media&token=e2e55601-e79a-458e-a593-017078199857
IKI,"ELSEVE Hyaluron Plump plaukų kaukė, 300ml",4.49 €,https://firebasestorage.googleapis.com/v0/b/lastmile-ui/o/import%2Fphotos%2Fconverted%2Fproduct%2FthumbUrl%2FCvKfTzV4TN5U8BTMF1Hl_287742_uF3DptJQvjXHqmno4Mal_2rPwYJti77R5EcWrSUYv.webp?alt=media&token=dec3258b-ece9-4aaf-85a6-f7ea21e66dd5
IKI,ELSEVE Hyaluron Plump 72H drėgmę sulaikantis kondicionierius 400 ml,3.49 €,https://firebasestorage.googleapis.com/v0/b/lastmile-ui/o/import%2Fphotos%2Fconverted%2Fproduct%2FthumbUrl%2FCvKfTzV4TN5U8BTMF1Hl_287746_uF3DptJQvjXHqmno4Mal_IOtHLamekNZxb1VHRFgK.webp?alt=media&token=defbead8-d0a2-4560-933b-ce210e242d94
IKI,"Kavos kapsulės ""Lavazza A Modo Mio Qualita Oro"" 270g  36 vnt",9.99 €,https://firebasestorage.googleapis.com/v0/b/lastmile-ui/o/import%2Fphotos%2Fconverted%2Fproduct%2FthumbUrl%2FCvKfTzV4TN5U8BTMF1Hl_287972_OrXUvGAuc2NCJDRvzNOTXOM3rsp1_aEULg6WtMbh2s4CprawN.webp?alt=media&token=0c4b35cd-39c7-4820-a7d9-443bb717e9a7
IKI,"Skalbimo milteliai ARIEL Color, 30 skalb., 1,65 kg.",8.49 €,https://firebasestorage.googleapis.com/v0/b/lastmile-ui/o/import%2Fphotos%2Fconverted%2Fproduct%2FthumbUrl%2FCvKfTzV4TN5U8BTMF1Hl_287779_OrXUvGAuc2NCJDRvzNOTXOM3rsp1_EJz0JwL8i7UoMbcNruCY.webp?alt=media&token=de0dc1b8-ed95-475a-9dd2-dbe5c803ca2e
IKI,Kreminis pyragas RED VELVET,12.79 €,https://firebasestorage.googleapis.com/v0/b/lastmile-ui/o/import%2Fphotos%2Fconverted%2Fproduct%2FthumbUrl%2FCvKfTzV4TN5U8BTMF1Hl_288091_OrXUvGAuc2NCJDRvzNOTXOM3rsp1_OHz0fpxNr7PjvjLYSSLh.webp?alt=media&token=9b168b68-365a-4445-aeea-8980f9fe5301
IKI,ECODENTA dantų pasta su mėlynių ekstraktu 100 ml,1.64 €,https://firebasestorage.googleapis.com/v0/b/lastmile-ui/o/import%2Fphotos%2Fconverted%2Fproduct%2FthumbUrl%2FCvKfTzV4TN5U8BTMF1Hl_288469_OrXUvGAuc2NCJDRvzNOTXOM3rsp1_VNUEDUOtujZN2ZPk2jJ0.webp?alt=media&token=4e1e0135-3e6c-4f41-8410-19dfb58524f1
IKI,NEUTRAL skystas muilas 250ml,1.99 €,https://firebasestorage.googleapis.com/v0/b/lastmile-ui/o/import%2Fphotos%2Fconverted%2Fproduct%2FthumbUrl%2FCvKfTzV4TN5U8BTMF1Hl_288606_OrXUvGAuc2NCJDRvzNOTXOM3rsp1_Yvfd4fMNgWgzrgNQ1cZQ.webp?alt=media&token=54ba4cea-0f0f-46c1-a506-904a41d662f1
IKI,Kreminis pyragas RED VELVET,12.79 €,https://firebasestorage.googleapis.com/v0/b/lastmile-ui/o/import%2Fphotos%2Fconverted%2Fproduct%2FthumbUrl%2FCvKfTzV4TN5U8BTMF1Hl_289227_OrXUvGAuc2NCJDRvzNOTXOM3rsp1_LHiQqfTv71o1JCjnAgJF.webp?alt=media&token=1d6486d0-e878-4a89-a4c5-b4ccfd26143c
IKI,"Sausainiai OREO BROWNIE, 154 g",1.94 €,https://firebasestorage.googleapis.com/v0/b/lastmile-ui/o/import%2Fphotos%2Fconverted%2Fproduct%2FthumbUrl%2FCvKfTzV4TN5U8BTMF1Hl_290595_OrXUvGAuc2NCJDRvzNOTXOM3rsp1_u4joSrSLlY3AhpIULJBd.webp?alt=media&token=159e689f-cd09-4fd1-8969-15a123778415
IKI,Kalėdinė staltiesė 130X180 cm flaneline su snaigėmis,0.99 €,https://firebasestorage.googleapis.com/v0/b/lastmile-ui/o/import%2Fphotos%2Fconverted%2Fproduct%2FthumbUrl%2FCvKfTzV4TN5U8BTMF1Hl_291240_OrXUvGAuc2NCJDRvzNOTXOM3rsp1_YrHBxUrJFgyxcsHMYXqs.webp?alt=media&token=8840481a-1905-4004-a66a-7059d2a6b290
IKI,Skustuvas GILLETTE FUSION PROGLIDE + sk. galvutės 2vnt.,9.99 €,https://firebasestorage.googleapis.com/v0/b/lastmile-ui/o/import%2Fphotos%2Fconverted%2Fproduct%2FthumbUrl%2FCvKfTzV4TN5U8BTMF1Hl_227313_Y5wHCakiRVc8Kf1fJt96vh8Tr2I2_TwvpiFqW6MfUA76EeqyT.webp?alt=media&token=c3009fce-df94-4267-8cd7-57916ce6cd4a
IKI,"Intymaus komforto gelis DUREX NATURALS, 100 ml",6.99 €,https://storage.googleapis.com/download/storage/v1/b/lastmile-ui/o/import%2Fphotos%2Fconverted%2Fproduct%2Fglobal_RCC1eTaVuXtkV7SEZSpV_xGdb10o0VzY1SFD6eDjbpqgxmW02_HnKs5Ci8eChfwCCYmbYY_thumb.jpg?generation=1674560114274949&alt=media
IKI,"Automatinis oro gaiviklis AIR WICK ESSENTIAL MIST su švelnaus saldžiųjų migdolų ir agurkų aromato užpildu, 200 ml",9.99 €,https://storage.googleapis.com/download/storage/v1/b/lastmile-ui/o/import%2Fphotos%2Fconverted%2Fproduct%2FCvKfTzV4TN5U8BTMF1Hl_276078_CvKfTzV4TN5U8BTMF1Hl_W5RvAbpnRicygag1V4nopPhtD8z2_FSRPEqZSTjfFGuWENyl1_thumb.jpg?generation=1690192218612682&alt=media
IKI,"Plaukų šampūnas TIGI BED HEAD RECOVERY RUCH, 400 ml",6.99 €,https://storage.googleapis.com/download/storage/v1/b/lastmile-ui/o/import%2Fphotos%2Fconverted%2Fproduct%2Fglobal_ExhgHR7Mv2po5ky2RmzB_W5RvAbpnRicygag1V4nopPhtD8z2_chLBYzrY9GWsolimw0nN_thumb.jpg?generation=1685538457448468&alt=media
IKI,"Šampūnas ilgiems plaukams FRUCTIS HAIR FOOD PINEAPPLE, 350 ml",4.24 €,https://storage.googleapis.com/download/storage/v1/b/lastmile-ui/o/import%2Fphotos%2Fconverted%2Fproduct%2FCvKfTzV4TN5U8BTMF1Hl_277594_CvKfTzV4TN5U8BTMF1Hl_W5RvAbpnRicygag1V4nopPhtD8z2_lbMUVoSasr2gqfUdj4UF_thumb.webp?generation=1700137052511410&alt=media
IKI,"Kaukė 3in1 ilgiems plaukams FRUCTIS HAIR FOOD PINEAPPLE, 400 ml",5.39 €,https://storage.googleapis.com/download/storage/v1/b/lastmile-ui/o/import%2Fphotos%2Fconverted%2Fproduct%2FCvKfTzV4TN5U8BTMF1Hl_277607_CvKfTzV4TN5U8BTMF1Hl_W5RvAbpnRicygag1V4nopPhtD8z2_lR1TNa0Yu0mTa1xH02tg_thumb.webp?generation=1700137049402149&alt=media
IKI,"Šokoladinis kalėdų senelis NESTLE KIT KAT, 85 g",2.79 €,https://firebasestorage.googleapis.com/v0/b/lastmile-ui/o/import%2Fphotos%2Fconverted%2Fproduct%2FthumbUrl%2FCvKfTzV4TN5U8BTMF1Hl_262784_uF3DptJQvjXHqmno4Mal_mOPoozT2dsTQBracJsf5.webp?alt=media&token=e93a3553-de9c-4f4e-a648-f1b9d61cf1a9
IKI,Eglutės žaisliukas burbulas,1.24 €,https://storage.googleapis.com/download/storage/v1/b/lastmile-ui/o/import%2Fphotos%2Fconverted%2Fproduct%2FCvKfTzV4TN5U8BTMF1Hl_271890_CvKfTzV4TN5U8BTMF1Hl_W5RvAbpnRicygag1V4nopPhtD8z2_Qt3EdGN5unkiBOXKbjYf_thumb.webp?generation=1700725618606744&alt=media
IKI,"Purškiamas kondicionierius GLISS OIL NUTRITIVE, 200 ml",3.74 €,https://firebasestorage.googleapis.com/v0/b/lastmile-ui/o/import%2Fphotos%2Fconverted%2Fproduct%2FthumbUrl%2FCvKfTzV4TN5U8BTMF1Hl_284740_Y5wHCakiRVc8Kf1fJt96vh8Tr2I2_IXyGFkiLOqg4IX3PDaw9.webp?alt=media&token=0a1ae31d-ad50-4706-9b28-726192ee3b58
IKI,"Giant žaliosios alyvuogės SACLA, 185 g",3.14 €,https://firebasestorage.googleapis.com/v0/b/lastmile-ui/o/import%2Fphotos%2Fconverted%2Fproduct%2FthumbUrl%2FCvKfTzV4TN5U8BTMF1Hl_279059_W5RvAbpnRicygag1V4nopPhtD8z2_h19qKA4kQHTOkqb6vz5e.webp?alt=media&token=f292bcc6-d18d-491b-9789-b59590a0e842
IKI,"Prezervatyvai DUREX SENSUAL, 10 vnt",8.49 €,https://firebasestorage.googleapis.com/v0/b/lastmile-ui/o/import%2Fphotos%2Fconverted%2Fproduct%2FthumbUrl%2FCvKfTzV4TN5U8BTMF1Hl_285836_OrXUvGAuc2NCJDRvzNOTXOM3rsp1_zIVvK6AYERgsPC12zXfZ.webp?alt=media&token=248a9bc5-5c31-4e60-bf78-92d7cc0744d2
IKI,"Elseve Glycolic Gloss šampūnas žvilgantiems plaukams, 400 ml",3.49 €,https://firebasestorage.googleapis.com/v0/b/lastmile-ui/o/import%2Fphotos%2Fconverted%2Fproduct%2FthumbUrl%2FCvKfTzV4TN5U8BTMF1Hl_289679_OrXUvGAuc2NCJDRvzNOTXOM3rsp1_Gv1fG1zZCVMkPc6YJGFJ.webp?alt=media&token=d5fdb053-920c-49a9-9a10-2dfd3e355a8d
IKI,Saldainių rinkinys PERGALĖ Desserts 113g,2.39 €,https://firebasestorage.googleapis.com/v0/b/lastmile-ui/o/import%2Fphotos%2Fconverted%2Fproduct%2FthumbUrl%2FCvKfTzV4TN5U8BTMF1Hl_289488_OrXUvGAuc2NCJDRvzNOTXOM3rsp1_2pY6gZmzfdKjGcHlscVr.webp?alt=media&token=21970829-285e-4503-b651-a1dc22313221
IKI,"Mini LED žvakė FINNULUMOR, šiltos baltos spalvos",0.49 €,https://firebasestorage.googleapis.com/v0/b/lastmile-ui/o/import%2Fphotos%2Fconverted%2Fproduct%2FthumbUrl%2FCvKfTzV4TN5U8BTMF1Hl_290016_OrXUvGAuc2NCJDRvzNOTXOM3rsp1_dlNbhUv6AFPeLA0OGL8Q.webp?alt=media&token=ebcea5e5-b5be-4e2f-b95e-8da35085153c
IKI,"Zefyrai LAIMA, obuolių ir cinamono skonio, 200 g",1.49 €,https://firebasestorage.googleapis.com/v0/b/lastmile-ui/o/import%2Fphotos%2Fconverted%2Fproduct%2FthumbUrl%2FCvKfTzV4TN5U8BTMF1Hl_212577_uF3DptJQvjXHqmno4Mal_2l4oqfE5nkFAygk5ZqyH.webp?alt=media&token=c6d6d79e-1de3-40ee-b5bb-2927f7d667da
IKI,„L'Oréal Paris” „Revitalift Filler” intensyviai užpildantis dieninis kremas „Anti-Age” 50 ml,12.99 €,https://storage.googleapis.com/download/storage/v1/b/lastmile-ui/o/import%2Fphotos%2Fconverted%2Fproduct%2FCvKfTzV4TN5U8BTMF1Hl_275934_CvKfTzV4TN5U8BTMF1Hl_W5RvAbpnRicygag1V4nopPhtD8z2_9YnOp0Vzr2WtlFtv5BQI_thumb.jpg?generation=1688450528080686&alt=media
IKI,"Automatinio oro gaiviklio užpildas AIR WICK AROMA MIST laimės kvapo, 200 ml",4.49 €,https://storage.googleapis.com/download/storage/v1/b/lastmile-ui/o/import%2Fphotos%2Fconverted%2Fproduct%2FCvKfTzV4TN5U8BTMF1Hl_276071_CvKfTzV4TN5U8BTMF1Hl_W5RvAbpnRicygag1V4nopPhtD8z2_xpYxDVnFVWiCe9SV7lQi_thumb.jpg?generation=1690192212944418&alt=media
IKI,„L'Oréal Paris” „Revitalift Laser X3” intensyviai regeneruojantis dieninis kremas „Anti-Age” 40+ 50 ml,11.47 €,https://storage.googleapis.com/download/storage/v1/b/lastmile-ui/o/import%2Fphotos%2Fconverted%2Fproduct%2Fglobal_1dOjX92wC8bqYCdXdTps_xGdb10o0VzY1SFD6eDjbpqgxmW02_HgAycLqdeCB81gNYeQas_thumb.jpg?generation=1655385620122833&alt=media
IKI,"Moteriškos puskojinės INCANTO CINDY 40 DEN, vienas dydis, spalva MELON, 2 poros",2.39 €,https://storage.googleapis.com/download/storage/v1/b/lastmile-ui/o/import%2Fphotos%2Fconverted%2Fproduct%2FCvKfTzV4TN5U8BTMF1Hl_253323_CvKfTzV4TN5U8BTMF1Hl_W5RvAbpnRicygag1V4nopPhtD8z2_fapslamGgCC71uipfLIr_thumb.webp?generation=1699884888946586&alt=media
IKI,"Plaukų aliejus PANTENE Keratin Protect, 100 ml",5.99 €,https://firebasestorage.googleapis.com/v0/b/lastmile-ui/o/import%2Fphotos%2Fconverted%2Fproduct%2FthumbUrl%2FCvKfTzV4TN5U8BTMF1Hl_270962_Y5wHCakiRVc8Kf1fJt96vh8Tr2I2_ueGFF022VlMDMLmqZrQ9.webp?alt=media&token=081c9e65-834d-4fd4-968b-2825aef90594
IKI,"Plaukų lakas TAFT PERFECT FLEX, 250 ml",2.99 €,https://storage.googleapis.com/download/storage/v1/b/lastmile-ui/o/import%2Fphotos%2Fconverted%2Fproduct%2Fglobal_jZCsz3VmAHpdNXYoS5Eu_xGdb10o0VzY1SFD6eDjbpqgxmW02_BnwxY7ClLo1ynHX3GjQO_thumb.jpg?generation=1674560116989078&alt=media
IKI,"Micelinis vanduo GARNIER Vitamin C, 400 ml",4.99 €,https://storage.googleapis.com/download/storage/v1/b/lastmile-ui/o/import%2Fphotos%2Fconverted%2Fproduct%2Fglobal_iU1nQCK3ElnxByL8D4U3_W5RvAbpnRicygag1V4nopPhtD8z2_szatnKrZW221anBnB3Oa_thumb.jpg?generation=1684828970437137&alt=media
IKI,"Dezodorantas-antiperspirantas ARAS 2IN1, 50 ml",2.29 €,https://storage.googleapis.com/download/storage/v1/b/lastmile-ui/o/import%2Fphotos%2Fconverted%2Fproduct%2Fglobal_X9kNjpum7C4WMqK3vD4S_W5RvAbpnRicygag1V4nopPhtD8z2_3if1aSfAIGvha7WfrWOk_thumb.jpg?generation=1686902087350505&alt=media
IKI,"Skaluoklis COLGATE Max White Purple Reveal, 500 ml",3.99 €,https://storage.googleapis.com/download/storage/v1/b/lastmile-ui/o/import%2Fphotos%2Fconverted%2Fproduct%2FCvKfTzV4TN5U8BTMF1Hl_278803_CvKfTzV4TN5U8BTMF1Hl_W5RvAbpnRicygag1V4nopPhtD8z2_1Y9SrluRoHyz22gh66yd_thumb.webp?generation=1699528120429975&alt=media
IKI,Dekoracija Led Angelas 11 cm,1.74 €,https://storage.googleapis.com/download/storage/v1/b/lastmile-ui/o/import%2Fphotos%2Fconverted%2Fproduct%2FCvKfTzV4TN5U8BTMF1Hl_271823_CvKfTzV4TN5U8BTMF1Hl_W5RvAbpnRicygag1V4nopPhtD8z2_Xwe4emVGNPC19IgfCRh4_thumb.webp?generation=1700725711210250&alt=media
IKI,"Losjonas po skutimosi NIVEA MEN Fresh Kick, 100 ml",5.49 €,https://storage.googleapis.com/download/storage/v1/b/lastmile-ui/o/images%2Fproducts%2Fthumb_27YdMfSTLINalBU2VwDr.jpg?generation=1644059210299089&alt=media
IKI,"Loreal Paris Revitalift Filler naktinis kremas su hialurono užpildu anti-age 40+, 50 ml",11.49 €,https://firebasestorage.googleapis.com/v0/b/lastmile-ui/o/import%2Fphotos%2Fconverted%2Fproduct%2FthumbUrl%2FCvKfTzV4TN5U8BTMF1Hl_281507_Y5wHCakiRVc8Kf1fJt96vh8Tr2I2_vN07S8LltXvONG7eLJNl.webp?alt=media&token=ed87b151-8d3f-46d6-b791-5826677ce275
IKI,"Plaukų šampūnas HEAD&SHOULDERS Classic Clean 2in1, 250 ml",3.59 €,https://firebasestorage.googleapis.com/v0/b/lastmile-ui/o/import%2Fphotos%2Fconverted%2Fproduct%2FthumbUrl%2FCvKfTzV4TN5U8BTMF1Hl_281648_Y5wHCakiRVc8Kf1fJt96vh8Tr2I2_rbJXOVme7RhwtJlETLSt.webp?alt=media&token=acd07ef2-18b6-4c1e-b4f3-3b9d6ae73898
IKI,Pliušnis žaislas su aksesuarais RAINBOCORNS,14.99 €,https://firebasestorage.googleapis.com/v0/b/lastmile-ui/o/import%2Fphotos%2Fconverted%2Fproduct%2FthumbUrl%2FCvKfTzV4TN5U8BTMF1Hl_285260_W5RvAbpnRicygag1V4nopPhtD8z2_l7slU0dG87yNvBDglFvK.webp?alt=media&token=1842f9b0-62e0-40d4-83c7-e1992585ab50
IKI,"Purškiamas dezodorantas OLD SPICE Whitewater, 150ml",2.74 €,https://firebasestorage.googleapis.com/v0/b/lastmile-ui/o/import%2Fphotos%2Fconverted%2Fproduct%2FthumbUrl%2FCvKfTzV4TN5U8BTMF1Hl_226261_Y5wHCakiRVc8Kf1fJt96vh8Tr2I2_KbMJNiytLKpDlre7H6Zt.webp?alt=media&token=274ba3fe-152a-42b0-9256-9a0240459c56
IKI,ELSEVE Dream Long šampūnas 400ml,3.59 €,https://firebasestorage.googleapis.com/v0/b/lastmile-ui/o/import%2Fphotos%2Fconverted%2Fproduct%2FthumbUrl%2FCvKfTzV4TN5U8BTMF1Hl_286591_Y5wHCakiRVc8Kf1fJt96vh8Tr2I2_yLGVgbcRT8PEB1K7kCjA.webp?alt=media&token=37aef6c9-855c-4b72-b594-6b830253b108
IKI,ELSEVE Color-Vive balzamas 200ml,2.74 €,https://firebasestorage.googleapis.com/v0/b/lastmile-ui/o/import%2Fphotos%2Fconverted%2Fproduct%2FthumbUrl%2FCvKfTzV4TN5U8BTMF1Hl_286587_Y5wHCakiRVc8Kf1fJt96vh8Tr2I2_l4ljlavORqzOcAPRlTok.webp?alt=media&token=cd31f353-94c6-4a08-a5c9-c0846a4659e0
IKI,"Skystas skalbiklis ARIEL Fresh Air, 30 skalb., 1,35 l",8.49 €,https://firebasestorage.googleapis.com/v0/b/lastmile-ui/o/import%2Fphotos%2Fconverted%2Fproduct%2FthumbUrl%2FCvKfTzV4TN5U8BTMF1Hl_287755_OrXUvGAuc2NCJDRvzNOTXOM3rsp1_5WPvxXkQIMT7HftHafHy.webp?alt=media&token=c40bb665-833d-4ce2-8afb-59621d00928a
IKI,COLGATE DŠ Gentle Clean Sensitive 1 vnt.,1.49 €,https://firebasestorage.googleapis.com/v0/b/lastmile-ui/o/import%2Fphotos%2Fconverted%2Fproduct%2FthumbUrl%2FCvKfTzV4TN5U8BTMF1Hl_288458_OrXUvGAuc2NCJDRvzNOTXOM3rsp1_2ugy5siI9VzrsqouwfX3.webp?alt=media&token=e5e895cb-87ae-43ae-9412-8c66fcbee8dd
IKI,"Dantų šepetėlis ORAL-B Kids 0-6y, Extra soft, 1 vnt.",1.59 €,https://firebasestorage.googleapis.com/v0/b/lastmile-ui/o/import%2Fphotos%2Fconverted%2Fproduct%2FthumbUrl%2FCvKfTzV4TN5U8BTMF1Hl_288746_OrXUvGAuc2NCJDRvzNOTXOM3rsp1_tTYAkB3G0O7VNReFhZf9.webp?alt=media&token=e158ed42-4004-4847-b146-604ec7a753af
IKI,"Gaivusis gėrimas CHUPA CHUPS SOUR (BLUEBERRY), 345ml",0.99 €,https://firebasestorage.googleapis.com/v0/b/lastmile-ui/o/import%2Fphotos%2Fconverted%2Fproduct%2FthumbUrl%2FCvKfTzV4TN5U8BTMF1Hl_288527_OrXUvGAuc2NCJDRvzNOTXOM3rsp1_i30fhQAnFFl44Y5o560v.webp?alt=media&token=1fa2c2cf-d9d9-43d2-97ad-d1687ee376a9
IKI,"Tuno gabaliukai alyvuogių aliejuje SUN&SEA, 3x80g",3.74 €,https://firebasestorage.googleapis.com/v0/b/lastmile-ui/o/import%2Fphotos%2Fconverted%2Fproduct%2FthumbUrl%2FCvKfTzV4TN5U8BTMF1Hl_290242_OrXUvGAuc2NCJDRvzNOTXOM3rsp1_Ou7CJHzYM10ed4ddbfTg.webp?alt=media&token=f8fb7230-069b-46f3-a27b-fed2db87b4f2
IKI,"Sausainiai OREO GOLDEN, 154 g",1.94 €,https://firebasestorage.googleapis.com/v0/b/lastmile-ui/o/import%2Fphotos%2Fconverted%2Fproduct%2FthumbUrl%2FCvKfTzV4TN5U8BTMF1Hl_290591_OrXUvGAuc2NCJDRvzNOTXOM3rsp1_vUUwzOkA8p3APYXSZ9Hy.webp?alt=media&token=76427b55-4cfa-40da-ae47-8a7f4d072e41
IKI,"Kabliukai eglutės žaisliukams, 40 vnt",0.89 €,https://firebasestorage.googleapis.com/v0/b/lastmile-ui/o/import%2Fphotos%2Fconverted%2Fproduct%2FthumbUrl%2FCvKfTzV4TN5U8BTMF1Hl_220635_OrXUvGAuc2NCJDRvzNOTXOM3rsp1_JaF0SG1AsJliZrBeGSxE.webp?alt=media&token=e6a3565e-d862-4fde-9344-2f65ff11c6e6
IKI,"Moteriškos kojinaitės GLAMOUR EASY 20 DEN, vienas dydis, spalva DAINO, 2 poros",1.67 €,https://storage.googleapis.com/download/storage/v1/b/lastmile-ui/o/import%2Fphotos%2Fconverted%2Fproduct%2FCvKfTzV4TN5U8BTMF1Hl_261141_CvKfTzV4TN5U8BTMF1Hl_W5RvAbpnRicygag1V4nopPhtD8z2_2V0Artk5c8D0FG2Jm44F_thumb.webp?generation=1699884897557039&alt=media
IKI,"Moteriškos kojinės INCANTO TIFFANY 20 DEN, 3 dydis, spalva DAINO",7.19 €,https://storage.googleapis.com/download/storage/v1/b/lastmile-ui/o/images%2Fproducts%2Fthumb_aibr8PPf6yWy8ICBj5wl.jpg?generation=1639147420173176&alt=media
IKI,"Plaukų lakas TAFT POWER&FULLNESS, 250 ml",2.99 €,https://storage.googleapis.com/download/storage/v1/b/lastmile-ui/o/import%2Fphotos%2Fconverted%2Fproduct%2Fglobal_U2UjPSeUMPrRqPQYeltd_xGdb10o0VzY1SFD6eDjbpqgxmW02_kMI7qui9FUk42mzCZzyK_thumb.jpg?generation=1674560115565778&alt=media
IKI,"Vitaminizuotas nagų aliejukas SINCERO SALON PEACH, 10 ml",2.24 €,https://firebasestorage.googleapis.com/v0/b/lastmile-ui/o/import%2Fphotos%2Fconverted%2Fproduct%2FthumbUrl%2FCvKfTzV4TN5U8BTMF1Hl_266544_OrXUvGAuc2NCJDRvzNOTXOM3rsp1_K9dzMmaPnUM3OqjXwSsm.webp?alt=media&token=7432a5d1-d4d7-4fce-928a-edb47d3eaa35
IKI,"Vyriškas purškiams dezodorantas REXONA INVISIBLE Fresh Power, 150 ml",2.14 €,https://storage.googleapis.com/download/storage/v1/b/lastmile-ui/o/import%2Fphotos%2Fconverted%2Fproduct%2Fglobal_WSkGiRq0MP6qz8e5plQN_W5RvAbpnRicygag1V4nopPhtD8z2_IXoFxscLdwXicuN4GvtB_thumb.jpg?generation=1687181627502073&alt=media
IKI,"Šampūnas su kofeinu nuo plaukų slinkimo ALPECIN, 375 ml",8.49 €,https://storage.googleapis.com/download/storage/v1/b/lastmile-ui/o/import%2Fphotos%2Fconverted%2Fproduct%2Fglobal_DkoKYt1sbNhLhKYEWwpy_xGdb10o0VzY1SFD6eDjbpqgxmW02_n8G3ytFNFgcyfbEepIx4_thumb.jpg?generation=1664888478193420&alt=media
IKI,"Dieninis kremas nuo senėjimo NIVEA CELLULAR, 50 ml",11.99 €,https://storage.googleapis.com/download/storage/v1/b/lastmile-ui/o/import%2Fphotos%2Fconverted%2Fproduct%2FCvKfTzV4TN5U8BTMF1Hl_vIpcg3Bky1kvziqJfrlC_CvKfTzV4TN5U8BTMF1Hl_W5RvAbpnRicygag1V4nopPhtD8z2_sV0bv45KLBIUSZVePQAN_thumb.webp?generation=1699528116266586&alt=media
IKI,Labanoro kiaulienos kumpelis mažai rūkytas,10.95 €,https://firebasestorage.googleapis.com/v0/b/lastmile-ui/o/import%2Fphotos%2Fconverted%2Fproduct%2FthumbUrl%2FCvKfTzV4TN5U8BTMF1Hl_279880_OrXUvGAuc2NCJDRvzNOTXOM3rsp1_F6ffi1cmydKLzDuFsqMY.webp?alt=media&token=ef5d9c22-6d1d-4eab-b38c-11d4fc7f799b
IKI,"Plaukų šampūnas GLISS SPLIT ENDS, 400 ml",3.49 €,https://firebasestorage.googleapis.com/v0/b/lastmile-ui/o/import%2Fphotos%2Fconverted%2Fproduct%2FthumbUrl%2FCvKfTzV4TN5U8BTMF1Hl_277557_W5RvAbpnRicygag1V4nopPhtD8z2_s6rtTHHvhi2dnpDusS8F.webp?alt=media&token=e3732213-0fbe-4c1b-b8d6-bd93a9cdea06
IKI,"Atkuriamasis plaukų aliejus su kanapių aliejumi GREEN FEEL'S, 100 ml",3.74 €,https://storage.googleapis.com/download/storage/v1/b/lastmile-ui/o/import%2Fphotos%2Fconverted%2Fproduct%2Fglobal_30XalXPWJCl6yGucslsK_xGdb10o0VzY1SFD6eDjbpqgxmW02_9DtTBCd1LVMoWEwcyjFK_thumb.jpg?generation=1674560117762779&alt=media
IKI,"Kava Löfbergs Medium Roast In Cup RA, 500g",7.99 €,https://firebasestorage.googleapis.com/v0/b/lastmile-ui/o/import%2Fphotos%2Fconverted%2Fproduct%2FthumbUrl%2FCvKfTzV4TN5U8BTMF1Hl_246239_uF3DptJQvjXHqmno4Mal_ZlnJMd43ENgXC4YSyzZI.webp?alt=media&token=7c852b10-e588-4c17-b992-d0af72e6e8c7
IKI,"Skustuvas VENUS Sugarberry, 1 galvutė",6.49 €,https://firebasestorage.googleapis.com/v0/b/lastmile-ui/o/import%2Fphotos%2Fconverted%2Fproduct%2FthumbUrl%2FCvKfTzV4TN5U8BTMF1Hl_281217_Y5wHCakiRVc8Kf1fJt96vh8Tr2I2_LbfP7eDlqIkjsOdQyJiD.webp?alt=media&token=8584430c-8dbd-4c0c-b897-954cff983197
IKI,"Šveičiamoji dušo želė NUNU by Simona Nainė GREEN FEEL, 250 ml",3.49 €,https://firebasestorage.googleapis.com/v0/b/lastmile-ui/o/import%2Fphotos%2Fconverted%2Fproduct%2FthumbUrl%2FCvKfTzV4TN5U8BTMF1Hl_285888_Y5wHCakiRVc8Kf1fJt96vh8Tr2I2_hoAuvG77KzPu32QCNPvI.webp?alt=media&token=f354d347-5202-44ea-8c6e-3e0729d4315a
IKI,ELSEVE Dream Long balzamas 200ml,2.74 €,https://firebasestorage.googleapis.com/v0/b/lastmile-ui/o/import%2Fphotos%2Fconverted%2Fproduct%2FthumbUrl%2FCvKfTzV4TN5U8BTMF1Hl_286592_Y5wHCakiRVc8Kf1fJt96vh8Tr2I2_EWiaw98D06Kn1jGNMjln.webp?alt=media&token=912c31f4-d473-47ce-bac5-6b3075924534
IKI,"Prezervatyvai DUREX SENSUAL NO LATEX, 3 vnt",2.74 €,https://firebasestorage.googleapis.com/v0/b/lastmile-ui/o/import%2Fphotos%2Fconverted%2Fproduct%2FthumbUrl%2FCvKfTzV4TN5U8BTMF1Hl_285837_OrXUvGAuc2NCJDRvzNOTXOM3rsp1_l8zASCawPi6WDGJ59Isd.webp?alt=media&token=28b77555-08a3-4f96-a020-b5c5b2759f44
IKI,Džiovintos šaltyje braškės su juoduoju šokoladu OCEAN ENTERING THE HOUSE,7.19 €,https://firebasestorage.googleapis.com/v0/b/lastmile-ui/o/import%2Fphotos%2Fconverted%2Fproduct%2FthumbUrl%2FCvKfTzV4TN5U8BTMF1Hl_286849_OrXUvGAuc2NCJDRvzNOTXOM3rsp1_2aMyEv7u6cENsd8FOkQH.webp?alt=media&token=bc510318-a06e-47df-bdb2-3a4c0c154b5e
IKI,"Purškiamas oro gaiviklis gaivaus rožių ir baltų jazminų kvapo AIR WICK, 237 ml",3.24 €,https://firebasestorage.googleapis.com/v0/b/lastmile-ui/o/import%2Fphotos%2Fconverted%2Fproduct%2FthumbUrl%2FCvKfTzV4TN5U8BTMF1Hl_268534_OrXUvGAuc2NCJDRvzNOTXOM3rsp1_3FuRgLMfqhEBjL7fqWdS.webp?alt=media&token=a90e50d5-dada-46f5-8a00-e3a18f329277
IKI,"Lakas nagams BŪK, 9 ml 313",0.89 €,https://firebasestorage.googleapis.com/v0/b/lastmile-ui/o/import%2Fphotos%2Fconverted%2Fproduct%2FthumbUrl%2FCvKfTzV4TN5U8BTMF1Hl_279291_OrXUvGAuc2NCJDRvzNOTXOM3rsp1_DhGButTonMqcaF5u0Hpi.webp?alt=media&token=eea58240-2bc8-46cf-915a-3e2f0ee412d5
IKI,"Kavos kapsulės  ""Lavazza A Modo Mio Lungo Dolce"" 288g  36vnt",9.99 €,https://firebasestorage.googleapis.com/v0/b/lastmile-ui/o/import%2Fphotos%2Fconverted%2Fproduct%2FthumbUrl%2FCvKfTzV4TN5U8BTMF1Hl_287974_OrXUvGAuc2NCJDRvzNOTXOM3rsp1_T4KmCtkbfxmIASk5Q7y1.webp?alt=media&token=10468172-5de2-4131-b343-ce4f9907ccf8
IKI,"Skystas skalbiklis ARIEL Sensitive, 25 skalb., 1,125 l",5.99 €,https://firebasestorage.googleapis.com/v0/b/lastmile-ui/o/import%2Fphotos%2Fconverted%2Fproduct%2FthumbUrl%2FCvKfTzV4TN5U8BTMF1Hl_287765_OrXUvGAuc2NCJDRvzNOTXOM3rsp1_xngiILCKlsLCtUnAoOOG.webp?alt=media&token=2acee805-f568-46f4-82dd-8bb5581c4dec
IKI,"Skalbimo kapsulės ""PERSIL DISCS Sensitive"" 23 skalbimai",8.49 €,https://firebasestorage.googleapis.com/v0/b/lastmile-ui/o/import%2Fphotos%2Fconverted%2Fproduct%2FthumbUrl%2FCvKfTzV4TN5U8BTMF1Hl_288452_OrXUvGAuc2NCJDRvzNOTXOM3rsp1_7ccm7CLxW1Yn4lSpjgfG.webp?alt=media&token=362b281d-458c-4239-bbbb-d15827f87b85
IKI,"Karamelizuoti migdolai su medumi, 150 g",1.84 €,https://firebasestorage.googleapis.com/v0/b/lastmile-ui/o/import%2Fphotos%2Fconverted%2Fproduct%2FthumbUrl%2FCvKfTzV4TN5U8BTMF1Hl_290163_OrXUvGAuc2NCJDRvzNOTXOM3rsp1_XH0I9sE2EbfGnye0dWwq.webp?alt=media&token=2e30e1e7-ed6b-486d-b5fd-e9ddda5c7690
IKI,"Kalėdinės servetėlės 33x33 cm, 16 vnt",0.89 €,https://firebasestorage.googleapis.com/v0/b/lastmile-ui/o/import%2Fphotos%2Fconverted%2Fproduct%2FthumbUrl%2FCvKfTzV4TN5U8BTMF1Hl_291192_OrXUvGAuc2NCJDRvzNOTXOM3rsp1_Y8o1l7IU3m4yZxpAhJq3.webp?alt=media&token=cb2f4f55-1b0c-465d-9074-214efec56ee9
IKI,"Šokolado plytelė eglutės MILKA, 90 g",1.34 €,https://firebasestorage.googleapis.com/v0/b/lastmile-ui/o/import%2Fphotos%2Fconverted%2Fproduct%2FthumbUrl%2FCvKfTzV4TN5U8BTMF1Hl_290632_uF3DptJQvjXHqmno4Mal_i0gop7gi2Gf8YPcAFO80.webp?alt=media&token=f5c98671-18c9-4ff4-820a-80a86fd059cf
IKI,"WC valiklis ECO RHUBARB OP, 500 ml",2.99 €,https://firebasestorage.googleapis.com/v0/b/lastmile-ui/o/import%2Fphotos%2Fconverted%2Fproduct%2FthumbUrl%2FCvKfTzV4TN5U8BTMF1Hl_278021_uF3DptJQvjXHqmno4Mal_Oe6KvAyPLIcLmselXEot.webp?alt=media&token=482e1da2-6633-4dc8-8890-21718330e401
IKI,Automodelių rinkinys HOT WHEELS,10.19 €,https://storage.googleapis.com/download/storage/v1/b/lastmile-ui/o/import%2Fphotos%2Fconverted%2Fproduct%2FCvKfTzV4TN5U8BTMF1Hl_47930_CvKfTzV4TN5U8BTMF1Hl_W5RvAbpnRicygag1V4nopPhtD8z2_QnFgHzKvqZeQSYA1nQhT_thumb.jpg?generation=1688450522807395&alt=media
IKI,"Serumas nuo plaukų slinkimo GROŽVITA PRO, 125 ml",6.89 €,https://storage.googleapis.com/download/storage/v1/b/lastmile-ui/o/import%2Fphotos%2Fconverted%2Fproduct%2Fglobal_1fMoZhJE2xYx6R9ttw8i_W5RvAbpnRicygag1V4nopPhtD8z2_026bp9eqfNv3MDXAkxa3_thumb.jpg?generation=1687181628187252&alt=media
IKI,"VITAMIN C drėkinantis gelis su VIT.C, 50 ml",4.39 €,https://storage.googleapis.com/download/storage/v1/b/lastmile-ui/o/import%2Fphotos%2Fconverted%2Fproduct%2Fglobal_k0A0LXLcOT81m2ReQZ9g_xGdb10o0VzY1SFD6eDjbpqgxmW02_3p7QlGMfwsYYiDOfVjG2_thumb.jpg?generation=1677061518127018&alt=media
IKI,"Automatinio oro gaiviklio užpildas AIR WICK ESSENTIAL MIST apelsinų žiedų ir žaliųjų citrinų aromatas, 200 ml",4.49 €,https://storage.googleapis.com/download/storage/v1/b/lastmile-ui/o/import%2Fphotos%2Fconverted%2Fproduct%2FCvKfTzV4TN5U8BTMF1Hl_276070_CvKfTzV4TN5U8BTMF1Hl_W5RvAbpnRicygag1V4nopPhtD8z2_Km0oHryLL64RsJiPZjQr_thumb.jpg?generation=1690192214030574&alt=media
IKI,"Pieštukinis antipersipirantas NIVEA MEN BLACK&WHITE ORIGINAL, 50 ml",2.99 €,https://storage.googleapis.com/download/storage/v1/b/lastmile-ui/o/import%2Fphotos%2Fconverted%2Fproduct%2FCvKfTzV4TN5U8BTMF1Hl_277293_CvKfTzV4TN5U8BTMF1Hl_W5RvAbpnRicygag1V4nopPhtD8z2_sn9DgHKGmf19D8I2fVsm_thumb.webp?generation=1700137014942957&alt=media
IKI,"Dezodorantas FA Fresh&Dry Green, 150 ml",2.49 €,https://firebasestorage.googleapis.com/v0/b/lastmile-ui/o/import%2Fphotos%2Fconverted%2Fproduct%2FthumbUrl%2FCvKfTzV4TN5U8BTMF1Hl_278771_Y5wHCakiRVc8Kf1fJt96vh8Tr2I2_76G8Bom42nvo6N1STO4D.webp?alt=media&token=dd1f27c7-0a01-4cec-9059-1e02139b3827
IKI,"Gaivusis gazuotas gėrimas CHUPA CHUPS WATERMELON, 0,345 l",0.99 €,https://firebasestorage.googleapis.com/v0/b/lastmile-ui/o/import%2Fphotos%2Fconverted%2Fproduct%2FthumbUrl%2FCvKfTzV4TN5U8BTMF1Hl_270541_uF3DptJQvjXHqmno4Mal_cwS2X8H98HmAfghUmIhk.webp?alt=media&token=b9d6c935-eac8-47e3-b026-d9e59ca4d8a0
IKI,"Vienkartiniai skustuvai GILLETTE BLUE 3 Comfort, 12 vnt",6.99 €,https://firebasestorage.googleapis.com/v0/b/lastmile-ui/o/import%2Fphotos%2Fconverted%2Fproduct%2FthumbUrl%2FCvKfTzV4TN5U8BTMF1Hl_281212_Y5wHCakiRVc8Kf1fJt96vh8Tr2I2_HMPDDjxLqw38K1vIjM5n.webp?alt=media&token=87eec952-a9fe-4685-b18c-cbfbc5bf16a3
IKI,"Drėkinamasis veido kremas nuo senėjimo požymių NIVEA Men Anti-Age Hyaluron, 108 g",7.24 €,https://firebasestorage.googleapis.com/v0/b/lastmile-ui/o/import%2Fphotos%2Fconverted%2Fproduct%2FthumbUrl%2FCvKfTzV4TN5U8BTMF1Hl_280013_Pos12xpkYpPSKaVDW3jqu7xnlg23_B1dLqOcVj4y7d1IIjt4e.webp?alt=media&token=9dd49922-f4a6-40e5-bdb5-10dab69c2c18
IKI,"GARNIER SKIN NATURALS PROBIOTICS lakštinė kaukė, 22 g",1.89 €,https://firebasestorage.googleapis.com/v0/b/lastmile-ui/o/import%2Fphotos%2Fconverted%2Fproduct%2FthumbUrl%2FCvKfTzV4TN5U8BTMF1Hl_273669_Y5wHCakiRVc8Kf1fJt96vh8Tr2I2_4ZXz8eTayCzL7uOslrtW.webp?alt=media&token=d0e4e285-8c33-4323-a5bf-908bc7505548
IKI,"Plaukų šampūnas HEAD&SHOULDERS Menthol 2in1, 250 ml",3.59 €,https://firebasestorage.googleapis.com/v0/b/lastmile-ui/o/import%2Fphotos%2Fconverted%2Fproduct%2FthumbUrl%2FCvKfTzV4TN5U8BTMF1Hl_281651_Y5wHCakiRVc8Kf1fJt96vh8Tr2I2_ClVe086KYZaZvDcmgiLh.webp?alt=media&token=69b5bba9-6a27-496f-8c6b-55695c28ca5b
IKI,"Plaukų šampūnas HEAD&SHOULDERS Nourish, 400ml",4.24 €,https://firebasestorage.googleapis.com/v0/b/lastmile-ui/o/import%2Fphotos%2Fconverted%2Fproduct%2FthumbUrl%2FCvKfTzV4TN5U8BTMF1Hl_232405_Y5wHCakiRVc8Kf1fJt96vh8Tr2I2_Hjn7aNzB6SWjg97kIMpE.webp?alt=media&token=4dad501f-3b39-46ad-ae11-89462e83853f
IKI,"Purškiamas dezodorantas DOVE INVISIBLE CARE, 150 ml",2.74 €,https://firebasestorage.googleapis.com/v0/b/lastmile-ui/o/import%2Fphotos%2Fconverted%2Fproduct%2FthumbUrl%2FCvKfTzV4TN5U8BTMF1Hl_285833_OrXUvGAuc2NCJDRvzNOTXOM3rsp1_XmzXVJ0CnBEPvxHf2Rfx.webp?alt=media&token=a537531d-9012-4091-8c0a-21cc62278e8d
IKI,"Dušo želė PALMOLIVE JASMIN, 500 ml",3.49 €,https://firebasestorage.googleapis.com/v0/b/lastmile-ui/o/import%2Fphotos%2Fconverted%2Fproduct%2FthumbUrl%2FCvKfTzV4TN5U8BTMF1Hl_286100_OrXUvGAuc2NCJDRvzNOTXOM3rsp1_Oh5YgD9CLra6jXl3fphz.webp?alt=media&token=dad68c00-a33e-42d4-a228-c0cfce586407
IKI,"Kepimo popierius SKUBIS, 8m x 38 cm",2.57 €,https://firebasestorage.googleapis.com/v0/b/lastmile-ui/o/import%2Fphotos%2Fconverted%2Fproduct%2FthumbUrl%2FCvKfTzV4TN5U8BTMF1Hl_259147_OrXUvGAuc2NCJDRvzNOTXOM3rsp1_gDBadilRYH4vEwrzO4zn.webp?alt=media&token=0773831b-fe15-4e21-91c8-c5d48b06d31f
IKI,Batiste Original Sausas plaukų šampūnas 50ml,1.74 €,https://firebasestorage.googleapis.com/v0/b/lastmile-ui/o/import%2Fphotos%2Fconverted%2Fproduct%2FthumbUrl%2FCvKfTzV4TN5U8BTMF1Hl_288725_OrXUvGAuc2NCJDRvzNOTXOM3rsp1_4mQuMD5wPXo25FxwTkOV.webp?alt=media&token=4a21a04a-b9d1-4854-ba04-efc289f4f334
IKI,"Rutulinis dezodorantas NATURA AMICA NEUTRAL, 75 ml",4.74 €,https://storage.googleapis.com/download/storage/v1/b/lastmile-ui/o/import%2Fphotos%2Fconverted%2Fproduct%2FCvKfTzV4TN5U8BTMF1Hl_227447_CvKfTzV4TN5U8BTMF1Hl_W5RvAbpnRicygag1V4nopPhtD8z2_ipp1lCWGPNIIxoBPTly7_thumb.jpg?generation=1690192210920498&alt=media
IKI,"Pieštukinis antiperspirantas NIVEA, 50 ml",2.99 €,https://storage.googleapis.com/download/storage/v1/b/lastmile-ui/o/import%2Fphotos%2Fconverted%2Fproduct%2FCvKfTzV4TN5U8BTMF1Hl_277296_CvKfTzV4TN5U8BTMF1Hl_W5RvAbpnRicygag1V4nopPhtD8z2_t8PFz8MKDLfgjQzOsbbV_thumb.webp?generation=1700137009766141&alt=media
IKI,"Pieštukinis antiperspirantas NIVEA MEN BLACK & WHITE FRESH, 50 ml",2.99 €,https://storage.googleapis.com/download/storage/v1/b/lastmile-ui/o/import%2Fphotos%2Fconverted%2Fproduct%2FCvKfTzV4TN5U8BTMF1Hl_277294_CvKfTzV4TN5U8BTMF1Hl_W5RvAbpnRicygag1V4nopPhtD8z2_l75gmJAuGZmR6IVLD443_thumb.webp?generation=1700137010504541&alt=media
IKI,Lankelis su elnio ragais,1.24 €,https://storage.googleapis.com/download/storage/v1/b/lastmile-ui/o/import%2Fphotos%2Fconverted%2Fproduct%2FCvKfTzV4TN5U8BTMF1Hl_279174_CvKfTzV4TN5U8BTMF1Hl_W5RvAbpnRicygag1V4nopPhtD8z2_YkWu2rxf5TrC6pJfkFhU_thumb.webp?generation=1700725595928400&alt=media
IKI,"Garnier color naturals plaukų dažai, 5.12",2.49 €,https://firebasestorage.googleapis.com/v0/b/lastmile-ui/o/import%2Fphotos%2Fconverted%2Fproduct%2FthumbUrl%2FCvKfTzV4TN5U8BTMF1Hl_281508_Y5wHCakiRVc8Kf1fJt96vh8Tr2I2_IkbfUbKjtMUhcbDGQfsx.webp?alt=media&token=0dd4230f-af4b-4701-b806-67c22f8ba1d4
IKI,"Higieniniai paketai NATURELLA Ultra Normal Plus, S2, 36 vnt.",5.94 €,https://firebasestorage.googleapis.com/v0/b/lastmile-ui/o/import%2Fphotos%2Fconverted%2Fproduct%2FthumbUrl%2FCvKfTzV4TN5U8BTMF1Hl_283742_Y5wHCakiRVc8Kf1fJt96vh8Tr2I2_3VcKTuOp8z3KmMX3ir2T.webp?alt=media&token=c6a052f9-1f74-484e-ac6f-cd85bf390928
IKI,"Automatinių indaplovių kapsulės FAIRY Platinum Lemon, 45vnt",14.49 €,https://firebasestorage.googleapis.com/v0/b/lastmile-ui/o/import%2Fphotos%2Fconverted%2Fproduct%2FthumbUrl%2FCvKfTzV4TN5U8BTMF1Hl_282566_Y5wHCakiRVc8Kf1fJt96vh8Tr2I2_80yMbJ6oqpXtjLCQ05to.webp?alt=media&token=a21ec4c3-e1d6-421c-8745-9eb9e2350901
IKI,"Dušo gelis OLD SPICE Whitewater, 675 ml",4.39 €,https://firebasestorage.googleapis.com/v0/b/lastmile-ui/o/import%2Fphotos%2Fconverted%2Fproduct%2FthumbUrl%2FCvKfTzV4TN5U8BTMF1Hl_285822_Y5wHCakiRVc8Kf1fJt96vh8Tr2I2_uVw9wtW9I7qKaJS8krsf.webp?alt=media&token=d5834ce7-1a02-47d0-adf4-c3e5e7debb1d
IKI,FELIX Naturally Delicious jautiena 50 g,1.49 €,https://firebasestorage.googleapis.com/v0/b/lastmile-ui/o/import%2Fphotos%2Fconverted%2Fproduct%2FthumbUrl%2FCvKfTzV4TN5U8BTMF1Hl_280617_Y5wHCakiRVc8Kf1fJt96vh8Tr2I2_juMPy6LLWbMJxPgZc2ws.webp?alt=media&token=53280861-9a2f-472e-80ea-d5d1e73bf09a
IKI,"Kondicionierius pažeistiems ir drėgmės stokojantiems plaukams IEVA, 300 ml",4.24 €,https://firebasestorage.googleapis.com/v0/b/lastmile-ui/o/import%2Fphotos%2Fconverted%2Fproduct%2FthumbUrl%2FCvKfTzV4TN5U8BTMF1Hl_284310_Y5wHCakiRVc8Kf1fJt96vh8Tr2I2_TI96qtmRxXXpPjekyLCW.webp?alt=media&token=1a16c676-9949-42ff-8dc5-18c812cab902
IKI,"Dantų pasta ECODENTA su cbd ir probiotikais, 100 ml",2.89 €,https://firebasestorage.googleapis.com/v0/b/lastmile-ui/o/import%2Fphotos%2Fconverted%2Fproduct%2FthumbUrl%2FCvKfTzV4TN5U8BTMF1Hl_285276_OrXUvGAuc2NCJDRvzNOTXOM3rsp1_YnxWJnt4IwiEK3pTEwUQ.webp?alt=media&token=d8461dba-8ccc-434f-9699-16672e40c10b
IKI,"ELSEVE Glycolic Gloss 5 min. glotninamoji nuskalaujamoji priemonė, 200 ml",5.49 €,https://firebasestorage.googleapis.com/v0/b/lastmile-ui/o/import%2Fphotos%2Fconverted%2Fproduct%2FthumbUrl%2FCvKfTzV4TN5U8BTMF1Hl_286598_Y5wHCakiRVc8Kf1fJt96vh8Tr2I2_xTLZuMcwvdo8EdKlYWZ1.webp?alt=media&token=b52b1bc8-54f2-4a4b-a90b-926595eaa828
IKI,ELSEVE Arginine Resist x3 šampūnas 400ml (moterims),3.59 €,https://firebasestorage.googleapis.com/v0/b/lastmile-ui/o/import%2Fphotos%2Fconverted%2Fproduct%2FthumbUrl%2FCvKfTzV4TN5U8BTMF1Hl_286602_Y5wHCakiRVc8Kf1fJt96vh8Tr2I2_t2luSut1vhVfNFrdf0nP.webp?alt=media&token=58b63084-b614-4a7a-a410-257d40a5f559
IKI,Sausas maistas šunims CLUB 4 PAWS,6.99 €,https://firebasestorage.googleapis.com/v0/b/lastmile-ui/o/import%2Fphotos%2Fconverted%2Fproduct%2FthumbUrl%2FCvKfTzV4TN5U8BTMF1Hl_286733_OrXUvGAuc2NCJDRvzNOTXOM3rsp1_OTfNOjXXkQt3XfTXD5WF.webp?alt=media&token=14bec4fb-94b1-4013-9764-bddf837caffb
IKI,ELSEVE Dream Long balzamas 400ml,3.49 €,https://firebasestorage.googleapis.com/v0/b/lastmile-ui/o/import%2Fphotos%2Fconverted%2Fproduct%2FthumbUrl%2FCvKfTzV4TN5U8BTMF1Hl_287745_uF3DptJQvjXHqmno4Mal_5S84vbjGFLOMMC2lL7f4.webp?alt=media&token=a87cdbe0-e656-4fd1-b8a8-599741f1060c
IKI,Dubajietiško stiliaus tartaletė su pistacijų kremu,3.19 €,https://firebasestorage.googleapis.com/v0/b/lastmile-ui/o/import%2Fphotos%2Fconverted%2Fproduct%2FthumbUrl%2FCvKfTzV4TN5U8BTMF1Hl_288481_OrXUvGAuc2NCJDRvzNOTXOM3rsp1_oVjfSgBHbn76uvOWsBrB.webp?alt=media&token=527006a5-6fcc-4826-855c-e9c00241b9d5
IKI,"LISTERINE Coolmint Mild taste burnos skalavimo skystis, 80 ml",1.24 €,https://firebasestorage.googleapis.com/v0/b/lastmile-ui/o/import%2Fphotos%2Fconverted%2Fproduct%2FthumbUrl%2FCvKfTzV4TN5U8BTMF1Hl_289404_OrXUvGAuc2NCJDRvzNOTXOM3rsp1_waw586BNly8rpl4jZRUj.webp?alt=media&token=239a781a-916c-4551-b6d3-47238c1b8bd9
IKI,"Parfumuotas vanduo moterims ULRIC DE VARENS VARENSIA, 50 ml",5.99 €,https://storage.googleapis.com/download/storage/v1/b/lastmile-ui/o/import%2Fphotos%2Fconverted%2Fproduct%2Fglobal_JiQPlTJiJmrgNeGgZym4_xGdb10o0VzY1SFD6eDjbpqgxmW02_TkPxLJ6cN55TN3f8R5i5_thumb.jpg?generation=1674560117093519&alt=media
IKI,"MAGIC RETOUCH akimirksniu ataugusias šaknis paslepiantis purškiklis, Brown, 75 ml",5.99 €,https://storage.googleapis.com/download/storage/v1/b/lastmile-ui/o/import%2Fphotos%2Fconverted%2Fproduct%2FCvKfTzV4TN5U8BTMF1Hl_237426_CvKfTzV4TN5U8BTMF1Hl_W5RvAbpnRicygag1V4nopPhtD8z2_i9YeNlAFp1B51kXAIJnS_thumb.webp?generation=1700137053931694&alt=media
IKI,"Nagų lako stipriklis SINCERO SALON PUMP, 11 ml",1.74 €,https://firebasestorage.googleapis.com/v0/b/lastmile-ui/o/import%2Fphotos%2Fconverted%2Fproduct%2FthumbUrl%2FCvKfTzV4TN5U8BTMF1Hl_246958_OrXUvGAuc2NCJDRvzNOTXOM3rsp1_ebtHBwxCwEns1t5YeEFr.webp?alt=media&token=24ed644a-46d9-4bad-b99d-8721feef3248
IKI,"Drėkinantis gelis GARNIER BOTANICAL HYALURONIC ALOE JELLY, 50 ml",4.74 €,https://storage.googleapis.com/download/storage/v1/b/lastmile-ui/o/images%2Fproducts%2Fthumb_MrV3TwGtPA0iNyS8zut2.jpg?generation=1644048352232124&alt=media
IKI,"Skustuvo galvutės GILLETTE FUSION 5 Power, 4vnt.",13.97 €,https://firebasestorage.googleapis.com/v0/b/lastmile-ui/o/import%2Fphotos%2Fconverted%2Fproduct%2FthumbUrl%2FCvKfTzV4TN5U8BTMF1Hl_266105_Y5wHCakiRVc8Kf1fJt96vh8Tr2I2_YgTQIBiX5KHna2NGaSDz.webp?alt=media&token=1f0a42de-fc0e-44a2-8b6b-f63d8eb8ce18
IKI,"L’Oréal Paris Age Specialist atkuriamasis paakių kremas nuo raukšlių 55+, 15 ml",6.74 €,https://storage.googleapis.com/download/storage/v1/b/lastmile-ui/o/import%2Fphotos%2Fconverted%2Fproduct%2Fglobal_wdlxUJDppmooeGkmePak_xGdb10o0VzY1SFD6eDjbpqgxmW02_znmGniZJUBiZnsGAVHfw_thumb.jpg?generation=1674651244237021&alt=media
IKI,"Skustuvo galvutės GILLETTE FUSION Proglide Power, 4vnt.",14.99 €,https://firebasestorage.googleapis.com/v0/b/lastmile-ui/o/import%2Fphotos%2Fconverted%2Fproduct%2FthumbUrl%2FCvKfTzV4TN5U8BTMF1Hl_270030_Y5wHCakiRVc8Kf1fJt96vh8Tr2I2_NaqkcWujypbPMwgEbcdk.webp?alt=media&token=0ef6c538-d0bf-4f81-8274-180a409c8830
IKI,"Vienkartiniai skustuvai GILLETTE BLUE 3 Plus Sport, 6+2vnt",5.49 €,https://firebasestorage.googleapis.com/v0/b/lastmile-ui/o/import%2Fphotos%2Fconverted%2Fproduct%2FthumbUrl%2FCvKfTzV4TN5U8BTMF1Hl_274827_Y5wHCakiRVc8Kf1fJt96vh8Tr2I2_VNPFi24YP2UP2um2FbJi.webp?alt=media&token=e43886a8-f4d8-41bf-9795-8fc0b7e52cf0
IKI,"Į bėrimus linkusios odos su trūkumais prausimosi gelis NIVEA DERMA SKIN CLEAR, 150 ml",5.49 €,https://storage.googleapis.com/download/storage/v1/b/lastmile-ui/o/import%2Fphotos%2Fconverted%2Fproduct%2FCvKfTzV4TN5U8BTMF1Hl_276092_CvKfTzV4TN5U8BTMF1Hl_W5RvAbpnRicygag1V4nopPhtD8z2_Ge7Tf4xdwD52vXtqkL8m_thumb.jpg?generation=1688450528209183&alt=media
IKI,"Lūpas putlinanti lakštinė kaukė GARNIER SKIN NATURALS, 5 g",1.89 €,https://storage.googleapis.com/download/storage/v1/b/lastmile-ui/o/import%2Fphotos%2Fconverted%2Fproduct%2Fglobal_yvDQBmE5NSose1M5kWhz_W5RvAbpnRicygag1V4nopPhtD8z2_HkqBO3sBlrdFgBDJi7Rc_thumb.jpg?generation=1684828969421630&alt=media
IKI,"GARNIER CRYO JELLY vėsinanti regeneruojanti lakštinė kaukė paakių sričiai, 5 g",1.89 €,https://firebasestorage.googleapis.com/v0/b/lastmile-ui/o/import%2Fphotos%2Fconverted%2Fproduct%2FthumbUrl%2FCvKfTzV4TN5U8BTMF1Hl_279895_Y5wHCakiRVc8Kf1fJt96vh8Tr2I2_uDOupP7iEYaUY6yrsA8T.webp?alt=media&token=502befba-bd9d-4154-a767-e02d26697dbc
IKI,"Ecodenta cinamono skonio juoda/balinamoji dantų pasta, 100 ml",2.89 €,https://firebasestorage.googleapis.com/v0/b/lastmile-ui/o/import%2Fphotos%2Fconverted%2Fproduct%2FthumbUrl%2FCvKfTzV4TN5U8BTMF1Hl_280406_Y5wHCakiRVc8Kf1fJt96vh8Tr2I2_HxmFAgFRwMZMTkJMnTNP.webp?alt=media&token=26ee3673-45e0-43ef-b9da-b399eb663882
IKI,"Dušo gelis OLD SPICE Captain, 675 ml",4.39 €,https://firebasestorage.googleapis.com/v0/b/lastmile-ui/o/import%2Fphotos%2Fconverted%2Fproduct%2FthumbUrl%2FCvKfTzV4TN5U8BTMF1Hl_285821_Y5wHCakiRVc8Kf1fJt96vh8Tr2I2_SN2oQ50n8XP66KjDZcuu.webp?alt=media&token=3c306606-0835-443c-9807-ef034fa39aa0
IKI,"FA dušo gelis MEN ENERGIZING SPORT, 400 ml",2.74 €,https://firebasestorage.googleapis.com/v0/b/lastmile-ui/o/import%2Fphotos%2Fconverted%2Fproduct%2FthumbUrl%2FCvKfTzV4TN5U8BTMF1Hl_70496_OrXUvGAuc2NCJDRvzNOTXOM3rsp1_LBHGyOEYIHUDkTR0a0ut.webp?alt=media&token=bd37b6a9-328a-4c68-9805-a3ba9172add6
IKI,"FA dušo gelis MAGIC OIL Pink Jasmine, 400 ml",2.74 €,https://firebasestorage.googleapis.com/v0/b/lastmile-ui/o/import%2Fphotos%2Fconverted%2Fproduct%2FthumbUrl%2FCvKfTzV4TN5U8BTMF1Hl_283317_OrXUvGAuc2NCJDRvzNOTXOM3rsp1_6WM1fEWQt41NrZXA9ih3.webp?alt=media&token=a2ef899f-2bf6-40a8-a6fe-3cf44b4a6391
IKI,Plaukų kondicionierius SYOSS INTENSE OLEO,3.84 €,https://firebasestorage.googleapis.com/v0/b/lastmile-ui/o/import%2Fphotos%2Fconverted%2Fproduct%2FthumbUrl%2FCvKfTzV4TN5U8BTMF1Hl_286743_OrXUvGAuc2NCJDRvzNOTXOM3rsp1_JFJeSYn4any6dDWD1eLE.webp?alt=media&token=44bd71f9-4c4a-4b8f-9e91-5c77b8c22257
IKI,Plaukų kaukė SYOSS INTENSE KERATIN,5.49 €,https://firebasestorage.googleapis.com/v0/b/lastmile-ui/o/import%2Fphotos%2Fconverted%2Fproduct%2FthumbUrl%2FCvKfTzV4TN5U8BTMF1Hl_286742_OrXUvGAuc2NCJDRvzNOTXOM3rsp1_XZhxD3cr9Cyex9qizHaa.webp?alt=media&token=0de4445f-7b62-4109-ac4d-aaeaaac9b77d
IKI,"Šampūnas FRUCTIS GROW STRONG ORANGE, 400 ml",3.49 €,https://firebasestorage.googleapis.com/v0/b/lastmile-ui/o/import%2Fphotos%2Fconverted%2Fproduct%2FthumbUrl%2FCvKfTzV4TN5U8BTMF1Hl_284237_OrXUvGAuc2NCJDRvzNOTXOM3rsp1_ZLlyyMkXFMJa5l8FOf77.webp?alt=media&token=a69bee9f-326a-42b3-b587-529678380e64
IKI,Sausas maistas katėms su veršiena CLUB 4 PAWS,3.70 €,https://firebasestorage.googleapis.com/v0/b/lastmile-ui/o/import%2Fphotos%2Fconverted%2Fproduct%2FthumbUrl%2FCvKfTzV4TN5U8BTMF1Hl_286732_OrXUvGAuc2NCJDRvzNOTXOM3rsp1_twkI68CzkRGshhbiPs7V.webp?alt=media&token=172a7048-f648-4707-828b-6fb0f332a369
IKI,"Sauskelnės BABYWELL Midi 3 dydis, 50 vnt",6.37 €,https://firebasestorage.googleapis.com/v0/b/lastmile-ui/o/import%2Fphotos%2Fconverted%2Fproduct%2FthumbUrl%2FCvKfTzV4TN5U8BTMF1Hl_283096_OrXUvGAuc2NCJDRvzNOTXOM3rsp1_PfYqsubWORHjsCuoMmnj.webp?alt=media&token=76ba0bd8-dfcf-4cc9-a13d-6be9c06ffe78
IKI,"Negazuotas braškių skonio gaivusis gėrimas PULSE, 0,5 l",0.97 €,https://firebasestorage.googleapis.com/v0/b/lastmile-ui/o/import%2Fphotos%2Fconverted%2Fproduct%2FthumbUrl%2FCvKfTzV4TN5U8BTMF1Hl_284522_OrXUvGAuc2NCJDRvzNOTXOM3rsp1_gPkNIK12lwGpFiEq8fzF.webp?alt=media&token=5c42db54-8a98-40db-99ca-b63b28daa5f1
IKI,Draskyklė kartoninė AKINU 29x38x4cm,2.99 €,https://firebasestorage.googleapis.com/v0/b/lastmile-ui/o/import%2Fphotos%2Fconverted%2Fproduct%2FthumbUrl%2FCvKfTzV4TN5U8BTMF1Hl_285975_OrXUvGAuc2NCJDRvzNOTXOM3rsp1_nPlcRB0ENkRScUNwvLZv.webp?alt=media&token=0dbc6820-7cc2-4757-bc1b-b5b07bedb601
IKI,Bespalvis lako pagrindas su šilko proteinais BŪK,1.24 €,https://firebasestorage.googleapis.com/v0/b/lastmile-ui/o/import%2Fphotos%2Fconverted%2Fproduct%2FthumbUrl%2FCvKfTzV4TN5U8BTMF1Hl_62040_OrXUvGAuc2NCJDRvzNOTXOM3rsp1_ugxPyIfJNDwQLxOFq16i.webp?alt=media&token=d13eb210-ab76-4d48-a29e-b1226013c895
IKI,"Casting Creme Gloss pusiau ilgalaikiai plaukų dažai be amoniako, 300",6.24 €,https://firebasestorage.googleapis.com/v0/b/lastmile-ui/o/import%2Fphotos%2Fconverted%2Fproduct%2FthumbUrl%2FCvKfTzV4TN5U8BTMF1Hl_6125_OrXUvGAuc2NCJDRvzNOTXOM3rsp1_Hnhj38uYDc75uEdjnGMM.webp?alt=media&token=5f2137a9-3652-418b-94db-fb06e8fdb8db
IKI,"RAPID WHITE Anti Color dantų pasta, balinamoji, 75 ml",4.99 €,https://firebasestorage.googleapis.com/v0/b/lastmile-ui/o/import%2Fphotos%2Fconverted%2Fproduct%2FthumbUrl%2FCvKfTzV4TN5U8BTMF1Hl_287957_OrXUvGAuc2NCJDRvzNOTXOM3rsp1_QiXxx9vcvJE2I7ZqELaL.webp?alt=media&token=7e23a767-3734-4d1b-88b0-e0945fea60e5
IKI,"RAFFAELLO saldainiai T4, 40g",1.24 €,https://firebasestorage.googleapis.com/v0/b/lastmile-ui/o/import%2Fphotos%2Fconverted%2Fproduct%2FthumbUrl%2FCvKfTzV4TN5U8BTMF1Hl_67193_OrXUvGAuc2NCJDRvzNOTXOM3rsp1_r4DYWUd2XH19z8ObH231.webp?alt=media&token=72bec6ad-f75b-4733-8cd7-b207fe8f7ac6
IKI,"Šaldytos daržovės tempuroje MAHESO, 350 g",2.72 €,https://firebasestorage.googleapis.com/v0/b/lastmile-ui/o/import%2Fphotos%2Fconverted%2Fproduct%2FthumbUrl%2FCvKfTzV4TN5U8BTMF1Hl_290294_OrXUvGAuc2NCJDRvzNOTXOM3rsp1_bcnU6Dd755Sl1v1bqBXI.webp?alt=media&token=e150e72d-feaa-4841-8318-f304193603bf
IKI,Desertas BILLA PREMIUM CREMA CATALANA 125 g,1.59 €,https://firebasestorage.googleapis.com/v0/b/lastmile-ui/o/import%2Fphotos%2Fconverted%2Fproduct%2FthumbUrl%2FCvKfTzV4TN5U8BTMF1Hl_291439_OrXUvGAuc2NCJDRvzNOTXOM3rsp1_WOco9sy94poZFF1dtrAe.webp?alt=media&token=9b48d9c9-1c03-4d74-bd89-78c6c639999d
IKI,Plaukų dažai PALETTE,2.99 €,https://firebasestorage.googleapis.com/v0/b/lastmile-ui/o/import%2Fphotos%2Fconverted%2Fproduct%2FthumbUrl%2FCvKfTzV4TN5U8BTMF1Hl_59760_OrXUvGAuc2NCJDRvzNOTXOM3rsp1_Oob6mSCG6meyHul3NssN.webp?alt=media&token=9199e4c5-f416-4cf6-b0d5-286cb88b972c
IKI,"Veido kremas vyrmas NIVEA MEN ORIGINALS, 50 ml",4.79 €,https://storage.googleapis.com/download/storage/v1/b/lastmile-ui/o/images%2Fproducts%2Fthumb_jsU5taxo3Vqro9q1GXwr.jpg?generation=1639147442885931&alt=media
IKI,"Nagų priemonė BILIONAILS SINCERO SALON, 11 ml",1.74 €,https://firebasestorage.googleapis.com/v0/b/lastmile-ui/o/import%2Fphotos%2Fconverted%2Fproduct%2FthumbUrl%2FCvKfTzV4TN5U8BTMF1Hl_246957_OrXUvGAuc2NCJDRvzNOTXOM3rsp1_7SA97yl3ENBlq8lzFPQo.webp?alt=media&token=754c9c6f-c8ba-4fd1-b468-b11f9b3596fc
IKI,"Vitamin C serumas nuo pigmentinių dėmių su vitaminu C, 30 ml",8.99 €,https://storage.googleapis.com/download/storage/v1/b/lastmile-ui/o/import%2Fphotos%2Fconverted%2Fproduct%2Fglobal_u92PWYnsQ3ZyZoFbHWqv_xGdb10o0VzY1SFD6eDjbpqgxmW02_5ebjdSKeFyHs43SY23eU_thumb.jpg?generation=1674651246805517&alt=media
IKI,"Šampūnas apimčiai ECOFORIA „Volume Maker“, 400 ml",4.99 €,https://firebasestorage.googleapis.com/v0/b/lastmile-ui/o/import%2Fphotos%2Fconverted%2Fproduct%2FthumbUrl%2FCvKfTzV4TN5U8BTMF1Hl_277549_Y5wHCakiRVc8Kf1fJt96vh8Tr2I2_O3833uH9C3hOespsRI9K.webp?alt=media&token=2d9cd08d-72d3-493c-995c-8555028efab1
IKI,"Kūno losjonas NIVEA Aloe & Hydration, 400 ml",5.49 €,https://firebasestorage.googleapis.com/v0/b/lastmile-ui/o/import%2Fphotos%2Fconverted%2Fproduct%2FthumbUrl%2FCvKfTzV4TN5U8BTMF1Hl_281005_Pos12xpkYpPSKaVDW3jqu7xnlg23_Mb3RFNhScz1NtfcK1BbP.webp?alt=media&token=9293e575-08e2-4615-ab92-c460d4b1e2d6
IKI,"Garnier mineral hyaluronic care purškiamas dezodorantas, 150 ml",2.89 €,https://firebasestorage.googleapis.com/v0/b/lastmile-ui/o/import%2Fphotos%2Fconverted%2Fproduct%2FthumbUrl%2FCvKfTzV4TN5U8BTMF1Hl_281510_Y5wHCakiRVc8Kf1fJt96vh8Tr2I2_rp0ZGNqKUiXSOp4uTqaO.webp?alt=media&token=6ee3c4e2-89fc-4545-a08e-2b8ec1b001f6
IKI,"Garnier color naturals plaukų dažai, 10",2.49 €,https://firebasestorage.googleapis.com/v0/b/lastmile-ui/o/import%2Fphotos%2Fconverted%2Fproduct%2FthumbUrl%2FCvKfTzV4TN5U8BTMF1Hl_281509_Y5wHCakiRVc8Kf1fJt96vh8Tr2I2_IgIcfYnIUQvRBPKpUaNp.webp?alt=media&token=68f9efca-77ef-49b2-8373-d5bad9b0c0a8
IKI,"Plaukų šampūnas AUSSIE SOS Repair&Revive, 300 ml",5.99 €,https://firebasestorage.googleapis.com/v0/b/lastmile-ui/o/import%2Fphotos%2Fconverted%2Fproduct%2FthumbUrl%2FCvKfTzV4TN5U8BTMF1Hl_284732_Y5wHCakiRVc8Kf1fJt96vh8Tr2I2_Kj7N48rqLyDBibmKsv0J.webp?alt=media&token=8af1a4a6-bb52-46dc-8ba7-fa77cdf7408d
IKI,"LAIMA LUKSS Juodasis šokolada su migdolais, 190 g",4.49 €,https://firebasestorage.googleapis.com/v0/b/lastmile-ui/o/import%2Fphotos%2Fconverted%2Fproduct%2FthumbUrl%2FCvKfTzV4TN5U8BTMF1Hl_282899_Y5wHCakiRVc8Kf1fJt96vh8Tr2I2_kEnMYNcoBO1dOUdwRVI6.webp?alt=media&token=e2fba3a4-4b9e-4f29-8f50-5846db0fd9a9
IKI,ELSEVE Dream Long šampūnas 250ml,2.74 €,https://firebasestorage.googleapis.com/v0/b/lastmile-ui/o/import%2Fphotos%2Fconverted%2Fproduct%2FthumbUrl%2FCvKfTzV4TN5U8BTMF1Hl_286603_Y5wHCakiRVc8Kf1fJt96vh8Tr2I2_nLJT9VhQ7htqLyiXHMat.webp?alt=media&token=17e140cc-a9dc-416f-b3aa-ce319450627d
IKI,"Šampūnas SCHAUMA ANTI-DANDRUFF INTENSIVE, 400 ml",2.49 €,https://firebasestorage.googleapis.com/v0/b/lastmile-ui/o/import%2Fphotos%2Fconverted%2Fproduct%2FthumbUrl%2FCvKfTzV4TN5U8BTMF1Hl_284738_OrXUvGAuc2NCJDRvzNOTXOM3rsp1_UQ9CPE2JNfkg8OuQhbNl.webp?alt=media&token=138a1093-62eb-47c6-bb15-cd14f20e20e5
IKI,"Tualetinis vanduo moterims MOHITO, 50 ml",2.99 €,https://firebasestorage.googleapis.com/v0/b/lastmile-ui/o/import%2Fphotos%2Fconverted%2Fproduct%2FthumbUrl%2FCvKfTzV4TN5U8BTMF1Hl_276425_OrXUvGAuc2NCJDRvzNOTXOM3rsp1_YJm95nU8dNAOSPYnw83g.webp?alt=media&token=4a4e3fea-372f-4cec-9900-77bcd1587539
IKI,"Plaukų purškiklis REVUELE VOLUME SEA SALT TEXTURISING, 200 ml",1.99 €,https://firebasestorage.googleapis.com/v0/b/lastmile-ui/o/import%2Fphotos%2Fconverted%2Fproduct%2FthumbUrl%2FCvKfTzV4TN5U8BTMF1Hl_284314_OrXUvGAuc2NCJDRvzNOTXOM3rsp1_Btdc1c625k777qBkxvZU.webp?alt=media&token=b7396ce3-1a4a-4a62-8e7c-8c9b22fa9763
IKI,"Aliuminio folija, rulonas SKUBIS, 10m x 29 cm",2.09 €,https://firebasestorage.googleapis.com/v0/b/lastmile-ui/o/import%2Fphotos%2Fconverted%2Fproduct%2FthumbUrl%2FCvKfTzV4TN5U8BTMF1Hl_259152_OrXUvGAuc2NCJDRvzNOTXOM3rsp1_81veuOeuvmHGb65XCavo.webp?alt=media&token=bd1ea329-ed94-4581-9f16-cee6ecdcd775
IKI,ELSEVE Color-Vive balzamas 400 ml,3.49 €,https://firebasestorage.googleapis.com/v0/b/lastmile-ui/o/import%2Fphotos%2Fconverted%2Fproduct%2FthumbUrl%2FCvKfTzV4TN5U8BTMF1Hl_287743_uF3DptJQvjXHqmno4Mal_SFDrURI68bblOBLnxEZR.webp?alt=media&token=90f087bf-8f20-439d-b0e1-5e2d74cdd72c
IKI,"Gamtos gurkšnis AVIEČIŲ IR BRAŠKIŲ arbata, 2 g x 20 vnt.",0.99 €,https://firebasestorage.googleapis.com/v0/b/lastmile-ui/o/import%2Fphotos%2Fconverted%2Fproduct%2FthumbUrl%2FCvKfTzV4TN5U8BTMF1Hl_289133_OrXUvGAuc2NCJDRvzNOTXOM3rsp1_VY9w9pPzpgBQNbnkn6Yl.webp?alt=media&token=fe038655-931c-40a4-bd01-e97a4261083f
IKI,"Funkcinis gaivusis gėrimas su kalogenu BEAUTY WATER BY AKVILĖ, 600 ml",1.18 €,https://firebasestorage.googleapis.com/v0/b/lastmile-ui/o/import%2Fphotos%2Fconverted%2Fproduct%2FthumbUrl%2FCvKfTzV4TN5U8BTMF1Hl_290448_OrXUvGAuc2NCJDRvzNOTXOM3rsp1_ERqTs6CBZoCAMDTsYEo5.webp?alt=media&token=336d6c80-2836-476f-9761-d913a4eb7b28
IKI,"Kietasis sūris VALIO FORTE Classico, 500g",6.99 €,https://firebasestorage.googleapis.com/v0/b/lastmile-ui/o/import%2Fphotos%2Fconverted%2Fproduct%2FthumbUrl%2FCvKfTzV4TN5U8BTMF1Hl_290689_OrXUvGAuc2NCJDRvzNOTXOM3rsp1_Q44mcJvh4UYhyBdwCJ3j.webp?alt=media&token=8420db93-c983-4746-99d6-333b1a52e52a
IKI,Stalo takelis 150x28 cm,1.24 €,https://firebasestorage.googleapis.com/v0/b/lastmile-ui/o/import%2Fphotos%2Fconverted%2Fproduct%2FthumbUrl%2FCvKfTzV4TN5U8BTMF1Hl_291191_OrXUvGAuc2NCJDRvzNOTXOM3rsp1_PM3xveXWXio9mgH0Ft9x.webp?alt=media&token=757fde9d-f591-4eda-9b9d-1246d426c3de
IKI,Plaukų dažai PALETTE,2.99 €,https://firebasestorage.googleapis.com/v0/b/lastmile-ui/o/import%2Fphotos%2Fconverted%2Fproduct%2FthumbUrl%2FCvKfTzV4TN5U8BTMF1Hl_34305_OrXUvGAuc2NCJDRvzNOTXOM3rsp1_LxEq5wMOVtVuGLn8uYnn.webp?alt=media&token=ade0de06-72a2-4052-a623-96562b9d1ade
IKI,"Stangrinamasis, dieninis veido kremas SPF20 RASA AGE CONTROL, 50 ml",8.99 €,https://storage.googleapis.com/download/storage/v1/b/lastmile-ui/o/import%2Fphotos%2Fconverted%2Fproduct%2Fglobal_VLmmEdGt2ryE4SUYHl0t_W5RvAbpnRicygag1V4nopPhtD8z2_ObAbRKOa9UTuam5iZIQ5_thumb.jpg?generation=1686288647706714&alt=media
IKI,"Tualetinis vanduo vyrams HOME COLLETION MAGICAL MAN, 100 ml",2.99 €,https://storage.googleapis.com/download/storage/v1/b/lastmile-ui/o/import%2Fphotos%2Fconverted%2Fproduct%2Fglobal_I0rqeXppswuYYXSVUfg7_W5RvAbpnRicygag1V4nopPhtD8z2_ufWgg2GEHOCPu5nhW0zj_thumb.jpg?generation=1687181644790557&alt=media
IKI,"Moteriškos puskojinės INCANTO PODIUM 20 DEN, vienas dydis, spalva MELON, 2 vnt.",2.39 €,https://storage.googleapis.com/download/storage/v1/b/lastmile-ui/o/import%2Fphotos%2Fconverted%2Fproduct%2FCvKfTzV4TN5U8BTMF1Hl_236746_CvKfTzV4TN5U8BTMF1Hl_W5RvAbpnRicygag1V4nopPhtD8z2_dM8aNk4N6QdQeGi8CWHd_thumb.webp?generation=1699884884148304&alt=media
IKI,"Prezervatyvai LIFESTYLES SKYN INTENSE FEEL, 10 vnt.",7.49 €,https://storage.googleapis.com/download/storage/v1/b/lastmile-ui/o/import%2Fphotos%2Fconverted%2Fproduct%2Fglobal_Xl7dNtlf95qlngv7DKgL_xGdb10o0VzY1SFD6eDjbpqgxmW02_IuCOnzsO6qT6CIF7XqIi_thumb.jpg?generation=1660117931577421&alt=media
IKI,Knyga KELIŲ EISMO TAISYKLĖS,2.21 €,https://firebasestorage.googleapis.com/v0/b/lastmile-ui/o/import%2Fphotos%2Fconverted%2Fproduct%2FthumbUrl%2FCvKfTzV4TN5U8BTMF1Hl_267926_W5RvAbpnRicygag1V4nopPhtD8z2_Owa0u9W3z5lkxL28e50A.webp?alt=media&token=5366d58e-3353-4bd1-9c3f-09725c8cca1e
IKI,Žaislinis šautuvas XSHOT Skins Menace,7.79 €,https://storage.googleapis.com/download/storage/v1/b/lastmile-ui/o/import%2Fphotos%2Fconverted%2Fproduct%2Fglobal_xI6MiVrMdfZJAAQnw4yA_xGdb10o0VzY1SFD6eDjbpqgxmW02_4y8mNxBlJjOJUFQ6eQ8O_thumb.jpg?generation=1676633498030641&alt=media
IKI,Plaukų dažai GARNIER Color Naturals,2.49 €,https://storage.googleapis.com/download/storage/v1/b/lastmile-ui/o/import%2Fphotos%2Fconverted%2Fproduct%2FCvKfTzV4TN5U8BTMF1Hl_270974_CvKfTzV4TN5U8BTMF1Hl_W5RvAbpnRicygag1V4nopPhtD8z2_MDEmLGe6moLlVboahZu4_thumb.webp?generation=1700137045829536&alt=media
IKI,"Paprastojo karpio gabalai, karštai rūkyti",11.59 €,https://www.googleapis.com/download/storage/v1/b/lastmile-ui/o/images%2Fproducts%2Fthumb_beDRqU780yMicyLlc379.jpg?generation=1582202695799283&alt=media
IKI,"Vienkartiniai skustuvai VENUS Sensitive, 3vnt.",6.49 €,https://firebasestorage.googleapis.com/v0/b/lastmile-ui/o/import%2Fphotos%2Fconverted%2Fproduct%2FthumbUrl%2FCvKfTzV4TN5U8BTMF1Hl_283841_Y5wHCakiRVc8Kf1fJt96vh8Tr2I2_Vd7a8GkQqKupgEmR1f1h.webp?alt=media&token=a9a7963e-082a-44a4-9d7b-5eb1147f884c
IKI,"Garnier color naturals plaukų dažai, 4.62",2.49 €,https://firebasestorage.googleapis.com/v0/b/lastmile-ui/o/import%2Fphotos%2Fconverted%2Fproduct%2FthumbUrl%2FCvKfTzV4TN5U8BTMF1Hl_281504_Y5wHCakiRVc8Kf1fJt96vh8Tr2I2_2YzK4Q9eTNrO27pWtXSV.webp?alt=media&token=0da6c356-c525-40e8-a545-f8043e2f05c7
IKI,"Plaukų šampūnas HEAD&SHOULDERS Anti-Hairfall, 400ml",4.24 €,https://firebasestorage.googleapis.com/v0/b/lastmile-ui/o/import%2Fphotos%2Fconverted%2Fproduct%2FthumbUrl%2FCvKfTzV4TN5U8BTMF1Hl_284731_Y5wHCakiRVc8Kf1fJt96vh8Tr2I2_LJGtrrAsfWzv20PJu9zh.webp?alt=media&token=7370fe2f-692d-4ceb-b62f-9bfb456352a2
IKI,"Šampūnas pažeistiems ir drėgmės stokojantiems plaukams IEVA, 300 ml",4.24 €,https://firebasestorage.googleapis.com/v0/b/lastmile-ui/o/import%2Fphotos%2Fconverted%2Fproduct%2FthumbUrl%2FCvKfTzV4TN5U8BTMF1Hl_284309_Y5wHCakiRVc8Kf1fJt96vh8Tr2I2_qQwetmZYA3BfPy6TKpk9.webp?alt=media&token=7cf7d4c6-138e-495f-9bdb-467f63cf8a6e
IKI,Prezervatyvai DUREX PLEASUREMAX,2.74 €,https://firebasestorage.googleapis.com/v0/b/lastmile-ui/o/import%2Fphotos%2Fconverted%2Fproduct%2FthumbUrl%2FCvKfTzV4TN5U8BTMF1Hl_18785_OrXUvGAuc2NCJDRvzNOTXOM3rsp1_Uy2tkdloHVMR83PdOhUh.webp?alt=media&token=44abe794-5b78-4bba-af96-97e538ab97f7
IKI,ELSEVE Dream Long kaukė 300ml,4.49 €,https://firebasestorage.googleapis.com/v0/b/lastmile-ui/o/import%2Fphotos%2Fconverted%2Fproduct%2FthumbUrl%2FCvKfTzV4TN5U8BTMF1Hl_286597_Y5wHCakiRVc8Kf1fJt96vh8Tr2I2_Ptdnu4Rea0vJMGJHZRF8.webp?alt=media&token=cf03978d-db45-4625-a8d8-628e833552af
IKI,Paprika PALERMO CHOCOLATE BON VIA PREMIUM,4.99 €,https://firebasestorage.googleapis.com/v0/b/lastmile-ui/o/import%2Fphotos%2Fconverted%2Fproduct%2FthumbUrl%2FCvKfTzV4TN5U8BTMF1Hl_242284_OrXUvGAuc2NCJDRvzNOTXOM3rsp1_iQISaOyaIuPXIsduqG37.webp?alt=media&token=7b237fe5-6398-4492-b5d8-afbb80404259
IKI,"Natūralus lūpų balzamas PHARMA OIL, kokosinis, 5 g",2.39 €,https://firebasestorage.googleapis.com/v0/b/lastmile-ui/o/import%2Fphotos%2Fconverted%2Fproduct%2FthumbUrl%2FCvKfTzV4TN5U8BTMF1Hl_281223_OrXUvGAuc2NCJDRvzNOTXOM3rsp1_tZCORhNlySlMN4OR3cfq.webp?alt=media&token=e4a43893-bf82-4bf6-ab70-41df17d57824
IKI,Priemonė nagams BŪK 3 in 1,1.24 €,https://firebasestorage.googleapis.com/v0/b/lastmile-ui/o/import%2Fphotos%2Fconverted%2Fproduct%2FthumbUrl%2FCvKfTzV4TN5U8BTMF1Hl_33509_OrXUvGAuc2NCJDRvzNOTXOM3rsp1_pC5zUq2TxOyxKoUn5vk2.webp?alt=media&token=6b3f89c6-428d-48db-8764-31754e0cd059
IKI,"Skalbimo kapsulės ARIEL Fresh Air, 38 skalb.",12.99 €,https://firebasestorage.googleapis.com/v0/b/lastmile-ui/o/import%2Fphotos%2Fconverted%2Fproduct%2FthumbUrl%2FCvKfTzV4TN5U8BTMF1Hl_287783_OrXUvGAuc2NCJDRvzNOTXOM3rsp1_DuG8VdbmbADhBH2mqzrg.webp?alt=media&token=825d42c5-1cda-4717-adfc-26fcad0eb900
IKI,"L'Oreal Paris ELSEVE Extraordinary Oil intensyviai maitinantis šampūnas sausiems plaukams, 400ml",3.49 €,https://firebasestorage.googleapis.com/v0/b/lastmile-ui/o/import%2Fphotos%2Fconverted%2Fproduct%2FthumbUrl%2FCvKfTzV4TN5U8BTMF1Hl_287739_uF3DptJQvjXHqmno4Mal_q1n82Mx4OaWVN8PVK3I8.webp?alt=media&token=cff8c6e9-305a-4cb3-af18-7358cf0a72ed
IKI,"Skalbinių minkštiklis ""SILAN AT Magic Magnolia"" 50 skalbimų",3.49 €,https://firebasestorage.googleapis.com/v0/b/lastmile-ui/o/import%2Fphotos%2Fconverted%2Fproduct%2FthumbUrl%2FCvKfTzV4TN5U8BTMF1Hl_289405_OrXUvGAuc2NCJDRvzNOTXOM3rsp1_ibo9UYU1nQz4bn7ZXF0r.webp?alt=media&token=a2655fa7-da5d-4e02-ba78-c38e8215ec03
IKI,"Kepimo padažas ir prieskoniai Butter Chicken SANTA MARIA, 360 g",3.49 €,https://firebasestorage.googleapis.com/v0/b/lastmile-ui/o/import%2Fphotos%2Fconverted%2Fproduct%2FthumbUrl%2FCvKfTzV4TN5U8BTMF1Hl_290122_OrXUvGAuc2NCJDRvzNOTXOM3rsp1_WcoRAt5aaMTasj0c2XjU.webp?alt=media&token=322e096d-0413-475e-aa61-50b5e1489f95
IKI,"Sidabrinės vielos led 40 lempučių girlianda, šilta balta",0.99 €,https://firebasestorage.googleapis.com/v0/b/lastmile-ui/o/import%2Fphotos%2Fconverted%2Fproduct%2FthumbUrl%2FCvKfTzV4TN5U8BTMF1Hl_279217_OrXUvGAuc2NCJDRvzNOTXOM3rsp1_PPP8mmm61spmTaC4tNxz.webp?alt=media&token=5ffade62-f171-430a-8960-552443b26572
IKI,"Moteriškos kojinės INCANTO TIFFANY 20 DEN, 3 dydis, spalva NERO",7.19 €,https://storage.googleapis.com/download/storage/v1/b/lastmile-ui/o/import%2Fphotos%2Fconverted%2Fproduct%2FCvKfTzV4TN5U8BTMF1Hl_240383_CvKfTzV4TN5U8BTMF1Hl_W5RvAbpnRicygag1V4nopPhtD8z2_arxYapHldMcdHeFa5JVz_thumb.webp?generation=1699884906687933&alt=media
IKI,Džipas HOT WHEELS MONSTER TRUCKS,7.79 €,https://storage.googleapis.com/download/storage/v1/b/lastmile-ui/o/import%2Fphotos%2Fconverted%2Fproduct%2FCvKfTzV4TN5U8BTMF1Hl_235927_CvKfTzV4TN5U8BTMF1Hl_W5RvAbpnRicygag1V4nopPhtD8z2_P9AfUNUTvAaUDkY1Dee2_thumb.webp?generation=1701172818837898&alt=media
IKI,"Prieskonių mišinys kepsniams (malūnėlyje) SAUDA, 110 g",5.24 €,https://storage.googleapis.com/download/storage/v1/b/lastmile-ui/o/images%2Fproducts%2Fthumb_K0oTeVFLGZVb0sCIj4It.jpg?generation=1582198628714617&alt=media
IKI,"L’Oréal Paris Age Specialist atkuriamasis naktinis kremas nuo raukšlių 55+, 50 ml",6.99 €,https://storage.googleapis.com/download/storage/v1/b/lastmile-ui/o/images%2Fproducts%2Fthumb_xrNYYIHwvYCMS7hm4Cmh.jpg?generation=1631695812385745&alt=media
IKI,"Nagų lakas SINCERO SALON TOP COAT TRX, 11 ml",1.74 €,https://firebasestorage.googleapis.com/v0/b/lastmile-ui/o/import%2Fphotos%2Fconverted%2Fproduct%2FthumbUrl%2FCvKfTzV4TN5U8BTMF1Hl_246954_OrXUvGAuc2NCJDRvzNOTXOM3rsp1_5fShXyl7K9Z2teWe5fX8.webp?alt=media&token=d0186f9d-e123-47c9-8730-3bff04b55da3
IKI,"Moteriškos puskojinės INCANTO CINDY 40 DEN, vienas dydis, spalva NATUREL, 2 poros",2.39 €,https://storage.googleapis.com/download/storage/v1/b/lastmile-ui/o/import%2Fphotos%2Fconverted%2Fproduct%2FCvKfTzV4TN5U8BTMF1Hl_253322_CvKfTzV4TN5U8BTMF1Hl_W5RvAbpnRicygag1V4nopPhtD8z2_uhaztJeWEskwWnlIrgfX_thumb.webp?generation=1699884888193701&alt=media
IKI,"Moteriškos kojinaitės GLAMOUR EASY 40 DEN, vienas dydis, spalva NERO, 2 poros",1.79 €,https://storage.googleapis.com/download/storage/v1/b/lastmile-ui/o/import%2Fphotos%2Fconverted%2Fproduct%2FCvKfTzV4TN5U8BTMF1Hl_261143_CvKfTzV4TN5U8BTMF1Hl_W5RvAbpnRicygag1V4nopPhtD8z2_Gn09sG8lROXcYkgTeTyk_thumb.webp?generation=1699884895277639&alt=media
IKI,Plaukų dažai PALETTE 10-19,2.99 €,https://firebasestorage.googleapis.com/v0/b/lastmile-ui/o/import%2Fphotos%2Fconverted%2Fproduct%2FthumbUrl%2FCvKfTzV4TN5U8BTMF1Hl_265339_OrXUvGAuc2NCJDRvzNOTXOM3rsp1_OggTQwpMr90OmznnO3p9.webp?alt=media&token=59f4f10e-c23a-4b9b-85b3-72dc6bb523d5
IKI,"Vitamin C valomasis gelis su vitaminu C, 200 ml",3.99 €,https://storage.googleapis.com/download/storage/v1/b/lastmile-ui/o/import%2Fphotos%2Fconverted%2Fproduct%2Fglobal_1Ehd5WCXqX0emshZii5j_xGdb10o0VzY1SFD6eDjbpqgxmW02_TLdz9yk5qK68KZLxrMgN_thumb.jpg?generation=1674651246634325&alt=media
IKI,"Kaukė nuo plaukų slinkimo GROŽVITA PRO, 200 ml",6.99 €,https://storage.googleapis.com/download/storage/v1/b/lastmile-ui/o/import%2Fphotos%2Fconverted%2Fproduct%2Fglobal_bxd6X9U3blkaNPr38uEs_xGdb10o0VzY1SFD6eDjbpqgxmW02_pPw7oz9ka0YOguUu54AX_thumb.jpg?generation=1667978457221069&alt=media
IKI,"Kasdienis veido prausimo gelis normaliai ir mišriai odai NIVEA, 150 ml",4.19 €,https://storage.googleapis.com/download/storage/v1/b/lastmile-ui/o/import%2Fphotos%2Fconverted%2Fproduct%2FCvKfTzV4TN5U8BTMF1Hl_276093_CvKfTzV4TN5U8BTMF1Hl_W5RvAbpnRicygag1V4nopPhtD8z2_TW0UMmMAbFwpGDIp72hG_thumb.jpg?generation=1688450527496364&alt=media
IKI,"Stangrinamasis veido kremas, naktinis RASA AGE CONTROL, 50 ml",8.99 €,https://storage.googleapis.com/download/storage/v1/b/lastmile-ui/o/import%2Fphotos%2Fconverted%2Fproduct%2Fglobal_n6QGWTTd1gGl4XuNuzN8_W5RvAbpnRicygag1V4nopPhtD8z2_t4RJoiTCT7wejImFRQNP_thumb.jpg?generation=1686288646862838&alt=media
IKI,"Kaukė FRUCTIS GOODBYE DAMAGE KERATIN HAIR Bomb, 320 ml",4.39 €,https://storage.googleapis.com/download/storage/v1/b/lastmile-ui/o/import%2Fphotos%2Fconverted%2Fproduct%2FCvKfTzV4TN5U8BTMF1Hl_277609_CvKfTzV4TN5U8BTMF1Hl_W5RvAbpnRicygag1V4nopPhtD8z2_8dzsK7O7Nx5Kneaj5d07_thumb.webp?generation=1700137044700587&alt=media
IKI,Kalendorius 2023,2.39 €,https://storage.googleapis.com/download/storage/v1/b/lastmile-ui/o/import%2Fphotos%2Fconverted%2Fproduct%2Fglobal_FGGuaiD5E1uLvQIYtAU3_W5RvAbpnRicygag1V4nopPhtD8z2_Y6nWUxriai3POzHvXhKI_thumb.jpg?generation=1687248584034540&alt=media
IKI,"Skutimosi želė NIVEA MEN Fresh Kick, 200 ml",3.49 €,https://storage.googleapis.com/download/storage/v1/b/lastmile-ui/o/images%2Fchain_products%2FIKI%2Fthumb_EbfMZuUGqUcOIO1Wu4iV.jpg?generation=1644059006003835&alt=media
IKI,Plaukų dažai SYOSS COLOR 1-4,4.64 €,https://firebasestorage.googleapis.com/v0/b/lastmile-ui/o/import%2Fphotos%2Fconverted%2Fproduct%2FthumbUrl%2FCvKfTzV4TN5U8BTMF1Hl_258670_W5RvAbpnRicygag1V4nopPhtD8z2_OeKtr2qdiZdrfTZwUXo9.webp?alt=media&token=2ebe10b8-2e78-413a-b47e-5d24ed018541
IKI,Vaikiškos dvigubos pirštinės 123,2.39 €,https://firebasestorage.googleapis.com/v0/b/lastmile-ui/o/import%2Fphotos%2Fconverted%2Fproduct%2FthumbUrl%2FCvKfTzV4TN5U8BTMF1Hl_242975_uF3DptJQvjXHqmno4Mal_3HX2FEXgGCNN1GvoRqKs.webp?alt=media&token=990872c9-c136-430f-9f5c-48ad03f6d156
IKI,Skustuvas GILLETTE FUSION + sk. galvutės 5vnt.,12.99 €,https://firebasestorage.googleapis.com/v0/b/lastmile-ui/o/import%2Fphotos%2Fconverted%2Fproduct%2FthumbUrl%2FCvKfTzV4TN5U8BTMF1Hl_283844_Y5wHCakiRVc8Kf1fJt96vh8Tr2I2_2jZSo6wGM30SagwiPQqm.webp?alt=media&token=03b884e1-756d-4f2c-a455-1223a1acab70
IKI,Skustuvas GILLETTE MACH3 Charcoal +6 galvutės,11.49 €,https://firebasestorage.googleapis.com/v0/b/lastmile-ui/o/import%2Fphotos%2Fconverted%2Fproduct%2FthumbUrl%2FCvKfTzV4TN5U8BTMF1Hl_283847_Y5wHCakiRVc8Kf1fJt96vh8Tr2I2_mI33oWkqPBjBUuMuBmzd.webp?alt=media&token=f1c46c16-4e0f-4bf7-b9a7-64676d14f904
IKI,"Lubrikantas LIFESTYLES SKYN NATURALLY ENDLESS, 80 ml",7.49 €,https://firebasestorage.googleapis.com/v0/b/lastmile-ui/o/import%2Fphotos%2Fconverted%2Fproduct%2FthumbUrl%2FCvKfTzV4TN5U8BTMF1Hl_284328_Y5wHCakiRVc8Kf1fJt96vh8Tr2I2_s3grdKXn71eyFZo9hFOv.webp?alt=media&token=e35f76f4-1ab6-4455-82f2-cd13343843f2
IKI,"Maitinanti plaukų kaukė NUNU by Simona Nainė, 200 ml",6.99 €,https://firebasestorage.googleapis.com/v0/b/lastmile-ui/o/import%2Fphotos%2Fconverted%2Fproduct%2FthumbUrl%2FCvKfTzV4TN5U8BTMF1Hl_284230_Y5wHCakiRVc8Kf1fJt96vh8Tr2I2_9ofTA6UpvzKYfOx0ITDj.webp?alt=media&token=3f36bf5c-457e-4d0e-a475-755675c4fc36
IKI,Juodojo šokolado saldainių rinkinys RŪTA,8.39 €,https://firebasestorage.googleapis.com/v0/b/lastmile-ui/o/import%2Fphotos%2Fconverted%2Fproduct%2FthumbUrl%2FCvKfTzV4TN5U8BTMF1Hl_286847_OrXUvGAuc2NCJDRvzNOTXOM3rsp1_YqQx5uePtkGLLypdOrNz.webp?alt=media&token=8769ebd8-8de1-47a6-b2a1-ac5bcef86656
IKI,Nagų lakas s82 SINCERO SALON,1.99 €,https://firebasestorage.googleapis.com/v0/b/lastmile-ui/o/import%2Fphotos%2Fconverted%2Fproduct%2FthumbUrl%2FCvKfTzV4TN5U8BTMF1Hl_261289_OrXUvGAuc2NCJDRvzNOTXOM3rsp1_uy0vaXMFHaAX8uRH2LdY.webp?alt=media&token=33597c42-4966-4e0b-84a6-1d4d098cc126
IKI,"Jordan D.Š. Ultralite White, vid.minkštas",1.49 €,https://firebasestorage.googleapis.com/v0/b/lastmile-ui/o/import%2Fphotos%2Fconverted%2Fproduct%2FthumbUrl%2FCvKfTzV4TN5U8BTMF1Hl_288484_OrXUvGAuc2NCJDRvzNOTXOM3rsp1_nwlExpUuYT6IbKqMgkVL.webp?alt=media&token=1b1c3076-ce70-4a17-8f34-08dd56cd84e1
IKI,COLGATE DANTŲ PASTA Total Gum Care & Sensitivity 75ml,2.24 €,https://firebasestorage.googleapis.com/v0/b/lastmile-ui/o/import%2Fphotos%2Fconverted%2Fproduct%2FthumbUrl%2FCvKfTzV4TN5U8BTMF1Hl_288457_OrXUvGAuc2NCJDRvzNOTXOM3rsp1_outkBgYm9U2jopS77nh3.webp?alt=media&token=b1c7857e-a95f-43ee-ac4b-9ca7fda35372
IKI,"Grikių kruopos FASMA, 800 g",2.23 €,https://firebasestorage.googleapis.com/v0/b/lastmile-ui/o/import%2Fphotos%2Fconverted%2Fproduct%2FthumbUrl%2FCvKfTzV4TN5U8BTMF1Hl_290054_uF3DptJQvjXHqmno4Mal_bv5o5RKAI2ES9u0MwYrk.webp?alt=media&token=07b3ddcc-743d-415e-b378-183a24b84182
IKI,Elfo spalvinimo knyga su lipdukais ELVES BEHAVIN'Badly,1.64 €,https://firebasestorage.googleapis.com/v0/b/lastmile-ui/o/import%2Fphotos%2Fconverted%2Fproduct%2FthumbUrl%2FCvKfTzV4TN5U8BTMF1Hl_291141_OrXUvGAuc2NCJDRvzNOTXOM3rsp1_qjK2lGRr130nRUBHbYRF.webp?alt=media&token=d1a393bc-8d54-45a8-b522-93a874bf9ae8
IKI,"SVOGŪNINIS AUGALAS, HIACINTAS",0.99 €,https://firebasestorage.googleapis.com/v0/b/lastmile-ui/o/import%2Fphotos%2Fconverted%2Fproduct%2FthumbUrl%2FCvKfTzV4TN5U8BTMF1Hl_264250_OrXUvGAuc2NCJDRvzNOTXOM3rsp1_xZyHuAfhzX1BK8mkeUpj.webp?alt=media&token=1a2d2097-def1-4b08-be41-50b8afbb1a4c
IKI,Skustuvas GILLETTE FUSION PROGLIDE Power + sk. galvutė 1vnt.,12.47 €,https://firebasestorage.googleapis.com/v0/b/lastmile-ui/o/import%2Fphotos%2Fconverted%2Fproduct%2FthumbUrl%2FCvKfTzV4TN5U8BTMF1Hl_227312_Y5wHCakiRVc8Kf1fJt96vh8Tr2I2_7vrtTgwmfSEekmdZWR7U.webp?alt=media&token=78f4dc72-42dd-48a6-8e0f-1041bcd59174
IKI,"Plaukų lakas WELLAFLEX COLOR BRILLIANCE, 250 ml",3.09 €,https://firebasestorage.googleapis.com/v0/b/lastmile-ui/o/import%2Fphotos%2Fconverted%2Fproduct%2FthumbUrl%2FCvKfTzV4TN5U8BTMF1Hl_203974_OrXUvGAuc2NCJDRvzNOTXOM3rsp1_6TQ2kcqjDMnS0a0Pj3u8.webp?alt=media&token=d3575c13-9d26-4b32-9806-166e5b26a69b
IKI,Plaukų dažai PALETTE,2.99 €,https://firebasestorage.googleapis.com/v0/b/lastmile-ui/o/import%2Fphotos%2Fconverted%2Fproduct%2FthumbUrl%2FCvKfTzV4TN5U8BTMF1Hl_201105_OrXUvGAuc2NCJDRvzNOTXOM3rsp1_2If8f00GnSMPOiwlRu5i.webp?alt=media&token=f65ba703-9889-405d-93f3-5ca725080eff
IKI,"Tualetinis vanduo vyrams HOMME COLLECTION HEAT, 100 ml",2.99 €,https://storage.googleapis.com/download/storage/v1/b/lastmile-ui/o/import%2Fphotos%2Fconverted%2Fproduct%2Fglobal_uZdrqqzRu1qCQ2AzruX2_W5RvAbpnRicygag1V4nopPhtD8z2_66wsFINORCt1b8hqzk1B_thumb.jpg?generation=1687181644939713&alt=media
IKI,"Skustuvas VENUS Swirl, 1 galvutės",7.49 €,https://firebasestorage.googleapis.com/v0/b/lastmile-ui/o/import%2Fphotos%2Fconverted%2Fproduct%2FthumbUrl%2FCvKfTzV4TN5U8BTMF1Hl_235376_Y5wHCakiRVc8Kf1fJt96vh8Tr2I2_kYYMaIVttOOlcGXaPb2Q.webp?alt=media&token=5cd0e6c2-bc09-474d-9020-9317e229b85d
IKI,"Skustuvo galvutės GILLETTE FUSION Proglide, 8vnt.",24.97 €,https://firebasestorage.googleapis.com/v0/b/lastmile-ui/o/import%2Fphotos%2Fconverted%2Fproduct%2FthumbUrl%2FCvKfTzV4TN5U8BTMF1Hl_264989_Y5wHCakiRVc8Kf1fJt96vh8Tr2I2_AP4PaMNqx3XitMSEI2FQ.webp?alt=media&token=301007aa-fa11-4bea-8962-e108e4b4568e
IKI,"Šampūnas visų tipų plaukams ARAS, 250 ml",1.99 €,https://storage.googleapis.com/download/storage/v1/b/lastmile-ui/o/import%2Fphotos%2Fconverted%2Fproduct%2Fglobal_BHPbaRT4xFz8DYscLyXS_W5RvAbpnRicygag1V4nopPhtD8z2_sTQxg61WF8BC5GCKM10D_thumb.jpg?generation=1684494379853390&alt=media
IKI,"Veido kontūrus atkuriantis naktinis kremas nuo raukšlių 65+ NIVEA ANTI-WRINKLE CONTOURING, 50 ml",6.74 €,https://storage.googleapis.com/download/storage/v1/b/lastmile-ui/o/import%2Fphotos%2Fconverted%2Fproduct%2FCvKfTzV4TN5U8BTMF1Hl_276090_CvKfTzV4TN5U8BTMF1Hl_W5RvAbpnRicygag1V4nopPhtD8z2_4vdWUAZpSY2Bfx4oSGl3_thumb.webp?generation=1699528117405182&alt=media
IKI,"Kaukė FRUCTIS GROW STRONG BIOTIN HAIR BOMB, 320 ml",4.39 €,https://storage.googleapis.com/download/storage/v1/b/lastmile-ui/o/import%2Fphotos%2Fconverted%2Fproduct%2FCvKfTzV4TN5U8BTMF1Hl_277596_CvKfTzV4TN5U8BTMF1Hl_W5RvAbpnRicygag1V4nopPhtD8z2_3ToQY5faARleJ2PesIod_thumb.webp?generation=1700137040327123&alt=media
IKI,"Casting Creme Gloss pusiau ilgalaikiai plaukų dažai be amoniako, 200",6.24 €,https://storage.googleapis.com/download/storage/v1/b/lastmile-ui/o/images%2Fproducts%2Fthumb_YWwYlsQnN2rMokukJjAu.jpg?generation=1639147426975302&alt=media
IKI,"LSS dezodorantas antiperspirantas Wild Freesia Stick, 40 g",2.39 €,https://firebasestorage.googleapis.com/v0/b/lastmile-ui/o/import%2Fphotos%2Fconverted%2Fproduct%2FthumbUrl%2FCvKfTzV4TN5U8BTMF1Hl_283685_Y5wHCakiRVc8Kf1fJt96vh8Tr2I2_hQDlHwoPgIDoe7frLjtR.webp?alt=media&token=f5364af8-0ed4-4562-9d3c-9559f4b9d6e7
IKI,"Drėkinamasis kremas veidui, kūnui ir rankoms NIVEA SOFT, 375 ml",5.49 €,https://firebasestorage.googleapis.com/v0/b/lastmile-ui/o/import%2Fphotos%2Fconverted%2Fproduct%2FthumbUrl%2FCvKfTzV4TN5U8BTMF1Hl_282559_Pos12xpkYpPSKaVDW3jqu7xnlg23_pMDQJIwDNlnHCZRGFV1n.webp?alt=media&token=61b4eb6f-7bb6-45a8-b6a1-76cef8913848
IKI,"Gentle pamper dušo gelis DOVE, 450 ml",4.49 €,https://firebasestorage.googleapis.com/v0/b/lastmile-ui/o/import%2Fphotos%2Fconverted%2Fproduct%2FthumbUrl%2FCvKfTzV4TN5U8BTMF1Hl_282614_Y5wHCakiRVc8Kf1fJt96vh8Tr2I2_AMYpbjQUfJsQitsveigl.webp?alt=media&token=79a07fab-a799-48d1-a68c-d9b84f0eb33d
IKI,"Fresh care dušo gelis DOVE, 450 ml",4.49 €,https://firebasestorage.googleapis.com/v0/b/lastmile-ui/o/import%2Fphotos%2Fconverted%2Fproduct%2FthumbUrl%2FCvKfTzV4TN5U8BTMF1Hl_282616_Y5wHCakiRVc8Kf1fJt96vh8Tr2I2_3Tshr5crKMJHQy5R8akz.webp?alt=media&token=cc5c174e-4a31-4b09-9b3d-630f53a52ead
IKI,"Apsauginis rankų kremas RASA INTENSE BODY CARE, 75 ml",2.39 €,https://firebasestorage.googleapis.com/v0/b/lastmile-ui/o/import%2Fphotos%2Fconverted%2Fproduct%2FthumbUrl%2FCvKfTzV4TN5U8BTMF1Hl_282304_Y5wHCakiRVc8Kf1fJt96vh8Tr2I2_IugHwcjBDVOh6ttYkd9B.webp?alt=media&token=ddc26e6d-9f09-454a-9880-1024bdf0f41c
IKI,Purškiamas kondicionierius GLISS FULL HAIR WONDER,3.74 €,https://firebasestorage.googleapis.com/v0/b/lastmile-ui/o/import%2Fphotos%2Fconverted%2Fproduct%2FthumbUrl%2FCvKfTzV4TN5U8BTMF1Hl_286638_OrXUvGAuc2NCJDRvzNOTXOM3rsp1_zuq3XrmKQ9dCEuhiKtJ8.webp?alt=media&token=2c00e169-b431-4194-8c81-70e8c7cbc20a
IKI,"Rutulinis dezodorantas NIVEA MEN Black&White Fresh vyrams, 50 ml",2.39 €,https://firebasestorage.googleapis.com/v0/b/lastmile-ui/o/import%2Fphotos%2Fconverted%2Fproduct%2FthumbUrl%2FCvKfTzV4TN5U8BTMF1Hl_285233_OrXUvGAuc2NCJDRvzNOTXOM3rsp1_R04eeiJ1WugsIR2we4fp.webp?alt=media&token=0382c164-cbc9-4ae0-b2e0-1da41630dd01
IKI,"Kremas jautriai odai NIVEA REPAIR & CARE, 400 ml",7.99 €,https://firebasestorage.googleapis.com/v0/b/lastmile-ui/o/import%2Fphotos%2Fconverted%2Fproduct%2FthumbUrl%2FCvKfTzV4TN5U8BTMF1Hl_285236_OrXUvGAuc2NCJDRvzNOTXOM3rsp1_HlwY3K6mSSXS19JhyTw2.webp?alt=media&token=d798d283-38bb-4141-84ba-eeca98870efb
IKI,"Kepimo rankovė, rulonas SKUBIS, 3m x 29 cm",1.37 €,https://firebasestorage.googleapis.com/v0/b/lastmile-ui/o/import%2Fphotos%2Fconverted%2Fproduct%2FthumbUrl%2FCvKfTzV4TN5U8BTMF1Hl_259150_OrXUvGAuc2NCJDRvzNOTXOM3rsp1_E88tzmU1L45ImhxOkTC5.webp?alt=media&token=5bafe7c5-0541-4900-affe-8b4b36737259
IKI,ELSEVE Total Repair 5 šampūnas 400 ml,3.49 €,https://firebasestorage.googleapis.com/v0/b/lastmile-ui/o/import%2Fphotos%2Fconverted%2Fproduct%2FthumbUrl%2FCvKfTzV4TN5U8BTMF1Hl_287735_uF3DptJQvjXHqmno4Mal_Y6Jufe1ezfS8zeURcAH1.webp?alt=media&token=c69d7eb6-1c66-4ab9-9b82-8a344badeaf9
IKI,ELSEVE ALIEJUS visų tipų plaukams 100ml.,6.59 €,https://firebasestorage.googleapis.com/v0/b/lastmile-ui/o/import%2Fphotos%2Fconverted%2Fproduct%2FthumbUrl%2FCvKfTzV4TN5U8BTMF1Hl_286613_uF3DptJQvjXHqmno4Mal_NYNIG35cPV85ZYUPe2zg.webp?alt=media&token=90329f6a-7b9d-482e-9f9c-62c4ee92f91e
IKI,Tartaletė su migdolų kremu ir serbentais,1.35 €,https://firebasestorage.googleapis.com/v0/b/lastmile-ui/o/import%2Fphotos%2Fconverted%2Fproduct%2FthumbUrl%2FCvKfTzV4TN5U8BTMF1Hl_288104_OrXUvGAuc2NCJDRvzNOTXOM3rsp1_Hu2FpTcdZhkjunnxzEWr.webp?alt=media&token=e1c28312-b6e7-476c-9647-e152f66f9512
IKI,"Dantų pasta ORAL-B Pro Junior, nuo 6 iki 12 metų, 75 ml",2.49 €,https://firebasestorage.googleapis.com/v0/b/lastmile-ui/o/import%2Fphotos%2Fconverted%2Fproduct%2FthumbUrl%2FCvKfTzV4TN5U8BTMF1Hl_288741_OrXUvGAuc2NCJDRvzNOTXOM3rsp1_IN3imqv2aN54pI5SNcJQ.webp?alt=media&token=992b6eb7-215b-4d0d-873d-7ab9aee1149c
IKI,ECODENTA juoda balinamoji dantų pasta su vulkano mineralais 100ml,2.74 €,https://firebasestorage.googleapis.com/v0/b/lastmile-ui/o/import%2Fphotos%2Fconverted%2Fproduct%2FthumbUrl%2FCvKfTzV4TN5U8BTMF1Hl_288471_OrXUvGAuc2NCJDRvzNOTXOM3rsp1_TG45x9ROvAZyS3KA6rT0.webp?alt=media&token=d348704c-789d-452d-b349-0d85754af1ce
IKI,Purškiamas antiperspirantas REXONA ALOE VERA 150 ml,2.14 €,https://firebasestorage.googleapis.com/v0/b/lastmile-ui/o/import%2Fphotos%2Fconverted%2Fproduct%2FthumbUrl%2FCvKfTzV4TN5U8BTMF1Hl_14703_OrXUvGAuc2NCJDRvzNOTXOM3rsp1_NMTwUNKggpTHFLznJQxe.webp?alt=media&token=484f0270-aaf7-4a6a-8d6e-2da68af38127
IKI,"Ekologiškos obuolių sultys HIPP nuo 5 mėn., 330 ml",2.77 €,https://firebasestorage.googleapis.com/v0/b/lastmile-ui/o/import%2Fphotos%2Fconverted%2Fproduct%2FthumbUrl%2FCvKfTzV4TN5U8BTMF1Hl_288817_OrXUvGAuc2NCJDRvzNOTXOM3rsp1_Q1hLYyMgGBvSoVekaK8p.webp?alt=media&token=db61b759-8a5c-476e-b63e-a88a8dfd1d4f
IKI,Maltinukai su morkomis 350 g A.r.,3.19 €,https://firebasestorage.googleapis.com/v0/b/lastmile-ui/o/import%2Fphotos%2Fconverted%2Fproduct%2FthumbUrl%2FCvKfTzV4TN5U8BTMF1Hl_288978_uF3DptJQvjXHqmno4Mal_hwUOFYplCrxViTWiTm4z.webp?alt=media&token=b88604ed-eae0-4f6d-805a-c890823d5c0e
IKI,"Gamtos gurkšnis MIŠKO UOGŲ arbata, 2 g x 20 vnt.",0.99 €,https://firebasestorage.googleapis.com/v0/b/lastmile-ui/o/import%2Fphotos%2Fconverted%2Fproduct%2FthumbUrl%2FCvKfTzV4TN5U8BTMF1Hl_289136_OrXUvGAuc2NCJDRvzNOTXOM3rsp1_hfOhmcgCFPS5vVJsZQZm.webp?alt=media&token=d500cf13-88ed-419b-ba5c-dfdf92d9555f
IKI,"ELSEVE Glycolic Gloss nenuplaunamas serumas žvilgantiems plaukams, 150 ml",4.24 €,https://firebasestorage.googleapis.com/v0/b/lastmile-ui/o/import%2Fphotos%2Fconverted%2Fproduct%2FthumbUrl%2FCvKfTzV4TN5U8BTMF1Hl_289677_OrXUvGAuc2NCJDRvzNOTXOM3rsp1_wMonryb5BeRMYy1JwazY.webp?alt=media&token=3314d606-80db-4a90-8d02-2dbd089b0656
IKI,Fish and Chips Nowaco 500g sušald.,4.89 €,https://firebasestorage.googleapis.com/v0/b/lastmile-ui/o/import%2Fphotos%2Fconverted%2Fproduct%2FthumbUrl%2FCvKfTzV4TN5U8BTMF1Hl_290337_OrXUvGAuc2NCJDRvzNOTXOM3rsp1_j24uMwXguTH54k1MOOlg.webp?alt=media&token=e8e7aa10-894b-4f7c-a1ee-5243b8e76732
IKI,"Funkcinis gaivusis gėrimas su imbieru DIGESTIF WATER BY BIRUTĖ, 600 ml",1.18 €,https://firebasestorage.googleapis.com/v0/b/lastmile-ui/o/import%2Fphotos%2Fconverted%2Fproduct%2FthumbUrl%2FCvKfTzV4TN5U8BTMF1Hl_290446_OrXUvGAuc2NCJDRvzNOTXOM3rsp1_v5bEBZuZVf7LbCloCB9W.webp?alt=media&token=d9d0cb96-2e37-4c93-b478-84b9a95ac7a1
IKI,"Dekoracija žibintas LED, 13 cm",2.99 €,https://firebasestorage.googleapis.com/v0/b/lastmile-ui/o/import%2Fphotos%2Fconverted%2Fproduct%2FthumbUrl%2FCvKfTzV4TN5U8BTMF1Hl_291275_OrXUvGAuc2NCJDRvzNOTXOM3rsp1_CzJVD0tUAxJRr6v7xL0L.webp?alt=media&token=94d73046-ce1e-4709-b9ac-92fb9b96d62f
IKI,Kalėdinis puodelis su dangteliu 500 ml,0.89 €,https://firebasestorage.googleapis.com/v0/b/lastmile-ui/o/import%2Fphotos%2Fconverted%2Fproduct%2FthumbUrl%2FCvKfTzV4TN5U8BTMF1Hl_291203_OrXUvGAuc2NCJDRvzNOTXOM3rsp1_mBOKp6FTeMlwTg4YQV8o.webp?alt=media&token=9b617408-7f46-41ba-b7c3-4674696ca119
IKI,Kalėdinis tualetinis popierius 30 m,1.99 €,https://firebasestorage.googleapis.com/v0/b/lastmile-ui/o/import%2Fphotos%2Fconverted%2Fproduct%2FthumbUrl%2FCvKfTzV4TN5U8BTMF1Hl_291263_uF3DptJQvjXHqmno4Mal_QXprN8eD9duDL4JOXU8R.webp?alt=media&token=f58ccbca-d86d-4845-95d6-97a046af4fd8
IKI,Langų valytuvas VILEDA,25.79 €,https://storage.googleapis.com/download/storage/v1/b/lastmile-ui/o/import%2Fphotos%2Fconverted%2Fproduct%2Fglobal_ja3UGOTAsGzB58hgwvHd_xGdb10o0VzY1SFD6eDjbpqgxmW02_Jg3gdSRSRrCBFn9vQYl8_thumb.jpg?generation=1676358090999948&alt=media
IKI,"Moteriškos pėdkelnės INCANTO ACTIVE BODY 40 DEN, 4 dydis, spalva NERO",3.89 €,https://firebasestorage.googleapis.com/v0/b/lastmile-ui/o/import%2Fphotos%2Fconverted%2Fproduct%2FthumbUrl%2FCvKfTzV4TN5U8BTMF1Hl_220131_uF3DptJQvjXHqmno4Mal_YLDVAsUtjxG4ktRH1L3K.webp?alt=media&token=f96de06c-87ad-4acf-8aaa-080668cac2b6
IKI,"Veido kremas po skutimosi su propoliu ARAS, 50 ml",4.49 €,https://storage.googleapis.com/download/storage/v1/b/lastmile-ui/o/import%2Fphotos%2Fconverted%2Fproduct%2Fglobal_NtmbUg5jCYenhFBHR7xc_W5RvAbpnRicygag1V4nopPhtD8z2_LPh372dELWFdSBuNiYKt_thumb.jpg?generation=1684494381306485&alt=media
IKI,"Pažangaus poveikio serumas nuo pigmentinių dėmių NIVEA CELLULAR LUMINOUS 630 ANTISPOT, 30 ml",13.49 €,https://storage.googleapis.com/download/storage/v1/b/lastmile-ui/o/import%2Fphotos%2Fconverted%2Fproduct%2FCvKfTzV4TN5U8BTMF1Hl_276087_CvKfTzV4TN5U8BTMF1Hl_W5RvAbpnRicygag1V4nopPhtD8z2_a1HgziZIJT8YdXN6OuGW_thumb.jpg?generation=1688450526911405&alt=media
IKI,"Maitinamasis veido kremas RASA INTENSE CARE, 50 ml",8.49 €,https://storage.googleapis.com/download/storage/v1/b/lastmile-ui/o/import%2Fphotos%2Fconverted%2Fproduct%2Fglobal_g7BcCWzIyYZ7AElvd79b_W5RvAbpnRicygag1V4nopPhtD8z2_FNMBtFfXD4OQM0ASvueI_thumb.jpg?generation=1686288648716058&alt=media
IKI,"Plaukų šampūnas GLISS OIL NUTRITIVE, 400 ml",3.49 €,https://firebasestorage.googleapis.com/v0/b/lastmile-ui/o/import%2Fphotos%2Fconverted%2Fproduct%2FthumbUrl%2FCvKfTzV4TN5U8BTMF1Hl_277556_uF3DptJQvjXHqmno4Mal_vzDEWUdOmmeOOoeZTZA8.webp?alt=media&token=5b71d954-a753-4172-be72-2855c3928f1a
IKI,"Kondicionierius pažeistiems, nepaklusniems plaukams ECOFORIA „Keratin Repair“, 400 ml",4.99 €,https://firebasestorage.googleapis.com/v0/b/lastmile-ui/o/import%2Fphotos%2Fconverted%2Fproduct%2FthumbUrl%2FCvKfTzV4TN5U8BTMF1Hl_277545_Y5wHCakiRVc8Kf1fJt96vh8Tr2I2_RlmkZmeCIWMteSQrJmsT.webp?alt=media&token=04366c1e-173e-4442-b59f-f3a2172b2874
IKI,"Kondicionierius apimčiai ECOFORIA „Volume Maker“, 400 ml",4.99 €,https://firebasestorage.googleapis.com/v0/b/lastmile-ui/o/import%2Fphotos%2Fconverted%2Fproduct%2FthumbUrl%2FCvKfTzV4TN5U8BTMF1Hl_277546_Y5wHCakiRVc8Kf1fJt96vh8Tr2I2_HNmhuytflx6f4GbQpOLB.webp?alt=media&token=84ec613b-8712-43df-b4b6-ffe14ab4de63
IKI,"Pieninis šokoladas MILKA SNOWBALLS OREO, 112 g",2.99 €,https://firebasestorage.googleapis.com/v0/b/lastmile-ui/o/import%2Fphotos%2Fconverted%2Fproduct%2FthumbUrl%2FCvKfTzV4TN5U8BTMF1Hl_257423_uF3DptJQvjXHqmno4Mal_D1uC2R5z9SnAGaaEw0rB.webp?alt=media&token=634823c2-9f5d-4a5d-a6d3-83b259cdf378
IKI,"Dezodorantas moterims GAR DEO MINERAL ACTION CONTROL CLINICAL, 150 ml",2.89 €,https://storage.googleapis.com/download/storage/v1/b/lastmile-ui/o/import%2Fphotos%2Fconverted%2Fproduct%2Fglobal_LX0DnWO070ozZxW2Isk7_W5RvAbpnRicygag1V4nopPhtD8z2_J0ohXIgsdGx5U1BqcGqL_thumb.jpg?generation=1684828968117591&alt=media
IKI,"LSS dezodorantas antiperspirantas Sensitive Stick, 40 g",2.39 €,https://firebasestorage.googleapis.com/v0/b/lastmile-ui/o/import%2Fphotos%2Fconverted%2Fproduct%2FthumbUrl%2FCvKfTzV4TN5U8BTMF1Hl_283684_Y5wHCakiRVc8Kf1fJt96vh8Tr2I2_AfK16GMGKCCdc4lki4kH.webp?alt=media&token=0d3159db-ded1-43b6-a541-9cae9d218f69
IKI,"NIVEA Repair 3in1 rankų kremas, 75 ml",3.14 €,https://firebasestorage.googleapis.com/v0/b/lastmile-ui/o/import%2Fphotos%2Fconverted%2Fproduct%2FthumbUrl%2FCvKfTzV4TN5U8BTMF1Hl_280228_OrXUvGAuc2NCJDRvzNOTXOM3rsp1_w3SMBvKslhLNkatcooVR.webp?alt=media&token=dec61737-4683-44f9-841e-c856e2fcf4c6
IKI,"Plaukų šampūnas PANTENE Bond Repair, 250 ml",3.59 €,https://firebasestorage.googleapis.com/v0/b/lastmile-ui/o/import%2Fphotos%2Fconverted%2Fproduct%2FthumbUrl%2FCvKfTzV4TN5U8BTMF1Hl_281644_OrXUvGAuc2NCJDRvzNOTXOM3rsp1_KbWgLxPRvJSEIywdMyKe.webp?alt=media&token=7d86a412-1c24-4fcc-9a76-dbc9fb35b593
IKI,VILEDA ŠLAVIMO ŠEPEČIO UNIVERSAL GALVA,5.99 €,https://firebasestorage.googleapis.com/v0/b/lastmile-ui/o/import%2Fphotos%2Fconverted%2Fproduct%2FthumbUrl%2FCvKfTzV4TN5U8BTMF1Hl_10294_Y5wHCakiRVc8Kf1fJt96vh8Tr2I2_KSed9sYTZfTskDbkBuGE.webp?alt=media&token=e8047e79-c6db-4668-bff9-a7c59005d34a
IKI,"Kūno prausiklis FAITH IN NATURE DRAGON FRUIT, 400 ml",4.24 €,https://firebasestorage.googleapis.com/v0/b/lastmile-ui/o/import%2Fphotos%2Fconverted%2Fproduct%2FthumbUrl%2FCvKfTzV4TN5U8BTMF1Hl_280503_OrXUvGAuc2NCJDRvzNOTXOM3rsp1_h2zK6Aqtm06ythqqcluN.webp?alt=media&token=c6415827-fd3b-4bab-a114-6d545865c144
IKI,"Šampūnas FAITH IN NATURE DRAGON FRUIT, 400 ml",4.49 €,https://firebasestorage.googleapis.com/v0/b/lastmile-ui/o/import%2Fphotos%2Fconverted%2Fproduct%2FthumbUrl%2FCvKfTzV4TN5U8BTMF1Hl_280501_OrXUvGAuc2NCJDRvzNOTXOM3rsp1_JaJW4uUGOJbDgHL4DHQy.webp?alt=media&token=d835788c-0dff-4c16-8a16-0b1a5b506ceb
IKI,"Kremas labai sausai odai NIVEA REPAIR & CARE, 400 ml",7.99 €,https://firebasestorage.googleapis.com/v0/b/lastmile-ui/o/import%2Fphotos%2Fconverted%2Fproduct%2FthumbUrl%2FCvKfTzV4TN5U8BTMF1Hl_285238_OrXUvGAuc2NCJDRvzNOTXOM3rsp1_ms80dqpeCJW6hAIyrF7z.webp?alt=media&token=279bb7f8-187e-4c77-b536-e28a7e82ab80
IKI,"AIR WICK elektrinis kištukinis oro/gaiviklis jazminų ir frezijų kvapo, 19 ml",4.74 €,https://firebasestorage.googleapis.com/v0/b/lastmile-ui/o/import%2Fphotos%2Fconverted%2Fproduct%2FthumbUrl%2FCvKfTzV4TN5U8BTMF1Hl_286841_OrXUvGAuc2NCJDRvzNOTXOM3rsp1_fzwgddjs5oRAbisWq7W3.webp?alt=media&token=96f1d4e0-7c5e-4aff-b7c3-e30a7b16b78a
IKI,"natūralus lūpų balzamas PHARMA OIL, papaja, 5 g",2.39 €,https://firebasestorage.googleapis.com/v0/b/lastmile-ui/o/import%2Fphotos%2Fconverted%2Fproduct%2FthumbUrl%2FCvKfTzV4TN5U8BTMF1Hl_281224_OrXUvGAuc2NCJDRvzNOTXOM3rsp1_eRCSSQjXXAxjzIZcnpU9.webp?alt=media&token=59a49029-bbf5-4b55-88cb-7bee2e92ee98
IKI,"Skalbimo kapsulės ARIEL Fresh Air, 19 skalb.",7.49 €,https://firebasestorage.googleapis.com/v0/b/lastmile-ui/o/import%2Fphotos%2Fconverted%2Fproduct%2FthumbUrl%2FCvKfTzV4TN5U8BTMF1Hl_287790_OrXUvGAuc2NCJDRvzNOTXOM3rsp1_bYbEuAwZholErnmS6nG6.webp?alt=media&token=b85abcb0-1360-4ae8-95b0-7c1e68800996
IKI,"ELSEVE Growth Booster kondicionierius, 150ml",4.49 €,https://firebasestorage.googleapis.com/v0/b/lastmile-ui/o/import%2Fphotos%2Fconverted%2Fproduct%2FthumbUrl%2FCvKfTzV4TN5U8BTMF1Hl_287736_uF3DptJQvjXHqmno4Mal_mZPj5ckmSTQItCSB6bRK.webp?alt=media&token=fca105d2-a70e-4460-8b3a-1faea468595c
IKI,"Dantų pasta ORAL-B Pro Kids, nuo 6 mėn. iki 6 metų, 50 ml",2.49 €,https://firebasestorage.googleapis.com/v0/b/lastmile-ui/o/import%2Fphotos%2Fconverted%2Fproduct%2FthumbUrl%2FCvKfTzV4TN5U8BTMF1Hl_288742_OrXUvGAuc2NCJDRvzNOTXOM3rsp1_Vad7LSJWFdryc1jvw9Ad.webp?alt=media&token=1970a7f2-de5b-44bc-b995-e934713f1975
IKI,"FAITH IN NATURE skystas rankų muilas su apelsinų ir greipfrutų aliejais, 400ml.",4.74 €,https://firebasestorage.googleapis.com/v0/b/lastmile-ui/o/import%2Fphotos%2Fconverted%2Fproduct%2FthumbUrl%2FCvKfTzV4TN5U8BTMF1Hl_288552_OrXUvGAuc2NCJDRvzNOTXOM3rsp1_onDGy3k2k4A7skIFeb8x.webp?alt=media&token=2b36f4b8-531a-419e-a9b6-49ee8b046c9a
IKI,"SENSE Vonios burbulas BUBBLE TO BLOOM, 120 g",1.24 €,https://firebasestorage.googleapis.com/v0/b/lastmile-ui/o/import%2Fphotos%2Fconverted%2Fproduct%2FthumbUrl%2FCvKfTzV4TN5U8BTMF1Hl_288796_OrXUvGAuc2NCJDRvzNOTXOM3rsp1_iK0smp3DYIZ5xG3HSVyL.webp?alt=media&token=0bbf2248-0244-4afe-91ac-d807852d2bcf
IKI,"Sukulentinis augalas RIPSALIS 10,5cm",6.99 €,https://firebasestorage.googleapis.com/v0/b/lastmile-ui/o/import%2Fphotos%2Fconverted%2Fproduct%2FthumbUrl%2FCvKfTzV4TN5U8BTMF1Hl_271378_OrXUvGAuc2NCJDRvzNOTXOM3rsp1_FlQwVOWMOBisnFEeFNI9.webp?alt=media&token=a3a136ec-af09-417c-8a87-d9ea27558469
IKI,Saldainiai STEBUKLINGOJI AGUONA,5.99 €,https://firebasestorage.googleapis.com/v0/b/lastmile-ui/o/import%2Fphotos%2Fconverted%2Fproduct%2FthumbUrl%2FCvKfTzV4TN5U8BTMF1Hl_290487_uF3DptJQvjXHqmno4Mal_s0iMBTciulCGzJFHLULi.webp?alt=media&token=04b20714-2102-45fd-a444-7d77119506f8
IKI,"Kepimo padažas ir prieskoniai SANTA MARIA Korma, 360 g",3.49 €,https://firebasestorage.googleapis.com/v0/b/lastmile-ui/o/import%2Fphotos%2Fconverted%2Fproduct%2FthumbUrl%2FCvKfTzV4TN5U8BTMF1Hl_290272_uF3DptJQvjXHqmno4Mal_rUbf1Pkp5zs5LRaPnDFT.webp?alt=media&token=fd585f90-cfdc-433f-bd08-591158bf426b
IKI,"Kalendorius 2026 3 DALIŲ, 1 SPIRALĖ",3.89 €,https://firebasestorage.googleapis.com/v0/b/lastmile-ui/o/import%2Fphotos%2Fconverted%2Fproduct%2FthumbUrl%2FCvKfTzV4TN5U8BTMF1Hl_290727_OrXUvGAuc2NCJDRvzNOTXOM3rsp1_b0yIMnKa1hTp4aN0hWwb.webp?alt=media&token=d337c0f6-881f-4925-b68f-a21c7242ad85
IKI,"Namų kvapas Winter, 13 cm",3.99 €,https://firebasestorage.googleapis.com/v0/b/lastmile-ui/o/import%2Fphotos%2Fconverted%2Fproduct%2FthumbUrl%2FCvKfTzV4TN5U8BTMF1Hl_291214_OrXUvGAuc2NCJDRvzNOTXOM3rsp1_RJug15jZc1FbLxe5z8j8.webp?alt=media&token=da4051e8-3ab2-44ee-b808-0fb0e00eba35
IKI,Žydintis augalas PUANSETIJA,2.99 €,https://firebasestorage.googleapis.com/v0/b/lastmile-ui/o/import%2Fphotos%2Fconverted%2Fproduct%2FthumbUrl%2FCvKfTzV4TN5U8BTMF1Hl_222199_OrXUvGAuc2NCJDRvzNOTXOM3rsp1_N7ZCndz09npUXZ4usv4L.webp?alt=media&token=38bd1ef8-a841-46f6-9548-587767152ee6
IKI,LED girlianda 40 spalvota,0.99 €,https://firebasestorage.googleapis.com/v0/b/lastmile-ui/o/import%2Fphotos%2Fconverted%2Fproduct%2FthumbUrl%2FCvKfTzV4TN5U8BTMF1Hl_291291_OrXUvGAuc2NCJDRvzNOTXOM3rsp1_yGzGtW0xNyP9BIUMZIDn.webp?alt=media&token=d4705f02-4d4b-4866-b444-b736fcf4bc7b
IKI,"Vandens šildyklė su pukuota įmaute, 1,75 l",3.69 €,https://firebasestorage.googleapis.com/v0/b/lastmile-ui/o/import%2Fphotos%2Fconverted%2Fproduct%2FthumbUrl%2FCvKfTzV4TN5U8BTMF1Hl_290573_OrXUvGAuc2NCJDRvzNOTXOM3rsp1_fLHKFdHp4vgeYLsHBPrt.webp?alt=media&token=04a4d4c3-7e07-493a-ba67-db7bf8a86ff1
IKI,"Drėkinamasis losjonas po skutimosi ARAS, 100 ml",4.99 €,https://storage.googleapis.com/download/storage/v1/b/lastmile-ui/o/import%2Fphotos%2Fconverted%2Fproduct%2Fglobal_R055a4QwRDzjlz9rMsoU_W5RvAbpnRicygag1V4nopPhtD8z2_FKYZYPsIkKnYj3yLJFW1_thumb.jpg?generation=1684494381523988&alt=media
IKI,"Kondicionierius TIGI BED HEAD FULLY LOADED, 200 ml",7.49 €,https://storage.googleapis.com/download/storage/v1/b/lastmile-ui/o/import%2Fphotos%2Fconverted%2Fproduct%2Fglobal_kExwBML81bHKDjrVF9gi_xGdb10o0VzY1SFD6eDjbpqgxmW02_03a9sYgWneXhrNvI99nG_thumb.jpg?generation=1674560118149364&alt=media
IKI,"Moteriškos pėdkelnės INCANTO MICRO VELVET 100DEN, 3 dydis, NERO",5.39 €,https://storage.googleapis.com/download/storage/v1/b/lastmile-ui/o/import%2Fphotos%2Fconverted%2Fproduct%2FCvKfTzV4TN5U8BTMF1Hl_220182_CvKfTzV4TN5U8BTMF1Hl_W5RvAbpnRicygag1V4nopPhtD8z2_Zjb1beBsG2v6AITithpR_thumb.webp?generation=1699884882144627&alt=media
IKI,"Moteriškos pėdkelnės INCANTO COSMO 20 DEN, 5 dydis, spalva NERO",2.99 €,https://storage.googleapis.com/download/storage/v1/b/lastmile-ui/o/import%2Fphotos%2Fconverted%2Fproduct%2FCvKfTzV4TN5U8BTMF1Hl_220144_CvKfTzV4TN5U8BTMF1Hl_W5RvAbpnRicygag1V4nopPhtD8z2_TKYl2Fx327e8h7Knz4ei_thumb.webp?generation=1699884885062051&alt=media
IKI,"Moteriškos pėdkelnės INCANTO COSMO 20 DEN, 3 dydis, spalva DAINO",2.99 €,https://storage.googleapis.com/download/storage/v1/b/lastmile-ui/o/import%2Fphotos%2Fconverted%2Fproduct%2FCvKfTzV4TN5U8BTMF1Hl_220146_CvKfTzV4TN5U8BTMF1Hl_W5RvAbpnRicygag1V4nopPhtD8z2_a5GHNPYn4lT7N2yXw71Q_thumb.webp?generation=1699884881041531&alt=media
IKI,"Moteriškos pėdkelnės INCANTO FASHION 20 DEN, 3 dydis, spalva DAINO",3.29 €,https://storage.googleapis.com/download/storage/v1/b/lastmile-ui/o/import%2Fphotos%2Fconverted%2Fproduct%2FCvKfTzV4TN5U8BTMF1Hl_225635_CvKfTzV4TN5U8BTMF1Hl_W5RvAbpnRicygag1V4nopPhtD8z2_MtcYCOXetsde6dKLawzT_thumb.webp?generation=1699884885047031&alt=media
IKI,"Balzamas po skutimosi NIVEA MEN ORIGINALS, 100 ml",6.49 €,https://storage.googleapis.com/download/storage/v1/b/lastmile-ui/o/import%2Fphotos%2Fconverted%2Fproduct%2Fglobal_yGazsI8CvHRWEGzZBLSD_xGdb10o0VzY1SFD6eDjbpqgxmW02_1OLBJp8O9P2fr80MTjzp_thumb.jpg?generation=1674651246220043&alt=media
IKI,"Moteriškos kojinaitės GLAMOUR EASY 20 DEN, vienas dydis, spalva MIELE, 2 poros",1.67 €,https://storage.googleapis.com/download/storage/v1/b/lastmile-ui/o/import%2Fphotos%2Fconverted%2Fproduct%2FCvKfTzV4TN5U8BTMF1Hl_261142_CvKfTzV4TN5U8BTMF1Hl_W5RvAbpnRicygag1V4nopPhtD8z2_shNZFE4ck41TDKmTfp5a_thumb.webp?generation=1699884895562133&alt=media
IKI,"Tonikas NIVEA DERMA SKIN CLEAR, 200 ml",5.49 €,https://storage.googleapis.com/download/storage/v1/b/lastmile-ui/o/import%2Fphotos%2Fconverted%2Fproduct%2FCvKfTzV4TN5U8BTMF1Hl_276086_CvKfTzV4TN5U8BTMF1Hl_W5RvAbpnRicygag1V4nopPhtD8z2_QDi6HF80ucZ6XJmoj7uq_thumb.jpg?generation=1688450526916502&alt=media
IKI,"Drėkinamasis veido kremas sausai odai RASA HYDRO INTENSE, 50 ml",8.49 €,https://storage.googleapis.com/download/storage/v1/b/lastmile-ui/o/import%2Fphotos%2Fconverted%2Fproduct%2Fglobal_BvolXgr2SLh81bS4aCi5_W5RvAbpnRicygag1V4nopPhtD8z2_JG69zu9bgzyFAXsmMuAm_thumb.jpg?generation=1686288646874847&alt=media
IKI,Plaukų dažai PALETTE,2.99 €,https://firebasestorage.googleapis.com/v0/b/lastmile-ui/o/import%2Fphotos%2Fconverted%2Fproduct%2FthumbUrl%2FCvKfTzV4TN5U8BTMF1Hl_81120_OrXUvGAuc2NCJDRvzNOTXOM3rsp1_bj0b4koYntOnZp3kKtER.webp?alt=media&token=5750a44e-138a-4b4c-a784-d9955c973cfa
IKI,"Rasa hair repair system atkuriamasis plaukų šampūnas, 500 ml",4.99 €,https://firebasestorage.googleapis.com/v0/b/lastmile-ui/o/import%2Fphotos%2Fconverted%2Fproduct%2FthumbUrl%2FCvKfTzV4TN5U8BTMF1Hl_280500_Y5wHCakiRVc8Kf1fJt96vh8Tr2I2_5xtYg0TUuTc1Gwq6WrJG.webp?alt=media&token=c62f0551-016c-4e90-8abe-3d930342d775
IKI,Rasa hair hydro intense system/drėkinamasis plaukų kondicionierius,4.24 €,https://firebasestorage.googleapis.com/v0/b/lastmile-ui/o/import%2Fphotos%2Fconverted%2Fproduct%2FthumbUrl%2FCvKfTzV4TN5U8BTMF1Hl_280505_Y5wHCakiRVc8Kf1fJt96vh8Tr2I2_0HpsWeAEI3seOH3VfN47.webp?alt=media&token=7d5a2a4f-b614-4b1a-be02-b51a175d2247
IKI,"Plaukų kondicionierius PANTENE Thick&Strong Active Nutri-Plex, 275 ml",3.89 €,https://firebasestorage.googleapis.com/v0/b/lastmile-ui/o/import%2Fphotos%2Fconverted%2Fproduct%2FthumbUrl%2FCvKfTzV4TN5U8BTMF1Hl_284736_Y5wHCakiRVc8Kf1fJt96vh8Tr2I2_uN3AJQpbIFCpYvj4Zupg.webp?alt=media&token=f9c3e201-27e5-4b88-a6ab-65546d45c9ad
IKI,Plaukų kondicionierius GLISS FULL HAIR WONDER,2.64 €,https://firebasestorage.googleapis.com/v0/b/lastmile-ui/o/import%2Fphotos%2Fconverted%2Fproduct%2FthumbUrl%2FCvKfTzV4TN5U8BTMF1Hl_286642_OrXUvGAuc2NCJDRvzNOTXOM3rsp1_sGl4FOY8TqxxgPYGMZJq.webp?alt=media&token=a72ba0c2-d145-4fbd-9a6f-2040eba0b17e
IKI,"Dušo gelis FAITH IN NATURE GRAPEFRUIT & ORANGE, 400 ml",4.24 €,https://firebasestorage.googleapis.com/v0/b/lastmile-ui/o/import%2Fphotos%2Fconverted%2Fproduct%2FthumbUrl%2FCvKfTzV4TN5U8BTMF1Hl_280495_OrXUvGAuc2NCJDRvzNOTXOM3rsp1_BvJSiBjCZPXZ0Ic3cRA7.webp?alt=media&token=dff9a156-15e4-4e54-a23a-eb4a1ae75439
IKI,Gelio nagų lako viršutinis sluoksnis SINCERO SALON,2.89 €,https://firebasestorage.googleapis.com/v0/b/lastmile-ui/o/import%2Fphotos%2Fconverted%2Fproduct%2FthumbUrl%2FCvKfTzV4TN5U8BTMF1Hl_248781_OrXUvGAuc2NCJDRvzNOTXOM3rsp1_qDGOlHXvs2k8BM9xaYfN.webp?alt=media&token=588fa88b-7bfe-4241-9fe5-1a5e3a248241
IKI,Gelinio nagų lako pagrindas SINCERO SALON,2.89 €,https://firebasestorage.googleapis.com/v0/b/lastmile-ui/o/import%2Fphotos%2Fconverted%2Fproduct%2FthumbUrl%2FCvKfTzV4TN5U8BTMF1Hl_248782_OrXUvGAuc2NCJDRvzNOTXOM3rsp1_Eh1C2kolr8xRyQampBeK.webp?alt=media&token=dabf7644-e879-4697-97f0-ae13c9647e6a
IKI,"Lakas nagams BŪK, 9 ml 232",0.89 €,https://firebasestorage.googleapis.com/v0/b/lastmile-ui/o/import%2Fphotos%2Fconverted%2Fproduct%2FthumbUrl%2FCvKfTzV4TN5U8BTMF1Hl_246646_OrXUvGAuc2NCJDRvzNOTXOM3rsp1_5WTKnr6roYNgfl1KLPbF.webp?alt=media&token=ff20e23b-7525-4a87-b29e-53edc6b02d91
IKI,"Lakas nagams BŪK TWIN, 9 ml 255",0.89 €,https://firebasestorage.googleapis.com/v0/b/lastmile-ui/o/import%2Fphotos%2Fconverted%2Fproduct%2FthumbUrl%2FCvKfTzV4TN5U8BTMF1Hl_246799_OrXUvGAuc2NCJDRvzNOTXOM3rsp1_tbDA052xeZT9D4kKcEL5.webp?alt=media&token=ccd9d5ed-c063-4191-bc15-0692b7314b4f
IKI,"ELSEVE Growth Booster serumas galvos odai, 102ml",7.99 €,https://firebasestorage.googleapis.com/v0/b/lastmile-ui/o/import%2Fphotos%2Fconverted%2Fproduct%2FthumbUrl%2FCvKfTzV4TN5U8BTMF1Hl_287734_uF3DptJQvjXHqmno4Mal_WM0HVkoQUrCnlxYKjibe.webp?alt=media&token=efede7b9-9031-45ed-88c3-577f7bb3efb2
IKI,FROSCH skystas skalbiklis granatų kvapo 1500 ml,4.99 €,https://firebasestorage.googleapis.com/v0/b/lastmile-ui/o/import%2Fphotos%2Fconverted%2Fproduct%2FthumbUrl%2FCvKfTzV4TN5U8BTMF1Hl_287749_OrXUvGAuc2NCJDRvzNOTXOM3rsp1_rgmHoEpvmZYbzLmzdbhx.webp?alt=media&token=45996302-37cc-401a-81ef-e597be3194b4
IKI,"Skalbimo lapeliai ""K2R Revive White"" 18 vnt.",4.24 €,https://firebasestorage.googleapis.com/v0/b/lastmile-ui/o/import%2Fphotos%2Fconverted%2Fproduct%2FthumbUrl%2FCvKfTzV4TN5U8BTMF1Hl_287761_uF3DptJQvjXHqmno4Mal_bAFktzOlsZ7jxEgvvaeq.webp?alt=media&token=156d4ff2-72f3-4b38-a9e9-1b92bba355fb
IKI,"Jordan D.Š. Ultralite White, minkštas",1.49 €,https://firebasestorage.googleapis.com/v0/b/lastmile-ui/o/import%2Fphotos%2Fconverted%2Fproduct%2FthumbUrl%2FCvKfTzV4TN5U8BTMF1Hl_288483_OrXUvGAuc2NCJDRvzNOTXOM3rsp1_1PDx11zuOMLrJOHJolVP.webp?alt=media&token=f12d15f6-04bd-4672-a2e7-a2175e4e2366
IKI,"Dantų šepetėlis ORAL-B Pro-Expert, Deep Clean, Medium, 2 vnt.",2.74 €,https://firebasestorage.googleapis.com/v0/b/lastmile-ui/o/import%2Fphotos%2Fconverted%2Fproduct%2FthumbUrl%2FCvKfTzV4TN5U8BTMF1Hl_288743_OrXUvGAuc2NCJDRvzNOTXOM3rsp1_bhCJjI1RwQGYNf5DUmXj.webp?alt=media&token=a853fac6-6cc5-435a-8cf1-a2ad94d7dc7e
IKI,"Gamtos gurkšnis VYŠNIŲ arbata, 2 g x 20 vnt.",0.99 €,https://firebasestorage.googleapis.com/v0/b/lastmile-ui/o/import%2Fphotos%2Fconverted%2Fproduct%2FthumbUrl%2FCvKfTzV4TN5U8BTMF1Hl_289132_OrXUvGAuc2NCJDRvzNOTXOM3rsp1_GZT7dBSTPsSuTISQudKd.webp?alt=media&token=957fdd14-8621-4451-a640-bd94d2453116
IKI,Šaldytos Maheso Cukinijos tešloje 400 g,2.58 €,https://firebasestorage.googleapis.com/v0/b/lastmile-ui/o/import%2Fphotos%2Fconverted%2Fproduct%2FthumbUrl%2FCvKfTzV4TN5U8BTMF1Hl_290296_OrXUvGAuc2NCJDRvzNOTXOM3rsp1_1tqLVsMvWSql12UZ7plQ.webp?alt=media&token=9c2930ef-6b98-4239-bec1-5dda0df2051a
IKI,"Malta kava TIRA ESPRESSO, 250 g",3.99 €,https://firebasestorage.googleapis.com/v0/b/lastmile-ui/o/import%2Fphotos%2Fconverted%2Fproduct%2FthumbUrl%2FCvKfTzV4TN5U8BTMF1Hl_289622_OrXUvGAuc2NCJDRvzNOTXOM3rsp1_qcPoEe9ikJUAspHHy2jR.webp?alt=media&token=76f96add-3f6e-4236-bc6f-a8828a1e41e3
IKI,LED žvakė šilta balta 5 X 11 cm,0.74 €,https://firebasestorage.googleapis.com/v0/b/lastmile-ui/o/import%2Fphotos%2Fconverted%2Fproduct%2FthumbUrl%2FCvKfTzV4TN5U8BTMF1Hl_291247_OrXUvGAuc2NCJDRvzNOTXOM3rsp1_w3BiiPBUR8gX6IxFCKuq.webp?alt=media&token=beca87f0-a539-404b-8c62-5c8cec2b7b15
IKI,Juodasis šokoladas RŪTA Pasakiškų švenčių! 18 g,0.55 €,https://firebasestorage.googleapis.com/v0/b/lastmile-ui/o/import%2Fphotos%2Fconverted%2Fproduct%2FthumbUrl%2FCvKfTzV4TN5U8BTMF1Hl_290166_uF3DptJQvjXHqmno4Mal_JL39zHzplemOmBAcfdtB.webp?alt=media&token=5784f3b1-204e-4618-bbb9-194d57fa5625
IKI,"Panettone su pistacijų kremu BALCONI, 500 g",6.99 €,https://firebasestorage.googleapis.com/v0/b/lastmile-ui/o/import%2Fphotos%2Fconverted%2Fproduct%2FthumbUrl%2FCvKfTzV4TN5U8BTMF1Hl_290940_uF3DptJQvjXHqmno4Mal_BTKnsbgQzfFIJeXrieet.webp?alt=media&token=25a741e1-e1d9-4789-adc7-02fa22a576f0
IKI,"PLAUKŲ LAKAS WELLAFLEX INVISIBLE HOLD, 250 ml",3.09 €,https://storage.googleapis.com/download/storage/v1/b/lastmile-ui/o/import%2Fphotos%2Fconverted%2Fproduct%2Fglobal_l0alIxP8ivD0VExRROjp_xGdb10o0VzY1SFD6eDjbpqgxmW02_3BP74y7lwtOPcWcOQRcj_thumb.jpg?generation=1677061517227936&alt=media
IKI,Moteriškos pėdkelnės INCANTO MICRO VELVET 100,5.39 €,https://storage.googleapis.com/download/storage/v1/b/lastmile-ui/o/import%2Fphotos%2Fconverted%2Fproduct%2FCvKfTzV4TN5U8BTMF1Hl_220191_CvKfTzV4TN5U8BTMF1Hl_W5RvAbpnRicygag1V4nopPhtD8z2_XVeXqS5xRgmqghJ5KyHO_thumb.webp?generation=1699884882881504&alt=media
IKI,"Moteriškos puskojinės INCANTO PODIUM 20 DEN, vienas dydis, spalva NERO, 2 vnt.",2.39 €,https://storage.googleapis.com/download/storage/v1/b/lastmile-ui/o/import%2Fphotos%2Fconverted%2Fproduct%2FCvKfTzV4TN5U8BTMF1Hl_236748_CvKfTzV4TN5U8BTMF1Hl_W5RvAbpnRicygag1V4nopPhtD8z2_FIrtUq0qNwAb1wSubdYC_thumb.webp?generation=1699884887922970&alt=media
IKI,"Moteriškos kojinaitės GLAMOUR EASY 20 DEN, vienas dydis, spalva NERO, 2 poros",1.67 €,https://storage.googleapis.com/download/storage/v1/b/lastmile-ui/o/import%2Fphotos%2Fconverted%2Fproduct%2FCvKfTzV4TN5U8BTMF1Hl_261140_CvKfTzV4TN5U8BTMF1Hl_W5RvAbpnRicygag1V4nopPhtD8z2_qnFZkYvNBifNmn4rVzRh_thumb.webp?generation=1699884900770416&alt=media
IKI,"Vitaminizuotas nagų aliejukas SINCERO SALON LEVANDER, 10 ml",2.24 €,https://firebasestorage.googleapis.com/v0/b/lastmile-ui/o/import%2Fphotos%2Fconverted%2Fproduct%2FthumbUrl%2FCvKfTzV4TN5U8BTMF1Hl_266545_OrXUvGAuc2NCJDRvzNOTXOM3rsp1_z1STIvzc5C9PtHxHqawd.webp?alt=media&token=62e6693e-a293-4b35-a108-ebecdd45bff9
IKI,"Stangrinamasis paakių kremas RASA AGE CONTROL, 15 ml",6.99 €,https://storage.googleapis.com/download/storage/v1/b/lastmile-ui/o/import%2Fphotos%2Fconverted%2Fproduct%2Fglobal_iQaWfaBe1xS8BOS0TxRn_W5RvAbpnRicygag1V4nopPhtD8z2_FPlGfoogZsmJm2ZB8cQw_thumb.jpg?generation=1686288644180955&alt=media
IKI,"Šampūnas TIGI BED HEAD COLOR COMBAT COLOUR GODDNESS BLONDE, 400 ml",6.99 €,https://storage.googleapis.com/download/storage/v1/b/lastmile-ui/o/import%2Fphotos%2Fconverted%2Fproduct%2Fglobal_8ziSZ7ci3HEaCxK0kvwc_xGdb10o0VzY1SFD6eDjbpqgxmW02_laRLdAqNTu37JQoasZJY_thumb.jpg?generation=1674560115578746&alt=media
IKI,"MSS dezodorantas antiperspirantas Xtreme Intense Gel, 85 g",4.49 €,https://firebasestorage.googleapis.com/v0/b/lastmile-ui/o/import%2Fphotos%2Fconverted%2Fproduct%2FthumbUrl%2FCvKfTzV4TN5U8BTMF1Hl_283690_Y5wHCakiRVc8Kf1fJt96vh8Tr2I2_iJX4kiuObv0qQk5Pe078.webp?alt=media&token=ab0224df-d48d-4807-9901-52dca10d24b7
IKI,"NIVEA losjonas švelnus akių makiažui valyti, 151 g",3.14 €,https://firebasestorage.googleapis.com/v0/b/lastmile-ui/o/import%2Fphotos%2Fconverted%2Fproduct%2FthumbUrl%2FCvKfTzV4TN5U8BTMF1Hl_1581_OrXUvGAuc2NCJDRvzNOTXOM3rsp1_XVq9PrfTXqwmem8ShLei.webp?alt=media&token=6719b597-c40b-41e7-bd54-a170326ecc96
IKI,"Pieštukinis dezodorantas OLD SPICE Wolfhorn, 85ml",3.99 €,https://firebasestorage.googleapis.com/v0/b/lastmile-ui/o/import%2Fphotos%2Fconverted%2Fproduct%2FthumbUrl%2FCvKfTzV4TN5U8BTMF1Hl_285824_Y5wHCakiRVc8Kf1fJt96vh8Tr2I2_lyE4g5rixzT05aBj3Q6Z.webp?alt=media&token=9a56717e-f419-4325-a78d-4c17ef2f4a73
IKI,"FA purškiamas dezodorantas PINK PARADISE, 150 ml",2.49 €,https://firebasestorage.googleapis.com/v0/b/lastmile-ui/o/import%2Fphotos%2Fconverted%2Fproduct%2FthumbUrl%2FCvKfTzV4TN5U8BTMF1Hl_81694_Y5wHCakiRVc8Kf1fJt96vh8Tr2I2_JiuW5YLPkNNPk18OHvsL.webp?alt=media&token=02587e15-aa30-4caf-9838-ab2edcbb29a6
IKI,"Plaukų aliejus GREEN FEEL'S Nunu By Simona Nainė, 100 ml",6.99 €,https://firebasestorage.googleapis.com/v0/b/lastmile-ui/o/import%2Fphotos%2Fconverted%2Fproduct%2FthumbUrl%2FCvKfTzV4TN5U8BTMF1Hl_284726_Y5wHCakiRVc8Kf1fJt96vh8Tr2I2_BbyHQrUO62gW4caqG95x.webp?alt=media&token=62350b1c-90d8-4ceb-8087-e3916d85c6b6
IKI,VILEDA LAUKO ŠEPEČIO GALVA 2 in 1,8.99 €,https://firebasestorage.googleapis.com/v0/b/lastmile-ui/o/import%2Fphotos%2Fconverted%2Fproduct%2FthumbUrl%2FCvKfTzV4TN5U8BTMF1Hl_30141_Y5wHCakiRVc8Kf1fJt96vh8Tr2I2_4QUpuPuMD4PlqPqs2TlT.webp?alt=media&token=599790d7-1bc2-4868-8fad-10b669f0fb82
IKI,Plaukų šampūnas GLISS FULL HAIR WONDER,3.49 €,https://firebasestorage.googleapis.com/v0/b/lastmile-ui/o/import%2Fphotos%2Fconverted%2Fproduct%2FthumbUrl%2FCvKfTzV4TN5U8BTMF1Hl_286637_OrXUvGAuc2NCJDRvzNOTXOM3rsp1_PMNuSwIreU0Jqg0Hg5DF.webp?alt=media&token=656f8f2c-998f-4726-b297-5a622d27e03d
IKI,"Prausiklis ARAS 4IN1, 250 ml",1.84 €,https://firebasestorage.googleapis.com/v0/b/lastmile-ui/o/import%2Fphotos%2Fconverted%2Fproduct%2FthumbUrl%2FCvKfTzV4TN5U8BTMF1Hl_285870_OrXUvGAuc2NCJDRvzNOTXOM3rsp1_betDZ4vAmdxQFyNJr8HG.webp?alt=media&token=cc28c953-4444-4439-ba0a-471f44529973
IKI,"Lakas nagams NEW FORMULA 11 ml, s90 SINCERO SALON",1.99 €,https://firebasestorage.googleapis.com/v0/b/lastmile-ui/o/import%2Fphotos%2Fconverted%2Fproduct%2FthumbUrl%2FCvKfTzV4TN5U8BTMF1Hl_279299_OrXUvGAuc2NCJDRvzNOTXOM3rsp1_vpJvCU4VnOyuAuFnlFsN.webp?alt=media&token=e9d418b6-0d40-4341-a38f-1cfbcb71576c
IKI,Nagų lakas s85 SINCERO SALON,1.99 €,https://firebasestorage.googleapis.com/v0/b/lastmile-ui/o/import%2Fphotos%2Fconverted%2Fproduct%2FthumbUrl%2FCvKfTzV4TN5U8BTMF1Hl_261292_OrXUvGAuc2NCJDRvzNOTXOM3rsp1_YhLLfCbebf56SfEucUu3.webp?alt=media&token=291c866b-e349-41d5-9b33-4c3a56fa1d11
IKI,"Lakas nagams NEW FORMULA 11 ml, s93 SINCERO SALON",1.99 €,https://firebasestorage.googleapis.com/v0/b/lastmile-ui/o/import%2Fphotos%2Fconverted%2Fproduct%2FthumbUrl%2FCvKfTzV4TN5U8BTMF1Hl_279295_OrXUvGAuc2NCJDRvzNOTXOM3rsp1_gYDPczuSQVtAI2d3MKoW.webp?alt=media&token=dc10dd9e-2216-4e36-aa11-5e2a0f1d57d4
IKI,"Lakas nagams BŪK, 9 ml 300",0.89 €,https://firebasestorage.googleapis.com/v0/b/lastmile-ui/o/import%2Fphotos%2Fconverted%2Fproduct%2FthumbUrl%2FCvKfTzV4TN5U8BTMF1Hl_261271_OrXUvGAuc2NCJDRvzNOTXOM3rsp1_1TRixpI5cOHV6kwbUqeK.webp?alt=media&token=058cacb8-67ca-4bf8-b41c-fc74d9b19a0a
IKI,"Garnier micelinis vanduo, 700ml",6.49 €,https://firebasestorage.googleapis.com/v0/b/lastmile-ui/o/import%2Fphotos%2Fconverted%2Fproduct%2FthumbUrl%2FCvKfTzV4TN5U8BTMF1Hl_278551_OrXUvGAuc2NCJDRvzNOTXOM3rsp1_Jd8TP7eOmX1d9y7DFVfE.webp?alt=media&token=33489970-12f2-4ce4-8e5c-b45407310786
IKI,"ELSEVE Total Repair 5 plaukų kaukė, 300ml",4.49 €,https://firebasestorage.googleapis.com/v0/b/lastmile-ui/o/import%2Fphotos%2Fconverted%2Fproduct%2FthumbUrl%2FCvKfTzV4TN5U8BTMF1Hl_287737_uF3DptJQvjXHqmno4Mal_z1ZnDkKzMLltajnZnfc9.webp?alt=media&token=511c3f0f-a264-4341-83a7-8c4e488e8e01
IKI,"ELSEVE Growth Booster šampūnas, 200ml",4.49 €,https://firebasestorage.googleapis.com/v0/b/lastmile-ui/o/import%2Fphotos%2Fconverted%2Fproduct%2FthumbUrl%2FCvKfTzV4TN5U8BTMF1Hl_287738_uF3DptJQvjXHqmno4Mal_aDGcvzTLtYmYspVGizj9.webp?alt=media&token=df208a80-07c2-40e3-8055-7928447e9514
IKI,"Skalbimo kapsulės ARIEL Extra Clean, 10 skalb.",4.29 €,https://firebasestorage.googleapis.com/v0/b/lastmile-ui/o/import%2Fphotos%2Fconverted%2Fproduct%2FthumbUrl%2FCvKfTzV4TN5U8BTMF1Hl_287784_OrXUvGAuc2NCJDRvzNOTXOM3rsp1_igVj01hpjMCDuaJEZ8Hx.webp?alt=media&token=4cf62f0e-52ef-43eb-8598-a0d7b9e7cf02
IKI,"RAPID WHITE White + Booster Strong dantų pasta, balinamoji, 75 ml",5.99 €,https://firebasestorage.googleapis.com/v0/b/lastmile-ui/o/import%2Fphotos%2Fconverted%2Fproduct%2FthumbUrl%2FCvKfTzV4TN5U8BTMF1Hl_287958_OrXUvGAuc2NCJDRvzNOTXOM3rsp1_BymHL9j64Pc5GXncbyAP.webp?alt=media&token=be01d103-bc0c-45d9-b636-b6dacf5af087
IKI,Men Expert SHOWER HYD.ENERGETIC dušo želė 400 ML,3.49 €,https://firebasestorage.googleapis.com/v0/b/lastmile-ui/o/import%2Fphotos%2Fconverted%2Fproduct%2FthumbUrl%2FCvKfTzV4TN5U8BTMF1Hl_288785_OrXUvGAuc2NCJDRvzNOTXOM3rsp1_fa4ZMoEer0veIgk70vCZ.webp?alt=media&token=47113ac5-4bed-4a92-8168-c638901c3266
IKI,"Dantų šepetėlis ORAL-B Junior 6-12y, Extra soft, 1 vnt.",1.59 €,https://firebasestorage.googleapis.com/v0/b/lastmile-ui/o/import%2Fphotos%2Fconverted%2Fproduct%2FthumbUrl%2FCvKfTzV4TN5U8BTMF1Hl_288745_OrXUvGAuc2NCJDRvzNOTXOM3rsp1_nGLvKYNHAk3fWj3OHL3w.webp?alt=media&token=12c38c69-ffd1-4618-9397-3dab5ab6048b
IKI,Paprastieji vytinti skraidkalmariai su sezamu ir čili pipirais,1.79 €,https://firebasestorage.googleapis.com/v0/b/lastmile-ui/o/import%2Fphotos%2Fconverted%2Fproduct%2FthumbUrl%2FCvKfTzV4TN5U8BTMF1Hl_288963_OrXUvGAuc2NCJDRvzNOTXOM3rsp1_iPGOncyuEqoAJLpul2vN.webp?alt=media&token=c7608334-e0a5-45e0-9a58-8b2371a0961a
IKI,"Garnier Vitamin C micelinis vanduo su vitaminu C, 700ml",6.49 €,https://firebasestorage.googleapis.com/v0/b/lastmile-ui/o/import%2Fphotos%2Fconverted%2Fproduct%2FthumbUrl%2FCvKfTzV4TN5U8BTMF1Hl_289441_OrXUvGAuc2NCJDRvzNOTXOM3rsp1_MV0ZJnlSZ0Zk7rI2rR3w.webp?alt=media&token=f4aa1808-7cf0-4a3b-8e40-a83325440729
IKI,"Skalbimo kapsulės ""PERSIL DISCS Stain Remover"" 23 skalbimai",8.49 €,https://firebasestorage.googleapis.com/v0/b/lastmile-ui/o/import%2Fphotos%2Fconverted%2Fproduct%2FthumbUrl%2FCvKfTzV4TN5U8BTMF1Hl_288453_OrXUvGAuc2NCJDRvzNOTXOM3rsp1_QKAzWsLd8KdH9irhGxXs.webp?alt=media&token=d9797941-f8f2-41af-bd79-b3c4449acaf1
IKI,NIVEA micelinis vanduo jautriai odai 100ml,2.24 €,https://firebasestorage.googleapis.com/v0/b/lastmile-ui/o/import%2Fphotos%2Fconverted%2Fproduct%2FthumbUrl%2FCvKfTzV4TN5U8BTMF1Hl_289412_OrXUvGAuc2NCJDRvzNOTXOM3rsp1_SwCWKDY3fAiHkYe8KGv4.webp?alt=media&token=d81096a6-cef4-4f4e-98a6-a860bf6eca57
IKI,"Kalėdinė dekoracija WINTERIA Donut, 5,5 cm 4 vnt",1.49 €,https://firebasestorage.googleapis.com/v0/b/lastmile-ui/o/import%2Fphotos%2Fconverted%2Fproduct%2FthumbUrl%2FCvKfTzV4TN5U8BTMF1Hl_290087_OrXUvGAuc2NCJDRvzNOTXOM3rsp1_NuD7RPgjJV8oKyXa0sss.webp?alt=media&token=479d19ce-f2ae-4276-b463-779e27f4241c
IKI,Pakabinama dekoracija pastelinis keksiukas 7 X 7 X 8 cm,0.99 €,https://firebasestorage.googleapis.com/v0/b/lastmile-ui/o/import%2Fphotos%2Fconverted%2Fproduct%2FthumbUrl%2FCvKfTzV4TN5U8BTMF1Hl_291136_OrXUvGAuc2NCJDRvzNOTXOM3rsp1_XDF2X9rvc9MU0rFbalLg.webp?alt=media&token=d3349205-3d2c-4fb0-9ec3-618287b5935e
IKI,Kalėdinė dekoracija besmegenis su LED 11 cm,1.74 €,https://firebasestorage.googleapis.com/v0/b/lastmile-ui/o/import%2Fphotos%2Fconverted%2Fproduct%2FthumbUrl%2FCvKfTzV4TN5U8BTMF1Hl_285210_OrXUvGAuc2NCJDRvzNOTXOM3rsp1_4uUpvrI2nCD0rmqN37ph.webp?alt=media&token=daa81c60-8637-4a9c-8c6d-d0dd4a35159b
IKI,"Kalėdinė gėlė su segtuku, rinkinys",0.99 €,https://firebasestorage.googleapis.com/v0/b/lastmile-ui/o/import%2Fphotos%2Fconverted%2Fproduct%2FthumbUrl%2FCvKfTzV4TN5U8BTMF1Hl_291264_OrXUvGAuc2NCJDRvzNOTXOM3rsp1_N4kCNk9tE6MkqhgOu5zr.webp?alt=media&token=e4f7e63a-0f72-4eac-be80-8242c0572a04
IKI,"Kalėdiniai lango lipdukai, 20 X 25 cm",1.49 €,https://firebasestorage.googleapis.com/v0/b/lastmile-ui/o/import%2Fphotos%2Fconverted%2Fproduct%2FthumbUrl%2FCvKfTzV4TN5U8BTMF1Hl_291131_OrXUvGAuc2NCJDRvzNOTXOM3rsp1_XFB8MXosXYk08aOLkwK8.webp?alt=media&token=3e06bb71-4f73-427a-998d-c581b4379b1d
IKI,Kvapni žvakė dėžutėje 8x5 cm,1.49 €,https://firebasestorage.googleapis.com/v0/b/lastmile-ui/o/import%2Fphotos%2Fconverted%2Fproduct%2FthumbUrl%2FCvKfTzV4TN5U8BTMF1Hl_291196_OrXUvGAuc2NCJDRvzNOTXOM3rsp1_EEESvVyQASylplHT684o.webp?alt=media&token=cd610525-4dc4-4b81-b9c9-c49d6b2eb4ab
IKI,Elfas Behavin Badly 30 cm,4.24 €,https://firebasestorage.googleapis.com/v0/b/lastmile-ui/o/import%2Fphotos%2Fconverted%2Fproduct%2FthumbUrl%2FCvKfTzV4TN5U8BTMF1Hl_285435_uF3DptJQvjXHqmno4Mal_7N2UUvM4HcD9Tq8D97K3.webp?alt=media&token=187585fa-cf37-4d5f-b725-3d374e729c5a
IKI,Kalendorius 2026 PATARIMŲ PLĖŠOMAS,2.99 €,https://firebasestorage.googleapis.com/v0/b/lastmile-ui/o/import%2Fphotos%2Fconverted%2Fproduct%2FthumbUrl%2FCvKfTzV4TN5U8BTMF1Hl_279511_OrXUvGAuc2NCJDRvzNOTXOM3rsp1_zMMZnKnfpbw2lSdUb2MP.webp?alt=media&token=8853fd53-f174-47c0-8194-69094f9d3950
IKI,Lėtai virta viščiuko broilerio puselė česnakiniame marinate Rumšiškių paukštynas,5.99 €,https://firebasestorage.googleapis.com/v0/b/lastmile-ui/o/import%2Fphotos%2Fconverted%2Fproduct%2FthumbUrl%2FCvKfTzV4TN5U8BTMF1Hl_291571_uF3DptJQvjXHqmno4Mal_KFBqLICPWxuYu0ppBTDS.webp?alt=media&token=dcfbb28f-1ebb-435b-b3c0-0a79f981515a
IKI,"DVARO ekologiškas sūris 50% r.s.m raikytas, 150 g",2.23 €,https://firebasestorage.googleapis.com/v0/b/lastmile-ui/o/import%2Fphotos%2Fconverted%2Fproduct%2FthumbUrl%2FCvKfTzV4TN5U8BTMF1Hl_291573_OrXUvGAuc2NCJDRvzNOTXOM3rsp1_Z9U2engRPfWPefZIhsgk.webp?alt=media&token=be207fb1-79aa-4866-b104-d2b9bf75aa0b
IKI,"Moteriškos pėdkelnės INCANTO COSMO 40 DEN, 4 dydis, spalva GRAFITE",3.29 €,https://storage.googleapis.com/download/storage/v1/b/lastmile-ui/o/import%2Fphotos%2Fconverted%2Fproduct%2FCvKfTzV4TN5U8BTMF1Hl_220161_CvKfTzV4TN5U8BTMF1Hl_W5RvAbpnRicygag1V4nopPhtD8z2_xSFAC1BKO47Jz6SeRdZN_thumb.webp?generation=1699884884853920&alt=media
IKI,"Moteriškos pėdkelnės INCANTO COSMO 40 DEN, 5 dydis, spalva NATUREL",3.29 €,https://storage.googleapis.com/download/storage/v1/b/lastmile-ui/o/import%2Fphotos%2Fconverted%2Fproduct%2FCvKfTzV4TN5U8BTMF1Hl_220166_CvKfTzV4TN5U8BTMF1Hl_W5RvAbpnRicygag1V4nopPhtD8z2_JPAShOKh7Sfzr20wrndX_thumb.webp?generation=1699884882116213&alt=media
IKI,"Moteriškos pėdkelnės INCANTO ACTIVE BODY 40 DEN, 5 dydis, spalva NERO",3.89 €,https://storage.googleapis.com/download/storage/v1/b/lastmile-ui/o/import%2Fphotos%2Fconverted%2Fproduct%2FCvKfTzV4TN5U8BTMF1Hl_220132_CvKfTzV4TN5U8BTMF1Hl_W5RvAbpnRicygag1V4nopPhtD8z2_awRmERPLt2dp24bCDcAb_thumb.webp?generation=1699884883577489&alt=media
IKI,Moteriškos pėdkelnės INCANTO MICRO VELVET 70D,5.39 €,https://storage.googleapis.com/download/storage/v1/b/lastmile-ui/o/import%2Fphotos%2Fconverted%2Fproduct%2FCvKfTzV4TN5U8BTMF1Hl_229444_CvKfTzV4TN5U8BTMF1Hl_W5RvAbpnRicygag1V4nopPhtD8z2_DbQU8XCMaAgIWVdZHrgr_thumb.webp?generation=1699884882862019&alt=media
IKI,"Šampūnas su kofeinu sausai galvos odai ALPECIN, 375 ml",8.49 €,https://storage.googleapis.com/download/storage/v1/b/lastmile-ui/o/import%2Fphotos%2Fconverted%2Fproduct%2Fglobal_dttumsr7XNa6ImsL94gu_xGdb10o0VzY1SFD6eDjbpqgxmW02_aqw9YD9sUvl2L05q1ioi_thumb.jpg?generation=1664888485121587&alt=media
IKI,Plaukų dažai PALETTE RFE3,2.99 €,https://firebasestorage.googleapis.com/v0/b/lastmile-ui/o/import%2Fphotos%2Fconverted%2Fproduct%2FthumbUrl%2FCvKfTzV4TN5U8BTMF1Hl_201106_OrXUvGAuc2NCJDRvzNOTXOM3rsp1_uaVAeYXpYUM3HBp8wrA4.webp?alt=media&token=a96c23f5-7e54-4676-851b-2414a5cfea64
IKI,Pėdkelnės INCANTO MICRO VELVET 70,5.39 €,https://storage.googleapis.com/download/storage/v1/b/lastmile-ui/o/import%2Fphotos%2Fconverted%2Fproduct%2FCvKfTzV4TN5U8BTMF1Hl_236736_CvKfTzV4TN5U8BTMF1Hl_W5RvAbpnRicygag1V4nopPhtD8z2_aviOYY8MFpfhbJQgtGVo_thumb.webp?generation=1699884886833739&alt=media
IKI,"Moteriškos puskojinės INCANTO CINDY 15 DEN, vienas dydis, spalva MELON, 2 poros",2.39 €,https://storage.googleapis.com/download/storage/v1/b/lastmile-ui/o/import%2Fphotos%2Fconverted%2Fproduct%2FCvKfTzV4TN5U8BTMF1Hl_253317_CvKfTzV4TN5U8BTMF1Hl_W5RvAbpnRicygag1V4nopPhtD8z2_zTSmiWGLQdJa81QuEbDJ_thumb.webp?generation=1699884887688442&alt=media
IKI,"Moteriškos puskojinės GLAMOUR SYMPHONY 20 DEN, vienas dydis, spalva DAINO, 2 poros",2.27 €,https://storage.googleapis.com/download/storage/v1/b/lastmile-ui/o/import%2Fphotos%2Fconverted%2Fproduct%2FCvKfTzV4TN5U8BTMF1Hl_261148_CvKfTzV4TN5U8BTMF1Hl_W5RvAbpnRicygag1V4nopPhtD8z2_fS99qsHTKWm4cc7SpGQM_thumb.webp?generation=1699884895935646&alt=media
IKI,Knyga KELIŲ EISMO TAISYKLĖS SU ILIUSTRACIJOMIS,9.59 €,https://firebasestorage.googleapis.com/v0/b/lastmile-ui/o/import%2Fphotos%2Fconverted%2Fproduct%2FthumbUrl%2FCvKfTzV4TN5U8BTMF1Hl_270076_W5RvAbpnRicygag1V4nopPhtD8z2_3XdU7L5srWJ5g03doQ4Q.webp?alt=media&token=4fda4bc9-ab37-40d6-a065-181e54be4fda
IKI,"Veido serumas drėkinamasis RASA HYDRO INTENSE, 30 ml",7.49 €,https://storage.googleapis.com/download/storage/v1/b/lastmile-ui/o/import%2Fphotos%2Fconverted%2Fproduct%2Fglobal_dxcUSWvK9voK6fIW8S2g_W5RvAbpnRicygag1V4nopPhtD8z2_NRYspVgdTFjsumieYTRi_thumb.jpg?generation=1686288643141822&alt=media
IKI,"Drėkinamasis veido kremas normaliai, mišriai odai RASA HYDRO INTENSE, 50 ml",8.49 €,https://storage.googleapis.com/download/storage/v1/b/lastmile-ui/o/import%2Fphotos%2Fconverted%2Fproduct%2Fglobal_eRWhMdM14iwqS8RuZKk3_W5RvAbpnRicygag1V4nopPhtD8z2_55LZ7d6KO22Y4fLwpFUm_thumb.jpg?generation=1686288648888834&alt=media
IKI,"Naktinis šveitiklis NIVEA DERMA SKIN CLEAR, 40 ml",5.89 €,https://storage.googleapis.com/download/storage/v1/b/lastmile-ui/o/import%2Fphotos%2Fconverted%2Fproduct%2FCvKfTzV4TN5U8BTMF1Hl_276089_CvKfTzV4TN5U8BTMF1Hl_W5RvAbpnRicygag1V4nopPhtD8z2_hA8VAMMQCTWnmS8oEbKp_thumb.jpg?generation=1688450527835105&alt=media
IKI,"Antiperspirantas ARAS, 50 ml",2.29 €,https://storage.googleapis.com/download/storage/v1/b/lastmile-ui/o/import%2Fphotos%2Fconverted%2Fproduct%2Fglobal_5IrnjRGOCQ2tomq6MQNA_W5RvAbpnRicygag1V4nopPhtD8z2_VpwP7qLWOzCpANIdVJYz_thumb.jpg?generation=1686902082367778&alt=media
IKI,"Šampūnas pažeistiems, nepaklusniems plaukams ECOFORIA ""Keratin Repair"", 400 ml",4.99 €,https://firebasestorage.googleapis.com/v0/b/lastmile-ui/o/import%2Fphotos%2Fconverted%2Fproduct%2FthumbUrl%2FCvKfTzV4TN5U8BTMF1Hl_277544_Y5wHCakiRVc8Kf1fJt96vh8Tr2I2_4OUkTvnHg2OmqJEI3ef7.webp?alt=media&token=52357423-3063-4c08-8e51-258e9b5d1183
IKI,"Pieštukinis dezodorantas vyrams Nivea Men Fresh Active, 89 g",2.99 €,https://firebasestorage.googleapis.com/v0/b/lastmile-ui/o/import%2Fphotos%2Fconverted%2Fproduct%2FthumbUrl%2FCvKfTzV4TN5U8BTMF1Hl_280012_Pos12xpkYpPSKaVDW3jqu7xnlg23_qmELQL4bjrn1Cm53mCx4.webp?alt=media&token=dde0f62b-a9dc-4495-9358-e61455b02714
IKI,"3-jų zonų liftinguojantis serumas NIVEA Cellular Expert Lift, 102 g",9.49 €,https://firebasestorage.googleapis.com/v0/b/lastmile-ui/o/import%2Fphotos%2Fconverted%2Fproduct%2FthumbUrl%2FCvKfTzV4TN5U8BTMF1Hl_280015_Pos12xpkYpPSKaVDW3jqu7xnlg23_bA4XCCjGvxY6oaqCByCP.webp?alt=media&token=b843c739-30d6-4188-8cd4-66c75f755f75
IKI,"RASA HAIR HYDRO INTENSE SYSTEM drėkinamasis plaukų šampūnas, 500 ml",4.99 €,https://firebasestorage.googleapis.com/v0/b/lastmile-ui/o/import%2Fphotos%2Fconverted%2Fproduct%2FthumbUrl%2FCvKfTzV4TN5U8BTMF1Hl_280506_Y5wHCakiRVc8Kf1fJt96vh8Tr2I2_BkJO1QYSnNXEckqDjcVE.webp?alt=media&token=1fd71732-4563-4a5c-b688-987d3b5fbdc2
IKI,"Taft x Gliss plaukų lakas Hold Me Strong, 250 ml",2.99 €,https://firebasestorage.googleapis.com/v0/b/lastmile-ui/o/import%2Fphotos%2Fconverted%2Fproduct%2FthumbUrl%2FCvKfTzV4TN5U8BTMF1Hl_284741_Y5wHCakiRVc8Kf1fJt96vh8Tr2I2_YW8TDOy7MREVF2RTB1pq.webp?alt=media&token=ec9827f4-3dca-4fda-a008-d4213ef9db43
IKI,"Purškiklis LOVELY LONG, TAFT x GLISS, 150 ml",3.74 €,https://firebasestorage.googleapis.com/v0/b/lastmile-ui/o/import%2Fphotos%2Fconverted%2Fproduct%2FthumbUrl%2FCvKfTzV4TN5U8BTMF1Hl_284739_Y5wHCakiRVc8Kf1fJt96vh8Tr2I2_SwzRwQ5DHeYK6mZTg1Fs.webp?alt=media&token=ab147d17-03c6-42b9-bc6f-5ae317c304d7
IKI,"Plaukų šampūnas NUNU by SIMONA NAINĖ, 400 ml",7.99 €,https://firebasestorage.googleapis.com/v0/b/lastmile-ui/o/import%2Fphotos%2Fconverted%2Fproduct%2FthumbUrl%2FCvKfTzV4TN5U8BTMF1Hl_284232_Y5wHCakiRVc8Kf1fJt96vh8Tr2I2_BTZPuJ8xI5DTgxaXKPsF.webp?alt=media&token=6c6462a9-9011-4074-96f8-a4855c622a93
IKI,"Kondicionierius visiems plaukų tipams FAITH IN NATURE GRAGON FRUIT, 400 ml",4.49 €,https://firebasestorage.googleapis.com/v0/b/lastmile-ui/o/import%2Fphotos%2Fconverted%2Fproduct%2FthumbUrl%2FCvKfTzV4TN5U8BTMF1Hl_280502_Y5wHCakiRVc8Kf1fJt96vh8Tr2I2_YbBngsW6xXAm3dr5iSzw.webp?alt=media&token=e5c0885b-4748-4a26-9252-33510a13cea3
IKI,Plaukų dažai GARNIER OLIA 5.0,5.99 €,https://firebasestorage.googleapis.com/v0/b/lastmile-ui/o/import%2Fphotos%2Fconverted%2Fproduct%2FthumbUrl%2FCvKfTzV4TN5U8BTMF1Hl_284263_OrXUvGAuc2NCJDRvzNOTXOM3rsp1_ZkxVdKUqNPgQtb4eTdKa.webp?alt=media&token=0055f605-1d23-4557-b220-ee980ba883db
IKI,"Šampūnas FAITH IN NATURE GRAPEFRUIT & ORANGE, 400 ml",4.49 €,https://firebasestorage.googleapis.com/v0/b/lastmile-ui/o/import%2Fphotos%2Fconverted%2Fproduct%2FthumbUrl%2FCvKfTzV4TN5U8BTMF1Hl_280504_OrXUvGAuc2NCJDRvzNOTXOM3rsp1_oRCEijMHlmr0TdwQac2w.webp?alt=media&token=64ce1b87-56ea-4ab8-9443-c1db7834f1f5
IKI,Plaukų dažai GARNIER OLIA 4.0,5.99 €,https://firebasestorage.googleapis.com/v0/b/lastmile-ui/o/import%2Fphotos%2Fconverted%2Fproduct%2FthumbUrl%2FCvKfTzV4TN5U8BTMF1Hl_284251_OrXUvGAuc2NCJDRvzNOTXOM3rsp1_IsYqkfAr5zmRmf4SyVJL.webp?alt=media&token=80f6fb70-ee19-497f-b751-40b39eed6af0
IKI,"Kondicionierius atstatantis sausus plaukus ICE REFILL MY HAIR, 250 ml",4.24 €,https://firebasestorage.googleapis.com/v0/b/lastmile-ui/o/import%2Fphotos%2Fconverted%2Fproduct%2FthumbUrl%2FCvKfTzV4TN5U8BTMF1Hl_284369_OrXUvGAuc2NCJDRvzNOTXOM3rsp1_lPgCkEChFzW0d5UKbWsi.webp?alt=media&token=95c5f7d6-2a46-4f96-83e8-2bef47ff4b74
IKI,"Plaukų putos NIVEA DIAMOND CARE, 150 ml",3.49 €,https://firebasestorage.googleapis.com/v0/b/lastmile-ui/o/import%2Fphotos%2Fconverted%2Fproduct%2FthumbUrl%2FCvKfTzV4TN5U8BTMF1Hl_284712_OrXUvGAuc2NCJDRvzNOTXOM3rsp1_Qkr8DVpbatvPeETulCJa.webp?alt=media&token=5709ce89-1ba7-40ed-af51-f4563ae6b79d
IKI,"Lakas nagams NEW FORMULA 11 ml, s91 SINCERO SALON",1.99 €,https://firebasestorage.googleapis.com/v0/b/lastmile-ui/o/import%2Fphotos%2Fconverted%2Fproduct%2FthumbUrl%2FCvKfTzV4TN5U8BTMF1Hl_279297_OrXUvGAuc2NCJDRvzNOTXOM3rsp1_my3wybx7ZR10zamQk0SV.webp?alt=media&token=e75c39d0-6981-4985-80e1-ece7023965fe
IKI,Nagų lakas s84 SINCERO SALON,1.99 €,https://firebasestorage.googleapis.com/v0/b/lastmile-ui/o/import%2Fphotos%2Fconverted%2Fproduct%2FthumbUrl%2FCvKfTzV4TN5U8BTMF1Hl_261291_OrXUvGAuc2NCJDRvzNOTXOM3rsp1_HLGpgyv4oBtzVKvGZzKj.webp?alt=media&token=444b2c68-2536-416b-a246-2c33ff50cbfe
IKI,"Lakas nagams BŪK, 9 ml 16",0.89 €,https://firebasestorage.googleapis.com/v0/b/lastmile-ui/o/import%2Fphotos%2Fconverted%2Fproduct%2FthumbUrl%2FCvKfTzV4TN5U8BTMF1Hl_246654_OrXUvGAuc2NCJDRvzNOTXOM3rsp1_8mWDy7viiD9yoElx3KzL.webp?alt=media&token=a9b3d1a2-99b5-472e-be75-38a30d4d0b92
IKI,"Lakas nagams BŪK, 9 ml 215",0.89 €,https://firebasestorage.googleapis.com/v0/b/lastmile-ui/o/import%2Fphotos%2Fconverted%2Fproduct%2FthumbUrl%2FCvKfTzV4TN5U8BTMF1Hl_246645_OrXUvGAuc2NCJDRvzNOTXOM3rsp1_Mbx8dZ4gSAZDGFN98gny.webp?alt=media&token=2eadb790-a51e-4e30-b8cd-a0a1112a0808
IKI,Nagų lako džioviklis - aliejukas BŪK,1.24 €,https://firebasestorage.googleapis.com/v0/b/lastmile-ui/o/import%2Fphotos%2Fconverted%2Fproduct%2FthumbUrl%2FCvKfTzV4TN5U8BTMF1Hl_84256_OrXUvGAuc2NCJDRvzNOTXOM3rsp1_tHLXQnB7rSY7hbpfOZ7p.webp?alt=media&token=e344c334-4358-4394-b543-2c4b175790a4
IKI,Lakas nagams BŪK TWIN 264,0.89 €,https://firebasestorage.googleapis.com/v0/b/lastmile-ui/o/import%2Fphotos%2Fconverted%2Fproduct%2FthumbUrl%2FCvKfTzV4TN5U8BTMF1Hl_248926_OrXUvGAuc2NCJDRvzNOTXOM3rsp1_NQS4fpyqRttK7bvNk3GD.webp?alt=media&token=380f311b-2388-493c-833c-8ca948cfbfb4
IKI,"Lakas nagams BŪK TWIN, 9 ml 243",0.89 €,https://firebasestorage.googleapis.com/v0/b/lastmile-ui/o/import%2Fphotos%2Fconverted%2Fproduct%2FthumbUrl%2FCvKfTzV4TN5U8BTMF1Hl_246800_OrXUvGAuc2NCJDRvzNOTXOM3rsp1_iwgQHcNZ5pVJ8PcdrRQN.webp?alt=media&token=14664e77-de6e-465a-89db-b91893b95a19
IKI,Lakas nagams BŪK TWIN 262,0.89 €,https://firebasestorage.googleapis.com/v0/b/lastmile-ui/o/import%2Fphotos%2Fconverted%2Fproduct%2FthumbUrl%2FCvKfTzV4TN5U8BTMF1Hl_248924_OrXUvGAuc2NCJDRvzNOTXOM3rsp1_EdfrFsLqWD2jIZOcymfm.webp?alt=media&token=f7fcb845-cdca-4f50-9fe3-738e5f8727e7
IKI,"ELSEVE Hyaluron Plump šampūnas, 1L",7.99 €,https://firebasestorage.googleapis.com/v0/b/lastmile-ui/o/import%2Fphotos%2Fconverted%2Fproduct%2FthumbUrl%2FCvKfTzV4TN5U8BTMF1Hl_288038_OrXUvGAuc2NCJDRvzNOTXOM3rsp1_g50BzgPojdFuXlVqBd8O.webp?alt=media&token=b73e7bf2-87cf-44a9-b19b-8783ed85480c
IKI,"ELSEVE Glycolic Gloss šampūnas, 200 ml",4.49 €,https://firebasestorage.googleapis.com/v0/b/lastmile-ui/o/import%2Fphotos%2Fconverted%2Fproduct%2FthumbUrl%2FCvKfTzV4TN5U8BTMF1Hl_286595_uF3DptJQvjXHqmno4Mal_78pPmrUgh3XQYxYBtZ2Z.webp?alt=media&token=869e989e-335f-4c55-aff5-279d4a8821f5
IKI,ECODENTA balinamoji dantų pasta su gintaro ekstraktu 100 ml,2.74 €,https://firebasestorage.googleapis.com/v0/b/lastmile-ui/o/import%2Fphotos%2Fconverted%2Fproduct%2FthumbUrl%2FCvKfTzV4TN5U8BTMF1Hl_288470_OrXUvGAuc2NCJDRvzNOTXOM3rsp1_U7zn9Uxw6BoSOviQ2Ey6.webp?alt=media&token=08433ae3-db3b-4b06-998b-965b9084a844
IKI,Garnier Mineral BWC Fresh Aloe purškiamas dezodorantas 150 ml,2.89 €,https://firebasestorage.googleapis.com/v0/b/lastmile-ui/o/import%2Fphotos%2Fconverted%2Fproduct%2FthumbUrl%2FCvKfTzV4TN5U8BTMF1Hl_288786_OrXUvGAuc2NCJDRvzNOTXOM3rsp1_Mgw3VfaT1BEWmwYgQ7KA.webp?alt=media&token=6f436568-9fc3-4a8c-99b2-14c82b258bfc
IKI,Sausas plaukų šampūnas BATISTE BLUSH 50m,1.74 €,https://firebasestorage.googleapis.com/v0/b/lastmile-ui/o/import%2Fphotos%2Fconverted%2Fproduct%2FthumbUrl%2FCvKfTzV4TN5U8BTMF1Hl_288592_OrXUvGAuc2NCJDRvzNOTXOM3rsp1_tMkOWSnnf5D50MMzTGtB.webp?alt=media&token=3bbaa02b-7b4f-438e-b63d-c3a72af50b45
IKI,"LISTERINE Total Care Extra Mild burnos skalavimo skystis, 500ml",4.24 €,https://firebasestorage.googleapis.com/v0/b/lastmile-ui/o/import%2Fphotos%2Fconverted%2Fproduct%2FthumbUrl%2FCvKfTzV4TN5U8BTMF1Hl_288524_OrXUvGAuc2NCJDRvzNOTXOM3rsp1_SSJPoZ0JNUzOSL8uyAJ2.webp?alt=media&token=bcdd23c6-7151-418b-b367-9c190f695e82
IKI,"Akių kremas nuo raukšlių NIVEA Q10, 15 ml",9.99 €,https://firebasestorage.googleapis.com/v0/b/lastmile-ui/o/import%2Fphotos%2Fconverted%2Fproduct%2FthumbUrl%2FCvKfTzV4TN5U8BTMF1Hl_285237_OrXUvGAuc2NCJDRvzNOTXOM3rsp1_oTijQGXtsG4MFGb5imNd.webp?alt=media&token=6848433c-28c2-4683-b0c8-ca5173854df1
IKI,FAZER JELLIES saldainiai 260g,4.39 €,https://firebasestorage.googleapis.com/v0/b/lastmile-ui/o/import%2Fphotos%2Fconverted%2Fproduct%2FthumbUrl%2FCvKfTzV4TN5U8BTMF1Hl_202054_OrXUvGAuc2NCJDRvzNOTXOM3rsp1_i7huVAYuOfvXW7LOEAc0.webp?alt=media&token=efd46019-fe73-4756-ae56-ac209780e3f8
IKI,"GARNIER lakštinė veido kaukė su pro-retinoliu, 22g",1.89 €,https://firebasestorage.googleapis.com/v0/b/lastmile-ui/o/import%2Fphotos%2Fconverted%2Fproduct%2FthumbUrl%2FCvKfTzV4TN5U8BTMF1Hl_289426_OrXUvGAuc2NCJDRvzNOTXOM3rsp1_iAwqh69bisUjJMOyLSQH.webp?alt=media&token=2541a44b-193b-4a73-9bf5-73c5a77b7a1c
IKI,"Indaplovių kapsulės ""SOMAT Excellence Premium 5in1"" 54k.",16.49 €,https://firebasestorage.googleapis.com/v0/b/lastmile-ui/o/import%2Fphotos%2Fconverted%2Fproduct%2FthumbUrl%2FCvKfTzV4TN5U8BTMF1Hl_289408_OrXUvGAuc2NCJDRvzNOTXOM3rsp1_BRIg7yukrTvCb83vTJmR.webp?alt=media&token=72a65e67-453b-4c64-a828-999dba0324c7
IKI,"Kalendorius 2026 3 DALIŲ, MAŽAS",2.39 €,https://firebasestorage.googleapis.com/v0/b/lastmile-ui/o/import%2Fphotos%2Fconverted%2Fproduct%2FthumbUrl%2FCvKfTzV4TN5U8BTMF1Hl_290728_OrXUvGAuc2NCJDRvzNOTXOM3rsp1_e5cnjsPokro4ql7GeCMA.webp?alt=media&token=d257cbdf-925d-4234-86d7-2427925640e0
IKI,Kalendorius 2026 ŽVEJO A4,2.99 €,https://firebasestorage.googleapis.com/v0/b/lastmile-ui/o/import%2Fphotos%2Fconverted%2Fproduct%2FthumbUrl%2FCvKfTzV4TN5U8BTMF1Hl_257133_OrXUvGAuc2NCJDRvzNOTXOM3rsp1_UE6FIn49QgANUXrFT6Ik.webp?alt=media&token=20bf5d12-06a4-4d79-a07f-6192f1b3dfb5
IKI,Kalendorius 2026 IDĖJŲ SODAS A4,1.67 €,https://firebasestorage.googleapis.com/v0/b/lastmile-ui/o/import%2Fphotos%2Fconverted%2Fproduct%2FthumbUrl%2FCvKfTzV4TN5U8BTMF1Hl_257132_OrXUvGAuc2NCJDRvzNOTXOM3rsp1_w8HC9wza4xgQUaF4ZQI0.webp?alt=media&token=610fbe28-163e-41eb-9b1f-72048fc50c22
IKI,"Sidabrinės vielos LED 240 lempučių girlianda, auksinė",6.49 €,https://firebasestorage.googleapis.com/v0/b/lastmile-ui/o/import%2Fphotos%2Fconverted%2Fproduct%2FthumbUrl%2FCvKfTzV4TN5U8BTMF1Hl_261924_OrXUvGAuc2NCJDRvzNOTXOM3rsp1_nBhdhZxcWZFCWaQHmPXK.webp?alt=media&token=82835b2d-47fe-4568-a064-a6e905f8d228
IKI,Dekoracija pelėda 18 cm,2.99 €,https://firebasestorage.googleapis.com/v0/b/lastmile-ui/o/import%2Fphotos%2Fconverted%2Fproduct%2FthumbUrl%2FCvKfTzV4TN5U8BTMF1Hl_291204_OrXUvGAuc2NCJDRvzNOTXOM3rsp1_HKVy1365d07maKyUTxZE.webp?alt=media&token=b5e95e79-d9c1-452b-a2da-0a93033d6b3b
IKI,"Nykštukas WINTERIA, 15cm",1.39 €,https://firebasestorage.googleapis.com/v0/b/lastmile-ui/o/import%2Fphotos%2Fconverted%2Fproduct%2FthumbUrl%2FCvKfTzV4TN5U8BTMF1Hl_289950_OrXUvGAuc2NCJDRvzNOTXOM3rsp1_xWSGWnRxpcaHIE0pLNzM.webp?alt=media&token=f352c5f4-f16d-46b4-83a4-b7681aa80688
IKI,"LED girlianda plati 400 extra šilta balta 8m,  peršviečiamas 3 m laidas",6.99 €,https://firebasestorage.googleapis.com/v0/b/lastmile-ui/o/import%2Fphotos%2Fconverted%2Fproduct%2FthumbUrl%2FCvKfTzV4TN5U8BTMF1Hl_291281_OrXUvGAuc2NCJDRvzNOTXOM3rsp1_d7NmCg4cAIuvVZyRYDw2.webp?alt=media&token=384fb736-5501-44db-aa71-e2adc1f86ecd
IKI,LED girlianda 40 šilta balta,1.49 €,https://firebasestorage.googleapis.com/v0/b/lastmile-ui/o/import%2Fphotos%2Fconverted%2Fproduct%2FthumbUrl%2FCvKfTzV4TN5U8BTMF1Hl_291289_OrXUvGAuc2NCJDRvzNOTXOM3rsp1_CNUyFjyM44pUX8H6EUin.webp?alt=media&token=009efaa8-4464-4bde-b31a-686ddc695d12
IKI,Kalėdinė pliušinė kepurė 40 X 30 cm,1.49 €,https://firebasestorage.googleapis.com/v0/b/lastmile-ui/o/import%2Fphotos%2Fconverted%2Fproduct%2FthumbUrl%2FCvKfTzV4TN5U8BTMF1Hl_291130_OrXUvGAuc2NCJDRvzNOTXOM3rsp1_Sxv8GKtSoEjSHIGVqSzk.webp?alt=media&token=85636952-75ed-482a-9b21-d612d334ada6
IKI,Namų kvapo rinkinys 3 kvapai,4.24 €,https://firebasestorage.googleapis.com/v0/b/lastmile-ui/o/import%2Fphotos%2Fconverted%2Fproduct%2FthumbUrl%2FCvKfTzV4TN5U8BTMF1Hl_285183_OrXUvGAuc2NCJDRvzNOTXOM3rsp1_pjBnq1Ju9u9dD6PG7xPV.webp?alt=media&token=2abf3c69-c3a3-4139-8b39-bd7ff2f15337
IKI,"Šviečianti girlianda 160 Led, balta",2.14 €,https://firebasestorage.googleapis.com/v0/b/lastmile-ui/o/import%2Fphotos%2Fconverted%2Fproduct%2FthumbUrl%2FCvKfTzV4TN5U8BTMF1Hl_285220_OrXUvGAuc2NCJDRvzNOTXOM3rsp1_mSU6khaS5Su0yICALfpV.webp?alt=media&token=3957dcef-63ca-44eb-a8a2-dff18c6d4b50
IKI,Rinkinys OLD SPICE Captain su kosmetine,9.99 €,https://firebasestorage.googleapis.com/v0/b/lastmile-ui/o/import%2Fphotos%2Fconverted%2Fproduct%2FthumbUrl%2FCvKfTzV4TN5U8BTMF1Hl_291034_OrXUvGAuc2NCJDRvzNOTXOM3rsp1_SkEPKEFUvUPFzRN9IySz.webp?alt=media&token=9b43d15b-8d8b-4eb0-84a9-ae71740136db
IKI,Kalėdų senelio pristatymo automobilis LEGO,15.39 €,https://firebasestorage.googleapis.com/v0/b/lastmile-ui/o/import%2Fphotos%2Fconverted%2Fproduct%2FthumbUrl%2FCvKfTzV4TN5U8BTMF1Hl_291848_OrXUvGAuc2NCJDRvzNOTXOM3rsp1_dLV1YAcZo5SuWK6XY6q0.webp?alt=media&token=dad4f5c3-7137-4303-ae40-824b82f03f1f
IKI,"Moteriškos pėdkelnės INCANTO COSMO 40 DEN, 5 dydis, spalva GRAFITE",3.29 €,https://storage.googleapis.com/download/storage/v1/b/lastmile-ui/o/import%2Fphotos%2Fconverted%2Fproduct%2FCvKfTzV4TN5U8BTMF1Hl_220162_CvKfTzV4TN5U8BTMF1Hl_W5RvAbpnRicygag1V4nopPhtD8z2_WeVs7n0wv1rch0Qb9650_thumb.webp?generation=1699884882148379&alt=media
IKI,Plaukų dažai PALETTE INTENSIVE COLOR,2.99 €,https://firebasestorage.googleapis.com/v0/b/lastmile-ui/o/import%2Fphotos%2Fconverted%2Fproduct%2FthumbUrl%2FCvKfTzV4TN5U8BTMF1Hl_225464_OrXUvGAuc2NCJDRvzNOTXOM3rsp1_DqHDfcNhEiBJUToBx1k4.webp?alt=media&token=79b5f240-6782-4bf6-a454-ae460d6825e6
IKI,Plaukų dažai PALETTE,2.99 €,https://firebasestorage.googleapis.com/v0/b/lastmile-ui/o/import%2Fphotos%2Fconverted%2Fproduct%2FthumbUrl%2FCvKfTzV4TN5U8BTMF1Hl_22799_OrXUvGAuc2NCJDRvzNOTXOM3rsp1_bfrUGRnlz3jbzALXHjiQ.webp?alt=media&token=8f24c5d5-711b-4f3c-8713-0c6df313520e
IKI,Knyga SODO DIENORAŠTIS: DARBAI PAGAL MĖNULĮ,6.59 €,https://storage.googleapis.com/download/storage/v1/b/lastmile-ui/o/images%2Fproducts%2Fthumb_XIsiMsjvCjNvWhcmvSRA.jpg?generation=1582201702761048&alt=media
IKI,"Moteriškos puskojinės GLAMOUR SYMPHONY 40 DEN, vienas dydis, spalva MIELE, 2 poros",2.39 €,https://storage.googleapis.com/download/storage/v1/b/lastmile-ui/o/import%2Fphotos%2Fconverted%2Fproduct%2FCvKfTzV4TN5U8BTMF1Hl_261152_CvKfTzV4TN5U8BTMF1Hl_W5RvAbpnRicygag1V4nopPhtD8z2_1qrvKYUMadmFpcenCq5A_thumb.webp?generation=1699884896431994&alt=media
IKI,"Moteriškos kojinaitės GLAMOUR EASY 40 DEN, vienas dydis, spalva MIELE, 2 poros",1.79 €,https://storage.googleapis.com/download/storage/v1/b/lastmile-ui/o/import%2Fphotos%2Fconverted%2Fproduct%2FCvKfTzV4TN5U8BTMF1Hl_261146_CvKfTzV4TN5U8BTMF1Hl_W5RvAbpnRicygag1V4nopPhtD8z2_QRfbQMRptDJXdNtdzNHp_thumb.webp?generation=1699884899379533&alt=media
IKI,"Moteriškos pėdkelnės GLAMOUR EDERA 20 DEN, 2 dydis, spalva NERO",2.39 €,https://storage.googleapis.com/download/storage/v1/b/lastmile-ui/o/import%2Fphotos%2Fconverted%2Fproduct%2FCvKfTzV4TN5U8BTMF1Hl_260875_CvKfTzV4TN5U8BTMF1Hl_W5RvAbpnRicygag1V4nopPhtD8z2_kkNGrJ5olFUrbbsf4NEs_thumb.webp?generation=1699884894270248&alt=media
IKI,"Moteriškos puskojinės INNAMORE MICRORETE GAMB, vieno dydžio, spalv MIELE",2.27 €,https://storage.googleapis.com/download/storage/v1/b/lastmile-ui/o/import%2Fphotos%2Fconverted%2Fproduct%2FCvKfTzV4TN5U8BTMF1Hl_258013_CvKfTzV4TN5U8BTMF1Hl_W5RvAbpnRicygag1V4nopPhtD8z2_YK6hc9j8kNRcgEkrdhlc_thumb.webp?generation=1699884889461241&alt=media
IKI,"Sausas plaukų šampūnas BATISTE FRESH, 200 ml",2.79 €,https://storage.googleapis.com/download/storage/v1/b/lastmile-ui/o/import%2Fphotos%2Fconverted%2Fproduct%2FCvKfTzV4TN5U8BTMF1Hl_275936_CvKfTzV4TN5U8BTMF1Hl_W5RvAbpnRicygag1V4nopPhtD8z2_RaucVtWkkJk5t5NPKWbn_thumb.jpg?generation=1688450530494381&alt=media
IKI,Varpelis 11 cm,2.99 €,https://storage.googleapis.com/download/storage/v1/b/lastmile-ui/o/import%2Fphotos%2Fconverted%2Fproduct%2FCvKfTzV4TN5U8BTMF1Hl_237088_CvKfTzV4TN5U8BTMF1Hl_W5RvAbpnRicygag1V4nopPhtD8z2_40r0TZwJImVSKGFXCQut_thumb.webp?generation=1700725585682789&alt=media
IKI,"Skustuvo galvutės GILLETTE MACH3 Charcoal, 8vnt.",12.49 €,https://firebasestorage.googleapis.com/v0/b/lastmile-ui/o/import%2Fphotos%2Fconverted%2Fproduct%2FthumbUrl%2FCvKfTzV4TN5U8BTMF1Hl_279892_Y5wHCakiRVc8Kf1fJt96vh8Tr2I2_FVaEmOsEK8ZrWhiES7oV.webp?alt=media&token=3c0f195e-df3f-4ef2-bcee-4ab867b94f11
IKI,"Kūno pienelis labai sausai kūno odai Nivea Rich Nourishing, 400 ml",5.24 €,https://firebasestorage.googleapis.com/v0/b/lastmile-ui/o/import%2Fphotos%2Fconverted%2Fproduct%2FthumbUrl%2FCvKfTzV4TN5U8BTMF1Hl_278164_Pos12xpkYpPSKaVDW3jqu7xnlg23_1KQHQklPy6nwVrOTPtWM.webp?alt=media&token=d0f5a165-bf63-4570-91b8-63675d2e24a2
IKI,"RASA hair repair system atkuriamasis plaukų kondicionierius, 200 ml",4.24 €,https://firebasestorage.googleapis.com/v0/b/lastmile-ui/o/import%2Fphotos%2Fconverted%2Fproduct%2FthumbUrl%2FCvKfTzV4TN5U8BTMF1Hl_280499_Y5wHCakiRVc8Kf1fJt96vh8Tr2I2_BJVNOrQ65PCc54D0w0Rb.webp?alt=media&token=9395a933-3859-4c3b-ae8b-3481879c6735
IKI,"Plaukų kondicionierius AUSSIE SOS Repair&Revive, 200 ml",5.99 €,https://firebasestorage.googleapis.com/v0/b/lastmile-ui/o/import%2Fphotos%2Fconverted%2Fproduct%2FthumbUrl%2FCvKfTzV4TN5U8BTMF1Hl_284734_Y5wHCakiRVc8Kf1fJt96vh8Tr2I2_PPORcjQzQADgVv8QSGJj.webp?alt=media&token=0999edde-7245-4ea7-b0e5-ff7f06e6eb3e
IKI,"Plaukų kaukė IEVA, 200 ml",4.49 €,https://firebasestorage.googleapis.com/v0/b/lastmile-ui/o/import%2Fphotos%2Fconverted%2Fproduct%2FthumbUrl%2FCvKfTzV4TN5U8BTMF1Hl_284311_Y5wHCakiRVc8Kf1fJt96vh8Tr2I2_A4RvU2xnW0DEuC7P3zTW.webp?alt=media&token=c6bed49d-7dd5-4b85-be96-480965f79ece
IKI,Žvilgesio suteikianti plaukų kaukė GLISS SHINE,4.89 €,https://firebasestorage.googleapis.com/v0/b/lastmile-ui/o/import%2Fphotos%2Fconverted%2Fproduct%2FthumbUrl%2FCvKfTzV4TN5U8BTMF1Hl_280538_OrXUvGAuc2NCJDRvzNOTXOM3rsp1_TFYt3DSdo40qO75Midln.webp?alt=media&token=03b310bb-03e4-4868-9023-00767c6f8f48
IKI,Plaukų kaukė GLISS ULTIMATE REPAIR,4.89 €,https://firebasestorage.googleapis.com/v0/b/lastmile-ui/o/import%2Fphotos%2Fconverted%2Fproduct%2FthumbUrl%2FCvKfTzV4TN5U8BTMF1Hl_280539_OrXUvGAuc2NCJDRvzNOTXOM3rsp1_kHqEsSV6mHc8SL2pZerM.webp?alt=media&token=72452467-dc1c-482b-a803-56f4df83623c
IKI,"Dušo želė DOVE CLEAN COMFORT, 400 ml",4.24 €,https://firebasestorage.googleapis.com/v0/b/lastmile-ui/o/import%2Fphotos%2Fconverted%2Fproduct%2FthumbUrl%2FCvKfTzV4TN5U8BTMF1Hl_285832_OrXUvGAuc2NCJDRvzNOTXOM3rsp1_akblyZEhHSnkoaZBsmSS.webp?alt=media&token=7066406f-2f7d-4c13-a0bd-859bde55b1ec
IKI,"Šampūnas SYOSS BLONDE & SILVER, 440 ml",3.84 €,https://firebasestorage.googleapis.com/v0/b/lastmile-ui/o/import%2Fphotos%2Fconverted%2Fproduct%2FthumbUrl%2FCvKfTzV4TN5U8BTMF1Hl_284745_OrXUvGAuc2NCJDRvzNOTXOM3rsp1_KZdxxjBAEXJw79uAeLD6.webp?alt=media&token=bd286d89-d8a4-4042-a54a-044a3931f957
IKI,"Drėkinantis kremas rankoms ir kūnui JEE, su sraigių sekretu, 100 ml",0.84 €,https://firebasestorage.googleapis.com/v0/b/lastmile-ui/o/import%2Fphotos%2Fconverted%2Fproduct%2FthumbUrl%2FCvKfTzV4TN5U8BTMF1Hl_279989_OrXUvGAuc2NCJDRvzNOTXOM3rsp1_rShPnrFGLGOEoalTl4xz.webp?alt=media&token=b9b36834-35c4-4655-aed2-634536940021
IKI,"Serumas su technologija nuo glikacijos NIVEA Q10 Anti-Wrinkle Expert, 30 ml",10.99 €,https://firebasestorage.googleapis.com/v0/b/lastmile-ui/o/import%2Fphotos%2Fconverted%2Fproduct%2FthumbUrl%2FCvKfTzV4TN5U8BTMF1Hl_285240_OrXUvGAuc2NCJDRvzNOTXOM3rsp1_cjgGpHlwfjofrU8PNztp.webp?alt=media&token=d56e14cb-cc62-4228-9fbd-6a55b7f2705f
IKI,"Regenuorantis micelinis vanduo su 5% serumo NIVEA, 400 ml",4.94 €,https://firebasestorage.googleapis.com/v0/b/lastmile-ui/o/import%2Fphotos%2Fconverted%2Fproduct%2FthumbUrl%2FCvKfTzV4TN5U8BTMF1Hl_285242_OrXUvGAuc2NCJDRvzNOTXOM3rsp1_uUKrMHMtt2MDKVlAqulq.webp?alt=media&token=9c79882c-a123-47df-a359-d19dbd928ab8
IKI,"Skaistinamasis micelinis vanduo su 5% serumo NIVEA SKIN GLOW, 400 ml",4.94 €,https://firebasestorage.googleapis.com/v0/b/lastmile-ui/o/import%2Fphotos%2Fconverted%2Fproduct%2FthumbUrl%2FCvKfTzV4TN5U8BTMF1Hl_285241_OrXUvGAuc2NCJDRvzNOTXOM3rsp1_50A82EqKkdkMRuf5HT5X.webp?alt=media&token=9523012a-6980-4c41-a4ee-c70f7496dac7
IKI,"Kepimo maišeliai SKUBIS, 38x40 cm",1.37 €,https://firebasestorage.googleapis.com/v0/b/lastmile-ui/o/import%2Fphotos%2Fconverted%2Fproduct%2FthumbUrl%2FCvKfTzV4TN5U8BTMF1Hl_259146_uF3DptJQvjXHqmno4Mal_iKi1storNsuml8j3jkDS.webp?alt=media&token=866295b6-fa0b-4111-a466-5c0255860d4f
IKI,"AIR WICK automatinis oro gaiviklis su/santalų ir jausmingos van.kvapu, 250 ml",5.99 €,https://firebasestorage.googleapis.com/v0/b/lastmile-ui/o/import%2Fphotos%2Fconverted%2Fproduct%2FthumbUrl%2FCvKfTzV4TN5U8BTMF1Hl_286840_OrXUvGAuc2NCJDRvzNOTXOM3rsp1_Ey45JFqgV79g1m8ugJ72.webp?alt=media&token=8ac10610-ca8d-4421-a421-171cff99398a
IKI,"Lakas nagams MATT CITY 11 ml, m2 SINCERO SALON",1.99 €,https://firebasestorage.googleapis.com/v0/b/lastmile-ui/o/import%2Fphotos%2Fconverted%2Fproduct%2FthumbUrl%2FCvKfTzV4TN5U8BTMF1Hl_246833_OrXUvGAuc2NCJDRvzNOTXOM3rsp1_wwPEHDRMImtwGvHBrlhz.webp?alt=media&token=953b4b61-0faf-46c0-a93c-0f3224a8e314
IKI,"Lakas nagams NEW FORMULA 11 ml, s95 SINCERO SALON",1.99 €,https://firebasestorage.googleapis.com/v0/b/lastmile-ui/o/import%2Fphotos%2Fconverted%2Fproduct%2FthumbUrl%2FCvKfTzV4TN5U8BTMF1Hl_279293_OrXUvGAuc2NCJDRvzNOTXOM3rsp1_pXQzUpOiaSWRtlrVhgj4.webp?alt=media&token=2d334bd0-9b81-486b-b17f-bd28892e13f7
IKI,Gelinis nagų lakas 664 passion SINCERO SALON,2.89 €,https://firebasestorage.googleapis.com/v0/b/lastmile-ui/o/import%2Fphotos%2Fconverted%2Fproduct%2FthumbUrl%2FCvKfTzV4TN5U8BTMF1Hl_252482_OrXUvGAuc2NCJDRvzNOTXOM3rsp1_nNMzXHuOCqYOChmbrh2D.webp?alt=media&token=668ee548-b893-47f3-b3ef-097c00ffbe1b
IKI,Gelinis nagų lakas 760 lemonad SINCERO SALON,2.89 €,https://firebasestorage.googleapis.com/v0/b/lastmile-ui/o/import%2Fphotos%2Fconverted%2Fproduct%2FthumbUrl%2FCvKfTzV4TN5U8BTMF1Hl_253462_OrXUvGAuc2NCJDRvzNOTXOM3rsp1_C1QYuxSfNi8lJOW6upzY.webp?alt=media&token=2b613a1a-7d6d-4b10-a0e7-61589ab3b46c
IKI,Nagų lakas s81 SINCERO SALON,1.99 €,https://firebasestorage.googleapis.com/v0/b/lastmile-ui/o/import%2Fphotos%2Fconverted%2Fproduct%2FthumbUrl%2FCvKfTzV4TN5U8BTMF1Hl_261288_OrXUvGAuc2NCJDRvzNOTXOM3rsp1_UfL8Wj4PjdUwoia9vcgr.webp?alt=media&token=4e142505-987e-4f6f-90cb-e1f47299bf48
IKI,"Gelinis nagų lakas, pagrindas SINCERO SALON",3.29 €,https://firebasestorage.googleapis.com/v0/b/lastmile-ui/o/import%2Fphotos%2Fconverted%2Fproduct%2FthumbUrl%2FCvKfTzV4TN5U8BTMF1Hl_252485_OrXUvGAuc2NCJDRvzNOTXOM3rsp1_93pXFdHHV9HYBYCNMlWb.webp?alt=media&token=57836094-9f4c-444f-9e5c-894f5a6e73d4
IKI,"Lakas nagams BŪK, 9 ml 316",0.89 €,https://firebasestorage.googleapis.com/v0/b/lastmile-ui/o/import%2Fphotos%2Fconverted%2Fproduct%2FthumbUrl%2FCvKfTzV4TN5U8BTMF1Hl_279288_OrXUvGAuc2NCJDRvzNOTXOM3rsp1_5wdHpZDjOPZoIXEx8EeC.webp?alt=media&token=cb31cadd-91a9-46f8-8824-9b2475a44a0a
IKI,"Skalbimo kapsulės ARIEL Amethyst Flower, 19 skalb.",7.49 €,https://firebasestorage.googleapis.com/v0/b/lastmile-ui/o/import%2Fphotos%2Fconverted%2Fproduct%2FthumbUrl%2FCvKfTzV4TN5U8BTMF1Hl_287788_OrXUvGAuc2NCJDRvzNOTXOM3rsp1_ExwZJdGa4rtbVavQ3am1.webp?alt=media&token=57400272-3249-4199-9c10-d732967248d4
IKI,"ELSEVE Hyaluron Pure serumas galvos odai, 102 ml",4.99 €,https://firebasestorage.googleapis.com/v0/b/lastmile-ui/o/import%2Fphotos%2Fconverted%2Fproduct%2FthumbUrl%2FCvKfTzV4TN5U8BTMF1Hl_286604_uF3DptJQvjXHqmno4Mal_t9nY8Lw9oLpiSAS85kye.webp?alt=media&token=45e5c487-f968-43c4-8787-ff884b74a040
IKI,"RAPID WHITE Bleaching Power Set balinamoji sistema, 1 vnt.",10.99 €,https://firebasestorage.googleapis.com/v0/b/lastmile-ui/o/import%2Fphotos%2Fconverted%2Fproduct%2FthumbUrl%2FCvKfTzV4TN5U8BTMF1Hl_287960_OrXUvGAuc2NCJDRvzNOTXOM3rsp1_bpzo59WVw0EtabSYo1gB.webp?alt=media&token=ca2e8684-6a78-41af-9c4d-1884e3ef0f5d
IKI,"Pieštukinis antiperspirantas OLD SPICE Night Power, 50ml",3.49 €,https://firebasestorage.googleapis.com/v0/b/lastmile-ui/o/import%2Fphotos%2Fconverted%2Fproduct%2FthumbUrl%2FCvKfTzV4TN5U8BTMF1Hl_288747_OrXUvGAuc2NCJDRvzNOTXOM3rsp1_VuBycYrAmtl9WeArndJN.webp?alt=media&token=9cf862a9-ce14-4f61-9e30-95dd87737e84
IKI,MEX EXPERT Invincible Sport rutulinis antiperspirantas 50ml,3.24 €,https://firebasestorage.googleapis.com/v0/b/lastmile-ui/o/import%2Fphotos%2Fconverted%2Fproduct%2FthumbUrl%2FCvKfTzV4TN5U8BTMF1Hl_288780_OrXUvGAuc2NCJDRvzNOTXOM3rsp1_xTV4nGdcNNksNGaCANMo.webp?alt=media&token=c1dcd8dc-aaeb-4dc6-8d4b-65ed88670659
IKI,Men Expert SHOWER TOTAL CLEAN dušo želė 400 ML,3.49 €,https://firebasestorage.googleapis.com/v0/b/lastmile-ui/o/import%2Fphotos%2Fconverted%2Fproduct%2FthumbUrl%2FCvKfTzV4TN5U8BTMF1Hl_288782_OrXUvGAuc2NCJDRvzNOTXOM3rsp1_qY1LNXy1LImeCNWC5afT.webp?alt=media&token=4c5bf2e1-0472-4b55-8dac-25ba4c4eaa57
IKI,"RAPID WHITE Beauty White dantų pasta, balinamoji, 75ml",5.99 €,https://firebasestorage.googleapis.com/v0/b/lastmile-ui/o/import%2Fphotos%2Fconverted%2Fproduct%2FthumbUrl%2FCvKfTzV4TN5U8BTMF1Hl_287959_OrXUvGAuc2NCJDRvzNOTXOM3rsp1_dZ4guQmz9NMOQqkHJfJH.webp?alt=media&token=21c36959-7313-456c-b95c-85c5aece1106
IKI,"Elektrinio dantų šepetėlio galvutės ORAL-B Cross Action Black Pro, 4 vnt.",12.99 €,https://firebasestorage.googleapis.com/v0/b/lastmile-ui/o/import%2Fphotos%2Fconverted%2Fproduct%2FthumbUrl%2FCvKfTzV4TN5U8BTMF1Hl_288739_OrXUvGAuc2NCJDRvzNOTXOM3rsp1_mkJnYdOrZgcrLro9HrSs.webp?alt=media&token=5652bff1-7cd1-445a-9fd1-f18db41b754d
IKI,"SKONIO KALVĖ vytinti kiaulienos TRAŠKUČIAI, 90 g",4.79 €,https://firebasestorage.googleapis.com/v0/b/lastmile-ui/o/import%2Fphotos%2Fconverted%2Fproduct%2FthumbUrl%2FCvKfTzV4TN5U8BTMF1Hl_288816_OrXUvGAuc2NCJDRvzNOTXOM3rsp1_v00Is2NxOzXtpatzQAB6.webp?alt=media&token=199e077d-0b66-4c9d-8d02-7972e748e19f
IKI,Saldainių rinkinys PERGALĖ DARK CLASSIC 114g,2.39 €,https://firebasestorage.googleapis.com/v0/b/lastmile-ui/o/import%2Fphotos%2Fconverted%2Fproduct%2FthumbUrl%2FCvKfTzV4TN5U8BTMF1Hl_289486_OrXUvGAuc2NCJDRvzNOTXOM3rsp1_F9nVDwevPOJmh3vdNtR7.webp?alt=media&token=16c68152-cbfd-4114-a0a8-b499194c89bd
IKI,MARGARITA MOIST & MINERALS gelinė drėkinamoji veido kaukė su mineraliniu vandeniu „Birutė“ 3x7 g,1.99 €,https://firebasestorage.googleapis.com/v0/b/lastmile-ui/o/import%2Fphotos%2Fconverted%2Fproduct%2FthumbUrl%2FCvKfTzV4TN5U8BTMF1Hl_289402_OrXUvGAuc2NCJDRvzNOTXOM3rsp1_1dXrHLvhXkp730AhXUvf.webp?alt=media&token=27bf952c-dc99-464b-895d-6e42b0642ca0
IKI,"FAITH IN NATURE rankų ir kūno losjonas su apelsinų ir greipfrutų aliejais, 400ml.",3.99 €,https://firebasestorage.googleapis.com/v0/b/lastmile-ui/o/import%2Fphotos%2Fconverted%2Fproduct%2FthumbUrl%2FCvKfTzV4TN5U8BTMF1Hl_289694_OrXUvGAuc2NCJDRvzNOTXOM3rsp1_mJDNndYWF9RkWBmmjSIE.webp?alt=media&token=e8abdf0a-0e11-49a3-975b-60e2c862aece
IKI,"Kepimo padažas ir prieskoniai Tikka Masala SANTA MARIA, 360g",3.49 €,https://firebasestorage.googleapis.com/v0/b/lastmile-ui/o/import%2Fphotos%2Fconverted%2Fproduct%2FthumbUrl%2FCvKfTzV4TN5U8BTMF1Hl_290121_OrXUvGAuc2NCJDRvzNOTXOM3rsp1_oUSInEslWdGMzN1soZwT.webp?alt=media&token=a22071cb-1bf0-4680-a447-5b20cb05aa8c
IKI,"Vaivorykštinis upėtakis, skrostas, su galva, NOWACO, 500 g, šaldytas",4.89 €,https://firebasestorage.googleapis.com/v0/b/lastmile-ui/o/import%2Fphotos%2Fconverted%2Fproduct%2FthumbUrl%2FCvKfTzV4TN5U8BTMF1Hl_290482_OrXUvGAuc2NCJDRvzNOTXOM3rsp1_UmJGQ0QLwkoa0GoqJPTm.webp?alt=media&token=9f442e74-8b62-4777-9b0e-63c7f65c8a43
IKI,"Negazuotas gaivusis gėrimas Vichy Vitamix Sport Greipfrutų 0,5 l",0.97 €,https://firebasestorage.googleapis.com/v0/b/lastmile-ui/o/import%2Fphotos%2Fconverted%2Fproduct%2FthumbUrl%2FCvKfTzV4TN5U8BTMF1Hl_290445_OrXUvGAuc2NCJDRvzNOTXOM3rsp1_NYu5XY8FWpVIJnJsDb5L.webp?alt=media&token=90632e5a-7975-4c25-80a5-68372ba4fab2
IKI,Kalendorius 2026 SU MAGNETU MEILUČIAI MAGNETINIS,2.39 €,https://firebasestorage.googleapis.com/v0/b/lastmile-ui/o/import%2Fphotos%2Fconverted%2Fproduct%2FthumbUrl%2FCvKfTzV4TN5U8BTMF1Hl_285282_OrXUvGAuc2NCJDRvzNOTXOM3rsp1_Eo0gSTHnwokMFphXFrj5.webp?alt=media&token=6f60895b-ef87-45d0-a29f-65fc288c2fe1
IKI,Kalėdinė lazdelė sniego senis arba elnias,1.49 €,https://firebasestorage.googleapis.com/v0/b/lastmile-ui/o/import%2Fphotos%2Fconverted%2Fproduct%2FthumbUrl%2FCvKfTzV4TN5U8BTMF1Hl_291138_OrXUvGAuc2NCJDRvzNOTXOM3rsp1_XYVvV7e24hOIUNolBO04.webp?alt=media&token=f6eb9994-74a0-45f1-a0ce-e366b4ebd0cd
IKI,Eglutės žaisliukų rinkinys,1.89 €,https://firebasestorage.googleapis.com/v0/b/lastmile-ui/o/import%2Fphotos%2Fconverted%2Fproduct%2FthumbUrl%2FCvKfTzV4TN5U8BTMF1Hl_291157_OrXUvGAuc2NCJDRvzNOTXOM3rsp1_5unGX3fvsHPn7LNBQFa3.webp?alt=media&token=3db31057-383b-4895-b6c6-c913f1561041
IKI,Led 80 lempučių girlianda įvairių spalvų,2.24 €,https://firebasestorage.googleapis.com/v0/b/lastmile-ui/o/import%2Fphotos%2Fconverted%2Fproduct%2FthumbUrl%2FCvKfTzV4TN5U8BTMF1Hl_279233_OrXUvGAuc2NCJDRvzNOTXOM3rsp1_2yDAb44f9Rm7lnHq0NLE.webp?alt=media&token=8a6a8d02-fded-49db-8d59-38e5f174b805
IKI,Kalėdinis vandens žaidimas,1.49 €,https://firebasestorage.googleapis.com/v0/b/lastmile-ui/o/import%2Fphotos%2Fconverted%2Fproduct%2FthumbUrl%2FCvKfTzV4TN5U8BTMF1Hl_279282_OrXUvGAuc2NCJDRvzNOTXOM3rsp1_nXmOtFJiVecGpkaonCJx.webp?alt=media&token=78784077-c4b8-451e-812b-16f5267ef02c
IKI,Kalėdinė kojinė 40 cm,1.49 €,https://firebasestorage.googleapis.com/v0/b/lastmile-ui/o/import%2Fphotos%2Fconverted%2Fproduct%2FthumbUrl%2FCvKfTzV4TN5U8BTMF1Hl_279180_OrXUvGAuc2NCJDRvzNOTXOM3rsp1_JG8Zruz2fhtMxGtLSGhf.webp?alt=media&token=4e2ec2d0-3aa6-454a-bf0e-3a47c0c17f26
IKI,Elfo miegmaišis su pagalvyte 12cm x 30cm  ELVES BEHAVIN'BADLY,2.00 €,https://firebasestorage.googleapis.com/v0/b/lastmile-ui/o/import%2Fphotos%2Fconverted%2Fproduct%2FthumbUrl%2FCvKfTzV4TN5U8BTMF1Hl_291089_OrXUvGAuc2NCJDRvzNOTXOM3rsp1_8JUzXrKEibMeKI9Mesbf.webp?alt=media&token=94bb5c62-7f30-4ddb-a665-df3e1df347b8
IKI,"Elfo lipdymo masė ELVES BEHAVIN'Badly, 40 g",0.89 €,https://firebasestorage.googleapis.com/v0/b/lastmile-ui/o/import%2Fphotos%2Fconverted%2Fproduct%2FthumbUrl%2FCvKfTzV4TN5U8BTMF1Hl_291139_OrXUvGAuc2NCJDRvzNOTXOM3rsp1_si12UVUc0QakwqsedadJ.webp?alt=media&token=27c25ba9-0063-400f-89ca-00582867891c
IKI,Kalėdinis vandens burbulas 45 mm,1.24 €,https://firebasestorage.googleapis.com/v0/b/lastmile-ui/o/import%2Fphotos%2Fconverted%2Fproduct%2FthumbUrl%2FCvKfTzV4TN5U8BTMF1Hl_291257_OrXUvGAuc2NCJDRvzNOTXOM3rsp1_W2JBqlbU2xxwc8Tdfc38.webp?alt=media&token=9047234c-8827-44d1-b945-1f805b17b23c
IKI,"Kalėdinis puodelis 85 mm, 280 ml",1.74 €,https://firebasestorage.googleapis.com/v0/b/lastmile-ui/o/import%2Fphotos%2Fconverted%2Fproduct%2FthumbUrl%2FCvKfTzV4TN5U8BTMF1Hl_291254_OrXUvGAuc2NCJDRvzNOTXOM3rsp1_XAlqKUmDgIidsbahgAIz.webp?alt=media&token=c7e83d30-0aac-4284-be94-630b6d88d23d
IKI,Metalinė dėžutė kvadratinė  190 X 190 X 85 mm,2.99 €,https://firebasestorage.googleapis.com/v0/b/lastmile-ui/o/import%2Fphotos%2Fconverted%2Fproduct%2FthumbUrl%2FCvKfTzV4TN5U8BTMF1Hl_291301_OrXUvGAuc2NCJDRvzNOTXOM3rsp1_DBxdKDfjOFFUfity5D7I.webp?alt=media&token=8ef79248-01eb-42b1-bbb4-501fb96058c9
IKI,Dekoratyvinė medžio šakelė su uogomis,1.89 €,https://firebasestorage.googleapis.com/v0/b/lastmile-ui/o/import%2Fphotos%2Fconverted%2Fproduct%2FthumbUrl%2FCvKfTzV4TN5U8BTMF1Hl_291219_OrXUvGAuc2NCJDRvzNOTXOM3rsp1_VkIK9iaC2kI1mSL0TmAN.webp?alt=media&token=7bb06621-11f6-495d-b191-4486f75249c1
IKI,"Kalėdinė pakabinama dekoracija šampano taurė, 11 cm",1.24 €,https://firebasestorage.googleapis.com/v0/b/lastmile-ui/o/import%2Fphotos%2Fconverted%2Fproduct%2FthumbUrl%2FCvKfTzV4TN5U8BTMF1Hl_291213_OrXUvGAuc2NCJDRvzNOTXOM3rsp1_KJQN1E1eKdyECkaW2vJI.webp?alt=media&token=b4411619-23b8-4cf0-8f2b-43d3b1084d95
IKI,Stalo padėkliukas WINTERIA pilkas 38 cm,1.24 €,https://firebasestorage.googleapis.com/v0/b/lastmile-ui/o/import%2Fphotos%2Fconverted%2Fproduct%2FthumbUrl%2FCvKfTzV4TN5U8BTMF1Hl_287442_OrXUvGAuc2NCJDRvzNOTXOM3rsp1_B7RXjSHPimRsoJcoFiXZ.webp?alt=media&token=7f470943-0b1b-4558-be5f-2e607e0fedaf
IKI,Girlianda su uogomis WINTERIA,1.74 €,https://firebasestorage.googleapis.com/v0/b/lastmile-ui/o/import%2Fphotos%2Fconverted%2Fproduct%2FthumbUrl%2FCvKfTzV4TN5U8BTMF1Hl_289738_OrXUvGAuc2NCJDRvzNOTXOM3rsp1_IR9EE1YX4G36RmF4JMV6.webp?alt=media&token=65ae99b4-cb6e-4908-86a0-13f5178d0c73
IKI,"Kalėdinė eglutė WINTERIA Essential, 60 cm, žalios spalvos",2.99 €,https://firebasestorage.googleapis.com/v0/b/lastmile-ui/o/import%2Fphotos%2Fconverted%2Fproduct%2FthumbUrl%2FCvKfTzV4TN5U8BTMF1Hl_289859_OrXUvGAuc2NCJDRvzNOTXOM3rsp1_ooxWBmrq6p61lQse1FdL.webp?alt=media&token=76d6ee9c-12f9-422e-86a7-9383277ecd66
IKI,Pakabinama dekoracija su kaspinu,0.99 €,https://firebasestorage.googleapis.com/v0/b/lastmile-ui/o/import%2Fphotos%2Fconverted%2Fproduct%2FthumbUrl%2FCvKfTzV4TN5U8BTMF1Hl_291304_OrXUvGAuc2NCJDRvzNOTXOM3rsp1_aNrNSL4SD41yoC0xlziK.webp?alt=media&token=66a5e54b-3210-4e6a-90bf-04c3ff7147b0
IKI,"Sauskelnės-kelnaitės BABYWELL 6 dydis, 42 vnt",4.49 €,https://firebasestorage.googleapis.com/v0/b/lastmile-ui/o/import%2Fphotos%2Fconverted%2Fproduct%2FthumbUrl%2FCvKfTzV4TN5U8BTMF1Hl_290709_OrXUvGAuc2NCJDRvzNOTXOM3rsp1_KyrVhqtxDGuMniEYEg5v.webp?alt=media&token=9805e793-931f-4999-a348-7629e157a6f5
IKI,"Rinkinys ""AURORA SPA Tropical""  Bath Bombs 3*50g",1.49 €,https://firebasestorage.googleapis.com/v0/b/lastmile-ui/o/import%2Fphotos%2Fconverted%2Fproduct%2FthumbUrl%2FCvKfTzV4TN5U8BTMF1Hl_291021_OrXUvGAuc2NCJDRvzNOTXOM3rsp1_hbHYDWGc4naEQYLFIcMx.webp?alt=media&token=8b571810-d22d-42f5-be8b-c4c747d35781
IKI,Kalėdų eglutės papuošimai LEGO,10.49 €,https://firebasestorage.googleapis.com/v0/b/lastmile-ui/o/import%2Fphotos%2Fconverted%2Fproduct%2FthumbUrl%2FCvKfTzV4TN5U8BTMF1Hl_291846_OrXUvGAuc2NCJDRvzNOTXOM3rsp1_rpSnCOfyePxVIwxsPPBJ.webp?alt=media&token=cf26fbb7-1d9e-4077-9c86-06738365e23a
IKI,"Moteriškos pėdkelnės INCANTO COSMO 20 DEN, 4 dydis, spalva DAINO",2.99 €,https://storage.googleapis.com/download/storage/v1/b/lastmile-ui/o/import%2Fphotos%2Fconverted%2Fproduct%2FCvKfTzV4TN5U8BTMF1Hl_220147_CvKfTzV4TN5U8BTMF1Hl_W5RvAbpnRicygag1V4nopPhtD8z2_G7wSZU7pnHbsHRs9Xow9_thumb.webp?generation=1699884882411807&alt=media
IKI,"Moteriškos pėdkelnės INCANTO COSMO 20 DEN, 5 dydis, spalva NATUREL",2.99 €,https://storage.googleapis.com/download/storage/v1/b/lastmile-ui/o/import%2Fphotos%2Fconverted%2Fproduct%2FCvKfTzV4TN5U8BTMF1Hl_225618_CvKfTzV4TN5U8BTMF1Hl_W5RvAbpnRicygag1V4nopPhtD8z2_F7aDaRrrUc7liWL0foY6_thumb.webp?generation=1699884882846961&alt=media
IKI,"Moteriškos pėdkelnės INCANTO FASHION 20 DEN, 3 dydis, spalva NERO",3.29 €,https://storage.googleapis.com/download/storage/v1/b/lastmile-ui/o/import%2Fphotos%2Fconverted%2Fproduct%2FCvKfTzV4TN5U8BTMF1Hl_225628_CvKfTzV4TN5U8BTMF1Hl_W5RvAbpnRicygag1V4nopPhtD8z2_i2un55D2sYyy9NeUbjRa_thumb.webp?generation=1699884886739066&alt=media
IKI,Moteriškos pėdkelnės INCANTO MICRO VELVET 70D,5.39 €,https://storage.googleapis.com/download/storage/v1/b/lastmile-ui/o/import%2Fphotos%2Fconverted%2Fproduct%2FCvKfTzV4TN5U8BTMF1Hl_229445_CvKfTzV4TN5U8BTMF1Hl_W5RvAbpnRicygag1V4nopPhtD8z2_gy368RzYUakXFfjUHI3R_thumb.webp?generation=1699884883074360&alt=media
IKI,"Moteriškos pėdkelnės INCANTO COSMO 20 DEN, 4 dydis, spalva NERO",2.99 €,https://storage.googleapis.com/download/storage/v1/b/lastmile-ui/o/import%2Fphotos%2Fconverted%2Fproduct%2FCvKfTzV4TN5U8BTMF1Hl_220143_CvKfTzV4TN5U8BTMF1Hl_W5RvAbpnRicygag1V4nopPhtD8z2_5pFOZ5f7Vu5V5XUB47JF_thumb.webp?generation=1699884882134806&alt=media
IKI,"Moteriškos pėdkelnės INCANTO MODEL UP 40 DEN, 4 dydis, MELON",5.99 €,https://storage.googleapis.com/download/storage/v1/b/lastmile-ui/o/import%2Fphotos%2Fconverted%2Fproduct%2FCvKfTzV4TN5U8BTMF1Hl_220207_CvKfTzV4TN5U8BTMF1Hl_W5RvAbpnRicygag1V4nopPhtD8z2_xPsnELgxLVGtimbGTiRd_thumb.webp?generation=1699884904272961&alt=media
IKI,"Moteriškos pėdkelnės INCANTO FASHION 20 DEN, 4 dydis, spalva NERO",3.29 €,https://storage.googleapis.com/download/storage/v1/b/lastmile-ui/o/import%2Fphotos%2Fconverted%2Fproduct%2FCvKfTzV4TN5U8BTMF1Hl_225630_CvKfTzV4TN5U8BTMF1Hl_W5RvAbpnRicygag1V4nopPhtD8z2_PWBjJlQZFdjStQ5XTdsI_thumb.webp?generation=1699884884843735&alt=media
IKI,"Moteriškos pėdkelnės INCANTO FASHION 20 DEN, 2 dydis, spalva NATUREL",3.29 €,https://storage.googleapis.com/download/storage/v1/b/lastmile-ui/o/import%2Fphotos%2Fconverted%2Fproduct%2FCvKfTzV4TN5U8BTMF1Hl_225631_CvKfTzV4TN5U8BTMF1Hl_W5RvAbpnRicygag1V4nopPhtD8z2_DxI41PeoWwe4nR45RrA5_thumb.webp?generation=1699884885046247&alt=media
IKI,Lėlė BARBIE,8.99 €,https://storage.googleapis.com/download/storage/v1/b/lastmile-ui/o/import%2Fphotos%2Fconverted%2Fproduct%2FCvKfTzV4TN5U8BTMF1Hl_267737_CvKfTzV4TN5U8BTMF1Hl_W5RvAbpnRicygag1V4nopPhtD8z2_4atpd5UL0zFdKMYczevd_thumb.jpg?generation=1690192211879425&alt=media
IKI,"Moteriškos pėdkelnės INCANTO COSMO 40 DEN, 3 dydis, spalva GRAFITE",3.29 €,https://storage.googleapis.com/download/storage/v1/b/lastmile-ui/o/import%2Fphotos%2Fconverted%2Fproduct%2FCvKfTzV4TN5U8BTMF1Hl_220160_CvKfTzV4TN5U8BTMF1Hl_W5RvAbpnRicygag1V4nopPhtD8z2_MW1YUK67MD0Tus9bgO2U_thumb.webp?generation=1699884881392486&alt=media
IKI,"Moteriškos pėdkelnės INCANTO COSMO 40 DEN, 2 dydis, spalva NATUREL",3.29 €,https://storage.googleapis.com/download/storage/v1/b/lastmile-ui/o/import%2Fphotos%2Fconverted%2Fproduct%2FCvKfTzV4TN5U8BTMF1Hl_220163_CvKfTzV4TN5U8BTMF1Hl_W5RvAbpnRicygag1V4nopPhtD8z2_VDCUkzDzvCdwjE2oWs66_thumb.webp?generation=1699884882685748&alt=media
IKI,"Moteriškos pėdkelnės INCANTO COSMO 40 DEN, 2 dydis, spalva NERO",3.29 €,https://storage.googleapis.com/download/storage/v1/b/lastmile-ui/o/import%2Fphotos%2Fconverted%2Fproduct%2FCvKfTzV4TN5U8BTMF1Hl_220155_CvKfTzV4TN5U8BTMF1Hl_W5RvAbpnRicygag1V4nopPhtD8z2_dqYemEWJqkGnM3VqpXeY_thumb.webp?generation=1699884880917800&alt=media
IKI,"Moteriškos pėdkelnės INCANTO ACTIVE BODY 40 DEN, 3 dydis, spalva NATUREL",3.89 €,https://storage.googleapis.com/download/storage/v1/b/lastmile-ui/o/import%2Fphotos%2Fconverted%2Fproduct%2FCvKfTzV4TN5U8BTMF1Hl_220138_CvKfTzV4TN5U8BTMF1Hl_W5RvAbpnRicygag1V4nopPhtD8z2_VrvHCv1NxUaQrN8fDjTT_thumb.webp?generation=1699884881087252&alt=media
IKI,"Moteriškos pėdkelnės INCANTO ACTIVE BODY 40 DEN, 3 dydis, spalva NERO",3.89 €,https://storage.googleapis.com/download/storage/v1/b/lastmile-ui/o/import%2Fphotos%2Fconverted%2Fproduct%2FCvKfTzV4TN5U8BTMF1Hl_220130_CvKfTzV4TN5U8BTMF1Hl_W5RvAbpnRicygag1V4nopPhtD8z2_phS8u4xlLJiEf4Sxyf5N_thumb.webp?generation=1699884884073842&alt=media
IKI,"TUALETINIS VANDUO VYRAMS JACQUES SAINT PRES VERSION WOOD, 100 ml",4.49 €,https://storage.googleapis.com/download/storage/v1/b/lastmile-ui/o/import%2Fphotos%2Fconverted%2Fproduct%2Fglobal_3AZdeYJhK3tIfBlsBY15_W5RvAbpnRicygag1V4nopPhtD8z2_HBARgpncDyKP1I53bT47_thumb.jpg?generation=1687181644521611&alt=media
IKI,"Gelinio nagų lako viršutinis sluoksnis SINCERO SALON, TOP COAT NO WIPE, 6 ml",4.99 €,https://firebasestorage.googleapis.com/v0/b/lastmile-ui/o/import%2Fphotos%2Fconverted%2Fproduct%2FthumbUrl%2FCvKfTzV4TN5U8BTMF1Hl_266543_OrXUvGAuc2NCJDRvzNOTXOM3rsp1_fcGrSz3mBj7A1lcmLmiC.webp?alt=media&token=91bc345b-4148-4053-b8b3-78e012ebf9ef
IKI,"Moteriškos kojinės INCANTO TIFFANY 20 DEN, 2 dydis, spalva NERO",7.19 €,https://storage.googleapis.com/download/storage/v1/b/lastmile-ui/o/import%2Fphotos%2Fconverted%2Fproduct%2FCvKfTzV4TN5U8BTMF1Hl_240382_CvKfTzV4TN5U8BTMF1Hl_W5RvAbpnRicygag1V4nopPhtD8z2_zl3jKnSpyq3ZMkCSq2CP_thumb.webp?generation=1699884907953688&alt=media
IKI,"Moteriškos kojinės INCANTO TIFFANY 20 DEN, 3 dydis, spalva NATUREL",7.19 €,https://storage.googleapis.com/download/storage/v1/b/lastmile-ui/o/import%2Fphotos%2Fconverted%2Fproduct%2FCvKfTzV4TN5U8BTMF1Hl_240381_CvKfTzV4TN5U8BTMF1Hl_W5RvAbpnRicygag1V4nopPhtD8z2_IZufgBiEujBuGYF44Mt2_thumb.webp?generation=1699884904861938&alt=media
IKI,"Stangrinamasis veido ir kaklo serumas RASA AGE CONTROL, 30 ml",8.49 €,https://storage.googleapis.com/download/storage/v1/b/lastmile-ui/o/import%2Fphotos%2Fconverted%2Fproduct%2Fglobal_yqHISyLa74iR2pP96vkE_W5RvAbpnRicygag1V4nopPhtD8z2_0R9JB985NyIFrDRdIvYi_thumb.jpg?generation=1686288648452990&alt=media
IKI,"Plaukų kondicionierius TIGI BED HEAD SERIAL BLONDE, 400 ml",6.99 €,https://storage.googleapis.com/download/storage/v1/b/lastmile-ui/o/import%2Fphotos%2Fconverted%2Fproduct%2FCvKfTzV4TN5U8BTMF1Hl_275359_CvKfTzV4TN5U8BTMF1Hl_W5RvAbpnRicygag1V4nopPhtD8z2_2mvL9dyRfuBKJu4X1V9v_thumb.jpg?generation=1688450525245840&alt=media
IKI,"Rankų ir nagų kremas NEUTROGENA NF, 75 ml",3.49 €,https://firebasestorage.googleapis.com/v0/b/lastmile-ui/o/import%2Fphotos%2Fconverted%2Fproduct%2FthumbUrl%2FCvKfTzV4TN5U8BTMF1Hl_281502_Y5wHCakiRVc8Kf1fJt96vh8Tr2I2_M7KhDZKK1aNHKGHldhnD.webp?alt=media&token=652a190e-98bf-4703-959d-ff63b44289a8
IKI,"Naktinis kremas nuo senėjimo NIVEA Cellular Expert Lift, 50 ml",11.99 €,https://firebasestorage.googleapis.com/v0/b/lastmile-ui/o/import%2Fphotos%2Fconverted%2Fproduct%2FthumbUrl%2FCvKfTzV4TN5U8BTMF1Hl_278165_Pos12xpkYpPSKaVDW3jqu7xnlg23_O5YNIzSyPW4PL705LWJ7.webp?alt=media&token=07261efa-fcbf-4b3b-868e-6576567d864c
IKI,"Dieninis kremas nuo senėjimo NIVEA Cellular Expert Lift, 50 ml",11.99 €,https://firebasestorage.googleapis.com/v0/b/lastmile-ui/o/import%2Fphotos%2Fconverted%2Fproduct%2FthumbUrl%2FCvKfTzV4TN5U8BTMF1Hl_278167_Pos12xpkYpPSKaVDW3jqu7xnlg23_VwxuOyZNlQMearNYlLhW.webp?alt=media&token=16b70e97-6750-4555-b6fb-afe07d2370ad
IKI,"Plaukų kaukė PANTENE Infinitely Long Active Nutri-Plex, 300 ml",4.99 €,https://firebasestorage.googleapis.com/v0/b/lastmile-ui/o/import%2Fphotos%2Fconverted%2Fproduct%2FthumbUrl%2FCvKfTzV4TN5U8BTMF1Hl_281643_Y5wHCakiRVc8Kf1fJt96vh8Tr2I2_11r1DeKAmAfwL5TRgJSN.webp?alt=media&token=e1d17737-57f8-4c86-97f2-c24a536e106d
IKI,Gydytojo rinkinys mažas TECHNOK,3.99 €,https://firebasestorage.googleapis.com/v0/b/lastmile-ui/o/import%2Fphotos%2Fconverted%2Fproduct%2FthumbUrl%2FCvKfTzV4TN5U8BTMF1Hl_283250_W5RvAbpnRicygag1V4nopPhtD8z2_V7q4OMfIplDAWKJlJYXc.webp?alt=media&token=974e5478-73e6-4d0e-9d95-3c0e62a0379d
IKI,"Pieštukinis dezodorantas OLD SPICE Whitewater, 85ml",3.99 €,https://firebasestorage.googleapis.com/v0/b/lastmile-ui/o/import%2Fphotos%2Fconverted%2Fproduct%2FthumbUrl%2FCvKfTzV4TN5U8BTMF1Hl_285823_Y5wHCakiRVc8Kf1fJt96vh8Tr2I2_Mke8zZWcTVxhVCX4nSKO.webp?alt=media&token=0f980d89-6154-4bc9-84bb-9374c6b7a8dc
IKI,"Plaukų kondicionierius PANTENE Infinitely Long Active Nutri-Plex, 275 ml",3.89 €,https://firebasestorage.googleapis.com/v0/b/lastmile-ui/o/import%2Fphotos%2Fconverted%2Fproduct%2FthumbUrl%2FCvKfTzV4TN5U8BTMF1Hl_284737_Y5wHCakiRVc8Kf1fJt96vh8Tr2I2_YV1qrrb8FHwBOXpuWXlL.webp?alt=media&token=1d096816-0258-42a0-b15e-aa02a583b6b3
IKI,"Elektrinis dantų šepetėlis ORAL-B Vitality Pro Kids (3+ metų), Frozen, 1 vnt.",22.99 €,https://firebasestorage.googleapis.com/v0/b/lastmile-ui/o/import%2Fphotos%2Fconverted%2Fproduct%2FthumbUrl%2FCvKfTzV4TN5U8BTMF1Hl_280512_Y5wHCakiRVc8Kf1fJt96vh8Tr2I2_9lVVADwzTrI7KI3zKRda.webp?alt=media&token=4ba28f78-9e50-4f84-938d-0ba7014c52b1
IKI,"Plaukų kaukė AUSSIE SOS Repair, 500 ml",7.49 €,https://firebasestorage.googleapis.com/v0/b/lastmile-ui/o/import%2Fphotos%2Fconverted%2Fproduct%2FthumbUrl%2FCvKfTzV4TN5U8BTMF1Hl_284735_OrXUvGAuc2NCJDRvzNOTXOM3rsp1_U0GBACezfyybm3wur4fX.webp?alt=media&token=84db54c3-2603-4536-a40d-c7674dab4d58
IKI,"Kondicionierius FAITH IN NATURE GRAPEFRUIT & ORANGE, 400 ml",4.49 €,https://firebasestorage.googleapis.com/v0/b/lastmile-ui/o/import%2Fphotos%2Fconverted%2Fproduct%2FthumbUrl%2FCvKfTzV4TN5U8BTMF1Hl_280494_OrXUvGAuc2NCJDRvzNOTXOM3rsp1_YmLg8VMHNn4eaNfoWYND.webp?alt=media&token=f4abaa9f-0a64-4ca3-8e23-ec78e1e5494a
IKI,"Plaukų atkūrimo priemonė FRUCTIS KERATIN FILLER, 200 ml",4.64 €,https://firebasestorage.googleapis.com/v0/b/lastmile-ui/o/import%2Fphotos%2Fconverted%2Fproduct%2FthumbUrl%2FCvKfTzV4TN5U8BTMF1Hl_281511_OrXUvGAuc2NCJDRvzNOTXOM3rsp1_09GuxmgxUuKI43umOVZn.webp?alt=media&token=8fac3ae6-a2e8-4c0e-b621-0732f047d6d3
IKI,"Plaukų kaukė atstatantį sausus plaukus ICE REFILL MY HAIR, 200 ml",4.24 €,https://firebasestorage.googleapis.com/v0/b/lastmile-ui/o/import%2Fphotos%2Fconverted%2Fproduct%2FthumbUrl%2FCvKfTzV4TN5U8BTMF1Hl_284370_OrXUvGAuc2NCJDRvzNOTXOM3rsp1_y18ZHqJA20eFFcWSbrvJ.webp?alt=media&token=d7e26feb-3e60-4c7d-bde6-058d15d61f8f
IKI,"Plaukų dažai PALETTE DELUXEBLOND TONE, 150 ml",3.89 €,https://firebasestorage.googleapis.com/v0/b/lastmile-ui/o/import%2Fphotos%2Fconverted%2Fproduct%2FthumbUrl%2FCvKfTzV4TN5U8BTMF1Hl_284743_OrXUvGAuc2NCJDRvzNOTXOM3rsp1_eLiK8QtMXUCl7sLbwEAQ.webp?alt=media&token=3b35dc88-93b1-4ea9-963c-51f67942b9d6
IKI,Gelinis nagų lakas SINCERO SALON 864,2.89 €,https://firebasestorage.googleapis.com/v0/b/lastmile-ui/o/import%2Fphotos%2Fconverted%2Fproduct%2FthumbUrl%2FCvKfTzV4TN5U8BTMF1Hl_248761_OrXUvGAuc2NCJDRvzNOTXOM3rsp1_458H6bWS8OdYjAoQxT8G.webp?alt=media&token=bcc0974a-1052-47b4-8197-f17eb06a378d
IKI,Gelinis nagų lakas SINCERO SALON 918,2.89 €,https://firebasestorage.googleapis.com/v0/b/lastmile-ui/o/import%2Fphotos%2Fconverted%2Fproduct%2FthumbUrl%2FCvKfTzV4TN5U8BTMF1Hl_248758_OrXUvGAuc2NCJDRvzNOTXOM3rsp1_hWD7RLTi0oIxC2Y80hvV.webp?alt=media&token=3c1afd6d-a86e-4a39-87bc-668a10c80d8b
IKI,Interaktyvus pliušinis gyvūnėlis HAS FUR,11.39 €,https://firebasestorage.googleapis.com/v0/b/lastmile-ui/o/import%2Fphotos%2Fconverted%2Fproduct%2FthumbUrl%2FCvKfTzV4TN5U8BTMF1Hl_283002_OrXUvGAuc2NCJDRvzNOTXOM3rsp1_zUd4VvZeZDJh7ikYUfXm.webp?alt=media&token=f8d56961-a21e-4379-b884-23cc1733bab5
IKI,"Lakas nagams BŪK, 9 ml 172",0.89 €,https://firebasestorage.googleapis.com/v0/b/lastmile-ui/o/import%2Fphotos%2Fconverted%2Fproduct%2FthumbUrl%2FCvKfTzV4TN5U8BTMF1Hl_246775_OrXUvGAuc2NCJDRvzNOTXOM3rsp1_qz3F2k7QEBQkB8PR7Vua.webp?alt=media&token=f00b78c3-22d0-4b40-ac15-0878599befdf
IKI,"Lakas nagams BŪK, 9 ml 21P",0.89 €,https://firebasestorage.googleapis.com/v0/b/lastmile-ui/o/import%2Fphotos%2Fconverted%2Fproduct%2FthumbUrl%2FCvKfTzV4TN5U8BTMF1Hl_246659_OrXUvGAuc2NCJDRvzNOTXOM3rsp1_wK4tBuRL2pmrGe7IwEQF.webp?alt=media&token=205e46f2-0468-4d60-a4e6-e29dbc3d9658
IKI,"Lakas nagams BŪK, 9 ml 314",0.89 €,https://firebasestorage.googleapis.com/v0/b/lastmile-ui/o/import%2Fphotos%2Fconverted%2Fproduct%2FthumbUrl%2FCvKfTzV4TN5U8BTMF1Hl_279290_OrXUvGAuc2NCJDRvzNOTXOM3rsp1_kpJJmDvIeRTzsHTo0Wij.webp?alt=media&token=813dc5af-c068-4c2e-bb77-95e5a6ede8cd
IKI,"Casting Creme Gloss pusiau ilgalaikiai plaukų dažai be amoniako, 600",6.24 €,https://firebasestorage.googleapis.com/v0/b/lastmile-ui/o/import%2Fphotos%2Fconverted%2Fproduct%2FthumbUrl%2FCvKfTzV4TN5U8BTMF1Hl_6083_OrXUvGAuc2NCJDRvzNOTXOM3rsp1_iMlXLLEiuSzdPqccX28a.webp?alt=media&token=9458e457-68f2-4696-b578-b5e942c59c6d
IKI,"ELSEVE Extraordinary Oil 10-in-1 plaukų purškiklis sausiems plaukams, 150 ml",5.99 €,https://firebasestorage.googleapis.com/v0/b/lastmile-ui/o/import%2Fphotos%2Fconverted%2Fproduct%2FthumbUrl%2FCvKfTzV4TN5U8BTMF1Hl_286593_uF3DptJQvjXHqmno4Mal_Wy7oV3CBs6kjFmJ9gNOs.webp?alt=media&token=4401bcc5-71d8-4b69-ace7-27f1ba7d0c73
IKI,"Elektrinio dantų šepetėlio galvutės ORAL-B Sensitive Clean Pro, 4 vnt.",12.99 €,https://firebasestorage.googleapis.com/v0/b/lastmile-ui/o/import%2Fphotos%2Fconverted%2Fproduct%2FthumbUrl%2FCvKfTzV4TN5U8BTMF1Hl_288740_OrXUvGAuc2NCJDRvzNOTXOM3rsp1_NCKuT61tXHKbAcATopDm.webp?alt=media&token=4c0837a9-4219-4983-bd11-1066137a044a
IKI,"Elektrinio dantų šepetėlio galvutės ORAL-B Kids Frozen Pro, 4 vnt.",12.99 €,https://firebasestorage.googleapis.com/v0/b/lastmile-ui/o/import%2Fphotos%2Fconverted%2Fproduct%2FthumbUrl%2FCvKfTzV4TN5U8BTMF1Hl_288736_OrXUvGAuc2NCJDRvzNOTXOM3rsp1_7MWrCWLHR6ZEKM7IGMfS.webp?alt=media&token=d250bde9-aff7-440a-954b-7b4dae1bf21b
IKI,MEX EXPERT Invincible Sport purškiamas antiperspirantas 150 ml,3.49 €,https://firebasestorage.googleapis.com/v0/b/lastmile-ui/o/import%2Fphotos%2Fconverted%2Fproduct%2FthumbUrl%2FCvKfTzV4TN5U8BTMF1Hl_288781_OrXUvGAuc2NCJDRvzNOTXOM3rsp1_rJpNhMCa7e0T6c66k0i5.webp?alt=media&token=cf3c25f6-8a83-4e94-b96d-7f755b97a593
IKI,"Odelių šalintojas ""Sincero Salon"" 15ml",2.74 €,https://firebasestorage.googleapis.com/v0/b/lastmile-ui/o/import%2Fphotos%2Fconverted%2Fproduct%2FthumbUrl%2FCvKfTzV4TN5U8BTMF1Hl_289115_OrXUvGAuc2NCJDRvzNOTXOM3rsp1_RORj7SAjjtEo3sivWabb.webp?alt=media&token=9f73a354-27f4-46b8-983c-f45eadddfd09
IKI,Garnier Micellair vanduo mišriai ir riebiai odai 400ml,4.74 €,https://firebasestorage.googleapis.com/v0/b/lastmile-ui/o/import%2Fphotos%2Fconverted%2Fproduct%2FthumbUrl%2FCvKfTzV4TN5U8BTMF1Hl_289439_OrXUvGAuc2NCJDRvzNOTXOM3rsp1_dcQYE0Ys2bI2rO40WhRz.webp?alt=media&token=7515389c-802d-4027-9903-b8e84ee5c7f3
IKI,Šokoladiniai saldainiai ROSHEN ASSORTMENT CLASSIC 154 g,3.19 €,https://firebasestorage.googleapis.com/v0/b/lastmile-ui/o/import%2Fphotos%2Fconverted%2Fproduct%2FthumbUrl%2FCvKfTzV4TN5U8BTMF1Hl_289487_OrXUvGAuc2NCJDRvzNOTXOM3rsp1_3qwfLdfuL2Hb1rnB6gzV.webp?alt=media&token=9e492cd0-b322-4fcf-9f90-fdc09f37b26e
IKI,"Indiškas čatnis su mangais SANTA MARIA, 350g",4.19 €,https://firebasestorage.googleapis.com/v0/b/lastmile-ui/o/import%2Fphotos%2Fconverted%2Fproduct%2FthumbUrl%2FCvKfTzV4TN5U8BTMF1Hl_290111_OrXUvGAuc2NCJDRvzNOTXOM3rsp1_BupZuiA26u1GmLS19CIM.webp?alt=media&token=3d392f12-c135-4bf0-aa53-a7bf5d7135e9
IKI,"Prieskonių mišinys Tandoori SANTA MARIA, 35 g",1.39 €,https://firebasestorage.googleapis.com/v0/b/lastmile-ui/o/import%2Fphotos%2Fconverted%2Fproduct%2FthumbUrl%2FCvKfTzV4TN5U8BTMF1Hl_290113_OrXUvGAuc2NCJDRvzNOTXOM3rsp1_3bFlzpvOSGXJA4CdC6Ta.webp?alt=media&token=c4f65f67-3a42-473c-a389-f7e8c3edc069
IKI,"Prieskonių mišinys Raita SANTA MARIA, 8 g",0.69 €,https://firebasestorage.googleapis.com/v0/b/lastmile-ui/o/import%2Fphotos%2Fconverted%2Fproduct%2FthumbUrl%2FCvKfTzV4TN5U8BTMF1Hl_290114_OrXUvGAuc2NCJDRvzNOTXOM3rsp1_7Bp0NwphwbbWJzOUoawJ.webp?alt=media&token=80027af8-63a6-495f-b6f4-0cc06dc66a7c
IKI,"Indaplovių kapsulės ""SOMAT Excellence 3in1"" 60sk.",15.49 €,https://firebasestorage.googleapis.com/v0/b/lastmile-ui/o/import%2Fphotos%2Fconverted%2Fproduct%2FthumbUrl%2FCvKfTzV4TN5U8BTMF1Hl_289407_OrXUvGAuc2NCJDRvzNOTXOM3rsp1_22nSvfZlcY2M6KlHDIxd.webp?alt=media&token=0f3f23a9-1a66-41de-9204-8500eaa7f491
IKI,"Kava Löfbergs Kharisma RA, 500g",7.99 €,https://firebasestorage.googleapis.com/v0/b/lastmile-ui/o/import%2Fphotos%2Fconverted%2Fproduct%2FthumbUrl%2FCvKfTzV4TN5U8BTMF1Hl_39907_OrXUvGAuc2NCJDRvzNOTXOM3rsp1_mJHo9PAby4wWzWuFpFmt.webp?alt=media&token=929575ba-46d5-4a97-9acc-57c6da8bb910
IKI,"Skustuvo galvutės VENUS Sugarberry, 3 vnt",8.99 €,https://firebasestorage.googleapis.com/v0/b/lastmile-ui/o/import%2Fphotos%2Fconverted%2Fproduct%2FthumbUrl%2FCvKfTzV4TN5U8BTMF1Hl_290667_OrXUvGAuc2NCJDRvzNOTXOM3rsp1_XuqJ6lASmmAoK6YB5jbP.webp?alt=media&token=f7389fbf-f25d-40d3-844f-1b35ca03a379
IKI,Kalendorius 2026 M. 1 LAPO A4,0.77 €,https://firebasestorage.googleapis.com/v0/b/lastmile-ui/o/import%2Fphotos%2Fconverted%2Fproduct%2FthumbUrl%2FCvKfTzV4TN5U8BTMF1Hl_238002_OrXUvGAuc2NCJDRvzNOTXOM3rsp1_wKmHiLwArGtRxXczp8GU.webp?alt=media&token=ff42807e-0a5c-4479-9db8-45191562999a
IKI,Kalendorius 2026 MEILUČIAI A4,1.67 €,https://firebasestorage.googleapis.com/v0/b/lastmile-ui/o/import%2Fphotos%2Fconverted%2Fproduct%2FthumbUrl%2FCvKfTzV4TN5U8BTMF1Hl_279506_OrXUvGAuc2NCJDRvzNOTXOM3rsp1_ctUKPNtmhaNMJ1GwKpFY.webp?alt=media&token=e90a08ca-e23d-4344-8f2b-1af0ba55c9ab
IKI,Kalendorius 2026 GĖLĖS A4 O,1.37 €,https://firebasestorage.googleapis.com/v0/b/lastmile-ui/o/import%2Fphotos%2Fconverted%2Fproduct%2FthumbUrl%2FCvKfTzV4TN5U8BTMF1Hl_257143_OrXUvGAuc2NCJDRvzNOTXOM3rsp1_32OCYv9046lBb8Clh8uf.webp?alt=media&token=e1d60a70-5ef3-4470-a2da-e62b5e99042e
IKI,Kalendorius 2026 ŽIRGAI A4,2.09 €,https://firebasestorage.googleapis.com/v0/b/lastmile-ui/o/import%2Fphotos%2Fconverted%2Fproduct%2FthumbUrl%2FCvKfTzV4TN5U8BTMF1Hl_285280_OrXUvGAuc2NCJDRvzNOTXOM3rsp1_zX0tD0AoLsDrzp7SSQhf.webp?alt=media&token=4a0c7aa9-add0-4e96-ad0d-6a73de14e178
IKI,"Kalėdinė Led girlianda 80 lempučių, auksinė",1.99 €,https://firebasestorage.googleapis.com/v0/b/lastmile-ui/o/import%2Fphotos%2Fconverted%2Fproduct%2FthumbUrl%2FCvKfTzV4TN5U8BTMF1Hl_256466_OrXUvGAuc2NCJDRvzNOTXOM3rsp1_gCSLzvjxNnTwOioALEPj.webp?alt=media&token=2b903249-a9af-4ec1-9f94-a20e576667fd
IKI,"Pakabinama dekoracija ledai, 13 X 5 X 5 cm,  3 spalvų",0.99 €,https://firebasestorage.googleapis.com/v0/b/lastmile-ui/o/import%2Fphotos%2Fconverted%2Fproduct%2FthumbUrl%2FCvKfTzV4TN5U8BTMF1Hl_291135_OrXUvGAuc2NCJDRvzNOTXOM3rsp1_ZfSQcr18T7iSPEjZ0Ueg.webp?alt=media&token=4d9ac887-d062-4699-9c57-0d596d8a6ecb
IKI,Kalėdinė skardinė dėžutė 77x64,0.99 €,https://firebasestorage.googleapis.com/v0/b/lastmile-ui/o/import%2Fphotos%2Fconverted%2Fproduct%2FthumbUrl%2FCvKfTzV4TN5U8BTMF1Hl_285491_OrXUvGAuc2NCJDRvzNOTXOM3rsp1_GeqZ9q4bzqGCl6s2FiIE.webp?alt=media&token=0d705bed-5bb4-4b64-9eed-fbaa86922ec4
IKI,"Kalėdinių arbatinių šaukštelių rinkinys WINTERIA, 6 vnt",5.99 €,https://firebasestorage.googleapis.com/v0/b/lastmile-ui/o/import%2Fphotos%2Fconverted%2Fproduct%2FthumbUrl%2FCvKfTzV4TN5U8BTMF1Hl_285461_OrXUvGAuc2NCJDRvzNOTXOM3rsp1_5VYSpD0LykDjyprfgaAu.webp?alt=media&token=449fb5cd-c77b-46d9-892d-b313aa213c7f
IKI,Dovanų rinkinys puodelis su arbata,3.99 €,https://firebasestorage.googleapis.com/v0/b/lastmile-ui/o/import%2Fphotos%2Fconverted%2Fproduct%2FthumbUrl%2FCvKfTzV4TN5U8BTMF1Hl_291146_OrXUvGAuc2NCJDRvzNOTXOM3rsp1_haQwhbwM1VCzNWMFv6dE.webp?alt=media&token=6b58cb3f-7346-4a7c-813a-c9031e845429
IKI,"Dovanų rinkinys puodelis, sausainiai, karštas šokoladas",7.49 €,https://firebasestorage.googleapis.com/v0/b/lastmile-ui/o/import%2Fphotos%2Fconverted%2Fproduct%2FthumbUrl%2FCvKfTzV4TN5U8BTMF1Hl_291143_OrXUvGAuc2NCJDRvzNOTXOM3rsp1_OImub3y2PLu07r5dgo2c.webp?alt=media&token=0971c76a-6e49-4968-86d1-985b44da98ab
IKI,"Namų kvapas Cookie, 10 cm, 100 ml",3.99 €,https://firebasestorage.googleapis.com/v0/b/lastmile-ui/o/import%2Fphotos%2Fconverted%2Fproduct%2FthumbUrl%2FCvKfTzV4TN5U8BTMF1Hl_291243_OrXUvGAuc2NCJDRvzNOTXOM3rsp1_J3JMgiN4irIa90bLweoB.webp?alt=media&token=c8747681-4bd8-4a6c-b9d2-28d02b9fe9bd
IKI,"Šviečianti girlianda 160 Led, geltona",2.14 €,https://firebasestorage.googleapis.com/v0/b/lastmile-ui/o/import%2Fphotos%2Fconverted%2Fproduct%2FthumbUrl%2FCvKfTzV4TN5U8BTMF1Hl_285221_OrXUvGAuc2NCJDRvzNOTXOM3rsp1_Ffy3YTa1Q6K5aMrBapJy.webp?alt=media&token=ac7b69ef-806a-471e-9425-1ef120162c3e
IKI,Kalėdinė metalinė dėžutė 4 dalių,1.89 €,https://firebasestorage.googleapis.com/v0/b/lastmile-ui/o/import%2Fphotos%2Fconverted%2Fproduct%2FthumbUrl%2FCvKfTzV4TN5U8BTMF1Hl_291199_OrXUvGAuc2NCJDRvzNOTXOM3rsp1_chjo0UJx06ITZuC1CSTv.webp?alt=media&token=11cdcb69-c9ce-4a0e-8fc1-6a2030be7eeb
IKI,Lėlė DISNEY Frozen Anna,8.49 €,https://firebasestorage.googleapis.com/v0/b/lastmile-ui/o/import%2Fphotos%2Fconverted%2Fproduct%2FthumbUrl%2FCvKfTzV4TN5U8BTMF1Hl_291060_OrXUvGAuc2NCJDRvzNOTXOM3rsp1_ZWs59J6e9KQFsPrx5tWG.webp?alt=media&token=c174d070-d9cd-442d-86ab-a3a3d10885b1
IKI,"LED girlianda plati 400 LED, macaron, 3 m laidas, su valdymo pulteliu",6.99 €,https://firebasestorage.googleapis.com/v0/b/lastmile-ui/o/import%2Fphotos%2Fconverted%2Fproduct%2FthumbUrl%2FCvKfTzV4TN5U8BTMF1Hl_291283_OrXUvGAuc2NCJDRvzNOTXOM3rsp1_xqH8a8I51lBZZW2ahb3M.webp?alt=media&token=594db796-244b-491c-9878-75461206cf30
IKI,Lauko girlianda balta 120 LED,3.99 €,https://firebasestorage.googleapis.com/v0/b/lastmile-ui/o/import%2Fphotos%2Fconverted%2Fproduct%2FthumbUrl%2FCvKfTzV4TN5U8BTMF1Hl_271828_OrXUvGAuc2NCJDRvzNOTXOM3rsp1_yqnXhoRdoBUJgLjyAY4r.webp?alt=media&token=7f27021f-1490-4275-a1e9-85bec444030c
IKI,Šviečianti girlianda užuolaida 200 LED,4.24 €,https://firebasestorage.googleapis.com/v0/b/lastmile-ui/o/import%2Fphotos%2Fconverted%2Fproduct%2FthumbUrl%2FCvKfTzV4TN5U8BTMF1Hl_285217_OrXUvGAuc2NCJDRvzNOTXOM3rsp1_00qEFjnUQNwJXBUE80vw.webp?alt=media&token=081302c9-3559-4048-8a65-434896c4efe7
IKI,"Vainikas Tinsel WINTERIA, 32cm",1.24 €,https://firebasestorage.googleapis.com/v0/b/lastmile-ui/o/import%2Fphotos%2Fconverted%2Fproduct%2FthumbUrl%2FCvKfTzV4TN5U8BTMF1Hl_290025_OrXUvGAuc2NCJDRvzNOTXOM3rsp1_5ckRnZ1nCFLOQg4vZQRX.webp?alt=media&token=4ac9fe47-cc2e-4cfc-b82d-3bb681308761
IKI,Kalėdinis puodelis su dangteliu ir šiaudeliu,2.99 €,https://firebasestorage.googleapis.com/v0/b/lastmile-ui/o/import%2Fphotos%2Fconverted%2Fproduct%2FthumbUrl%2FCvKfTzV4TN5U8BTMF1Hl_291188_OrXUvGAuc2NCJDRvzNOTXOM3rsp1_WzuvA6eUGw1aRRziVTV6.webp?alt=media&token=a580d0c0-8a62-4b3b-ad75-5fd4f2a1c09b
IKI,"Šokoladinis kalėdų senis MILKA, 90 g",2.34 €,https://firebasestorage.googleapis.com/v0/b/lastmile-ui/o/import%2Fphotos%2Fconverted%2Fproduct%2FthumbUrl%2FCvKfTzV4TN5U8BTMF1Hl_290631_uF3DptJQvjXHqmno4Mal_urPQTXHaFjsTke0Jrdu5.webp?alt=media&token=61448353-0e0c-40f8-a28e-b59d55b26720
IKI,"Saldainių rinkinys PERGALĖ MAGIC OF WINTER MILK CLASSIC, 114 g",2.79 €,https://firebasestorage.googleapis.com/v0/b/lastmile-ui/o/import%2Fphotos%2Fconverted%2Fproduct%2FthumbUrl%2FCvKfTzV4TN5U8BTMF1Hl_284723_OrXUvGAuc2NCJDRvzNOTXOM3rsp1_DigUpjexPbMqxFzcYXxa.webp?alt=media&token=cbbc6329-7349-446d-978d-ba2907730b98
IKI,"Nugos saldainiai su migdolais SPERLARI, 117 g",3.99 €,https://firebasestorage.googleapis.com/v0/b/lastmile-ui/o/import%2Fphotos%2Fconverted%2Fproduct%2FthumbUrl%2FCvKfTzV4TN5U8BTMF1Hl_290545_uF3DptJQvjXHqmno4Mal_2yho2LbgZijZBW9j3UUn.webp?alt=media&token=c1452cc1-5ca0-4b13-aaed-30b9306652af
IKI,"Saldainių rinkinys PERGALĖ MAGIC OF WINTER DARK CLASSIC, 114 g",2.79 €,https://firebasestorage.googleapis.com/v0/b/lastmile-ui/o/import%2Fphotos%2Fconverted%2Fproduct%2FthumbUrl%2FCvKfTzV4TN5U8BTMF1Hl_284722_OrXUvGAuc2NCJDRvzNOTXOM3rsp1_VV9oubHyANwgrAokM5kM.webp?alt=media&token=dac84a86-e220-489d-970e-14639191fc40
IKI,Kalėdiniai popieriniai šiaudeliai,0.99 €,https://firebasestorage.googleapis.com/v0/b/lastmile-ui/o/import%2Fphotos%2Fconverted%2Fproduct%2FthumbUrl%2FCvKfTzV4TN5U8BTMF1Hl_279239_OrXUvGAuc2NCJDRvzNOTXOM3rsp1_gpnVC1NMz2Xf8VHaouGr.webp?alt=media&token=0fb0117e-0f9d-4566-b81f-6591a45cf544
IKI,Rinkinys GILLETTE Fusion UCL su kosmetine,13.49 €,https://firebasestorage.googleapis.com/v0/b/lastmile-ui/o/import%2Fphotos%2Fconverted%2Fproduct%2FthumbUrl%2FCvKfTzV4TN5U8BTMF1Hl_291032_OrXUvGAuc2NCJDRvzNOTXOM3rsp1_aQrvzBHc2XYcssBYMbWy.webp?alt=media&token=d7524dd1-9faa-466b-a8e0-1318371278e0
IKI,Rinkinys OLD SPICE Wolfthorn su dėžute,5.49 €,https://firebasestorage.googleapis.com/v0/b/lastmile-ui/o/import%2Fphotos%2Fconverted%2Fproduct%2FthumbUrl%2FCvKfTzV4TN5U8BTMF1Hl_291033_OrXUvGAuc2NCJDRvzNOTXOM3rsp1_sB0T6p8eHVJaJpSbyvQa.webp?alt=media&token=9f881a0b-ad55-4dd6-b38f-0fc56ae83daa
IKI,Maybelline Sky High + micelinis vanduo kalėdinis rinkinys,11.49 €,https://firebasestorage.googleapis.com/v0/b/lastmile-ui/o/import%2Fphotos%2Fconverted%2Fproduct%2FthumbUrl%2FCvKfTzV4TN5U8BTMF1Hl_290974_OrXUvGAuc2NCJDRvzNOTXOM3rsp1_VplpsVB19JVzYpOQzh3H.webp?alt=media&token=b76a3f26-36cc-411c-9167-2cac1f98476c
IKI,ORGANIC SHOP Kūno priežiūros rinkinys Berry Bliss,4.99 €,https://firebasestorage.googleapis.com/v0/b/lastmile-ui/o/import%2Fphotos%2Fconverted%2Fproduct%2FthumbUrl%2FCvKfTzV4TN5U8BTMF1Hl_291007_OrXUvGAuc2NCJDRvzNOTXOM3rsp1_AOml2Su6pXn1Q7vxoVJn.webp?alt=media&token=ac6f63c2-a45a-47a2-a2c3-990b941d9e18
IKI,"DVARO ekologiškas sūris 50% r.s.m., 200 g",2.47 €,https://firebasestorage.googleapis.com/v0/b/lastmile-ui/o/import%2Fphotos%2Fconverted%2Fproduct%2FthumbUrl%2FCvKfTzV4TN5U8BTMF1Hl_291572_OrXUvGAuc2NCJDRvzNOTXOM3rsp1_58qEvKW2wN4WlgbXkVLw.webp?alt=media&token=184bdc43-8c97-4672-bb17-9b610c7593df
IKI,"Moteriškos pėdkelnės INCANTO COSMO 20 DEN, 3 dydis, spalva NATUREL",2.99 €,https://storage.googleapis.com/download/storage/v1/b/lastmile-ui/o/import%2Fphotos%2Fconverted%2Fproduct%2FCvKfTzV4TN5U8BTMF1Hl_225616_CvKfTzV4TN5U8BTMF1Hl_W5RvAbpnRicygag1V4nopPhtD8z2_IQk46Ik16jLO6rACRlUB_thumb.webp?generation=1699884886688131&alt=media
IKI,"Moteriškos pėdkelnės INCANTO COSMO 20 DEN, 2 dydis, spalva NATUREL",2.99 €,https://storage.googleapis.com/download/storage/v1/b/lastmile-ui/o/import%2Fphotos%2Fconverted%2Fproduct%2FCvKfTzV4TN5U8BTMF1Hl_225615_CvKfTzV4TN5U8BTMF1Hl_W5RvAbpnRicygag1V4nopPhtD8z2_a9UjgvGnV5yfuwFBUFQ5_thumb.webp?generation=1699884885422902&alt=media
IKI,"Moteriškos pėdkelnės INCANTO FASHION 20 DEN, 3 dydis, spalva NATUREL",3.29 €,https://storage.googleapis.com/download/storage/v1/b/lastmile-ui/o/import%2Fphotos%2Fconverted%2Fproduct%2FCvKfTzV4TN5U8BTMF1Hl_225632_CvKfTzV4TN5U8BTMF1Hl_W5RvAbpnRicygag1V4nopPhtD8z2_x3mgW3OP5PG6hocc2LS6_thumb.webp?generation=1699884884923399&alt=media
IKI,"Moteriškos pėdkelnės INCANTO ACTIVE BODY 20 DEN, 5 dydis, spalva NERO",3.59 €,https://storage.googleapis.com/download/storage/v1/b/lastmile-ui/o/import%2Fphotos%2Fconverted%2Fproduct%2FCvKfTzV4TN5U8BTMF1Hl_225676_CvKfTzV4TN5U8BTMF1Hl_W5RvAbpnRicygag1V4nopPhtD8z2_r5EKM5G45Us48th7r3Cx_thumb.webp?generation=1699884889205768&alt=media
IKI,"Moteriškos pėdkelnės INCANTO FASHION 20 DEN, 4 dydis, spalva NATUREL",3.29 €,https://storage.googleapis.com/download/storage/v1/b/lastmile-ui/o/import%2Fphotos%2Fconverted%2Fproduct%2FCvKfTzV4TN5U8BTMF1Hl_225633_CvKfTzV4TN5U8BTMF1Hl_W5RvAbpnRicygag1V4nopPhtD8z2_gGqnk2m5Lnh8wt5REC0X_thumb.webp?generation=1699884882485480&alt=media
IKI,"Moteriškos pėdkelnės INCANTO ACTIVE BODY 20 DEN, 5 dydis, spalva DAINO",3.59 €,https://storage.googleapis.com/download/storage/v1/b/lastmile-ui/o/import%2Fphotos%2Fconverted%2Fproduct%2FCvKfTzV4TN5U8BTMF1Hl_225680_CvKfTzV4TN5U8BTMF1Hl_W5RvAbpnRicygag1V4nopPhtD8z2_pe7kwu12c8PFYt3jXv7G_thumb.webp?generation=1699884886753975&alt=media
IKI,"Moteriškos pėdkelnės INCANTO COSMO 40 DEN, 3 dydis, spalva NATUREL",3.29 €,https://storage.googleapis.com/download/storage/v1/b/lastmile-ui/o/import%2Fphotos%2Fconverted%2Fproduct%2FCvKfTzV4TN5U8BTMF1Hl_220164_CvKfTzV4TN5U8BTMF1Hl_W5RvAbpnRicygag1V4nopPhtD8z2_TDlQwhxgkcTwZIbkHCvh_thumb.webp?generation=1699884881909478&alt=media
IKI,"Moteriškos pėdkelnės INCANTO ACTIVE BODY 40 DEN, 5 dydis, spalva NATUREL",3.89 €,https://storage.googleapis.com/download/storage/v1/b/lastmile-ui/o/import%2Fphotos%2Fconverted%2Fproduct%2FCvKfTzV4TN5U8BTMF1Hl_220140_CvKfTzV4TN5U8BTMF1Hl_W5RvAbpnRicygag1V4nopPhtD8z2_aTZP6Yv2qvpkhf4SG5Du_thumb.webp?generation=1699884880091054&alt=media
IKI,"Moteriškos pėdkelnės INCANTO COSMO 40 DEN, 5 dydis, spalva NERO",3.29 €,https://storage.googleapis.com/download/storage/v1/b/lastmile-ui/o/import%2Fphotos%2Fconverted%2Fproduct%2FCvKfTzV4TN5U8BTMF1Hl_220158_CvKfTzV4TN5U8BTMF1Hl_W5RvAbpnRicygag1V4nopPhtD8z2_G9armmsN85rwAIBYtRnj_thumb.webp?generation=1699884883903711&alt=media
IKI,"Moteriškos pėdkelnės INCANTO MODEL UP 40 DEN, 5 dydis, MELON",5.99 €,https://storage.googleapis.com/download/storage/v1/b/lastmile-ui/o/import%2Fphotos%2Fconverted%2Fproduct%2FCvKfTzV4TN5U8BTMF1Hl_220208_CvKfTzV4TN5U8BTMF1Hl_W5RvAbpnRicygag1V4nopPhtD8z2_QlN5eGbAJzG5c2B68Bng_thumb.webp?generation=1699884911199096&alt=media
IKI,"Moteriškos pėdkelnės INCANTO COSMO 20 DEN, 2 dydis, spalva NERO",2.99 €,https://storage.googleapis.com/download/storage/v1/b/lastmile-ui/o/import%2Fphotos%2Fconverted%2Fproduct%2FCvKfTzV4TN5U8BTMF1Hl_220141_CvKfTzV4TN5U8BTMF1Hl_W5RvAbpnRicygag1V4nopPhtD8z2_ZyMEALka6guLQDr3ISGk_thumb.webp?generation=1699884882679207&alt=media
IKI,Moteriškos pėdkelnės INCANTO MICRO VELVET 70,5.39 €,https://storage.googleapis.com/download/storage/v1/b/lastmile-ui/o/import%2Fphotos%2Fconverted%2Fproduct%2FCvKfTzV4TN5U8BTMF1Hl_236735_CvKfTzV4TN5U8BTMF1Hl_W5RvAbpnRicygag1V4nopPhtD8z2_V3vgMP9amnTMUKtxUrT0_thumb.webp?generation=1699884883471442&alt=media
IKI,Moteriškos pėdkelnės INCANTO MICRO VELVET 70,5.39 €,https://storage.googleapis.com/download/storage/v1/b/lastmile-ui/o/import%2Fphotos%2Fconverted%2Fproduct%2FCvKfTzV4TN5U8BTMF1Hl_236733_CvKfTzV4TN5U8BTMF1Hl_W5RvAbpnRicygag1V4nopPhtD8z2_i68m66vYqsTzrpUWc3Cc_thumb.webp?generation=1699884885843612&alt=media
IKI,"Moteriškos pėdkelnės INCANTO POUDRE 40 DEN, 4 dydis, spalva NERO",5.09 €,https://storage.googleapis.com/download/storage/v1/b/lastmile-ui/o/import%2Fphotos%2Fconverted%2Fproduct%2FCvKfTzV4TN5U8BTMF1Hl_253285_CvKfTzV4TN5U8BTMF1Hl_W5RvAbpnRicygag1V4nopPhtD8z2_dMdcU1LJOIusfNtYX0xD_thumb.webp?generation=1699884906857964&alt=media
IKI,Moteriškos pėdutės INCANTO,2.87 €,https://storage.googleapis.com/download/storage/v1/b/lastmile-ui/o/import%2Fphotos%2Fconverted%2Fproduct%2FCvKfTzV4TN5U8BTMF1Hl_253332_CvKfTzV4TN5U8BTMF1Hl_W5RvAbpnRicygag1V4nopPhtD8z2_x4Y2fL8AhSY1o9e77Kk8_thumb.webp?generation=1699884915131186&alt=media
IKI,Moteriškos pėdutės INCANTO,2.87 €,https://storage.googleapis.com/download/storage/v1/b/lastmile-ui/o/import%2Fphotos%2Fconverted%2Fproduct%2FCvKfTzV4TN5U8BTMF1Hl_253337_CvKfTzV4TN5U8BTMF1Hl_W5RvAbpnRicygag1V4nopPhtD8z2_g5NFwHEy5UUYfSFM5jDJ_thumb.webp?generation=1699884917139943&alt=media
IKI,"Moteriškos kojinės INCANTO TIFFANY 20 DEN, 2 dydis, spalva NATUREL",7.19 €,https://storage.googleapis.com/download/storage/v1/b/lastmile-ui/o/import%2Fphotos%2Fconverted%2Fproduct%2FCvKfTzV4TN5U8BTMF1Hl_240380_CvKfTzV4TN5U8BTMF1Hl_W5RvAbpnRicygag1V4nopPhtD8z2_iD8HPrpnLxmFP7L6JYmj_thumb.webp?generation=1699884905053307&alt=media
IKI,Moteriškos pėdutės INCANTO,2.87 €,https://storage.googleapis.com/download/storage/v1/b/lastmile-ui/o/import%2Fphotos%2Fconverted%2Fproduct%2FCvKfTzV4TN5U8BTMF1Hl_253336_CvKfTzV4TN5U8BTMF1Hl_W5RvAbpnRicygag1V4nopPhtD8z2_YubZMMffPFKQTJELIz3u_thumb.webp?generation=1699884916338615&alt=media
IKI,"Moteriškos puskojinės INCANTO CINDY 20 DEN, vienas dydis, spalva NERO, 2 poros",2.39 €,https://storage.googleapis.com/download/storage/v1/b/lastmile-ui/o/import%2Fphotos%2Fconverted%2Fproduct%2FCvKfTzV4TN5U8BTMF1Hl_253321_CvKfTzV4TN5U8BTMF1Hl_W5RvAbpnRicygag1V4nopPhtD8z2_1pkStxTenkfsrkxfhpXi_thumb.webp?generation=1699884887959659&alt=media
IKI,"Moteriškos pėdkelnės GLAMOUR POS.PRESS 50 DEN, 3 dydis, spalva GLACE",3.47 €,https://storage.googleapis.com/download/storage/v1/b/lastmile-ui/o/import%2Fphotos%2Fconverted%2Fproduct%2FCvKfTzV4TN5U8BTMF1Hl_261034_CvKfTzV4TN5U8BTMF1Hl_W5RvAbpnRicygag1V4nopPhtD8z2_etng1qsb1mwlS1dND4Fi_thumb.webp?generation=1699884893468196&alt=media
IKI,"Vitaminizuotas nagų aliejukas SINCERO SALON ORIGINAL, 10 ml",2.24 €,https://firebasestorage.googleapis.com/v0/b/lastmile-ui/o/import%2Fphotos%2Fconverted%2Fproduct%2FthumbUrl%2FCvKfTzV4TN5U8BTMF1Hl_266546_OrXUvGAuc2NCJDRvzNOTXOM3rsp1_ddXD4aotW3n2HlI3qrTc.webp?alt=media&token=534931f3-7952-49e2-8961-0d737da0cfda
IKI,"Moteriškos pėdkelnės INCANTO POUDRE 40 DEN, 3 dydis, spalva NERO",5.09 €,https://storage.googleapis.com/download/storage/v1/b/lastmile-ui/o/import%2Fphotos%2Fconverted%2Fproduct%2FCvKfTzV4TN5U8BTMF1Hl_253284_CvKfTzV4TN5U8BTMF1Hl_W5RvAbpnRicygag1V4nopPhtD8z2_s432dQzn2YvWvcPMWaW3_thumb.webp?generation=1699884906578848&alt=media
IKI,"Moteriškos puskojinės GLAMOUR SYMPHONY 40 DEN, vienas dydis, spalva NERO, 2 poros",2.39 €,https://storage.googleapis.com/download/storage/v1/b/lastmile-ui/o/import%2Fphotos%2Fconverted%2Fproduct%2FCvKfTzV4TN5U8BTMF1Hl_261150_CvKfTzV4TN5U8BTMF1Hl_W5RvAbpnRicygag1V4nopPhtD8z2_y7UHTmdLl6VE9nVRVGmj_thumb.webp?generation=1699884896477490&alt=media
IKI,"Kaukė L'OREAL PARIS REVITALIFT CLINICAL, 26 g",2.39 €,https://firebasestorage.googleapis.com/v0/b/lastmile-ui/o/import%2Fphotos%2Fconverted%2Fproduct%2FthumbUrl%2FCvKfTzV4TN5U8BTMF1Hl_278553_OrXUvGAuc2NCJDRvzNOTXOM3rsp1_gDnlWI4v7i23WY9YWELf.webp?alt=media&token=35945361-415b-4a25-aaae-0fb67d994015
IKI,"Antiperspirantas dezodorantas kojoms BODY NATUR, 150 ml",3.49 €,https://firebasestorage.googleapis.com/v0/b/lastmile-ui/o/import%2Fphotos%2Fconverted%2Fproduct%2FthumbUrl%2FCvKfTzV4TN5U8BTMF1Hl_276422_Y5wHCakiRVc8Kf1fJt96vh8Tr2I2_QeBHF5K3gSdfMZvLOcPx.webp?alt=media&token=e2c36bcc-5695-4c9d-9372-c7f8100a1977
IKI,"Šokoladiniai triufeliai su pralinė įdaru be cukraus, 100 g",7.99 €,https://firebasestorage.googleapis.com/v0/b/lastmile-ui/o/import%2Fphotos%2Fconverted%2Fproduct%2FthumbUrl%2FCvKfTzV4TN5U8BTMF1Hl_275785_Pos12xpkYpPSKaVDW3jqu7xnlg23_OUBbxjR4D42ekIdhxxr2.webp?alt=media&token=3cc94e35-4992-46fd-b26f-cda275954b2b
IKI,"GREEN FEEL'S kosmetikos rinkinys ""NUNU"" Auksinis",11.99 €,https://firebasestorage.googleapis.com/v0/b/lastmile-ui/o/import%2Fphotos%2Fconverted%2Fproduct%2FthumbUrl%2FCvKfTzV4TN5U8BTMF1Hl_285633_uF3DptJQvjXHqmno4Mal_qpH98kMQ3X047iwQEkf2.webp?alt=media&token=0169db66-04dc-421e-8d78-7ece324f0c00
IKI,"FA rutulinis dezodorantas PINK PARADISE,  50 ml",2.49 €,https://firebasestorage.googleapis.com/v0/b/lastmile-ui/o/import%2Fphotos%2Fconverted%2Fproduct%2FthumbUrl%2FCvKfTzV4TN5U8BTMF1Hl_227347_Y5wHCakiRVc8Kf1fJt96vh8Tr2I2_XBvRAyuG0z5ymwskm34M.webp?alt=media&token=fb59a6c4-1a78-4257-add0-590f57bf4333
IKI,"Plaukų šampūnas PANTENE Thick&Strong Active Nutri-Plex, 400 ml",4.09 €,https://firebasestorage.googleapis.com/v0/b/lastmile-ui/o/import%2Fphotos%2Fconverted%2Fproduct%2FthumbUrl%2FCvKfTzV4TN5U8BTMF1Hl_284729_Y5wHCakiRVc8Kf1fJt96vh8Tr2I2_r8KUMinAuvKpwWsu145D.webp?alt=media&token=ed13162f-2baf-4b22-88ef-80b6bc9a6a40
IKI,"FA rutulinis dezodorantas FRESH&DRY Green Tea, 50 ml",2.49 €,https://firebasestorage.googleapis.com/v0/b/lastmile-ui/o/import%2Fphotos%2Fconverted%2Fproduct%2FthumbUrl%2FCvKfTzV4TN5U8BTMF1Hl_285820_Y5wHCakiRVc8Kf1fJt96vh8Tr2I2_1KBvo2emOOcthHlp6S7b.webp?alt=media&token=55f96aa6-8f62-4c14-80cd-dd878b4a1dfb
IKI,"Elektrinis dantų šepetėlis ORAL-B Vitality Pro Kids (3+ metų), Spiderman, 1 vnt.",22.99 €,https://firebasestorage.googleapis.com/v0/b/lastmile-ui/o/import%2Fphotos%2Fconverted%2Fproduct%2FthumbUrl%2FCvKfTzV4TN5U8BTMF1Hl_280516_Y5wHCakiRVc8Kf1fJt96vh8Tr2I2_ItQOmseoyVEDgVtqmLdw.webp?alt=media&token=19c55fd2-1550-483c-9ffa-b983aff3f33f
IKI,Plaukų dažai GARNIER OLIA 6.0,5.99 €,https://firebasestorage.googleapis.com/v0/b/lastmile-ui/o/import%2Fphotos%2Fconverted%2Fproduct%2FthumbUrl%2FCvKfTzV4TN5U8BTMF1Hl_284259_OrXUvGAuc2NCJDRvzNOTXOM3rsp1_A6kSVYJYwmeYizPnvw3s.webp?alt=media&token=70f7430a-e69f-4c67-9ab3-250ef84d4495
IKI,"Balzamas po skutimosi NIVEA MEN HYALURON, 100 ml",6.49 €,https://firebasestorage.googleapis.com/v0/b/lastmile-ui/o/import%2Fphotos%2Fconverted%2Fproduct%2FthumbUrl%2FCvKfTzV4TN5U8BTMF1Hl_285239_OrXUvGAuc2NCJDRvzNOTXOM3rsp1_FFU6cAj9oMjWLM2pj5rQ.webp?alt=media&token=e80e4e2f-68e8-47af-b1c1-139e83924341
IKI,Pavadėlis FLEXI STANDART M iki 20kg,10.19 €,https://firebasestorage.googleapis.com/v0/b/lastmile-ui/o/import%2Fphotos%2Fconverted%2Fproduct%2FthumbUrl%2FCvKfTzV4TN5U8BTMF1Hl_286459_OrXUvGAuc2NCJDRvzNOTXOM3rsp1_symmfp0yuV54AvdQOz0K.webp?alt=media&token=346b4635-217b-4309-b9f8-475087747060
IKI,"Plaukų dažai PALETTE DELUXE TONER, 150 ml",3.89 €,https://firebasestorage.googleapis.com/v0/b/lastmile-ui/o/import%2Fphotos%2Fconverted%2Fproduct%2FthumbUrl%2FCvKfTzV4TN5U8BTMF1Hl_284744_OrXUvGAuc2NCJDRvzNOTXOM3rsp1_Q0lHHUih7p1JWbyVEG1A.webp?alt=media&token=29e73b6d-d937-4943-a5d3-f183eeac00bf
IKI,"Moteriškos pėdkelnės INCANTO MODEL UP 20 DEN, 5 dydis, spalva NATURELE",5.39 €,https://firebasestorage.googleapis.com/v0/b/lastmile-ui/o/import%2Fphotos%2Fconverted%2Fproduct%2FthumbUrl%2FCvKfTzV4TN5U8BTMF1Hl_287182_OrXUvGAuc2NCJDRvzNOTXOM3rsp1_2jAFJkWbQIhDHignbhtq.webp?alt=media&token=ef693576-4492-4205-b592-0d4f8c66830b
IKI,"Moteriškos pėdkelnės GLAMOUR GINESTRA 20 DEN, 4 dydis, spalva NERO",3.47 €,https://firebasestorage.googleapis.com/v0/b/lastmile-ui/o/import%2Fphotos%2Fconverted%2Fproduct%2FthumbUrl%2FCvKfTzV4TN5U8BTMF1Hl_287207_OrXUvGAuc2NCJDRvzNOTXOM3rsp1_Nu73795FPjxBI2ND9v4k.webp?alt=media&token=f7250730-d760-49b4-a949-f8b8998c6131
IKI,Gelinis nagų lakas SINCERO SALON 953,2.89 €,https://firebasestorage.googleapis.com/v0/b/lastmile-ui/o/import%2Fphotos%2Fconverted%2Fproduct%2FthumbUrl%2FCvKfTzV4TN5U8BTMF1Hl_252484_OrXUvGAuc2NCJDRvzNOTXOM3rsp1_WkW8ov1K04tuVWyfLOos.webp?alt=media&token=b941741b-d96a-4550-95c0-9e0ed67c985a
IKI,"Lakas nagams NEW FORMULA 11 ml, s53 SINCERO SALON",1.99 €,https://firebasestorage.googleapis.com/v0/b/lastmile-ui/o/import%2Fphotos%2Fconverted%2Fproduct%2FthumbUrl%2FCvKfTzV4TN5U8BTMF1Hl_246826_OrXUvGAuc2NCJDRvzNOTXOM3rsp1_hToeot2qcPAZZmcoAMKp.webp?alt=media&token=acb0a59b-3289-4aa1-b64a-58307690f512
IKI,Gelinis nagų lakas SINCERO SALON 697,2.89 €,https://firebasestorage.googleapis.com/v0/b/lastmile-ui/o/import%2Fphotos%2Fconverted%2Fproduct%2FthumbUrl%2FCvKfTzV4TN5U8BTMF1Hl_248778_OrXUvGAuc2NCJDRvzNOTXOM3rsp1_bEib8VTUOgH2TbQxbQtU.webp?alt=media&token=331979dd-f47f-4a68-b5b0-f4a787372533
IKI,"Lakas nagams NEW FORMULA 11 ml, s54 SINCERO SALON",1.99 €,https://firebasestorage.googleapis.com/v0/b/lastmile-ui/o/import%2Fphotos%2Fconverted%2Fproduct%2FthumbUrl%2FCvKfTzV4TN5U8BTMF1Hl_246827_OrXUvGAuc2NCJDRvzNOTXOM3rsp1_rl3UBmsCZYsrHgK5nm1r.webp?alt=media&token=aa7ac199-11da-48ba-8c5f-f2038a4cce10
IKI,Lakas nagams SINCERO SALON s73,1.99 €,https://firebasestorage.googleapis.com/v0/b/lastmile-ui/o/import%2Fphotos%2Fconverted%2Fproduct%2FthumbUrl%2FCvKfTzV4TN5U8BTMF1Hl_248911_OrXUvGAuc2NCJDRvzNOTXOM3rsp1_5IeMPr9e3W8RXgTH2ACB.webp?alt=media&token=ed60867c-4d81-4b2b-beb8-d6738d32f2eb
IKI,French pink Gelinis nagų lakas 6175 6 ml SINCERO SALON,2.89 €,https://firebasestorage.googleapis.com/v0/b/lastmile-ui/o/import%2Fphotos%2Fconverted%2Fproduct%2FthumbUrl%2FCvKfTzV4TN5U8BTMF1Hl_263956_OrXUvGAuc2NCJDRvzNOTXOM3rsp1_wsl28KPNBOXhUNS85In9.webp?alt=media&token=95329e88-3171-4e2a-8fc3-11af40e2250e
IKI,Rubber bazė cloud pink 6ml SINCERO SALON,4.99 €,https://firebasestorage.googleapis.com/v0/b/lastmile-ui/o/import%2Fphotos%2Fconverted%2Fproduct%2FthumbUrl%2FCvKfTzV4TN5U8BTMF1Hl_273590_OrXUvGAuc2NCJDRvzNOTXOM3rsp1_Q7ckD3UJYIrM94qiZxjR.webp?alt=media&token=314d0fcf-06e0-4eb2-b986-60e14c4fe2d9
IKI,Gelinis nagų lakas SINCERO SALON 758,2.89 €,https://firebasestorage.googleapis.com/v0/b/lastmile-ui/o/import%2Fphotos%2Fconverted%2Fproduct%2FthumbUrl%2FCvKfTzV4TN5U8BTMF1Hl_248772_OrXUvGAuc2NCJDRvzNOTXOM3rsp1_g6cbeTPhfEmhaHCFeKZQ.webp?alt=media&token=be5b7c6a-dcee-487e-87fd-6b018b5cf878
IKI,Gelinis nagų lakas SINCERO SALON 932,2.89 €,https://firebasestorage.googleapis.com/v0/b/lastmile-ui/o/import%2Fphotos%2Fconverted%2Fproduct%2FthumbUrl%2FCvKfTzV4TN5U8BTMF1Hl_248757_OrXUvGAuc2NCJDRvzNOTXOM3rsp1_YaUbmpMPAebOeqnjBCRs.webp?alt=media&token=ea45f41c-20f0-4945-abe4-e16d3e2eafaa
IKI,Nagų lakas s83 SINCERO SALON,1.99 €,https://firebasestorage.googleapis.com/v0/b/lastmile-ui/o/import%2Fphotos%2Fconverted%2Fproduct%2FthumbUrl%2FCvKfTzV4TN5U8BTMF1Hl_261290_OrXUvGAuc2NCJDRvzNOTXOM3rsp1_c57gKr96ogDbDsVhN73X.webp?alt=media&token=a5f80bd0-9c67-4f7b-bcde-adcfb47cc41c
IKI,"Lakas nagams NEW FORMULA 11 ml, s92 SINCERO SALON",1.99 €,https://firebasestorage.googleapis.com/v0/b/lastmile-ui/o/import%2Fphotos%2Fconverted%2Fproduct%2FthumbUrl%2FCvKfTzV4TN5U8BTMF1Hl_279296_OrXUvGAuc2NCJDRvzNOTXOM3rsp1_EaTrzWYGKoDm90A8eacc.webp?alt=media&token=1c737c08-10bf-4a7c-a0f9-08b34ff4affb
IKI,Pliušinis žaislas SQUISHMALLOWS 12 Cm,6.59 €,https://firebasestorage.googleapis.com/v0/b/lastmile-ui/o/import%2Fphotos%2Fconverted%2Fproduct%2FthumbUrl%2FCvKfTzV4TN5U8BTMF1Hl_283000_OrXUvGAuc2NCJDRvzNOTXOM3rsp1_eJgRDECLYHnpSbZz0lTY.webp?alt=media&token=1402bdd8-0f6d-40f6-a155-d0c206b4d22c
IKI,Nagų lako stipriklis BŪK,1.24 €,https://firebasestorage.googleapis.com/v0/b/lastmile-ui/o/import%2Fphotos%2Fconverted%2Fproduct%2FthumbUrl%2FCvKfTzV4TN5U8BTMF1Hl_84250_OrXUvGAuc2NCJDRvzNOTXOM3rsp1_ipLSq9I3eKwu4YUxoJtk.webp?alt=media&token=1eff9ebb-1cbb-439a-a819-89758c82916c
IKI,"Lakas nagams BŪK, 9 ml 145",0.89 €,https://firebasestorage.googleapis.com/v0/b/lastmile-ui/o/import%2Fphotos%2Fconverted%2Fproduct%2FthumbUrl%2FCvKfTzV4TN5U8BTMF1Hl_246783_OrXUvGAuc2NCJDRvzNOTXOM3rsp1_RC7CR1CkcP1xVPqtMudO.webp?alt=media&token=2cfca4db-26df-4675-ae84-b226d6f3a494
IKI,"Lakas nagams BŪK, 9 ml 315",0.89 €,https://firebasestorage.googleapis.com/v0/b/lastmile-ui/o/import%2Fphotos%2Fconverted%2Fproduct%2FthumbUrl%2FCvKfTzV4TN5U8BTMF1Hl_279289_OrXUvGAuc2NCJDRvzNOTXOM3rsp1_WFFxpYKssDFbhXa5mYFk.webp?alt=media&token=48ed55e7-9843-4c3a-8946-5567cc06de16
IKI,"Casting Creme Gloss pusiau ilgalaikiai plaukų dažai be amoniako, 400",6.24 €,https://firebasestorage.googleapis.com/v0/b/lastmile-ui/o/import%2Fphotos%2Fconverted%2Fproduct%2FthumbUrl%2FCvKfTzV4TN5U8BTMF1Hl_6107_OrXUvGAuc2NCJDRvzNOTXOM3rsp1_u2AELcMocCdrbbsGnO9N.webp?alt=media&token=8e98bb8e-e3a3-4a43-88c0-b6b4b2c76335
IKI,"Casting Creme Gloss pusiau ilgalaikiai plaukų dažai be amoniako, 323",6.24 €,https://firebasestorage.googleapis.com/v0/b/lastmile-ui/o/import%2Fphotos%2Fconverted%2Fproduct%2FthumbUrl%2FCvKfTzV4TN5U8BTMF1Hl_89998_OrXUvGAuc2NCJDRvzNOTXOM3rsp1_lK0IPEaUcarqH4s52Cq2.webp?alt=media&token=8a7b4017-ce35-41c0-b508-365c26a5c17c
IKI,"Skalbimo milteliai ARIEL Mountain Spring, 30 skalb., 1,65 kg",8.49 €,https://firebasestorage.googleapis.com/v0/b/lastmile-ui/o/import%2Fphotos%2Fconverted%2Fproduct%2FthumbUrl%2FCvKfTzV4TN5U8BTMF1Hl_287780_OrXUvGAuc2NCJDRvzNOTXOM3rsp1_YJfnEE4EkZmv6CVNQ0KU.webp?alt=media&token=c15cf482-cb72-4a2a-a390-cd61f763d7a8
IKI,"Moteriškos kojinaitės INCANTO LOOK 20 DEN, vienas dydis, spalva NERO, 2 poros",2.09 €,https://firebasestorage.googleapis.com/v0/b/lastmile-ui/o/import%2Fphotos%2Fconverted%2Fproduct%2FthumbUrl%2FCvKfTzV4TN5U8BTMF1Hl_225722_uF3DptJQvjXHqmno4Mal_0gm24Q2vjFBCZpvIvJI7.webp?alt=media&token=790d1b66-1544-4999-a74f-9f333c15acbc
IKI,Garnier Mineral BWC Fresh Aloe rutulinis dezodorantas 50 ml,2.89 €,https://firebasestorage.googleapis.com/v0/b/lastmile-ui/o/import%2Fphotos%2Fconverted%2Fproduct%2FthumbUrl%2FCvKfTzV4TN5U8BTMF1Hl_288788_OrXUvGAuc2NCJDRvzNOTXOM3rsp1_L3t15cg1ql4GS1zaljYI.webp?alt=media&token=ac41cd19-4a94-4aa0-bb43-ab0f0ff7313b
IKI,"TESORI d'ORIENTE Ayurveda kreminis kūno prausiklis, 500 ml",5.49 €,https://firebasestorage.googleapis.com/v0/b/lastmile-ui/o/import%2Fphotos%2Fconverted%2Fproduct%2FthumbUrl%2FCvKfTzV4TN5U8BTMF1Hl_288607_OrXUvGAuc2NCJDRvzNOTXOM3rsp1_Nx8wezc3za7vmztIKAb2.webp?alt=media&token=170cabab-a83b-4114-83ab-86792af74752
IKI,"FAITH IN NATURE Rankų muilas kokosų, 400ml",4.74 €,https://firebasestorage.googleapis.com/v0/b/lastmile-ui/o/import%2Fphotos%2Fconverted%2Fproduct%2FthumbUrl%2FCvKfTzV4TN5U8BTMF1Hl_288551_OrXUvGAuc2NCJDRvzNOTXOM3rsp1_kWoQscFySZctE1hn8ZYw.webp?alt=media&token=645bc196-e2eb-42f4-a3a9-bb19664dfea2
IKI,Dušo želė DOVE INDULGING 450 ml,4.49 €,https://firebasestorage.googleapis.com/v0/b/lastmile-ui/o/import%2Fphotos%2Fconverted%2Fproduct%2FthumbUrl%2FCvKfTzV4TN5U8BTMF1Hl_288797_OrXUvGAuc2NCJDRvzNOTXOM3rsp1_ihnSPPQDska5fI6PAHLC.webp?alt=media&token=02841df5-5b8e-4e7d-964b-895cc8a0d13a
IKI,"Loreal Paris serumas nuo raukšlių, su kolagenu, 30ml",5.99 €,https://firebasestorage.googleapis.com/v0/b/lastmile-ui/o/import%2Fphotos%2Fconverted%2Fproduct%2FthumbUrl%2FCvKfTzV4TN5U8BTMF1Hl_289425_OrXUvGAuc2NCJDRvzNOTXOM3rsp1_RVUvcIC6Pk3AahRlrLhH.webp?alt=media&token=46b1d353-2f6e-47cc-bff1-7b3e5badc17b
IKI,MARGARITA MOIST & MINERALS drėkinamasis veido kremas su mineraliniu vandeniu „Birutė“ 50 ml,4.99 €,https://firebasestorage.googleapis.com/v0/b/lastmile-ui/o/import%2Fphotos%2Fconverted%2Fproduct%2FthumbUrl%2FCvKfTzV4TN5U8BTMF1Hl_289401_OrXUvGAuc2NCJDRvzNOTXOM3rsp1_PHNDnJTA9QWPiNUijkqG.webp?alt=media&token=fa6ea042-936d-453c-8163-965c56898d21
IKI,"Pašaras katėms su vištiena padaže CLUB 4 PAWS PREMIUM, 85 g",0.55 €,https://firebasestorage.googleapis.com/v0/b/lastmile-ui/o/import%2Fphotos%2Fconverted%2Fproduct%2FthumbUrl%2FCvKfTzV4TN5U8BTMF1Hl_289973_OrXUvGAuc2NCJDRvzNOTXOM3rsp1_mdFokcCtF9RWlYkxCFbK.webp?alt=media&token=679a0538-f6fe-4428-9b7a-2a3d525130eb
IKI,"Indaplovių kapsulės ""SOMAT Excellence 3in1 Lemon"" 70sk.",16.49 €,https://firebasestorage.googleapis.com/v0/b/lastmile-ui/o/import%2Fphotos%2Fconverted%2Fproduct%2FthumbUrl%2FCvKfTzV4TN5U8BTMF1Hl_289409_OrXUvGAuc2NCJDRvzNOTXOM3rsp1_hcl7BphTgZe43ju6CY2I.webp?alt=media&token=49bf2988-a45d-482a-85b2-def3388ccbb2
IKI,"Kalendorius 2026 LIETUVA, PILYS IR DVARAI, 20X20, kvadratinis",2.69 €,https://firebasestorage.googleapis.com/v0/b/lastmile-ui/o/import%2Fphotos%2Fconverted%2Fproduct%2FthumbUrl%2FCvKfTzV4TN5U8BTMF1Hl_21684_OrXUvGAuc2NCJDRvzNOTXOM3rsp1_YDxWkvR7GXmkLaUIG67H.webp?alt=media&token=2bd783f8-7b4b-410d-85f7-bd8c9ee506a6
IKI,Kalendorius 2026 MINI /4 RŪŠYS/UŽRAŠINĖ,1.19 €,https://firebasestorage.googleapis.com/v0/b/lastmile-ui/o/import%2Fphotos%2Fconverted%2Fproduct%2FthumbUrl%2FCvKfTzV4TN5U8BTMF1Hl_279497_OrXUvGAuc2NCJDRvzNOTXOM3rsp1_DYBgPgnCcEY9qv0DV20k.webp?alt=media&token=5a998aa6-8413-41b8-b4b4-86eb64f39bc7
IKI,Kalendorius 2026 A3 MEILUČIAI,3.89 €,https://firebasestorage.googleapis.com/v0/b/lastmile-ui/o/import%2Fphotos%2Fconverted%2Fproduct%2FthumbUrl%2FCvKfTzV4TN5U8BTMF1Hl_279504_OrXUvGAuc2NCJDRvzNOTXOM3rsp1_aGjFHt2hWZXpoSk3UcwM.webp?alt=media&token=a4502200-c295-4518-99a6-31d02341bd57
IKI,Kalėdinė pastatoma dekoracija elniukas 134X40X150 mm,2.99 €,https://firebasestorage.googleapis.com/v0/b/lastmile-ui/o/import%2Fphotos%2Fconverted%2Fproduct%2FthumbUrl%2FCvKfTzV4TN5U8BTMF1Hl_291115_OrXUvGAuc2NCJDRvzNOTXOM3rsp1_jLS9mfmcwo7vPlKyRw73.webp?alt=media&token=aead53c9-15e1-46c9-b585-ed22ef4ad363
IKI,"Dekoracija stiklinis meškiukas su širdele,  40 X 25 X 44 mm",0.99 €,https://firebasestorage.googleapis.com/v0/b/lastmile-ui/o/import%2Fphotos%2Fconverted%2Fproduct%2FthumbUrl%2FCvKfTzV4TN5U8BTMF1Hl_291147_OrXUvGAuc2NCJDRvzNOTXOM3rsp1_P2ovdZI0H3r7ZOkPflWw.webp?alt=media&token=42d7b4a8-e9d2-4254-adbc-6b344c219b08
IKI,"LED juosta 3 m 90 LED, spalvota",6.49 €,https://firebasestorage.googleapis.com/v0/b/lastmile-ui/o/import%2Fphotos%2Fconverted%2Fproduct%2FthumbUrl%2FCvKfTzV4TN5U8BTMF1Hl_291252_OrXUvGAuc2NCJDRvzNOTXOM3rsp1_6vCiuYAtccn8vrxeiLl2.webp?alt=media&token=b48bb57c-9af6-4c9b-8a9c-2e9c17ee3e77
IKI,Šviečianti lauko girlianda 120 LED,3.99 €,https://firebasestorage.googleapis.com/v0/b/lastmile-ui/o/import%2Fphotos%2Fconverted%2Fproduct%2FthumbUrl%2FCvKfTzV4TN5U8BTMF1Hl_285212_OrXUvGAuc2NCJDRvzNOTXOM3rsp1_g37PutMlzeF7Flx9mLx6.webp?alt=media&token=2a9ae03f-6ad1-47d8-9368-b6478171c6be
IKI,Lėkštutė kalėdų eglutė,1.89 €,https://firebasestorage.googleapis.com/v0/b/lastmile-ui/o/import%2Fphotos%2Fconverted%2Fproduct%2FthumbUrl%2FCvKfTzV4TN5U8BTMF1Hl_291202_OrXUvGAuc2NCJDRvzNOTXOM3rsp1_PvHI5WpZAMRRIMlxgS3d.webp?alt=media&token=758440a1-59c2-4812-a76b-f211edd73c2a
IKI,"LED 50 lempučių girlianda, įvairių spalvų",1.64 €,https://firebasestorage.googleapis.com/v0/b/lastmile-ui/o/import%2Fphotos%2Fconverted%2Fproduct%2FthumbUrl%2FCvKfTzV4TN5U8BTMF1Hl_243756_OrXUvGAuc2NCJDRvzNOTXOM3rsp1_1yTAjoIJ8wKFkWsPExZT.webp?alt=media&token=f31c312f-f278-4dfb-b5d3-f2cdba9736b3
IKI,Stalo padėkliukas WINTERIA 30x43 cm,0.89 €,https://firebasestorage.googleapis.com/v0/b/lastmile-ui/o/import%2Fphotos%2Fconverted%2Fproduct%2FthumbUrl%2FCvKfTzV4TN5U8BTMF1Hl_287448_OrXUvGAuc2NCJDRvzNOTXOM3rsp1_MvoG7zgLiJw49DXpu6gW.webp?alt=media&token=ad5eb2ae-8606-4194-a730-4de22f6c99e9
IKI,Stiklinis angelas su širdimi 45mm,0.99 €,https://firebasestorage.googleapis.com/v0/b/lastmile-ui/o/import%2Fphotos%2Fconverted%2Fproduct%2FthumbUrl%2FCvKfTzV4TN5U8BTMF1Hl_285159_OrXUvGAuc2NCJDRvzNOTXOM3rsp1_eVtnFeTBVGJxKQIHfogt.webp?alt=media&token=9b2951a3-171d-4ac1-a9b0-8d0528fc5dde
IKI,"Dekoracija WINTERIA Snowman, 16 cm",1.99 €,https://firebasestorage.googleapis.com/v0/b/lastmile-ui/o/import%2Fphotos%2Fconverted%2Fproduct%2FthumbUrl%2FCvKfTzV4TN5U8BTMF1Hl_290022_OrXUvGAuc2NCJDRvzNOTXOM3rsp1_UBCDvQhC2neIf0fhGapF.webp?alt=media&token=ed1086d3-8114-409c-aaf9-2d4a71d7d7f1
IKI,Maišelis Santa and Deer WINTERIA,1.64 €,https://firebasestorage.googleapis.com/v0/b/lastmile-ui/o/import%2Fphotos%2Fconverted%2Fproduct%2FthumbUrl%2FCvKfTzV4TN5U8BTMF1Hl_290027_OrXUvGAuc2NCJDRvzNOTXOM3rsp1_3A469SAJXAf76Huwm87K.webp?alt=media&token=c52f5f67-868e-46b4-b516-a65232d68aeb
IKI,Kvapni žvakė su stikliniu gaubtu 9 X 8 cm,4.49 €,https://firebasestorage.googleapis.com/v0/b/lastmile-ui/o/import%2Fphotos%2Fconverted%2Fproduct%2FthumbUrl%2FCvKfTzV4TN5U8BTMF1Hl_291246_uF3DptJQvjXHqmno4Mal_L9BkIfTSEjOGmwhSiTDM.webp?alt=media&token=9750b80a-eaf6-435a-bdd3-54c296d804b7
IKI,LED girlianda 192 šilta balta,3.24 €,https://firebasestorage.googleapis.com/v0/b/lastmile-ui/o/import%2Fphotos%2Fconverted%2Fproduct%2FthumbUrl%2FCvKfTzV4TN5U8BTMF1Hl_291296_OrXUvGAuc2NCJDRvzNOTXOM3rsp1_P7GtKUdLQhZ5tkCT4WYu.webp?alt=media&token=f84a740a-4d03-4243-b2a8-9b66f9a1d295
IKI,"LED girlianda lauko 80 spalvota, 3 m laidas",2.99 €,https://firebasestorage.googleapis.com/v0/b/lastmile-ui/o/import%2Fphotos%2Fconverted%2Fproduct%2FthumbUrl%2FCvKfTzV4TN5U8BTMF1Hl_291277_OrXUvGAuc2NCJDRvzNOTXOM3rsp1_FcTVJNIHaxaLGWueUZO5.webp?alt=media&token=0e1266b0-dc2a-413c-94db-ccb220b85c8f
IKI,LED girlianda 20 šilta balta,1.49 €,https://firebasestorage.googleapis.com/v0/b/lastmile-ui/o/import%2Fphotos%2Fconverted%2Fproduct%2FthumbUrl%2FCvKfTzV4TN5U8BTMF1Hl_291290_OrXUvGAuc2NCJDRvzNOTXOM3rsp1_hNnZmLbUse7R6PwGJJLh.webp?alt=media&token=797bdc1a-d07f-4d3b-9943-7a8210d33ba9
IKI,"Eglutės žaisliukas burbulas 80 mm, 2 rūšių",0.89 €,https://firebasestorage.googleapis.com/v0/b/lastmile-ui/o/import%2Fphotos%2Fconverted%2Fproduct%2FthumbUrl%2FCvKfTzV4TN5U8BTMF1Hl_291306_OrXUvGAuc2NCJDRvzNOTXOM3rsp1_5e55A9SNSO4t3JGBPJTn.webp?alt=media&token=291042a2-82b4-4f0a-8df6-10bc4f1e3ef7
IKI,Prakartėlė LED,1.74 €,https://firebasestorage.googleapis.com/v0/b/lastmile-ui/o/import%2Fphotos%2Fconverted%2Fproduct%2FthumbUrl%2FCvKfTzV4TN5U8BTMF1Hl_291274_OrXUvGAuc2NCJDRvzNOTXOM3rsp1_lSdbmnqEoroxlXLPUfn2.webp?alt=media&token=0edf2485-811c-4654-ab62-cdad18f4f057
IKI,Kačių žaislas ZOOROYAL Gilius ir lapas,3.99 €,https://firebasestorage.googleapis.com/v0/b/lastmile-ui/o/import%2Fphotos%2Fconverted%2Fproduct%2FthumbUrl%2FCvKfTzV4TN5U8BTMF1Hl_291052_uF3DptJQvjXHqmno4Mal_fNMXEcIBWNSBtCW34vzo.webp?alt=media&token=cb87b4b5-0211-4299-81d5-6d295f77406c
IKI,"LED girlianda lauko 90 šilta balta, 3 m laidas",3.99 €,https://firebasestorage.googleapis.com/v0/b/lastmile-ui/o/import%2Fphotos%2Fconverted%2Fproduct%2FthumbUrl%2FCvKfTzV4TN5U8BTMF1Hl_291278_OrXUvGAuc2NCJDRvzNOTXOM3rsp1_QioK94MGjneA11FwVFnS.webp?alt=media&token=3c1fc058-07f7-4c42-82ed-e5105accde9f
IKI,Kalėdinis puodelis 250 ml,1.24 €,https://firebasestorage.googleapis.com/v0/b/lastmile-ui/o/import%2Fphotos%2Fconverted%2Fproduct%2FthumbUrl%2FCvKfTzV4TN5U8BTMF1Hl_291205_OrXUvGAuc2NCJDRvzNOTXOM3rsp1_qUCNkRWszEd3Vu42AOiK.webp?alt=media&token=9b2950b3-9b91-4b50-8797-edcd751b759a
IKI,Dekoracija drugeliai su segtuku 3 vnt,2.24 €,https://firebasestorage.googleapis.com/v0/b/lastmile-ui/o/import%2Fphotos%2Fconverted%2Fproduct%2FthumbUrl%2FCvKfTzV4TN5U8BTMF1Hl_291224_OrXUvGAuc2NCJDRvzNOTXOM3rsp1_HVlZex9Rkc5BPnD7Kzv3.webp?alt=media&token=c655cc5a-a897-4ed1-8c63-b0cce648fd61
IKI,"LED girlianda plati 400 LED šilta balta ir balta 8 m, 3 m laidas su valdymo pulteliu",6.99 €,https://firebasestorage.googleapis.com/v0/b/lastmile-ui/o/import%2Fphotos%2Fconverted%2Fproduct%2FthumbUrl%2FCvKfTzV4TN5U8BTMF1Hl_291282_OrXUvGAuc2NCJDRvzNOTXOM3rsp1_oaIhLDxsCIkfMbIkiXJM.webp?alt=media&token=b848ca7c-c788-4095-8987-6394690959d1
IKI,Elfo megztinis ELVES BEHAVIN'BADLY,2.74 €,https://firebasestorage.googleapis.com/v0/b/lastmile-ui/o/import%2Fphotos%2Fconverted%2Fproduct%2FthumbUrl%2FCvKfTzV4TN5U8BTMF1Hl_291137_OrXUvGAuc2NCJDRvzNOTXOM3rsp1_HcVgYtWABVNLRmZ5wOlU.webp?alt=media&token=882da57d-7a34-4221-bac8-56984bb9cba0
IKI,Elfo lipdukai 15x22 cm ELVES BEHAVIN'Badly,1.49 €,https://firebasestorage.googleapis.com/v0/b/lastmile-ui/o/import%2Fphotos%2Fconverted%2Fproduct%2FthumbUrl%2FCvKfTzV4TN5U8BTMF1Hl_291144_OrXUvGAuc2NCJDRvzNOTXOM3rsp1_vVfhyAvVwp4M7K131vqA.webp?alt=media&token=d7fc3dbc-477c-4d69-aea4-96429eb25db2
IKI,"Kalėdinė varlytė dekoruota karoliukais,  115 X 85 mm",0.89 €,https://firebasestorage.googleapis.com/v0/b/lastmile-ui/o/import%2Fphotos%2Fconverted%2Fproduct%2FthumbUrl%2FCvKfTzV4TN5U8BTMF1Hl_291122_OrXUvGAuc2NCJDRvzNOTXOM3rsp1_HRhkjzhOlYOkqYATXIYz.webp?alt=media&token=52bb5d79-20a6-4486-a7c9-62b6f3e3a1a6
IKI,"Kalėdinė pakabinama dekoracija meškiukas  party, 36 X 35 X 71 mm,",0.89 €,https://firebasestorage.googleapis.com/v0/b/lastmile-ui/o/import%2Fphotos%2Fconverted%2Fproduct%2FthumbUrl%2FCvKfTzV4TN5U8BTMF1Hl_291159_OrXUvGAuc2NCJDRvzNOTXOM3rsp1_3fCV77xkXncmN3vrFuiI.webp?alt=media&token=fea87980-3741-4683-9b33-bb35ea71ea36
IKI,Pakabinama dekoracija Angelas,0.89 €,https://firebasestorage.googleapis.com/v0/b/lastmile-ui/o/import%2Fphotos%2Fconverted%2Fproduct%2FthumbUrl%2FCvKfTzV4TN5U8BTMF1Hl_266807_OrXUvGAuc2NCJDRvzNOTXOM3rsp1_RruBhAhDK9expCAkWyIq.webp?alt=media&token=0a508182-2f6b-482d-be06-51a85231a967
IKI,"Sidabrinės vielos led 40 lempučių girlianda, balta",0.99 €,https://firebasestorage.googleapis.com/v0/b/lastmile-ui/o/import%2Fphotos%2Fconverted%2Fproduct%2FthumbUrl%2FCvKfTzV4TN5U8BTMF1Hl_279214_OrXUvGAuc2NCJDRvzNOTXOM3rsp1_amo6LY9KSUw9Ix1HyfHm.webp?alt=media&token=52e407c4-2115-46f1-b4f3-8e71fb55bc0d
IKI,Kvapni žvakė skardinėje 7x8 cm,1.99 €,https://firebasestorage.googleapis.com/v0/b/lastmile-ui/o/import%2Fphotos%2Fconverted%2Fproduct%2FthumbUrl%2FCvKfTzV4TN5U8BTMF1Hl_291195_OrXUvGAuc2NCJDRvzNOTXOM3rsp1_OU1dvzKkc0bctgluwlXP.webp?alt=media&token=d516a98f-a6a8-478c-9ce3-8327a3013f7f
IKI,Kalėdinė eglės dekoracija kokteilis 85 mm,1.74 €,https://firebasestorage.googleapis.com/v0/b/lastmile-ui/o/import%2Fphotos%2Fconverted%2Fproduct%2FthumbUrl%2FCvKfTzV4TN5U8BTMF1Hl_285162_OrXUvGAuc2NCJDRvzNOTXOM3rsp1_hpa3rNTUrckLID2YgHnA.webp?alt=media&token=42055e32-86ac-4cb1-9fe9-7c35fcaa94ed
IKI,Kalėdinis stalo įrankių padėkliukas,1.49 €,https://firebasestorage.googleapis.com/v0/b/lastmile-ui/o/import%2Fphotos%2Fconverted%2Fproduct%2FthumbUrl%2FCvKfTzV4TN5U8BTMF1Hl_291239_OrXUvGAuc2NCJDRvzNOTXOM3rsp1_MWiLj6eTr4fr12OgAT5K.webp?alt=media&token=2bf1a2cf-e1a2-4996-aaa3-72aed4e47fb3
IKI,Pakabinama dekoracija šuo ir katė puodelyje,0.89 €,https://firebasestorage.googleapis.com/v0/b/lastmile-ui/o/import%2Fphotos%2Fconverted%2Fproduct%2FthumbUrl%2FCvKfTzV4TN5U8BTMF1Hl_291255_OrXUvGAuc2NCJDRvzNOTXOM3rsp1_GncW5wKFBuK7mdCxmi2W.webp?alt=media&token=4f1f773f-f1ea-40b0-8ecb-6489ef886cfc
IKI,Kalėdinė prisegama dekoracija raudonas grybas 10 cm,1.89 €,https://firebasestorage.googleapis.com/v0/b/lastmile-ui/o/import%2Fphotos%2Fconverted%2Fproduct%2FthumbUrl%2FCvKfTzV4TN5U8BTMF1Hl_291210_OrXUvGAuc2NCJDRvzNOTXOM3rsp1_0IETcvd2JbvujS75Q6CG.webp?alt=media&token=66477516-089e-4b2c-a8eb-69967634bed9
IKI,Stiklinis vandens burbulas angelas,1.89 €,https://firebasestorage.googleapis.com/v0/b/lastmile-ui/o/import%2Fphotos%2Fconverted%2Fproduct%2FthumbUrl%2FCvKfTzV4TN5U8BTMF1Hl_291248_OrXUvGAuc2NCJDRvzNOTXOM3rsp1_hjgGJJmzcp7GLw81keho.webp?alt=media&token=3e436460-60d1-468f-b4b1-f20f6a7ac977
IKI,Kalėdinė kepurė su pliušinėm kasom,2.99 €,https://firebasestorage.googleapis.com/v0/b/lastmile-ui/o/import%2Fphotos%2Fconverted%2Fproduct%2FthumbUrl%2FCvKfTzV4TN5U8BTMF1Hl_285146_OrXUvGAuc2NCJDRvzNOTXOM3rsp1_oa15OyMDsbfeA5Jm0GkF.webp?alt=media&token=8b93bd16-d150-4788-9268-56de33c1dc7a
IKI,Stiklinis vandens burbulas 7 cm,1.49 €,https://firebasestorage.googleapis.com/v0/b/lastmile-ui/o/import%2Fphotos%2Fconverted%2Fproduct%2FthumbUrl%2FCvKfTzV4TN5U8BTMF1Hl_291098_OrXUvGAuc2NCJDRvzNOTXOM3rsp1_TuPqQ26XSqmsJp7Rd0QV.webp?alt=media&token=038b4ddb-0480-46ad-9131-cbf57588c568
IKI,Kalėdinė kepurė Striped WINTERIA,2.74 €,https://firebasestorage.googleapis.com/v0/b/lastmile-ui/o/import%2Fphotos%2Fconverted%2Fproduct%2FthumbUrl%2FCvKfTzV4TN5U8BTMF1Hl_290026_OrXUvGAuc2NCJDRvzNOTXOM3rsp1_j6JBVrquvVmezyjNyo2C.webp?alt=media&token=8b39a3dd-6726-4f10-adf9-00dd7c4d2f7a
IKI,"Nugos saldainiai su migdolais ir pistacijomis SPERLARI, 117 g",3.99 €,https://firebasestorage.googleapis.com/v0/b/lastmile-ui/o/import%2Fphotos%2Fconverted%2Fproduct%2FthumbUrl%2FCvKfTzV4TN5U8BTMF1Hl_290544_uF3DptJQvjXHqmno4Mal_8pLcofUqlbSb7NuobY1J.webp?alt=media&token=f7ca6bd9-8965-4cd1-9d07-a7d12f6b3ff6
IKI,"Spanguolės su juoduoju šokoladu RŪTA, 50 %, 100 g",3.59 €,https://firebasestorage.googleapis.com/v0/b/lastmile-ui/o/import%2Fphotos%2Fconverted%2Fproduct%2FthumbUrl%2FCvKfTzV4TN5U8BTMF1Hl_290165_OrXUvGAuc2NCJDRvzNOTXOM3rsp1_m44DffizmG0srcGjtds8.webp?alt=media&token=ca2dc01a-a1bb-4a48-a9db-ae45e5b70026
IKI,"Saldainių rinkinys MILKA, 70 g",2.99 €,https://firebasestorage.googleapis.com/v0/b/lastmile-ui/o/import%2Fphotos%2Fconverted%2Fproduct%2FthumbUrl%2FCvKfTzV4TN5U8BTMF1Hl_290628_uF3DptJQvjXHqmno4Mal_dgasK9S6DlDxL1WNE7Ux.webp?alt=media&token=c300642f-c3e8-417c-98f9-5243382bae1f
IKI,Kalendorius 2026 TRIJŲ DALIŲ PREMIUM,4.19 €,https://firebasestorage.googleapis.com/v0/b/lastmile-ui/o/import%2Fphotos%2Fconverted%2Fproduct%2FthumbUrl%2FCvKfTzV4TN5U8BTMF1Hl_279508_OrXUvGAuc2NCJDRvzNOTXOM3rsp1_4REnGMAbGOAZ114nZl9f.webp?alt=media&token=288bbe1d-4aa5-48ec-a8bd-48099fd8aa88
IKI,Dekoratyvinis stalo takelis 28x200 cm velvetinis,2.24 €,https://firebasestorage.googleapis.com/v0/b/lastmile-ui/o/import%2Fphotos%2Fconverted%2Fproduct%2FthumbUrl%2FCvKfTzV4TN5U8BTMF1Hl_285503_OrXUvGAuc2NCJDRvzNOTXOM3rsp1_oP65NRhQFqw61mbv3rC3.webp?alt=media&token=33733f4b-dd7c-40a2-834f-cfbe8624cf88
IKI,Medinis garažas - parkingas,24.99 €,https://firebasestorage.googleapis.com/v0/b/lastmile-ui/o/import%2Fphotos%2Fconverted%2Fproduct%2FthumbUrl%2FCvKfTzV4TN5U8BTMF1Hl_287453_OrXUvGAuc2NCJDRvzNOTXOM3rsp1_UtTsWvP8gj1obIDdCGZS.webp?alt=media&token=7bcd669f-ff66-4c72-ab71-2a731e429fd2
IKI,Rinkinys Kvapas 150 ml+žvakė Apple & Cinnamon,8.49 €,https://firebasestorage.googleapis.com/v0/b/lastmile-ui/o/import%2Fphotos%2Fconverted%2Fproduct%2FthumbUrl%2FCvKfTzV4TN5U8BTMF1Hl_290972_OrXUvGAuc2NCJDRvzNOTXOM3rsp1_JmEx548CJDPGSWgWlJI3.webp?alt=media&token=3b66be7d-af73-4d9b-8ea7-c4f6858561fd
IKI,Pledas KRATO 130/170cm raudonas,7.49 €,https://firebasestorage.googleapis.com/v0/b/lastmile-ui/o/import%2Fphotos%2Fconverted%2Fproduct%2FthumbUrl%2FCvKfTzV4TN5U8BTMF1Hl_291506_OrXUvGAuc2NCJDRvzNOTXOM3rsp1_cXX8bBgm9kVc6vsRKgSI.webp?alt=media&token=fbe8e879-666b-44e3-bbd3-b76f7a31a133
IKI,Knyga GLIUKOZĖS REVOLIUCIJA,13.77 €,https://firebasestorage.googleapis.com/v0/b/lastmile-ui/o/import%2Fphotos%2Fconverted%2Fproduct%2FthumbUrl%2FCvKfTzV4TN5U8BTMF1Hl_280602_W5RvAbpnRicygag1V4nopPhtD8z2_6ZQ3NS90INcrmaBy3BFJ.webp?alt=media&token=7337412c-b3a4-43b3-9c8f-60a8e30cf16a
IKI,"Moteriškos pėdkelnės INCANTO ACTIVE BODY 40 DEN, 4 dydis, spalva NATUREL",3.89 €,https://storage.googleapis.com/download/storage/v1/b/lastmile-ui/o/import%2Fphotos%2Fconverted%2Fproduct%2FCvKfTzV4TN5U8BTMF1Hl_220139_CvKfTzV4TN5U8BTMF1Hl_W5RvAbpnRicygag1V4nopPhtD8z2_GGz1n2hpMBZwcC3eLZ2Z_thumb.webp?generation=1699884882040864&alt=media
IKI,"Moteriškos pėdkelnės INCANTO COSMO 20 DEN, 4 dydis, spalva NATUREL",2.99 €,https://storage.googleapis.com/download/storage/v1/b/lastmile-ui/o/import%2Fphotos%2Fconverted%2Fproduct%2FCvKfTzV4TN5U8BTMF1Hl_225617_CvKfTzV4TN5U8BTMF1Hl_W5RvAbpnRicygag1V4nopPhtD8z2_sgjRAv1Q20BIhRIJjnOV_thumb.webp?generation=1699884885688967&alt=media
IKI,"Moteriškos pėdkelnės INCANTO ACTIVE BODY 20 DEN, 4 dydis, spalva DAINO",3.59 €,https://storage.googleapis.com/download/storage/v1/b/lastmile-ui/o/import%2Fphotos%2Fconverted%2Fproduct%2FCvKfTzV4TN5U8BTMF1Hl_225679_CvKfTzV4TN5U8BTMF1Hl_W5RvAbpnRicygag1V4nopPhtD8z2_gv3P21oTqpYRFl93sWlv_thumb.webp?generation=1699884882706823&alt=media
IKI,"Moteriškos pėdkelnės INCANTO ACTIVE BODY 20 DEN, 4 dydis, spalva NERO",3.59 €,https://storage.googleapis.com/download/storage/v1/b/lastmile-ui/o/import%2Fphotos%2Fconverted%2Fproduct%2FCvKfTzV4TN5U8BTMF1Hl_225675_CvKfTzV4TN5U8BTMF1Hl_W5RvAbpnRicygag1V4nopPhtD8z2_dceQGYERRtKFic2asPoM_thumb.webp?generation=1699884885401671&alt=media
IKI,Moteriškos pėdkelnės INCANTO MICRO VELVET70D,5.39 €,https://firebasestorage.googleapis.com/v0/b/lastmile-ui/o/import%2Fphotos%2Fconverted%2Fproduct%2FthumbUrl%2FCvKfTzV4TN5U8BTMF1Hl_229443_uF3DptJQvjXHqmno4Mal_kqnv25XymA9Of6srt2ci.webp?alt=media&token=6834007d-218c-4ddf-a1cc-0e7d6ba17470
IKI,"Moteriškos puskojinės GLAMOUR SYMPHONY 40 DEN, vienas dydis, spalva DAINO, 2 poros",2.39 €,https://storage.googleapis.com/download/storage/v1/b/lastmile-ui/o/import%2Fphotos%2Fconverted%2Fproduct%2FCvKfTzV4TN5U8BTMF1Hl_261151_CvKfTzV4TN5U8BTMF1Hl_W5RvAbpnRicygag1V4nopPhtD8z2_DdOFKb0giKpjUlznwdyR_thumb.webp?generation=1699884896680131&alt=media
IKI,"Moteriškos pėdkelnės GLAMOUR EDERA 20 DEN, 3 dydis, spalva MIELE",2.39 €,https://storage.googleapis.com/download/storage/v1/b/lastmile-ui/o/import%2Fphotos%2Fconverted%2Fproduct%2FCvKfTzV4TN5U8BTMF1Hl_260885_CvKfTzV4TN5U8BTMF1Hl_W5RvAbpnRicygag1V4nopPhtD8z2_QD1AQQMudndWftPwI6WM_thumb.webp?generation=1699884895554044&alt=media
IKI,"Moteriškos pėdkelnės INCANTO COSMO 40 DEN, 3 dydis, spalva NERO",3.29 €,https://storage.googleapis.com/download/storage/v1/b/lastmile-ui/o/import%2Fphotos%2Fconverted%2Fproduct%2FCvKfTzV4TN5U8BTMF1Hl_220156_CvKfTzV4TN5U8BTMF1Hl_W5RvAbpnRicygag1V4nopPhtD8z2_pyf3l78oL4qMr8PYjpz5_thumb.webp?generation=1699884887661819&alt=media
IKI,Plaukų dažai PALETTE,2.99 €,https://firebasestorage.googleapis.com/v0/b/lastmile-ui/o/import%2Fphotos%2Fconverted%2Fproduct%2FthumbUrl%2FCvKfTzV4TN5U8BTMF1Hl_221845_OrXUvGAuc2NCJDRvzNOTXOM3rsp1_cLHudwi31yVGkgpicKkP.webp?alt=media&token=d4fad109-5cc3-4ee3-bc36-018447b637fd
IKI,Moteriškos pėdkelnės INCANTO MICRO VELVET 100,5.39 €,https://storage.googleapis.com/download/storage/v1/b/lastmile-ui/o/import%2Fphotos%2Fconverted%2Fproduct%2FCvKfTzV4TN5U8BTMF1Hl_220190_CvKfTzV4TN5U8BTMF1Hl_W5RvAbpnRicygag1V4nopPhtD8z2_q5fcx9tyrwPYZf8NRn7i_thumb.webp?generation=1699884878152306&alt=media
IKI,"Moteriškos pėdkelnės INCANTO MODEL UP 40 DEN, 5 dydis, NERO",5.99 €,https://storage.googleapis.com/download/storage/v1/b/lastmile-ui/o/import%2Fphotos%2Fconverted%2Fproduct%2FCvKfTzV4TN5U8BTMF1Hl_220200_CvKfTzV4TN5U8BTMF1Hl_W5RvAbpnRicygag1V4nopPhtD8z2_SVXYt38vYpIyc6eozi5A_thumb.webp?generation=1699884904680366&alt=media
IKI,Moteriškos pėdkelnės INCANTO AVTIVE BODY 40,3.89 €,https://storage.googleapis.com/download/storage/v1/b/lastmile-ui/o/import%2Fphotos%2Fconverted%2Fproduct%2FCvKfTzV4TN5U8BTMF1Hl_220137_CvKfTzV4TN5U8BTMF1Hl_W5RvAbpnRicygag1V4nopPhtD8z2_6k2xZP2IRDyF5NS65b5L_thumb.webp?generation=1699884878029753&alt=media
IKI,"Moteriškos pėdkelnės INCANTO MODEL UP 40 DEN, 3 dydis, MELON",5.99 €,https://storage.googleapis.com/download/storage/v1/b/lastmile-ui/o/import%2Fphotos%2Fconverted%2Fproduct%2FCvKfTzV4TN5U8BTMF1Hl_220206_CvKfTzV4TN5U8BTMF1Hl_W5RvAbpnRicygag1V4nopPhtD8z2_YNDslKgUxVUM2g6b2MUK_thumb.webp?generation=1699884905262464&alt=media
IKI,"Moteriškos pėdkelnės INCANTO MODEL UP 40 DEN, 4 dydis, NERO",5.99 €,https://storage.googleapis.com/download/storage/v1/b/lastmile-ui/o/import%2Fphotos%2Fconverted%2Fproduct%2FCvKfTzV4TN5U8BTMF1Hl_220199_CvKfTzV4TN5U8BTMF1Hl_W5RvAbpnRicygag1V4nopPhtD8z2_HXv1S1r0T6y6sojPysRJ_thumb.webp?generation=1699884904787925&alt=media
IKI,MOTERIŠKOS PĖDKELNĖS INCANTO MICRO VELVET 100,5.39 €,https://storage.googleapis.com/download/storage/v1/b/lastmile-ui/o/import%2Fphotos%2Fconverted%2Fproduct%2FCvKfTzV4TN5U8BTMF1Hl_236742_CvKfTzV4TN5U8BTMF1Hl_W5RvAbpnRicygag1V4nopPhtD8z2_SB29G2o8On2dL6LlVbpl_thumb.webp?generation=1699884884146970&alt=media
IKI,Moteriškos pėdkelnės INCANTO MICRO VELVET 100,5.39 €,https://storage.googleapis.com/download/storage/v1/b/lastmile-ui/o/import%2Fphotos%2Fconverted%2Fproduct%2FCvKfTzV4TN5U8BTMF1Hl_236739_CvKfTzV4TN5U8BTMF1Hl_W5RvAbpnRicygag1V4nopPhtD8z2_zRlgAwLPFwoAkUhoAACe_thumb.webp?generation=1699884887683441&alt=media
IKI,"Moteriškos pėdkelnės INCANTO COSMO 20 DEN, 3 dydis, spalva GRAFITE",2.99 €,https://storage.googleapis.com/download/storage/v1/b/lastmile-ui/o/import%2Fphotos%2Fconverted%2Fproduct%2FCvKfTzV4TN5U8BTMF1Hl_240347_CvKfTzV4TN5U8BTMF1Hl_W5RvAbpnRicygag1V4nopPhtD8z2_ZpRBDX32Hq2TMsqiAweU_thumb.webp?generation=1699884885024605&alt=media
IKI,"Moteriškos pėdkelnės INCANTO COSMO 40 DEN, 4 dydis, spalva DAINO",3.29 €,https://storage.googleapis.com/download/storage/v1/b/lastmile-ui/o/import%2Fphotos%2Fconverted%2Fproduct%2FCvKfTzV4TN5U8BTMF1Hl_240356_CvKfTzV4TN5U8BTMF1Hl_W5RvAbpnRicygag1V4nopPhtD8z2_5mesH0BkJa7DrPFUvlQl_thumb.webp?generation=1699884893271370&alt=media
IKI,"Moteriškos pėdkelnės INCANTO COSMO 40 DEN, 5 dydis, spalva DAINO",3.29 €,https://storage.googleapis.com/download/storage/v1/b/lastmile-ui/o/import%2Fphotos%2Fconverted%2Fproduct%2FCvKfTzV4TN5U8BTMF1Hl_240357_CvKfTzV4TN5U8BTMF1Hl_W5RvAbpnRicygag1V4nopPhtD8z2_YzQW4U3CGSWc46Fnlp21_thumb.webp?generation=1699884886121100&alt=media
IKI,"TUALETINIS VANDUO VYRAMS JACQUES SAINT PRES VERSION BLACK, 100 ml",4.49 €,https://storage.googleapis.com/download/storage/v1/b/lastmile-ui/o/import%2Fphotos%2Fconverted%2Fproduct%2Fglobal_rAtdWrZK28uexaJGugDh_W5RvAbpnRicygag1V4nopPhtD8z2_zzTtHRNhOZ9c2hh0c6Dj_thumb.jpg?generation=1687181644284066&alt=media
IKI,Moteriškos pėdutės INCANTO,2.87 €,https://storage.googleapis.com/download/storage/v1/b/lastmile-ui/o/import%2Fphotos%2Fconverted%2Fproduct%2FCvKfTzV4TN5U8BTMF1Hl_253339_CvKfTzV4TN5U8BTMF1Hl_W5RvAbpnRicygag1V4nopPhtD8z2_JXMLGmVtO2ZMKFq8pgS5_thumb.webp?generation=1699884917256895&alt=media
IKI,Moteriškos pėdutės INCANTO,2.87 €,https://storage.googleapis.com/download/storage/v1/b/lastmile-ui/o/import%2Fphotos%2Fconverted%2Fproduct%2FCvKfTzV4TN5U8BTMF1Hl_253338_CvKfTzV4TN5U8BTMF1Hl_W5RvAbpnRicygag1V4nopPhtD8z2_6rEPFKDaMTeAYIoyo7Rq_thumb.webp?generation=1699884916950473&alt=media
IKI,"Moteriškos puskojinės INCANTO CINDY 20 DEN, vienas dydis, spalva MELON, 2 poros",2.39 €,https://storage.googleapis.com/download/storage/v1/b/lastmile-ui/o/import%2Fphotos%2Fconverted%2Fproduct%2FCvKfTzV4TN5U8BTMF1Hl_253320_CvKfTzV4TN5U8BTMF1Hl_W5RvAbpnRicygag1V4nopPhtD8z2_qxmedVBiMqzoNMqAeBNm_thumb.webp?generation=1699884888530805&alt=media
IKI,"Moteriškos pėdkelnės INCANTO POUDRE 40 DEN, 5 dydis, spalva NERO",5.09 €,https://storage.googleapis.com/download/storage/v1/b/lastmile-ui/o/import%2Fphotos%2Fconverted%2Fproduct%2FCvKfTzV4TN5U8BTMF1Hl_253286_CvKfTzV4TN5U8BTMF1Hl_W5RvAbpnRicygag1V4nopPhtD8z2_7Ri9xbyLxIujQNIGYLjB_thumb.webp?generation=1699884907588144&alt=media
IKI,"Moteriškos pėdkelnės INCANTO POUDRE 40 DEN, 3 dydis, spalva DAINO",5.09 €,https://storage.googleapis.com/download/storage/v1/b/lastmile-ui/o/import%2Fphotos%2Fconverted%2Fproduct%2FCvKfTzV4TN5U8BTMF1Hl_253290_CvKfTzV4TN5U8BTMF1Hl_W5RvAbpnRicygag1V4nopPhtD8z2_dZWtgCKwAGQ9hx4UOW6q_thumb.webp?generation=1699884906940029&alt=media
IKI,"Moteriškos puskojinės INCANTO CINDY 15 DEN, vienas dydis, spalva NERO, 2 poros",2.39 €,https://storage.googleapis.com/download/storage/v1/b/lastmile-ui/o/import%2Fphotos%2Fconverted%2Fproduct%2FCvKfTzV4TN5U8BTMF1Hl_253318_CvKfTzV4TN5U8BTMF1Hl_W5RvAbpnRicygag1V4nopPhtD8z2_w4qlu4AyJ2JkoRABvFaG_thumb.webp?generation=1699884887937471&alt=media
IKI,"Moteriškos puskojinės INCANTO CINDY 20 DEN, vienas dydis, spalva NATUREL, 2 poros",2.39 €,https://storage.googleapis.com/download/storage/v1/b/lastmile-ui/o/import%2Fphotos%2Fconverted%2Fproduct%2FCvKfTzV4TN5U8BTMF1Hl_253319_CvKfTzV4TN5U8BTMF1Hl_W5RvAbpnRicygag1V4nopPhtD8z2_QUXkCjElpQXHOy9jygVt_thumb.webp?generation=1699884887830436&alt=media
IKI,Moteriškos pėdutės INCANTO,2.87 €,https://storage.googleapis.com/download/storage/v1/b/lastmile-ui/o/import%2Fphotos%2Fconverted%2Fproduct%2FCvKfTzV4TN5U8BTMF1Hl_253335_CvKfTzV4TN5U8BTMF1Hl_W5RvAbpnRicygag1V4nopPhtD8z2_q3qKVFoiacvBCld7tulT_thumb.webp?generation=1699884916857397&alt=media
IKI,"Moteriškos pėdkelnės GLAMOUR GINESTRA 40 DEN, 2 dydis, spalva MIELE",3.59 €,https://storage.googleapis.com/download/storage/v1/b/lastmile-ui/o/import%2Fphotos%2Fconverted%2Fproduct%2FCvKfTzV4TN5U8BTMF1Hl_261096_CvKfTzV4TN5U8BTMF1Hl_W5RvAbpnRicygag1V4nopPhtD8z2_l8xF9YtoyEzi0btCUinr_thumb.webp?generation=1699884895002359&alt=media
IKI,"Moteriškos pėdkelnės GLAMOUR EDERA 20 DEN, 3 dydis, spalva NERO",2.39 €,https://storage.googleapis.com/download/storage/v1/b/lastmile-ui/o/import%2Fphotos%2Fconverted%2Fproduct%2FCvKfTzV4TN5U8BTMF1Hl_260877_CvKfTzV4TN5U8BTMF1Hl_W5RvAbpnRicygag1V4nopPhtD8z2_dp6TZfgSCUUZVbSOjzll_thumb.webp?generation=1699884890624964&alt=media
IKI,"Moteriškos pėdkelnės GLAMOUR EDERA 20 DEN, 5 dydis, spalva MIELE",2.39 €,https://storage.googleapis.com/download/storage/v1/b/lastmile-ui/o/import%2Fphotos%2Fconverted%2Fproduct%2FCvKfTzV4TN5U8BTMF1Hl_260887_CvKfTzV4TN5U8BTMF1Hl_W5RvAbpnRicygag1V4nopPhtD8z2_pERPUGfLc9R2uDJc7gnq_thumb.webp?generation=1699884891347772&alt=media
IKI,"Moteriškos pėdkelnės GLAMOUR POS.PRESS 50 DEN, 4 dydis, spalva NERO",3.47 €,https://storage.googleapis.com/download/storage/v1/b/lastmile-ui/o/import%2Fphotos%2Fconverted%2Fproduct%2FCvKfTzV4TN5U8BTMF1Hl_261031_CvKfTzV4TN5U8BTMF1Hl_W5RvAbpnRicygag1V4nopPhtD8z2_XWNVZiyhR81QS12lWcjU_thumb.webp?generation=1699884893709160&alt=media
IKI,Moteriškos pėdkelnės INCANTO MICRO VELVET 100,5.39 €,https://storage.googleapis.com/download/storage/v1/b/lastmile-ui/o/import%2Fphotos%2Fconverted%2Fproduct%2FCvKfTzV4TN5U8BTMF1Hl_236740_CvKfTzV4TN5U8BTMF1Hl_W5RvAbpnRicygag1V4nopPhtD8z2_SJq6EGresibe8o0yBPvu_thumb.webp?generation=1699884883914575&alt=media
IKI,"Moteriškos pėdkelnės INCANTO POUDRE 40 DEN, 4 dydis, spalva DAINO",5.09 €,https://storage.googleapis.com/download/storage/v1/b/lastmile-ui/o/import%2Fphotos%2Fconverted%2Fproduct%2FCvKfTzV4TN5U8BTMF1Hl_253291_CvKfTzV4TN5U8BTMF1Hl_W5RvAbpnRicygag1V4nopPhtD8z2_xwPAM5Ab8VQYsVw6EEZD_thumb.webp?generation=1699884906431845&alt=media
IKI,Moteriškos pėdkelnės INCANTO MICRO VELVET 70,5.39 €,https://storage.googleapis.com/download/storage/v1/b/lastmile-ui/o/import%2Fphotos%2Fconverted%2Fproduct%2FCvKfTzV4TN5U8BTMF1Hl_255323_CvKfTzV4TN5U8BTMF1Hl_W5RvAbpnRicygag1V4nopPhtD8z2_hR7Bh6nRhoEsIYFmj6gm_thumb.webp?generation=1699884893979308&alt=media
IKI,"Moteriškos puskojinės GLAMOUR SYMPHONY 20 DEN, vienas dydis, spalva NERO, 2 poros",2.27 €,https://storage.googleapis.com/download/storage/v1/b/lastmile-ui/o/import%2Fphotos%2Fconverted%2Fproduct%2FCvKfTzV4TN5U8BTMF1Hl_261147_CvKfTzV4TN5U8BTMF1Hl_W5RvAbpnRicygag1V4nopPhtD8z2_Tt5gHFck1fnWRAG0Rzzt_thumb.webp?generation=1699884896507272&alt=media
IKI,"Moteriškos pėdkelnės GLAMOUR GINESTRA 40 DEN, 4 dydis, spalva NERO",3.59 €,https://storage.googleapis.com/download/storage/v1/b/lastmile-ui/o/import%2Fphotos%2Fconverted%2Fproduct%2FCvKfTzV4TN5U8BTMF1Hl_261079_CvKfTzV4TN5U8BTMF1Hl_W5RvAbpnRicygag1V4nopPhtD8z2_t49FRfHjqEbw2JTvuPZw_thumb.webp?generation=1699884900466769&alt=media
IKI,"Moteriškos pėdkelnės GLAMOUR POS.PRESS 30 DEN, 3 dydis, spalva NERO",3.29 €,https://storage.googleapis.com/download/storage/v1/b/lastmile-ui/o/import%2Fphotos%2Fconverted%2Fproduct%2FCvKfTzV4TN5U8BTMF1Hl_261012_CvKfTzV4TN5U8BTMF1Hl_W5RvAbpnRicygag1V4nopPhtD8z2_GO45hk6KzMyI7RaF08Kl_thumb.webp?generation=1699884895861993&alt=media
IKI,Pliušinis žaislas SQUEEZAMALS 9 cm,7.79 €,https://firebasestorage.googleapis.com/v0/b/lastmile-ui/o/import%2Fphotos%2Fconverted%2Fproduct%2FthumbUrl%2FCvKfTzV4TN5U8BTMF1Hl_276528_W5RvAbpnRicygag1V4nopPhtD8z2_n7ByAhMkir3mvVFgkasL.webp?alt=media&token=fb87f97c-f222-4823-b4dd-5a05c64ab7ae
IKI,"Antiperspirantas dezodorantas pudra kojoms BODY NATUR, 75 g",3.49 €,https://firebasestorage.googleapis.com/v0/b/lastmile-ui/o/import%2Fphotos%2Fconverted%2Fproduct%2FthumbUrl%2FCvKfTzV4TN5U8BTMF1Hl_276424_Y5wHCakiRVc8Kf1fJt96vh8Tr2I2_K4BUcgMUEqdmWe0g8w7o.webp?alt=media&token=bc58294f-3403-4cfb-bcbf-a33fd9c1cafd
IKI,Garnier Fructis GOOD BYE DAMAGE 10IN1 plaukų kremas 400ml,4.39 €,https://storage.googleapis.com/download/storage/v1/b/lastmile-ui/o/import%2Fphotos%2Fconverted%2Fproduct%2Fglobal_Ngyrs7FpfFZ6HSwHGowD_W5RvAbpnRicygag1V4nopPhtD8z2_rs589uUfeuMBWbdqSc4k_thumb.jpg?generation=1684828967841319&alt=media
IKI,"Skustuvo galvutės GILLETTE MACH3 Charcoal, 5vnt.",8.99 €,https://firebasestorage.googleapis.com/v0/b/lastmile-ui/o/import%2Fphotos%2Fconverted%2Fproduct%2FthumbUrl%2FCvKfTzV4TN5U8BTMF1Hl_279893_Y5wHCakiRVc8Kf1fJt96vh8Tr2I2_oC2shIGtAJrUietLulVI.webp?alt=media&token=7283d1c3-e2d5-435e-9620-ef6777441488
IKI,"Naktinis kremas nuo senėjimo NIVEA Cellular, 109 g",11.99 €,https://firebasestorage.googleapis.com/v0/b/lastmile-ui/o/import%2Fphotos%2Fconverted%2Fproduct%2FthumbUrl%2FCvKfTzV4TN5U8BTMF1Hl_255466_Pos12xpkYpPSKaVDW3jqu7xnlg23_1ZimDFjzmQFcBUAWbADG.webp?alt=media&token=f663c877-cc4b-4533-8b7b-34eddb09b855
IKI,"Plaukų dažai SYOSS COLOR 3-89, bronzinė kava",4.64 €,https://firebasestorage.googleapis.com/v0/b/lastmile-ui/o/import%2Fphotos%2Fconverted%2Fproduct%2FthumbUrl%2FCvKfTzV4TN5U8BTMF1Hl_282627_W5RvAbpnRicygag1V4nopPhtD8z2_I3dpzdMucc8garkJsxlg.webp?alt=media&token=deeb5715-38f4-40ea-be1b-2b236bc9b3e3
IKI,Plaukų kaukė GLISS 4in1 Nourish,4.89 €,https://firebasestorage.googleapis.com/v0/b/lastmile-ui/o/import%2Fphotos%2Fconverted%2Fproduct%2FthumbUrl%2FCvKfTzV4TN5U8BTMF1Hl_280540_OrXUvGAuc2NCJDRvzNOTXOM3rsp1_MuMYYJ4xSeNfYghMuHPK.webp?alt=media&token=24f57963-8ac1-4292-8618-d6c199dcc41a
IKI,Drėkinamasis veido kremas NIVEA MEN SENSITIVE SPF15,5.94 €,https://firebasestorage.googleapis.com/v0/b/lastmile-ui/o/import%2Fphotos%2Fconverted%2Fproduct%2FthumbUrl%2FCvKfTzV4TN5U8BTMF1Hl_285234_OrXUvGAuc2NCJDRvzNOTXOM3rsp1_c9TfRomqQgJMiwRMOJ6P.webp?alt=media&token=c2227515-dac0-4eb9-875e-1d5850dd5b97
IKI,Pavadėlis FLEXI STANDART S iki 12kg,8.99 €,https://firebasestorage.googleapis.com/v0/b/lastmile-ui/o/import%2Fphotos%2Fconverted%2Fproduct%2FthumbUrl%2FCvKfTzV4TN5U8BTMF1Hl_286460_OrXUvGAuc2NCJDRvzNOTXOM3rsp1_Q8P3awvL94AYGVvO6I4b.webp?alt=media&token=1dbedd9d-b1fc-4010-b688-d0d020bd0016
IKI,"Kietas šampūnas SOLIDU Balance, 70 g",6.99 €,https://firebasestorage.googleapis.com/v0/b/lastmile-ui/o/import%2Fphotos%2Fconverted%2Fproduct%2FthumbUrl%2FCvKfTzV4TN5U8BTMF1Hl_278030_OrXUvGAuc2NCJDRvzNOTXOM3rsp1_SmKGthYpGAoTOIthavbI.webp?alt=media&token=7617c342-ff12-4bb5-91da-c9d205302485
IKI,"Tualetinis vyrų vanduo NIKE TURQUOISE VIBES, 100 ml",8.99 €,https://firebasestorage.googleapis.com/v0/b/lastmile-ui/o/import%2Fphotos%2Fconverted%2Fproduct%2FthumbUrl%2FCvKfTzV4TN5U8BTMF1Hl_276531_OrXUvGAuc2NCJDRvzNOTXOM3rsp1_NrohnhZjDZtL8jmP1Bbk.webp?alt=media&token=d56a0f82-1eb5-4563-b6fb-6b8a96e07220
IKI,"Šampūnas atstatantis sausus plaukus ICE REFILL MY HAIR, 250 ml",3.74 €,https://firebasestorage.googleapis.com/v0/b/lastmile-ui/o/import%2Fphotos%2Fconverted%2Fproduct%2FthumbUrl%2FCvKfTzV4TN5U8BTMF1Hl_284368_OrXUvGAuc2NCJDRvzNOTXOM3rsp1_eE6fzsYXP8byFVcCnfhH.webp?alt=media&token=644647d7-21aa-46b7-9b02-0f6f5074a0bb
IKI,"Plaukų kaukė REVUELE TOTAL REPAIR, 500 ml",4.24 €,https://firebasestorage.googleapis.com/v0/b/lastmile-ui/o/import%2Fphotos%2Fconverted%2Fproduct%2FthumbUrl%2FCvKfTzV4TN5U8BTMF1Hl_284315_OrXUvGAuc2NCJDRvzNOTXOM3rsp1_k53w96zf5gyZfzIu4GCB.webp?alt=media&token=de690d44-c0ba-4926-94f5-b9da7a5970ab
IKI,"Stangrinamasis kūno pienelis Q10 su vitaminu C NIVEA, 400 ml",4.64 €,https://firebasestorage.googleapis.com/v0/b/lastmile-ui/o/import%2Fphotos%2Fconverted%2Fproduct%2FthumbUrl%2FCvKfTzV4TN5U8BTMF1Hl_285235_OrXUvGAuc2NCJDRvzNOTXOM3rsp1_hAZ8JBJcvAC5LYFHFLaN.webp?alt=media&token=ab0bb47e-f504-4466-ab69-5effd1b8a3c0
IKI,"Moteriškos pėdkelnės INCANTO FASHION 40 DEN, 3 dydis, spalva NERO",3.59 €,https://firebasestorage.googleapis.com/v0/b/lastmile-ui/o/import%2Fphotos%2Fconverted%2Fproduct%2FthumbUrl%2FCvKfTzV4TN5U8BTMF1Hl_229452_OrXUvGAuc2NCJDRvzNOTXOM3rsp1_C0eSIQj7XPKGFmUZuNEQ.webp?alt=media&token=6a5c80a3-1a9f-4871-ae1f-7c1e8aef754e
IKI,"Moteriškos pėdkelnės INCANTO ELLE 40 DEN, 5 dydis,spalva NERO",3.59 €,https://firebasestorage.googleapis.com/v0/b/lastmile-ui/o/import%2Fphotos%2Fconverted%2Fproduct%2FthumbUrl%2FCvKfTzV4TN5U8BTMF1Hl_229462_OrXUvGAuc2NCJDRvzNOTXOM3rsp1_YJyk9WgOdM9tg3KlnqzB.webp?alt=media&token=8a6af023-a522-47fb-87db-c9f4a28c2671
IKI,"Moteriškos pėdkelnės INCANTO FASHION 40 DEN, 3 dydis, spalva DAINO",3.59 €,https://firebasestorage.googleapis.com/v0/b/lastmile-ui/o/import%2Fphotos%2Fconverted%2Fproduct%2FthumbUrl%2FCvKfTzV4TN5U8BTMF1Hl_249733_OrXUvGAuc2NCJDRvzNOTXOM3rsp1_5HhJS3zlu0jS0KFGlaTc.webp?alt=media&token=617ef5d4-8590-4031-a992-8691e83ccb49
IKI,"Moteriškos pėdkelnės INCANTO BODY SHAPER 40 DEN, 5 dydis, NERO",7.19 €,https://firebasestorage.googleapis.com/v0/b/lastmile-ui/o/import%2Fphotos%2Fconverted%2Fproduct%2FthumbUrl%2FCvKfTzV4TN5U8BTMF1Hl_253310_OrXUvGAuc2NCJDRvzNOTXOM3rsp1_IgSptkkofgCtoYo8xN9s.webp?alt=media&token=c023eabf-8ed2-4442-9d9a-0fd20b9f166f
IKI,Gelinis nagų lakas SINCERO SALON 833,2.89 €,https://firebasestorage.googleapis.com/v0/b/lastmile-ui/o/import%2Fphotos%2Fconverted%2Fproduct%2FthumbUrl%2FCvKfTzV4TN5U8BTMF1Hl_248764_OrXUvGAuc2NCJDRvzNOTXOM3rsp1_S5aIB51X6oico2LvCEv6.webp?alt=media&token=db9fffd2-a9ab-4970-830c-6703d3d66f08
IKI,Gelinis nagų lakas 3679 SINCERO SALON,3.99 €,https://firebasestorage.googleapis.com/v0/b/lastmile-ui/o/import%2Fphotos%2Fconverted%2Fproduct%2FthumbUrl%2FCvKfTzV4TN5U8BTMF1Hl_273586_OrXUvGAuc2NCJDRvzNOTXOM3rsp1_MrKbEuEDOKODul1REsIp.webp?alt=media&token=11dc98f1-2fb2-43c9-8663-3092ef397cb5
IKI,"Lakas nagams MATT CITY 11 ml, m6 SINCERO SALON",1.99 €,https://firebasestorage.googleapis.com/v0/b/lastmile-ui/o/import%2Fphotos%2Fconverted%2Fproduct%2FthumbUrl%2FCvKfTzV4TN5U8BTMF1Hl_246831_OrXUvGAuc2NCJDRvzNOTXOM3rsp1_c5JnRXYjwUDmmm45h52P.webp?alt=media&token=7eafbcb6-5634-4542-b609-2b0cd27edd43
IKI,"Lakas nagams MATT CITY 11 ml, m8 SINCERO SALON",1.99 €,https://firebasestorage.googleapis.com/v0/b/lastmile-ui/o/import%2Fphotos%2Fconverted%2Fproduct%2FthumbUrl%2FCvKfTzV4TN5U8BTMF1Hl_246835_OrXUvGAuc2NCJDRvzNOTXOM3rsp1_zAqYtXwWJXZG7Yikjjo6.webp?alt=media&token=048c5c64-b9ca-484f-b136-a004075bdb57
IKI,Nude Gelinis nagų lakas 6182 6 ml SINCERO SALON,2.89 €,https://firebasestorage.googleapis.com/v0/b/lastmile-ui/o/import%2Fphotos%2Fconverted%2Fproduct%2FthumbUrl%2FCvKfTzV4TN5U8BTMF1Hl_263957_OrXUvGAuc2NCJDRvzNOTXOM3rsp1_dsTztOAO7FnbC0iQ1X9Z.webp?alt=media&token=2bd55a1f-aee9-4f09-9e4f-47e87d350f76
IKI,French pure Gelinis nagų lakas 6151 6 ml SINCERO SALON,2.89 €,https://firebasestorage.googleapis.com/v0/b/lastmile-ui/o/import%2Fphotos%2Fconverted%2Fproduct%2FthumbUrl%2FCvKfTzV4TN5U8BTMF1Hl_263954_OrXUvGAuc2NCJDRvzNOTXOM3rsp1_FhhIClFkVn0lRZI5ugdi.webp?alt=media&token=0f5f5af5-1be5-41df-a27f-a60ba64295d9
IKI,Super bond salon 15ml SINCERO SALON,4.99 €,https://firebasestorage.googleapis.com/v0/b/lastmile-ui/o/import%2Fphotos%2Fconverted%2Fproduct%2FthumbUrl%2FCvKfTzV4TN5U8BTMF1Hl_273582_OrXUvGAuc2NCJDRvzNOTXOM3rsp1_YzWzFE2EtOWsVEq3u7h9.webp?alt=media&token=84d83b2a-8e47-44df-8a82-7792e4444b92
IKI,Rubber bazė glitter cloud pink 6ml SINCERO SALON,4.99 €,https://firebasestorage.googleapis.com/v0/b/lastmile-ui/o/import%2Fphotos%2Fconverted%2Fproduct%2FthumbUrl%2FCvKfTzV4TN5U8BTMF1Hl_273593_OrXUvGAuc2NCJDRvzNOTXOM3rsp1_yT89ZhDhEzZL0PAQFOTT.webp?alt=media&token=773652e0-d353-413e-8da9-bba591fe9ea5
IKI,Rubber bazė glitter crystal pink 6ml SINCERO SALON,4.99 €,https://firebasestorage.googleapis.com/v0/b/lastmile-ui/o/import%2Fphotos%2Fconverted%2Fproduct%2FthumbUrl%2FCvKfTzV4TN5U8BTMF1Hl_273598_OrXUvGAuc2NCJDRvzNOTXOM3rsp1_6dQXuwlm3v68T1Og7O8g.webp?alt=media&token=82f6f648-819a-4c43-9a6c-d123b7ee3f21
IKI,Rubber bazė chic pink 6ml SINCERO SALON,4.99 €,https://firebasestorage.googleapis.com/v0/b/lastmile-ui/o/import%2Fphotos%2Fconverted%2Fproduct%2FthumbUrl%2FCvKfTzV4TN5U8BTMF1Hl_273588_OrXUvGAuc2NCJDRvzNOTXOM3rsp1_KoKMzCoU78mP9ne5Bjux.webp?alt=media&token=e138afa2-bda0-4b14-8820-dc12221959db
IKI,Gelinis nagų lakas SINCERO SALON 734,2.89 €,https://firebasestorage.googleapis.com/v0/b/lastmile-ui/o/import%2Fphotos%2Fconverted%2Fproduct%2FthumbUrl%2FCvKfTzV4TN5U8BTMF1Hl_248774_OrXUvGAuc2NCJDRvzNOTXOM3rsp1_lzFrdSFsd9EX5aIISQXe.webp?alt=media&token=cf1f24e6-6eac-462b-b66b-375b1056ef1f
IKI,Gelinis nagų lakas 671 elegant wish SINCERO SALON,2.89 €,https://firebasestorage.googleapis.com/v0/b/lastmile-ui/o/import%2Fphotos%2Fconverted%2Fproduct%2FthumbUrl%2FCvKfTzV4TN5U8BTMF1Hl_252481_OrXUvGAuc2NCJDRvzNOTXOM3rsp1_ECQqNzje1oWn8e5aqdSS.webp?alt=media&token=ddb9aa3b-c5b1-4573-b942-6094dcea1644
IKI,French pure Gelinis nagų lakas 6144 6 ml SINCERO SALON,2.89 €,https://firebasestorage.googleapis.com/v0/b/lastmile-ui/o/import%2Fphotos%2Fconverted%2Fproduct%2FthumbUrl%2FCvKfTzV4TN5U8BTMF1Hl_263953_OrXUvGAuc2NCJDRvzNOTXOM3rsp1_WBEQkkjjoPtJiziqPlbG.webp?alt=media&token=a36044b2-59ed-4974-8583-cbf1f5182837
IKI,Gelinis nagų lakas SINCERO SALON 741,2.89 €,https://firebasestorage.googleapis.com/v0/b/lastmile-ui/o/import%2Fphotos%2Fconverted%2Fproduct%2FthumbUrl%2FCvKfTzV4TN5U8BTMF1Hl_248773_OrXUvGAuc2NCJDRvzNOTXOM3rsp1_olopr4jhvA6mhCYGwsIX.webp?alt=media&token=0bb5cdad-ac94-4445-a0fb-0050517b1188
IKI,Lakas nagams SINCERO SALON s68,1.99 €,https://firebasestorage.googleapis.com/v0/b/lastmile-ui/o/import%2Fphotos%2Fconverted%2Fproduct%2FthumbUrl%2FCvKfTzV4TN5U8BTMF1Hl_248906_OrXUvGAuc2NCJDRvzNOTXOM3rsp1_89xUrumWvZAgcEFBpJnL.webp?alt=media&token=3c26d07c-1ced-43bb-9d08-b432ca746378
IKI,French sakura gel. nagų lak 6168 6 ml SINCERO SALON,2.89 €,https://firebasestorage.googleapis.com/v0/b/lastmile-ui/o/import%2Fphotos%2Fconverted%2Fproduct%2FthumbUrl%2FCvKfTzV4TN5U8BTMF1Hl_263955_OrXUvGAuc2NCJDRvzNOTXOM3rsp1_aWQFDgJoU8eywW1fbFY0.webp?alt=media&token=96938dcd-b0b4-47d1-8ea6-65c5d08c98b5
IKI,Rubber bazė powder pink 6ml SINCERO SALON,4.99 €,https://firebasestorage.googleapis.com/v0/b/lastmile-ui/o/import%2Fphotos%2Fconverted%2Fproduct%2FthumbUrl%2FCvKfTzV4TN5U8BTMF1Hl_273589_OrXUvGAuc2NCJDRvzNOTXOM3rsp1_T5N68xoZ9pfjd7KNr2dE.webp?alt=media&token=965fb4fa-321f-4526-a739-69a94c5a767c
IKI,Rubber bazė glitter cloud terracotta 6ml SINCERO SALON,4.99 €,https://firebasestorage.googleapis.com/v0/b/lastmile-ui/o/import%2Fphotos%2Fconverted%2Fproduct%2FthumbUrl%2FCvKfTzV4TN5U8BTMF1Hl_273594_OrXUvGAuc2NCJDRvzNOTXOM3rsp1_llTsYbjYvdNhAoNN6NgM.webp?alt=media&token=fdf2de11-4d18-430d-8b02-1c135272aa7d
IKI,"Lakas nagams NEW FORMULA 11 ml, s89 SINCERO SALON",1.99 €,https://firebasestorage.googleapis.com/v0/b/lastmile-ui/o/import%2Fphotos%2Fconverted%2Fproduct%2FthumbUrl%2FCvKfTzV4TN5U8BTMF1Hl_279298_OrXUvGAuc2NCJDRvzNOTXOM3rsp1_SddghgLAy0dSAuh4TESR.webp?alt=media&token=8a1717c9-249d-41b4-a01d-346195dfdce8
IKI,Gelinis nagų lakas SINCERO SALON 727,2.89 €,https://firebasestorage.googleapis.com/v0/b/lastmile-ui/o/import%2Fphotos%2Fconverted%2Fproduct%2FthumbUrl%2FCvKfTzV4TN5U8BTMF1Hl_248775_OrXUvGAuc2NCJDRvzNOTXOM3rsp1_ENchh92GrIATc9Ale4X8.webp?alt=media&token=e0d751a6-05fc-440b-b0ab-d61b7f00958c
IKI,ELSEVE Dream Long šampūnas 1L,7.99 €,https://firebasestorage.googleapis.com/v0/b/lastmile-ui/o/import%2Fphotos%2Fconverted%2Fproduct%2FthumbUrl%2FCvKfTzV4TN5U8BTMF1Hl_288037_OrXUvGAuc2NCJDRvzNOTXOM3rsp1_TXxR0lZED2uwj12YHrA2.webp?alt=media&token=2d65ea1d-5c92-44ff-82bd-aff4f3a41d47
IKI,"Casting Creme Gloss pusiau ilgalaikiai plaukų dažai be amoniako, 535",6.24 €,https://firebasestorage.googleapis.com/v0/b/lastmile-ui/o/import%2Fphotos%2Fconverted%2Fproduct%2FthumbUrl%2FCvKfTzV4TN5U8BTMF1Hl_6088_OrXUvGAuc2NCJDRvzNOTXOM3rsp1_X3ufODaryKdyZhqO5Ov9.webp?alt=media&token=80b0255b-857e-42f9-a1ec-e0025b97bb5d
IKI,BIC Flex 5 vyriški vienkartiniai skustuvai 3vnt.,5.99 €,https://firebasestorage.googleapis.com/v0/b/lastmile-ui/o/import%2Fphotos%2Fconverted%2Fproduct%2FthumbUrl%2FCvKfTzV4TN5U8BTMF1Hl_287748_uF3DptJQvjXHqmno4Mal_vjDCj1ItBqI8sYezvqMb.webp?alt=media&token=13dd0fcd-3bd3-48b4-b649-7580b5220beb
IKI,"ELSEVE Arganine Resist kaukė, 300ml",4.49 €,https://firebasestorage.googleapis.com/v0/b/lastmile-ui/o/import%2Fphotos%2Fconverted%2Fproduct%2FthumbUrl%2FCvKfTzV4TN5U8BTMF1Hl_287740_uF3DptJQvjXHqmno4Mal_jSJI0Enk0UifJYCqaUDH.webp?alt=media&token=f3f520f1-0299-4933-b61b-2f755bc1cd2a
IKI,ELSEVE Color-Vive kaukė 300 ml,4.49 €,https://firebasestorage.googleapis.com/v0/b/lastmile-ui/o/import%2Fphotos%2Fconverted%2Fproduct%2FthumbUrl%2FCvKfTzV4TN5U8BTMF1Hl_286601_uF3DptJQvjXHqmno4Mal_S57LdaLQtHE00rbd9mJI.webp?alt=media&token=eb42bca9-650e-46ab-8cca-6995e3d91acd
IKI,Knyga 1000 VAISTŲ IŠ VIRTUVĖS,2.39 €,https://firebasestorage.googleapis.com/v0/b/lastmile-ui/o/import%2Fphotos%2Fconverted%2Fproduct%2FthumbUrl%2FCvKfTzV4TN5U8BTMF1Hl_241017_OrXUvGAuc2NCJDRvzNOTXOM3rsp1_WZlygKU36tKQxO84Z8pw.webp?alt=media&token=71e7feda-1e5b-4630-8a8b-58413e2fe9ca
IKI,"Elektrinio dantų šepetėlio galvutės ORAL-B Kids Spiderman Pro, 4vnt.",12.99 €,https://firebasestorage.googleapis.com/v0/b/lastmile-ui/o/import%2Fphotos%2Fconverted%2Fproduct%2FthumbUrl%2FCvKfTzV4TN5U8BTMF1Hl_288738_OrXUvGAuc2NCJDRvzNOTXOM3rsp1_AzE63jiQXpJ1TpzpIoNl.webp?alt=media&token=b562f109-de20-415d-9353-2d7f7f63b656
IKI,"TESORI d'ORIENTE White Musk kreminė dušo želė, 250 ml",2.99 €,https://firebasestorage.googleapis.com/v0/b/lastmile-ui/o/import%2Fphotos%2Fconverted%2Fproduct%2FthumbUrl%2FCvKfTzV4TN5U8BTMF1Hl_288610_OrXUvGAuc2NCJDRvzNOTXOM3rsp1_o6QCaSIcED6Nn684c6iy.webp?alt=media&token=9902e1ab-edcd-437f-8d95-6695a670d5f3
IKI,"kreminis kūno prausiklis, 500 ml",5.49 €,https://firebasestorage.googleapis.com/v0/b/lastmile-ui/o/import%2Fphotos%2Fconverted%2Fproduct%2FthumbUrl%2FCvKfTzV4TN5U8BTMF1Hl_288608_OrXUvGAuc2NCJDRvzNOTXOM3rsp1_41YiY3fbS9Kv9meKBKRh.webp?alt=media&token=7199a42b-333c-48ff-81cb-b91f4da2a6c8
IKI,"Faith In Nature kūno prausiklis Lavender & Geranium, 400 ml",3.99 €,https://firebasestorage.googleapis.com/v0/b/lastmile-ui/o/import%2Fphotos%2Fconverted%2Fproduct%2FthumbUrl%2FCvKfTzV4TN5U8BTMF1Hl_280498_OrXUvGAuc2NCJDRvzNOTXOM3rsp1_T1iallO22LyI2zgUfDFd.webp?alt=media&token=c8e54703-d81f-4695-a70e-1b8b959b88a0
IKI,Garnier Mineral MEN AC Clinically Tested purškiamas dezodorantas 150 ml,2.89 €,https://firebasestorage.googleapis.com/v0/b/lastmile-ui/o/import%2Fphotos%2Fconverted%2Fproduct%2FthumbUrl%2FCvKfTzV4TN5U8BTMF1Hl_288787_OrXUvGAuc2NCJDRvzNOTXOM3rsp1_VW0jyMKgoX3b52A8khjU.webp?alt=media&token=6592b5bd-d80d-40a8-8ffe-68d4b9587015
IKI,"Faith In Nature kūno prausiklis Coconut, 400 ml",3.99 €,https://firebasestorage.googleapis.com/v0/b/lastmile-ui/o/import%2Fphotos%2Fconverted%2Fproduct%2FthumbUrl%2FCvKfTzV4TN5U8BTMF1Hl_288549_OrXUvGAuc2NCJDRvzNOTXOM3rsp1_x81g6iXOO5IlEkgZnPPa.webp?alt=media&token=8adc129d-c87d-4130-8835-534583791024
IKI,"TESORI d'ORIENTE Ayurveda kreminė dušo želė, 250 ml",2.99 €,https://firebasestorage.googleapis.com/v0/b/lastmile-ui/o/import%2Fphotos%2Fconverted%2Fproduct%2FthumbUrl%2FCvKfTzV4TN5U8BTMF1Hl_288609_OrXUvGAuc2NCJDRvzNOTXOM3rsp1_EMs4VX0lwiQdzIaXYn44.webp?alt=media&token=47f491d3-bf52-431a-8611-2cddae9e72ea
IKI,L'Oreal D/E AGE SPECIALIST 45+ naktinis veido kremas 50ml,5.99 €,https://firebasestorage.googleapis.com/v0/b/lastmile-ui/o/import%2Fphotos%2Fconverted%2Fproduct%2FthumbUrl%2FCvKfTzV4TN5U8BTMF1Hl_228237_OrXUvGAuc2NCJDRvzNOTXOM3rsp1_hfSuwL30cayYrHd8Qsl3.webp?alt=media&token=bc007283-fbd4-48d3-a9ef-ae4a3f6c6943
IKI,LOREAL MEN EXPERT HYDRA ENERG. BASIC 50ml kremas,4.99 €,https://firebasestorage.googleapis.com/v0/b/lastmile-ui/o/import%2Fphotos%2Fconverted%2Fproduct%2FthumbUrl%2FCvKfTzV4TN5U8BTMF1Hl_244742_OrXUvGAuc2NCJDRvzNOTXOM3rsp1_CeyU6ysURtMrTndk5grY.webp?alt=media&token=1316c2f5-caf8-4240-95df-65ecb237654d
IKI,"GARNIER Hyaluronic Aloe BB kremas riebiai ir mišriai odai, šviesus atspalvis, 50 ml",5.99 €,https://firebasestorage.googleapis.com/v0/b/lastmile-ui/o/import%2Fphotos%2Fconverted%2Fproduct%2FthumbUrl%2FCvKfTzV4TN5U8BTMF1Hl_289418_OrXUvGAuc2NCJDRvzNOTXOM3rsp1_IgLqJfoHLlK32UYBfxeH.webp?alt=media&token=640c1849-5f91-4de3-b0f6-22dc2df1a783
IKI,L'Oreal D/E REVITALIFT LASER naktinis veido kremas 50ml,11.47 €,https://firebasestorage.googleapis.com/v0/b/lastmile-ui/o/import%2Fphotos%2Fconverted%2Fproduct%2FthumbUrl%2FCvKfTzV4TN5U8BTMF1Hl_289440_OrXUvGAuc2NCJDRvzNOTXOM3rsp1_QfNhjYt98JYF80LCNgYR.webp?alt=media&token=12112ceb-4476-4918-aa7d-a04447bddfa0
IKI,"Pieninio šokolado saldainiai su lazdyno riešutų kremo įdaru, 250g GEISHA",7.99 €,https://firebasestorage.googleapis.com/v0/b/lastmile-ui/o/import%2Fphotos%2Fconverted%2Fproduct%2FthumbUrl%2FCvKfTzV4TN5U8BTMF1Hl_289442_OrXUvGAuc2NCJDRvzNOTXOM3rsp1_mXmbJzONxL6cNxVOCf39.webp?alt=media&token=63a052e7-a06c-4c54-b828-0508b1d91024
IKI,"Pašaras šunim vištiena sausais CLUB 4 PAWS, 900 g",4.75 €,https://firebasestorage.googleapis.com/v0/b/lastmile-ui/o/import%2Fphotos%2Fconverted%2Fproduct%2FthumbUrl%2FCvKfTzV4TN5U8BTMF1Hl_289974_OrXUvGAuc2NCJDRvzNOTXOM3rsp1_OrcuxEKVFA9UHNowN6Ie.webp?alt=media&token=8a424c91-fb52-4a97-93e8-6df1c9d3fe6f
IKI,"Skustuvas GILLETTE SENSOR 3+ Comfort, +8 galvutės",6.99 €,https://firebasestorage.googleapis.com/v0/b/lastmile-ui/o/import%2Fphotos%2Fconverted%2Fproduct%2FthumbUrl%2FCvKfTzV4TN5U8BTMF1Hl_289014_OrXUvGAuc2NCJDRvzNOTXOM3rsp1_8NJBXOsBk8e6jKnazaww.webp?alt=media&token=9efd8aec-2947-4919-bc39-728fee9c6f44
IKI,"Kalendorius 2026 ŽIRGŲ METŲ 20x20, kvadratinis",2.39 €,https://firebasestorage.googleapis.com/v0/b/lastmile-ui/o/import%2Fphotos%2Fconverted%2Fproduct%2FthumbUrl%2FCvKfTzV4TN5U8BTMF1Hl_211994_OrXUvGAuc2NCJDRvzNOTXOM3rsp1_npR5onULpaZdyMUi4Z41.webp?alt=media&token=ef2f928e-5dbc-4973-954d-5705cd3a4a5c
IKI,"Kalendorius 2026 ŠUNYS ČEIL, A4",2.09 €,https://firebasestorage.googleapis.com/v0/b/lastmile-ui/o/import%2Fphotos%2Fconverted%2Fproduct%2FthumbUrl%2FCvKfTzV4TN5U8BTMF1Hl_72083_OrXUvGAuc2NCJDRvzNOTXOM3rsp1_BPpQRRcLRse2puigq202.webp?alt=media&token=26bdd2bc-27c1-44ed-bc5b-466d020b0f55
IKI,Kalendorius 2026 gamtos spalvos,2.09 €,https://firebasestorage.googleapis.com/v0/b/lastmile-ui/o/import%2Fphotos%2Fconverted%2Fproduct%2FthumbUrl%2FCvKfTzV4TN5U8BTMF1Hl_238008_OrXUvGAuc2NCJDRvzNOTXOM3rsp1_OC8RwW0lEznmLegImGN4.webp?alt=media&token=3ca39283-6fde-4f62-b672-2bd631595b66
IKI,Kalendorius 2026 GERŲ MINČIŲ,6.59 €,https://firebasestorage.googleapis.com/v0/b/lastmile-ui/o/import%2Fphotos%2Fconverted%2Fproduct%2FthumbUrl%2FCvKfTzV4TN5U8BTMF1Hl_279493_OrXUvGAuc2NCJDRvzNOTXOM3rsp1_EydCGLf1m5hzjinecPB6.webp?alt=media&token=61929457-6824-4022-9de7-38444d187661
IKI,Kalendorius 2026 ARKLIO METAI,2.09 €,https://firebasestorage.googleapis.com/v0/b/lastmile-ui/o/import%2Fphotos%2Fconverted%2Fproduct%2FthumbUrl%2FCvKfTzV4TN5U8BTMF1Hl_221226_OrXUvGAuc2NCJDRvzNOTXOM3rsp1_hiafLxVca7GbdUElkWun.webp?alt=media&token=025aa192-fd25-4145-87b2-5e08af12ad02
IKI,Kalendorius 2026 A3 PUOKŠTĖS,3.89 €,https://firebasestorage.googleapis.com/v0/b/lastmile-ui/o/import%2Fphotos%2Fconverted%2Fproduct%2FthumbUrl%2FCvKfTzV4TN5U8BTMF1Hl_279502_OrXUvGAuc2NCJDRvzNOTXOM3rsp1_0wQvG6vHlkT3BwJci03l.webp?alt=media&token=76cb73b3-0471-484f-882c-e5e71da08af4
IKI,Kalendorius 2026 SU ARKLIO METŲ HOROSKOPU,2.69 €,https://firebasestorage.googleapis.com/v0/b/lastmile-ui/o/import%2Fphotos%2Fconverted%2Fproduct%2FthumbUrl%2FCvKfTzV4TN5U8BTMF1Hl_279513_OrXUvGAuc2NCJDRvzNOTXOM3rsp1_RlzQqBCgDP83Yu6Nixrf.webp?alt=media&token=4efa2418-c53c-4a43-a304-da7e8101bf90
IKI,"Kalendorius 2026 ŽIRGŲ METŲ ČEIL, A4",2.09 €,https://firebasestorage.googleapis.com/v0/b/lastmile-ui/o/import%2Fphotos%2Fconverted%2Fproduct%2FthumbUrl%2FCvKfTzV4TN5U8BTMF1Hl_66168_OrXUvGAuc2NCJDRvzNOTXOM3rsp1_94rGntkGhxtFrVsQihj5.webp?alt=media&token=bb3ef5bf-f3f5-4e74-a302-88ad40fb391e
IKI,Kalendorius 2026 NAMŲ,2.99 €,https://firebasestorage.googleapis.com/v0/b/lastmile-ui/o/import%2Fphotos%2Fconverted%2Fproduct%2FthumbUrl%2FCvKfTzV4TN5U8BTMF1Hl_285285_OrXUvGAuc2NCJDRvzNOTXOM3rsp1_NoG1W6fl65m2epDid04E.webp?alt=media&token=9e4e2622-6b73-4cf9-add9-910ce4fd6e04
IKI,Dekoracija povas su segtuku 38 cm,2.24 €,https://firebasestorage.googleapis.com/v0/b/lastmile-ui/o/import%2Fphotos%2Fconverted%2Fproduct%2FthumbUrl%2FCvKfTzV4TN5U8BTMF1Hl_291221_OrXUvGAuc2NCJDRvzNOTXOM3rsp1_7g5LdhWaeqn4BSHkNdyL.webp?alt=media&token=43f83a0f-a911-439a-a895-9be0547b8492
IKI,"Kvapni žvakė stikle, 9 cm",2.99 €,https://firebasestorage.googleapis.com/v0/b/lastmile-ui/o/import%2Fphotos%2Fconverted%2Fproduct%2FthumbUrl%2FCvKfTzV4TN5U8BTMF1Hl_291245_uF3DptJQvjXHqmno4Mal_1KvUc3cAPn1ah9tJh4Cg.webp?alt=media&token=b3677839-c726-4639-a126-50f416608fc9
IKI,Dekoracija gulintis angelas 6 cm,0.89 €,https://firebasestorage.googleapis.com/v0/b/lastmile-ui/o/import%2Fphotos%2Fconverted%2Fproduct%2FthumbUrl%2FCvKfTzV4TN5U8BTMF1Hl_291249_OrXUvGAuc2NCJDRvzNOTXOM3rsp1_MKB3PwxbOo02mM8h92xv.webp?alt=media&token=ba9570a1-d351-4202-8b8c-a5d34e1a7884
IKI,Kalėdinė dekoracija WINTERIA Angel Girl,1.99 €,https://firebasestorage.googleapis.com/v0/b/lastmile-ui/o/import%2Fphotos%2Fconverted%2Fproduct%2FthumbUrl%2FCvKfTzV4TN5U8BTMF1Hl_290024_OrXUvGAuc2NCJDRvzNOTXOM3rsp1_IDMn7mhJwAax7YxhAJye.webp?alt=media&token=22abc3ee-683a-48a9-939f-f77eb9c4515f
IKI,Kalėdinis stiklinis puodelis,3.99 €,https://firebasestorage.googleapis.com/v0/b/lastmile-ui/o/import%2Fphotos%2Fconverted%2Fproduct%2FthumbUrl%2FCvKfTzV4TN5U8BTMF1Hl_291311_OrXUvGAuc2NCJDRvzNOTXOM3rsp1_W1uEbHdKrvv80Wp3090a.webp?alt=media&token=3303e0ef-6cbf-4ce8-870b-2a16003fec32
IKI,"Led 80 lempučių girlianda, balta",1.99 €,https://firebasestorage.googleapis.com/v0/b/lastmile-ui/o/import%2Fphotos%2Fconverted%2Fproduct%2FthumbUrl%2FCvKfTzV4TN5U8BTMF1Hl_279167_OrXUvGAuc2NCJDRvzNOTXOM3rsp1_F5e5GiuJUpH1PxrzS5uP.webp?alt=media&token=324bdf44-6b42-42f5-a8f1-938d0707791a
IKI,Kumštinės pirštinės ACCES Animals - PINGVINAI,6.59 €,https://firebasestorage.googleapis.com/v0/b/lastmile-ui/o/import%2Fphotos%2Fconverted%2Fproduct%2FthumbUrl%2FCvKfTzV4TN5U8BTMF1Hl_289741_OrXUvGAuc2NCJDRvzNOTXOM3rsp1_p563QT0jvyLiKrUSngK2.webp?alt=media&token=d9752693-78bb-455a-a599-05233e00807e
IKI,Kalėdinė dekoracija su judančia galva 65 mm,0.99 €,https://firebasestorage.googleapis.com/v0/b/lastmile-ui/o/import%2Fphotos%2Fconverted%2Fproduct%2FthumbUrl%2FCvKfTzV4TN5U8BTMF1Hl_285487_OrXUvGAuc2NCJDRvzNOTXOM3rsp1_eHr0QydSrYJrFiELVkXv.webp?alt=media&token=99c426a9-ec71-47bb-afc3-6eee1d7d6dd0
IKI,Girlianda sidabrinės spalvos WINTERIA,1.24 €,https://firebasestorage.googleapis.com/v0/b/lastmile-ui/o/import%2Fphotos%2Fconverted%2Fproduct%2FthumbUrl%2FCvKfTzV4TN5U8BTMF1Hl_289736_OrXUvGAuc2NCJDRvzNOTXOM3rsp1_oYNY4U8eT9p0tn1E7LAS.webp?alt=media&token=3f40d009-fbfb-4bff-a9f3-46a357d1cea0
IKI,"Kumštinės pirštinės ACCES Animals vaikams, baltos",6.59 €,https://firebasestorage.googleapis.com/v0/b/lastmile-ui/o/import%2Fphotos%2Fconverted%2Fproduct%2FthumbUrl%2FCvKfTzV4TN5U8BTMF1Hl_289751_OrXUvGAuc2NCJDRvzNOTXOM3rsp1_sUwD5xoGdMpDrD9UTwjR.webp?alt=media&token=729848b4-408f-43ce-b831-ac340ae00fc6
IKI,"Eglutės žaisliukas stiklinis burbulas, party",0.99 €,https://firebasestorage.googleapis.com/v0/b/lastmile-ui/o/import%2Fphotos%2Fconverted%2Fproduct%2FthumbUrl%2FCvKfTzV4TN5U8BTMF1Hl_291158_OrXUvGAuc2NCJDRvzNOTXOM3rsp1_QqDWEqlThoXMDaL0XQ6A.webp?alt=media&token=a8b6b4a0-2a31-41d1-a268-8072bb51f83f
IKI,Žvakė kalėdų eglutė 12 cm,2.24 €,https://firebasestorage.googleapis.com/v0/b/lastmile-ui/o/import%2Fphotos%2Fconverted%2Fproduct%2FthumbUrl%2FCvKfTzV4TN5U8BTMF1Hl_291215_OrXUvGAuc2NCJDRvzNOTXOM3rsp1_HZZ6TYKlXSYxOGnGxeBr.webp?alt=media&token=9fdea1bb-66cc-44a4-8c77-b918ab40987d
IKI,"Stalo padėkliukas, 35 cm",1.74 €,https://firebasestorage.googleapis.com/v0/b/lastmile-ui/o/import%2Fphotos%2Fconverted%2Fproduct%2FthumbUrl%2FCvKfTzV4TN5U8BTMF1Hl_291113_OrXUvGAuc2NCJDRvzNOTXOM3rsp1_mleuLz3373uSvmDcvqBt.webp?alt=media&token=6e36ca18-1ca3-4727-9688-3aca1cf88c18
IKI,Kalėdinė staltiesė PUANSETIJA,6.49 €,https://firebasestorage.googleapis.com/v0/b/lastmile-ui/o/import%2Fphotos%2Fconverted%2Fproduct%2FthumbUrl%2FCvKfTzV4TN5U8BTMF1Hl_291242_OrXUvGAuc2NCJDRvzNOTXOM3rsp1_SFeJCJtyKlpMlsbb3CzP.webp?alt=media&token=87385aa2-1f7c-4f7b-878c-b96087441f10
IKI,Pliušinis nykštukas mažas,6.99 €,https://firebasestorage.googleapis.com/v0/b/lastmile-ui/o/import%2Fphotos%2Fconverted%2Fproduct%2FthumbUrl%2FCvKfTzV4TN5U8BTMF1Hl_291260_OrXUvGAuc2NCJDRvzNOTXOM3rsp1_H1k39OLdmaxulBVktqfP.webp?alt=media&token=8003c968-464f-4ef6-8f83-07281daa43b4
IKI,Pakabinama dekoracija snaigė 12 cm,1.49 €,https://firebasestorage.googleapis.com/v0/b/lastmile-ui/o/import%2Fphotos%2Fconverted%2Fproduct%2FthumbUrl%2FCvKfTzV4TN5U8BTMF1Hl_291250_OrXUvGAuc2NCJDRvzNOTXOM3rsp1_htM3sEDopddk1w1sQYSR.webp?alt=media&token=56ee5241-8b50-4ab5-bdec-dfb2127d940f
IKI,Dekoracija laumžirgiai su segtukais 13 cm,1.99 €,https://firebasestorage.googleapis.com/v0/b/lastmile-ui/o/import%2Fphotos%2Fconverted%2Fproduct%2FthumbUrl%2FCvKfTzV4TN5U8BTMF1Hl_291222_OrXUvGAuc2NCJDRvzNOTXOM3rsp1_Kjfb0cgw5NpnXz9TiUyG.webp?alt=media&token=9f04a792-1989-499c-a9ad-6057c93ff0ca
IKI,"Dekoracija meškiukas su kalėdine kepure, 7 cm",0.99 €,https://firebasestorage.googleapis.com/v0/b/lastmile-ui/o/import%2Fphotos%2Fconverted%2Fproduct%2FthumbUrl%2FCvKfTzV4TN5U8BTMF1Hl_291253_OrXUvGAuc2NCJDRvzNOTXOM3rsp1_Vc0geud8YrPyBEI8L4LR.webp?alt=media&token=60415a1c-2047-4623-81b0-94533a77f45f
IKI,Kalėdinė kojinė iš veltinio 250X10X395MM,2.24 €,https://firebasestorage.googleapis.com/v0/b/lastmile-ui/o/import%2Fphotos%2Fconverted%2Fproduct%2FthumbUrl%2FCvKfTzV4TN5U8BTMF1Hl_291238_OrXUvGAuc2NCJDRvzNOTXOM3rsp1_S3UcWEF9g1r0eKvHeX8n.webp?alt=media&token=95b850c2-2a53-4cfb-8d1b-27c6220a479d
IKI,Eglutės žaisliukas su žvyneliais 80 mm,0.89 €,https://firebasestorage.googleapis.com/v0/b/lastmile-ui/o/import%2Fphotos%2Fconverted%2Fproduct%2FthumbUrl%2FCvKfTzV4TN5U8BTMF1Hl_291132_OrXUvGAuc2NCJDRvzNOTXOM3rsp1_YDYuEgFHPHcFMDbuCDiO.webp?alt=media&token=c67132b3-7f28-4cf7-bb95-be40f8526b03
IKI,Kaladėlių rinkinys lagamine TECHNOK,18.49 €,https://firebasestorage.googleapis.com/v0/b/lastmile-ui/o/import%2Fphotos%2Fconverted%2Fproduct%2FthumbUrl%2FCvKfTzV4TN5U8BTMF1Hl_291288_OrXUvGAuc2NCJDRvzNOTXOM3rsp1_AcKQwmwzsCVPe4ZdIDvV.webp?alt=media&token=076111f4-dea0-48be-8f45-715c7ac7d68e
IKI,Kalėdinis veltas maišelis 18 cm,2.49 €,https://firebasestorage.googleapis.com/v0/b/lastmile-ui/o/import%2Fphotos%2Fconverted%2Fproduct%2FthumbUrl%2FCvKfTzV4TN5U8BTMF1Hl_285480_OrXUvGAuc2NCJDRvzNOTXOM3rsp1_ZUItFyhygHvahAzlrwQH.webp?alt=media&token=154f85fc-e7ea-4528-b91d-432e36b79996
IKI,Dekoratyvinis stalo takelis 28x200 cm kalėdinis,2.24 €,https://firebasestorage.googleapis.com/v0/b/lastmile-ui/o/import%2Fphotos%2Fconverted%2Fproduct%2FthumbUrl%2FCvKfTzV4TN5U8BTMF1Hl_285500_OrXUvGAuc2NCJDRvzNOTXOM3rsp1_s4E5GpeVOGtBj8teM7AC.webp?alt=media&token=a39a77a8-a7dd-43cf-8b2b-506b947df732
IKI,Dekoracijų rinkinys UOGOS IR OBUOLIUKAI,2.24 €,https://firebasestorage.googleapis.com/v0/b/lastmile-ui/o/import%2Fphotos%2Fconverted%2Fproduct%2FthumbUrl%2FCvKfTzV4TN5U8BTMF1Hl_291218_OrXUvGAuc2NCJDRvzNOTXOM3rsp1_XC3wHrcYcoXkhQs6PqaK.webp?alt=media&token=13483fb4-d764-4288-975c-33413558fd94
IKI,"LED girlianda lauko 80 šilta balta, 3m laidas",3.24 €,https://firebasestorage.googleapis.com/v0/b/lastmile-ui/o/import%2Fphotos%2Fconverted%2Fproduct%2FthumbUrl%2FCvKfTzV4TN5U8BTMF1Hl_291279_OrXUvGAuc2NCJDRvzNOTXOM3rsp1_7rXsyb3ClH3jStrrzl0a.webp?alt=media&token=b30e74f2-ab68-44f3-a116-421d90fb5be3
IKI,Minkštas žaislas 10 cm meduolis,3.59 €,https://firebasestorage.googleapis.com/v0/b/lastmile-ui/o/import%2Fphotos%2Fconverted%2Fproduct%2FthumbUrl%2FCvKfTzV4TN5U8BTMF1Hl_291315_uF3DptJQvjXHqmno4Mal_C5xUULkLlxJTsvCIuJQb.webp?alt=media&token=0d4c208b-e72d-4353-a89e-c0ee6f003b94
IKI,Automobilių rinkinys HOT WHEELS,10.19 €,https://firebasestorage.googleapis.com/v0/b/lastmile-ui/o/import%2Fphotos%2Fconverted%2Fproduct%2FthumbUrl%2FCvKfTzV4TN5U8BTMF1Hl_290821_OrXUvGAuc2NCJDRvzNOTXOM3rsp1_4l1nuldogLUUUM6IwcBF.webp?alt=media&token=dd9c0b69-a30d-4039-9e12-35c592ad1366
IKI,Lankelis su rageliais ir uogomis  195X210 mm,0.99 €,https://firebasestorage.googleapis.com/v0/b/lastmile-ui/o/import%2Fphotos%2Fconverted%2Fproduct%2FthumbUrl%2FCvKfTzV4TN5U8BTMF1Hl_291117_OrXUvGAuc2NCJDRvzNOTXOM3rsp1_Szx2Y61KRaCd40DToOO6.webp?alt=media&token=4a9daff2-814e-4587-9e06-1cfba3ee8cd2
IKI,Kvepianti eglutės formos vaško figūrėlė  68 X 60 X 20 mm,0.89 €,https://firebasestorage.googleapis.com/v0/b/lastmile-ui/o/import%2Fphotos%2Fconverted%2Fproduct%2FthumbUrl%2FCvKfTzV4TN5U8BTMF1Hl_291118_OrXUvGAuc2NCJDRvzNOTXOM3rsp1_6jeyWGf8OHmE2ACiGWls.webp?alt=media&token=e42b368c-e15d-41d7-af3f-a53a9585daac
IKI,Eglutės žaisliukas su geometrinėmis  formomis 80 mm,0.89 €,https://firebasestorage.googleapis.com/v0/b/lastmile-ui/o/import%2Fphotos%2Fconverted%2Fproduct%2FthumbUrl%2FCvKfTzV4TN5U8BTMF1Hl_291134_OrXUvGAuc2NCJDRvzNOTXOM3rsp1_gcZdNWiUzNkoXpnQ8vC3.webp?alt=media&token=9406404f-c36d-4b55-96a7-f54ff8cdf7c0
IKI,Eglutės žaisliukas pelėda 8 cm,1.24 €,https://firebasestorage.googleapis.com/v0/b/lastmile-ui/o/import%2Fphotos%2Fconverted%2Fproduct%2FthumbUrl%2FCvKfTzV4TN5U8BTMF1Hl_291155_OrXUvGAuc2NCJDRvzNOTXOM3rsp1_ihfST19L5sfQGYmrawt5.webp?alt=media&token=60e58630-42a3-440b-86db-b5277cd2d161
IKI,"Šiltos žieminės ausinės ACCES Adjustable Headpart, pilkos spalvos",6.59 €,https://firebasestorage.googleapis.com/v0/b/lastmile-ui/o/import%2Fphotos%2Fconverted%2Fproduct%2FthumbUrl%2FCvKfTzV4TN5U8BTMF1Hl_290036_OrXUvGAuc2NCJDRvzNOTXOM3rsp1_JvwdtzOi9P1CJZuZOLlJ.webp?alt=media&token=4f229c15-0d17-444c-917f-644da28ce258
IKI,Pirštinės telefonams su liečiamu ekranu,2.87 €,https://firebasestorage.googleapis.com/v0/b/lastmile-ui/o/import%2Fphotos%2Fconverted%2Fproduct%2FthumbUrl%2FCvKfTzV4TN5U8BTMF1Hl_242978_OrXUvGAuc2NCJDRvzNOTXOM3rsp1_wHoRE5Zh9FfE7kJ2aZDC.webp?alt=media&token=88bb7cde-1106-4018-8bc7-737f4f010711
IKI,Kalėdinis lankelis 23 cm,1.89 €,https://firebasestorage.googleapis.com/v0/b/lastmile-ui/o/import%2Fphotos%2Fconverted%2Fproduct%2FthumbUrl%2FCvKfTzV4TN5U8BTMF1Hl_261868_OrXUvGAuc2NCJDRvzNOTXOM3rsp1_OYbElyMaxNaqN3MpY2Fd.webp?alt=media&token=4ecf561b-fddc-465d-a518-6181e20763f2
IKI,Kalėdinis lankelis Eglutė,1.24 €,https://firebasestorage.googleapis.com/v0/b/lastmile-ui/o/import%2Fphotos%2Fconverted%2Fproduct%2FthumbUrl%2FCvKfTzV4TN5U8BTMF1Hl_256514_OrXUvGAuc2NCJDRvzNOTXOM3rsp1_xnvHhmjIJwDfDUCA4hv4.webp?alt=media&token=986e2dbd-87f3-4683-b41f-113c4f401ceb
IKI,"Šviečianti girlianda 192 LED, išsišakojanti",4.99 €,https://firebasestorage.googleapis.com/v0/b/lastmile-ui/o/import%2Fphotos%2Fconverted%2Fproduct%2FthumbUrl%2FCvKfTzV4TN5U8BTMF1Hl_285213_OrXUvGAuc2NCJDRvzNOTXOM3rsp1_hzPMk44Oer5vgUBlWlMj.webp?alt=media&token=784e6aaa-7ac0-4f74-89f4-d445967ee35e
IKI,"Torto fontanas MEGAFIREWORKS, 12 cm",1.74 €,https://firebasestorage.googleapis.com/v0/b/lastmile-ui/o/import%2Fphotos%2Fconverted%2Fproduct%2FthumbUrl%2FCvKfTzV4TN5U8BTMF1Hl_257291_OrXUvGAuc2NCJDRvzNOTXOM3rsp1_GHgSB06JTOstH1uEyhLY.webp?alt=media&token=06060827-bb2f-4f68-a4e2-25f5ee1a98c6
IKI,"Sidabrinės vielos led 100 lempučių girlianda, balta",1.49 €,https://firebasestorage.googleapis.com/v0/b/lastmile-ui/o/import%2Fphotos%2Fconverted%2Fproduct%2FthumbUrl%2FCvKfTzV4TN5U8BTMF1Hl_279215_OrXUvGAuc2NCJDRvzNOTXOM3rsp1_tF8YCP6FTD8mJUIjMy3y.webp?alt=media&token=630ce58d-27de-4808-8f19-fb425c7c9a24
IKI,"Dekoracija WINTERIA Teddy Bear, 10 cm",2.14 €,https://firebasestorage.googleapis.com/v0/b/lastmile-ui/o/import%2Fphotos%2Fconverted%2Fproduct%2FthumbUrl%2FCvKfTzV4TN5U8BTMF1Hl_290023_OrXUvGAuc2NCJDRvzNOTXOM3rsp1_M0XFhDntWCD7YPCoIY7N.webp?alt=media&token=0a71f523-3c3b-481a-85c7-786acfccb9a8
IKI,Kalėdinė staltiesė 220X150 cm balta,4.49 €,https://firebasestorage.googleapis.com/v0/b/lastmile-ui/o/import%2Fphotos%2Fconverted%2Fproduct%2FthumbUrl%2FCvKfTzV4TN5U8BTMF1Hl_291241_OrXUvGAuc2NCJDRvzNOTXOM3rsp1_6MTqeZHJwYtM0ihnS6Kp.webp?alt=media&token=f8644e6f-c2ce-44d5-a083-dc0da517b6a4
IKI,"Dekoracija auksinis kaspinas, 23 cm",1.49 €,https://firebasestorage.googleapis.com/v0/b/lastmile-ui/o/import%2Fphotos%2Fconverted%2Fproduct%2FthumbUrl%2FCvKfTzV4TN5U8BTMF1Hl_291270_uF3DptJQvjXHqmno4Mal_SQQyd4x3oET05IgP9RFU.webp?alt=media&token=4cf21c71-8bef-4946-a100-9deb8d210641
IKI,Stalo padėkliukas WINTERIA raudonas 38cm,1.24 €,https://firebasestorage.googleapis.com/v0/b/lastmile-ui/o/import%2Fphotos%2Fconverted%2Fproduct%2FthumbUrl%2FCvKfTzV4TN5U8BTMF1Hl_287445_OrXUvGAuc2NCJDRvzNOTXOM3rsp1_nRYk3ArsjC4C8Ll6frxI.webp?alt=media&token=cd1743b4-48b5-4289-a6bd-ebef48643b8a
IKI,Kvapni žvakė stiklinėje dėžutėje,4.24 €,https://firebasestorage.googleapis.com/v0/b/lastmile-ui/o/import%2Fphotos%2Fconverted%2Fproduct%2FthumbUrl%2FCvKfTzV4TN5U8BTMF1Hl_285182_OrXUvGAuc2NCJDRvzNOTXOM3rsp1_Ev5TdOaq2MFWQYPNl7H6.webp?alt=media&token=058d3387-927f-4161-8c14-525b6110c9ed
IKI,Kalėdinė dekoracija kojinė su gyvūnais  40 X 22 cm,2.99 €,https://firebasestorage.googleapis.com/v0/b/lastmile-ui/o/import%2Fphotos%2Fconverted%2Fproduct%2FthumbUrl%2FCvKfTzV4TN5U8BTMF1Hl_291120_OrXUvGAuc2NCJDRvzNOTXOM3rsp1_skcTJ4GJ2FIPbUOVhPI4.webp?alt=media&token=a5251600-f915-4608-a8b8-aac62bcefd5a
IKI,"Saldainių rinkinys Kalėdų Namelis su užduotėlėmis viduje NESTLÉ KIT KAT, 83 g",3.21 €,https://firebasestorage.googleapis.com/v0/b/lastmile-ui/o/import%2Fphotos%2Fconverted%2Fproduct%2FthumbUrl%2FCvKfTzV4TN5U8BTMF1Hl_290585_uF3DptJQvjXHqmno4Mal_utgRRPatD6TiYHWrudDp.webp?alt=media&token=ea385559-4baa-4177-b7f9-577808fe9a3a
IKI,"Tuščiavidurės šokoladinės mini figūrėlės su traškiais dribsniais NESTLÉ KIT KAT, 51 g",2.51 €,https://firebasestorage.googleapis.com/v0/b/lastmile-ui/o/import%2Fphotos%2Fconverted%2Fproduct%2FthumbUrl%2FCvKfTzV4TN5U8BTMF1Hl_290583_uF3DptJQvjXHqmno4Mal_8abSLFzhSqwmiybPFkCD.webp?alt=media&token=cec3fdfd-8d7a-4661-9d6c-33b055b61a2c
IKI,Žaislinis kalėdų maistas SOFTLINGS,6.59 €,https://firebasestorage.googleapis.com/v0/b/lastmile-ui/o/import%2Fphotos%2Fconverted%2Fproduct%2FthumbUrl%2FCvKfTzV4TN5U8BTMF1Hl_285373_uF3DptJQvjXHqmno4Mal_LXIMQtl9wvgcRT5i7Ufj.webp?alt=media&token=093ccbb3-c597-4572-9552-ecf9fa516714
IKI,Kirpėjo rinkinys lagamine TECHNOK,7.49 €,https://firebasestorage.googleapis.com/v0/b/lastmile-ui/o/import%2Fphotos%2Fconverted%2Fproduct%2FthumbUrl%2FCvKfTzV4TN5U8BTMF1Hl_283252_OrXUvGAuc2NCJDRvzNOTXOM3rsp1_oWKuMblifgZjFFzVmkSz.webp?alt=media&token=319aa62f-f198-43a3-863b-f1f5e17d150e
IKI,Staltiesė WINTERIA šviesiai pilka 140x240 cm,11.47 €,https://firebasestorage.googleapis.com/v0/b/lastmile-ui/o/import%2Fphotos%2Fconverted%2Fproduct%2FthumbUrl%2FCvKfTzV4TN5U8BTMF1Hl_287451_OrXUvGAuc2NCJDRvzNOTXOM3rsp1_awGc4llTK6hCzXnkDOOr.webp?alt=media&token=32f557f9-fc0c-43e5-b236-d5760bd4a57c
IKI,"Rankų ir nagų priežiūros rinkinys HELLO WINTE, Frosted Cranberry",2.99 €,https://firebasestorage.googleapis.com/v0/b/lastmile-ui/o/import%2Fphotos%2Fconverted%2Fproduct%2FthumbUrl%2FCvKfTzV4TN5U8BTMF1Hl_285615_OrXUvGAuc2NCJDRvzNOTXOM3rsp1_EzJcjWIDQxODHIw67DgL.webp?alt=media&token=e2fe5649-dfe9-4df6-b869-62b62d4d96cc
IKI,NIVEA MEN GET ACTIVE kalėdinis dovanųrinkinys,3.99 €,https://firebasestorage.googleapis.com/v0/b/lastmile-ui/o/import%2Fphotos%2Fconverted%2Fproduct%2FthumbUrl%2FCvKfTzV4TN5U8BTMF1Hl_291013_OrXUvGAuc2NCJDRvzNOTXOM3rsp1_6LuSb6XBAqH514i7FTet.webp?alt=media&token=cdd8993a-8307-4411-81f9-af5dcaaa145b
IKI,"KESPER pjaustymo lentelė 34x24x0,4 cm",3.57 €,https://firebasestorage.googleapis.com/v0/b/lastmile-ui/o/import%2Fphotos%2Fconverted%2Fproduct%2FthumbUrl%2FCvKfTzV4TN5U8BTMF1Hl_288246_OrXUvGAuc2NCJDRvzNOTXOM3rsp1_EiQqVZgYfcHpmhv6mXhx.webp?alt=media&token=b08a1512-e79c-405c-9813-ac3d802ba31a
IKI,L'Oreal Paris Age Specialist kalėdinis rinkinys,13.99 €,https://firebasestorage.googleapis.com/v0/b/lastmile-ui/o/import%2Fphotos%2Fconverted%2Fproduct%2FthumbUrl%2FCvKfTzV4TN5U8BTMF1Hl_290973_OrXUvGAuc2NCJDRvzNOTXOM3rsp1_nAUMPbHo4MhtjrzBAsPw.webp?alt=media&token=983c9742-dd0a-403c-9a0a-01d305880be1
IKI,"KESPER pjaustymo lentelė 34x24x0,4 cm",3.57 €,https://firebasestorage.googleapis.com/v0/b/lastmile-ui/o/import%2Fphotos%2Fconverted%2Fproduct%2FthumbUrl%2FCvKfTzV4TN5U8BTMF1Hl_288248_OrXUvGAuc2NCJDRvzNOTXOM3rsp1_DLSV4MjPJjAPD8sOZAln.webp?alt=media&token=c299d2bd-07c8-4438-8d7f-386e104ca1d0
IKI,KESPER daržovių peilis 23 cm,4.12 €,https://firebasestorage.googleapis.com/v0/b/lastmile-ui/o/import%2Fphotos%2Fconverted%2Fproduct%2FthumbUrl%2FCvKfTzV4TN5U8BTMF1Hl_288239_OrXUvGAuc2NCJDRvzNOTXOM3rsp1_7Z96sBBaaTcyBzlBHw92.webp?alt=media&token=9be69c4a-3de2-4d2a-aad2-82b37b1296e6
IKI,Rinkinys Kvapas 150 ml+žvakė Vanilla Black,8.49 €,https://firebasestorage.googleapis.com/v0/b/lastmile-ui/o/import%2Fphotos%2Fconverted%2Fproduct%2FthumbUrl%2FCvKfTzV4TN5U8BTMF1Hl_290970_OrXUvGAuc2NCJDRvzNOTXOM3rsp1_456Ftiebt0dW7rsNlwNT.webp?alt=media&token=626429b5-6925-4c99-9720-1455d5f2834c
IKI,"Medinė dėžutė, 36x15 cm KESPER, 8 skyriai",9.34 €,https://firebasestorage.googleapis.com/v0/b/lastmile-ui/o/import%2Fphotos%2Fconverted%2Fproduct%2FthumbUrl%2FCvKfTzV4TN5U8BTMF1Hl_282590_OrXUvGAuc2NCJDRvzNOTXOM3rsp1_xWoAHjPEurDRgsTksTYr.webp?alt=media&token=47fcd47a-fc8a-4222-9a66-2c783091f67f
IKI,Kalėdų kompozicija LEGO,31.49 €,https://firebasestorage.googleapis.com/v0/b/lastmile-ui/o/import%2Fphotos%2Fconverted%2Fproduct%2FthumbUrl%2FCvKfTzV4TN5U8BTMF1Hl_291852_OrXUvGAuc2NCJDRvzNOTXOM3rsp1_hMPv6dWM1O8CxJmK8C84.webp?alt=media&token=10567d0c-a1d7-46c0-9c96-df3822eeae77
IKI,Trijų aukštų serviravimo padėklas MAKU,10.99 €,https://firebasestorage.googleapis.com/v0/b/lastmile-ui/o/import%2Fphotos%2Fconverted%2Fproduct%2FthumbUrl%2FCvKfTzV4TN5U8BTMF1Hl_290133_OrXUvGAuc2NCJDRvzNOTXOM3rsp1_Cn9Z11FWryWEjVPirKus.webp?alt=media&token=4e698585-e91f-4bef-9974-8e01d82bb698
IKI,"Vyno ar šampano šaldymo talpa MAKU marble, 14x16 cm, ruda",19.99 €,https://firebasestorage.googleapis.com/v0/b/lastmile-ui/o/import%2Fphotos%2Fconverted%2Fproduct%2FthumbUrl%2FCvKfTzV4TN5U8BTMF1Hl_290132_OrXUvGAuc2NCJDRvzNOTXOM3rsp1_SJo4Hmi1BwdrToJGu4Ar.webp?alt=media&token=3663172c-73b3-4fdc-b9be-e175d65690df
IKI,Dažomasis plaukų kremas PALETTE ICC R2,2.99 €,https://firebasestorage.googleapis.com/v0/b/lastmile-ui/o/import%2Fphotos%2Fconverted%2Fproduct%2FthumbUrl%2FCvKfTzV4TN5U8BTMF1Hl_83172_OrXUvGAuc2NCJDRvzNOTXOM3rsp1_iF6NABK51znVM4Hhd1HR.webp?alt=media&token=4d21f86b-048d-4120-99c6-6ca943ed1de9
IKI,"Moteriškos pėdkelnės INCANTO ACTIVE BODY 20 DEN, 2 dydis, spalva NERO",3.59 €,https://storage.googleapis.com/download/storage/v1/b/lastmile-ui/o/import%2Fphotos%2Fconverted%2Fproduct%2FCvKfTzV4TN5U8BTMF1Hl_225673_CvKfTzV4TN5U8BTMF1Hl_W5RvAbpnRicygag1V4nopPhtD8z2_xIF3wN0XsGovBnqWelRc_thumb.webp?generation=1699884886278993&alt=media
IKI,"Moteriškos pėdkelnės INCANTO FASHION 20 DEN, 2 dydis, spalva NERO",3.29 €,https://storage.googleapis.com/download/storage/v1/b/lastmile-ui/o/import%2Fphotos%2Fconverted%2Fproduct%2FCvKfTzV4TN5U8BTMF1Hl_225627_CvKfTzV4TN5U8BTMF1Hl_W5RvAbpnRicygag1V4nopPhtD8z2_448UDwdglHHgeJXj7HmK_thumb.webp?generation=1699884884658223&alt=media
IKI,"Moteriškos pėdkelnės INCANTO ACTIVE BODY 20 DEN, 3 dydis, spalva NERO",3.59 €,https://storage.googleapis.com/download/storage/v1/b/lastmile-ui/o/import%2Fphotos%2Fconverted%2Fproduct%2FCvKfTzV4TN5U8BTMF1Hl_225674_CvKfTzV4TN5U8BTMF1Hl_W5RvAbpnRicygag1V4nopPhtD8z2_S0Ut2sPTwL71uOnDlfSm_thumb.webp?generation=1699884886417374&alt=media
IKI,"Moteriškos pėdkelnės INCANTO COSMO 20 DEN, 5 dydis, spalva DAINO",2.99 €,https://storage.googleapis.com/download/storage/v1/b/lastmile-ui/o/import%2Fphotos%2Fconverted%2Fproduct%2FCvKfTzV4TN5U8BTMF1Hl_220148_CvKfTzV4TN5U8BTMF1Hl_W5RvAbpnRicygag1V4nopPhtD8z2_hR9hflOO5wtSRMAuRu9T_thumb.webp?generation=1699884880638449&alt=media
IKI,"Kalendorius, 1 vnt.",2.09 €,https://storage.googleapis.com/download/storage/v1/b/lastmile-ui/o/images%2Fproducts%2Fthumb_ffUljdL9WfOkhIiJq6BW.jpg?generation=1639147441195494&alt=media
IKI,Moteriškos pėdkelnės GLAMOUR VELOUR 120,5.09 €,https://storage.googleapis.com/download/storage/v1/b/lastmile-ui/o/import%2Fphotos%2Fconverted%2Fproduct%2FCvKfTzV4TN5U8BTMF1Hl_261058_CvKfTzV4TN5U8BTMF1Hl_W5RvAbpnRicygag1V4nopPhtD8z2_JoDM2yzYLjVWUBU32oGm_thumb.webp?generation=1699884895584632&alt=media
IKI,"Moteriškos pėdkelnės GLAMOUR THIN BODY 40 DEN, 3 dydis, spalva MIELE",5.69 €,https://storage.googleapis.com/download/storage/v1/b/lastmile-ui/o/import%2Fphotos%2Fconverted%2Fproduct%2FCvKfTzV4TN5U8BTMF1Hl_261054_CvKfTzV4TN5U8BTMF1Hl_W5RvAbpnRicygag1V4nopPhtD8z2_GTraQHBnu2bhYfoLrPM8_thumb.webp?generation=1699884895044533&alt=media
IKI,Plaukų dažomasis kremas PALETTE,2.99 €,https://firebasestorage.googleapis.com/v0/b/lastmile-ui/o/import%2Fphotos%2Fconverted%2Fproduct%2FthumbUrl%2FCvKfTzV4TN5U8BTMF1Hl_22798_OrXUvGAuc2NCJDRvzNOTXOM3rsp1_QNc1eQaJj8cPO4qgqnva.webp?alt=media&token=97d2247d-e130-490a-8b90-aea322f24b36
IKI,"Moteriškos pėdkelnės INCANTO MODEL UP 40 DEN, 3 dydis, NERO",5.99 €,https://storage.googleapis.com/download/storage/v1/b/lastmile-ui/o/import%2Fphotos%2Fconverted%2Fproduct%2FCvKfTzV4TN5U8BTMF1Hl_220198_CvKfTzV4TN5U8BTMF1Hl_W5RvAbpnRicygag1V4nopPhtD8z2_tQc0WCxq2KSxzlgvRZFa_thumb.webp?generation=1699884904470841&alt=media
IKI,Moteriškos pėdkelnės INCANTO MICRO VELVET 100,5.39 €,https://storage.googleapis.com/download/storage/v1/b/lastmile-ui/o/import%2Fphotos%2Fconverted%2Fproduct%2FCvKfTzV4TN5U8BTMF1Hl_220184_CvKfTzV4TN5U8BTMF1Hl_W5RvAbpnRicygag1V4nopPhtD8z2_DiUwvwi9Pah0jyLGdBlX_thumb.webp?generation=1699884882868098&alt=media
IKI,Moteriškos pėdkelnės INCANTO MICRO VELVET 100,5.39 €,https://storage.googleapis.com/download/storage/v1/b/lastmile-ui/o/import%2Fphotos%2Fconverted%2Fproduct%2FCvKfTzV4TN5U8BTMF1Hl_220183_CvKfTzV4TN5U8BTMF1Hl_W5RvAbpnRicygag1V4nopPhtD8z2_p0DCz3kKaql3D8eoX1Pm_thumb.webp?generation=1699884881425532&alt=media
IKI,"Moteriškos pėdkelnės INCANTO ACTIVE BODY 40 DEN, 2 dydis, spalva NERO",3.89 €,https://storage.googleapis.com/download/storage/v1/b/lastmile-ui/o/import%2Fphotos%2Fconverted%2Fproduct%2FCvKfTzV4TN5U8BTMF1Hl_220129_CvKfTzV4TN5U8BTMF1Hl_W5RvAbpnRicygag1V4nopPhtD8z2_ZYIGou46h8yUituuVPN1_thumb.webp?generation=1699884883411925&alt=media
IKI,"Moteriškos pėdkelnės INCANTO COSMO 20 DEN, 3 dydis, spalva NERO",2.99 €,https://storage.googleapis.com/download/storage/v1/b/lastmile-ui/o/import%2Fphotos%2Fconverted%2Fproduct%2FCvKfTzV4TN5U8BTMF1Hl_220142_CvKfTzV4TN5U8BTMF1Hl_W5RvAbpnRicygag1V4nopPhtD8z2_1x9Ta9YGzn38I8Cwz7yP_thumb.webp?generation=1699884880560769&alt=media
IKI,"Moteriškos pėdkelnės INCANTO COSMO 40 DEN, 4 dydis, spalva NERO",3.29 €,https://firebasestorage.googleapis.com/v0/b/lastmile-ui/o/import%2Fphotos%2Fconverted%2Fproduct%2FthumbUrl%2FCvKfTzV4TN5U8BTMF1Hl_220157_uF3DptJQvjXHqmno4Mal_ShCr1ZFDSmMWEP0wbgp9.webp?alt=media&token=63917ffe-e78d-4c12-bb50-12944a9b283e
IKI,Moteriškos pėdkelnės INCANTO Micro Velvet 100,5.39 €,https://storage.googleapis.com/download/storage/v1/b/lastmile-ui/o/import%2Fphotos%2Fconverted%2Fproduct%2FCvKfTzV4TN5U8BTMF1Hl_220181_CvKfTzV4TN5U8BTMF1Hl_W5RvAbpnRicygag1V4nopPhtD8z2_drktsAsz7cJkS3aHgRHz_thumb.webp?generation=1699884881752060&alt=media
IKI,"Moteriškos pėdkelnės ,INCANTO MICRO VELVET 100",5.39 €,https://storage.googleapis.com/download/storage/v1/b/lastmile-ui/o/import%2Fphotos%2Fconverted%2Fproduct%2FCvKfTzV4TN5U8BTMF1Hl_236737_CvKfTzV4TN5U8BTMF1Hl_W5RvAbpnRicygag1V4nopPhtD8z2_ce8jI0bZzXsuDfUhuCN1_thumb.webp?generation=1699884886353489&alt=media
IKI,"Moteriškos pėdkelnės INCANTO COSMO 40 DEN, 3 dydis, spalva DAINO",3.29 €,https://storage.googleapis.com/download/storage/v1/b/lastmile-ui/o/import%2Fphotos%2Fconverted%2Fproduct%2FCvKfTzV4TN5U8BTMF1Hl_240355_CvKfTzV4TN5U8BTMF1Hl_W5RvAbpnRicygag1V4nopPhtD8z2_3gbq2OLfvGNUfs88biY2_thumb.webp?generation=1699884885351444&alt=media
IKI,"Moteriškos pėdkelnės INCANTO POUDRE 20 DEN, 3 dydis, spalva MELON",4.79 €,https://storage.googleapis.com/download/storage/v1/b/lastmile-ui/o/import%2Fphotos%2Fconverted%2Fproduct%2FCvKfTzV4TN5U8BTMF1Hl_253281_CvKfTzV4TN5U8BTMF1Hl_W5RvAbpnRicygag1V4nopPhtD8z2_jcsOi9iCKMYWIMUwJxjK_thumb.webp?generation=1699884906093014&alt=media
IKI,"Moteriškos pėdkelnės INCANTO POUDRE 20 DEN, 4 dydis, spalva NERO",4.79 €,https://storage.googleapis.com/download/storage/v1/b/lastmile-ui/o/import%2Fphotos%2Fconverted%2Fproduct%2FCvKfTzV4TN5U8BTMF1Hl_253275_CvKfTzV4TN5U8BTMF1Hl_W5RvAbpnRicygag1V4nopPhtD8z2_Op38XyBoMayeCKGoGx7J_thumb.webp?generation=1699884905547855&alt=media
IKI,Moteriškos pėdkelnės INCANTO ACTIVE BODY 40,3.89 €,https://storage.googleapis.com/download/storage/v1/b/lastmile-ui/o/import%2Fphotos%2Fconverted%2Fproduct%2FCvKfTzV4TN5U8BTMF1Hl_240343_CvKfTzV4TN5U8BTMF1Hl_W5RvAbpnRicygag1V4nopPhtD8z2_jbdPsD6OpsM4Ug7nlyRH_thumb.webp?generation=1699884887190722&alt=media
IKI,"Moteriškos pėdkelnės INCANTO COSMO 20 DEN, 4 dydis, spalva GRAFITE",2.99 €,https://storage.googleapis.com/download/storage/v1/b/lastmile-ui/o/import%2Fphotos%2Fconverted%2Fproduct%2FCvKfTzV4TN5U8BTMF1Hl_240348_CvKfTzV4TN5U8BTMF1Hl_W5RvAbpnRicygag1V4nopPhtD8z2_HT8KUx6w4ejpoVkWMd8o_thumb.webp?generation=1699884885252858&alt=media
IKI,Moteriškos pėdkelnės INCANTO ACTIVE BODY 40,3.89 €,https://storage.googleapis.com/download/storage/v1/b/lastmile-ui/o/import%2Fphotos%2Fconverted%2Fproduct%2FCvKfTzV4TN5U8BTMF1Hl_240345_CvKfTzV4TN5U8BTMF1Hl_W5RvAbpnRicygag1V4nopPhtD8z2_7x2fK90D0JPZCg1kc3nQ_thumb.webp?generation=1699884885080915&alt=media
IKI,"Moteriškos pėdkelnės INCANTO COSMO 20 DEN, 5 dydis, spalva GRAFITE",2.99 €,https://storage.googleapis.com/download/storage/v1/b/lastmile-ui/o/import%2Fphotos%2Fconverted%2Fproduct%2FCvKfTzV4TN5U8BTMF1Hl_240349_CvKfTzV4TN5U8BTMF1Hl_W5RvAbpnRicygag1V4nopPhtD8z2_g3aLsNfqTY7aIFqqRSUZ_thumb.webp?generation=1699884885995776&alt=media
IKI,"Moteriškos pėdkelnės INCANTO POUDRE 20 DEN, 5 dydis, spalva NERO",4.79 €,https://storage.googleapis.com/download/storage/v1/b/lastmile-ui/o/import%2Fphotos%2Fconverted%2Fproduct%2FCvKfTzV4TN5U8BTMF1Hl_253276_CvKfTzV4TN5U8BTMF1Hl_W5RvAbpnRicygag1V4nopPhtD8z2_ZZEyFjzkVfdHdPK7aVB7_thumb.webp?generation=1699884905851034&alt=media
IKI,"Moteriškos pėdkelnės INCANTO POUDRE 40 DEN, 5 dydis, spalva DAINO",5.09 €,https://storage.googleapis.com/download/storage/v1/b/lastmile-ui/o/import%2Fphotos%2Fconverted%2Fproduct%2FCvKfTzV4TN5U8BTMF1Hl_253292_CvKfTzV4TN5U8BTMF1Hl_W5RvAbpnRicygag1V4nopPhtD8z2_GZWBQVkaWcaFkKGoZZxw_thumb.webp?generation=1699884907069866&alt=media
IKI,"Moteriškos pėdkelnės INCANTO POUDRE 20 DEN, 4 dydis, spalva MELON",4.79 €,https://storage.googleapis.com/download/storage/v1/b/lastmile-ui/o/import%2Fphotos%2Fconverted%2Fproduct%2FCvKfTzV4TN5U8BTMF1Hl_253282_CvKfTzV4TN5U8BTMF1Hl_W5RvAbpnRicygag1V4nopPhtD8z2_eXRCc1bec3yjMqvxQ9wp_thumb.webp?generation=1699884906544889&alt=media
IKI,"Moteriškos pėdkelnės INCANTO POUDRE 40 DEN, 2 dydis, spalva NERO",5.09 €,https://storage.googleapis.com/download/storage/v1/b/lastmile-ui/o/import%2Fphotos%2Fconverted%2Fproduct%2FCvKfTzV4TN5U8BTMF1Hl_253283_CvKfTzV4TN5U8BTMF1Hl_W5RvAbpnRicygag1V4nopPhtD8z2_I9c5ZlKg3yfFVf0zeZW2_thumb.webp?generation=1699884907042875&alt=media
IKI,Moteriškos pėdutės INCANTO,2.87 €,https://storage.googleapis.com/download/storage/v1/b/lastmile-ui/o/import%2Fphotos%2Fconverted%2Fproduct%2FCvKfTzV4TN5U8BTMF1Hl_253334_CvKfTzV4TN5U8BTMF1Hl_W5RvAbpnRicygag1V4nopPhtD8z2_4dImpyAAAZKjmySyg2on_thumb.webp?generation=1699884917012868&alt=media
IKI,Moteriškos pėdkelnės INCANTO MICRO VELVET 100,5.39 €,https://storage.googleapis.com/download/storage/v1/b/lastmile-ui/o/import%2Fphotos%2Fconverted%2Fproduct%2FCvKfTzV4TN5U8BTMF1Hl_255333_CvKfTzV4TN5U8BTMF1Hl_W5RvAbpnRicygag1V4nopPhtD8z2_pcZC02ueS3S4A6qsLX83_thumb.webp?generation=1699884889002827&alt=media
IKI,Moteriškos pėdkelnės INCANTO MICRO VELVET 100,5.39 €,https://storage.googleapis.com/download/storage/v1/b/lastmile-ui/o/import%2Fphotos%2Fconverted%2Fproduct%2FCvKfTzV4TN5U8BTMF1Hl_255331_CvKfTzV4TN5U8BTMF1Hl_W5RvAbpnRicygag1V4nopPhtD8z2_buKIgeLSmyYo9vo5w5M5_thumb.webp?generation=1699884894178158&alt=media
IKI,Moteriškos pėdkelnės INCANTO MICRO VELVET 100,5.39 €,https://storage.googleapis.com/download/storage/v1/b/lastmile-ui/o/import%2Fphotos%2Fconverted%2Fproduct%2FCvKfTzV4TN5U8BTMF1Hl_255332_CvKfTzV4TN5U8BTMF1Hl_W5RvAbpnRicygag1V4nopPhtD8z2_II6NtRCnfWwpZTnt7xPp_thumb.webp?generation=1699884889716022&alt=media
IKI,Moteriškos pėdkelnės INCANTO MICRO VELVET 70,5.39 €,https://storage.googleapis.com/download/storage/v1/b/lastmile-ui/o/import%2Fphotos%2Fconverted%2Fproduct%2FCvKfTzV4TN5U8BTMF1Hl_255320_CvKfTzV4TN5U8BTMF1Hl_W5RvAbpnRicygag1V4nopPhtD8z2_kz1OjDKKWeSuZvLbcngO_thumb.webp?generation=1699884893363100&alt=media
IKI,Moteriškos pėdkelnės INCANTO MICRO VELVET 70,5.39 €,https://storage.googleapis.com/download/storage/v1/b/lastmile-ui/o/import%2Fphotos%2Fconverted%2Fproduct%2FCvKfTzV4TN5U8BTMF1Hl_255324_CvKfTzV4TN5U8BTMF1Hl_W5RvAbpnRicygag1V4nopPhtD8z2_Wot8D5y8elczO1sq9TOT_thumb.webp?generation=1699884889256961&alt=media
IKI,Moteriškos pėdkelnės INCANTO MICRO VELVET 70,5.39 €,https://storage.googleapis.com/download/storage/v1/b/lastmile-ui/o/import%2Fphotos%2Fconverted%2Fproduct%2FCvKfTzV4TN5U8BTMF1Hl_255322_CvKfTzV4TN5U8BTMF1Hl_W5RvAbpnRicygag1V4nopPhtD8z2_T7gaiRbB0Eek2o74w8VX_thumb.webp?generation=1699884889065778&alt=media
IKI,"Moteriškos pėdkelnės GLAMOUR EDERA 20 DEN, 5 dydis, spalva NERO",2.39 €,https://storage.googleapis.com/download/storage/v1/b/lastmile-ui/o/import%2Fphotos%2Fconverted%2Fproduct%2FCvKfTzV4TN5U8BTMF1Hl_260879_CvKfTzV4TN5U8BTMF1Hl_W5RvAbpnRicygag1V4nopPhtD8z2_ra0ezSnFbYCCbaapl6cP_thumb.webp?generation=1699884890553235&alt=media
IKI,"Moteriškos pėdkelnės GLAMOUR EDERA 20 DEN, 2 dydis, spalva MIELE",2.39 €,https://storage.googleapis.com/download/storage/v1/b/lastmile-ui/o/import%2Fphotos%2Fconverted%2Fproduct%2FCvKfTzV4TN5U8BTMF1Hl_260884_CvKfTzV4TN5U8BTMF1Hl_W5RvAbpnRicygag1V4nopPhtD8z2_W1IPlqNGlZSa1oRRaGVi_thumb.webp?generation=1699884890631225&alt=media
IKI,"Moteriškos pėdkelnės GLAMOUR POS.PRESS 30 DEN, 4 dydis, spalva NERO",3.29 €,https://storage.googleapis.com/download/storage/v1/b/lastmile-ui/o/import%2Fphotos%2Fconverted%2Fproduct%2FCvKfTzV4TN5U8BTMF1Hl_261013_CvKfTzV4TN5U8BTMF1Hl_W5RvAbpnRicygag1V4nopPhtD8z2_c6dUlNmEBLDbOSPJeQTx_thumb.webp?generation=1699884892769607&alt=media
IKI,"Moteriškos pėdkelnės GLAMOUR EDERA 20 DEN, 4 dydis, spalva NERO",2.39 €,https://storage.googleapis.com/download/storage/v1/b/lastmile-ui/o/import%2Fphotos%2Fconverted%2Fproduct%2FCvKfTzV4TN5U8BTMF1Hl_260878_CvKfTzV4TN5U8BTMF1Hl_W5RvAbpnRicygag1V4nopPhtD8z2_XVdt20BnRJhEjJ2S0VvL_thumb.webp?generation=1699884890491031&alt=media
IKI,"Moteriškos pėdkelnės GLAMOUR POS.PRESS 30 DEN, 5 dydis, spalva NERO",3.29 €,https://storage.googleapis.com/download/storage/v1/b/lastmile-ui/o/import%2Fphotos%2Fconverted%2Fproduct%2FCvKfTzV4TN5U8BTMF1Hl_261014_CvKfTzV4TN5U8BTMF1Hl_W5RvAbpnRicygag1V4nopPhtD8z2_5I6rQQmp1Kw6eSGhLEN4_thumb.webp?generation=1699884895264773&alt=media
IKI,"Moteriškos pėdkelnės GLAMOUR EDERA 20 DEN, 4 dydis, spalva MIELE",2.39 €,https://storage.googleapis.com/download/storage/v1/b/lastmile-ui/o/import%2Fphotos%2Fconverted%2Fproduct%2FCvKfTzV4TN5U8BTMF1Hl_260886_CvKfTzV4TN5U8BTMF1Hl_W5RvAbpnRicygag1V4nopPhtD8z2_ij6doCTJqB02jihMWtd1_thumb.webp?generation=1699884894381312&alt=media
IKI,"Moteriškos pėdkelnės GLAMOUR POS.PRESS 30 DEN, 4 dydis, spalva MIELE",3.29 €,https://storage.googleapis.com/download/storage/v1/b/lastmile-ui/o/import%2Fphotos%2Fconverted%2Fproduct%2FCvKfTzV4TN5U8BTMF1Hl_261023_CvKfTzV4TN5U8BTMF1Hl_W5RvAbpnRicygag1V4nopPhtD8z2_wWMQ5NEn96QC1jEFZHbm_thumb.webp?generation=1699884893012668&alt=media
IKI,"Moteriškos pėdkelnės GLAMOUR THIN BODY 40 DEN, 4 dydis, spalva DAINO",5.69 €,https://storage.googleapis.com/download/storage/v1/b/lastmile-ui/o/import%2Fphotos%2Fconverted%2Fproduct%2FCvKfTzV4TN5U8BTMF1Hl_261052_CvKfTzV4TN5U8BTMF1Hl_W5RvAbpnRicygag1V4nopPhtD8z2_JwcyCfAtnyFo5bj45bQ9_thumb.webp?generation=1699884894378746&alt=media
IKI,"Moteriškos pėdkelnės GLAMOUR POS.PRESS 30 DEN, 2 dydis, spalva NERO",3.29 €,https://storage.googleapis.com/download/storage/v1/b/lastmile-ui/o/import%2Fphotos%2Fconverted%2Fproduct%2FCvKfTzV4TN5U8BTMF1Hl_261011_CvKfTzV4TN5U8BTMF1Hl_W5RvAbpnRicygag1V4nopPhtD8z2_B8ZZNZwyCUVOjMaS5jJ2_thumb.webp?generation=1699884895032094&alt=media
IKI,"Moteriškos pėdkelnės GLAMOUR THIN BODY 40 DEN, 4 dydis, spalva NERO",5.69 €,https://storage.googleapis.com/download/storage/v1/b/lastmile-ui/o/import%2Fphotos%2Fconverted%2Fproduct%2FCvKfTzV4TN5U8BTMF1Hl_261049_CvKfTzV4TN5U8BTMF1Hl_W5RvAbpnRicygag1V4nopPhtD8z2_boqqqjvv7T8cXVDyexgL_thumb.webp?generation=1699884894280025&alt=media
IKI,"Moteriškos pėdkelnės GLAMOUR EDERA 40 DEN, 3 dydis, spalva NERO",2.87 €,https://storage.googleapis.com/download/storage/v1/b/lastmile-ui/o/import%2Fphotos%2Fconverted%2Fproduct%2FCvKfTzV4TN5U8BTMF1Hl_261000_CvKfTzV4TN5U8BTMF1Hl_W5RvAbpnRicygag1V4nopPhtD8z2_9fznUmA4x4zGmLI9tOHY_thumb.webp?generation=1699884891461112&alt=media
IKI,"Moteriškos pėdkelnės GLAMOUR EDERA 40 DEN, 2 dydis, spalva NERO",2.87 €,https://storage.googleapis.com/download/storage/v1/b/lastmile-ui/o/import%2Fphotos%2Fconverted%2Fproduct%2FCvKfTzV4TN5U8BTMF1Hl_260938_CvKfTzV4TN5U8BTMF1Hl_W5RvAbpnRicygag1V4nopPhtD8z2_GGA1sYdMwyCKJaqdiK2E_thumb.webp?generation=1699884891154920&alt=media
IKI,"Moteriškos pėdkelnės GLAMOUR THIN BODY 40 DEN, 2 dydis, spalva DAINO",5.69 €,https://storage.googleapis.com/download/storage/v1/b/lastmile-ui/o/import%2Fphotos%2Fconverted%2Fproduct%2FCvKfTzV4TN5U8BTMF1Hl_261050_CvKfTzV4TN5U8BTMF1Hl_W5RvAbpnRicygag1V4nopPhtD8z2_h0O5jJzUPYqfPHiUdKqU_thumb.webp?generation=1699884894184089&alt=media
IKI,"Moteriškos pėdkelnės GLAMOUR EDERA 40 DEN, 5 dydis, spalva NERO",2.87 €,https://storage.googleapis.com/download/storage/v1/b/lastmile-ui/o/import%2Fphotos%2Fconverted%2Fproduct%2FCvKfTzV4TN5U8BTMF1Hl_261002_CvKfTzV4TN5U8BTMF1Hl_W5RvAbpnRicygag1V4nopPhtD8z2_ypQ9oEnK0kKJ3MajASnz_thumb.webp?generation=1699884891912706&alt=media
IKI,"Moteriškos pėdkelnės GLAMOUR GINESTRA 40 DEN, 2 dydis, spalva NERO",3.59 €,https://storage.googleapis.com/download/storage/v1/b/lastmile-ui/o/import%2Fphotos%2Fconverted%2Fproduct%2FCvKfTzV4TN5U8BTMF1Hl_261077_CvKfTzV4TN5U8BTMF1Hl_W5RvAbpnRicygag1V4nopPhtD8z2_qNvBxd5LfqP2OiKrGhOR_thumb.webp?generation=1699884900458249&alt=media
IKI,"Moteriškos pėdkelnės GLAMOUR POS.PRESS 50 DEN, 3 dydis, spalva NERO",3.47 €,https://storage.googleapis.com/download/storage/v1/b/lastmile-ui/o/import%2Fphotos%2Fconverted%2Fproduct%2FCvKfTzV4TN5U8BTMF1Hl_261027_CvKfTzV4TN5U8BTMF1Hl_W5RvAbpnRicygag1V4nopPhtD8z2_K5Wi9QB8hCxXFYSMvJBl_thumb.webp?generation=1699884893038542&alt=media
IKI,Moteriškos pėdkelnės GLAMOUR VELOUR 120,5.09 €,https://storage.googleapis.com/download/storage/v1/b/lastmile-ui/o/import%2Fphotos%2Fconverted%2Fproduct%2FCvKfTzV4TN5U8BTMF1Hl_261056_CvKfTzV4TN5U8BTMF1Hl_W5RvAbpnRicygag1V4nopPhtD8z2_WqhDsYva1xbXrQT34EXW_thumb.webp?generation=1699884894629994&alt=media
IKI,"Moteriškos pėdkelnės GLAMOUR THIN BODY 40 DEN, 3 dydis, spalva NERO",5.69 €,https://storage.googleapis.com/download/storage/v1/b/lastmile-ui/o/import%2Fphotos%2Fconverted%2Fproduct%2FCvKfTzV4TN5U8BTMF1Hl_261048_CvKfTzV4TN5U8BTMF1Hl_W5RvAbpnRicygag1V4nopPhtD8z2_sRHlZ2pvl0qGpikegY6S_thumb.webp?generation=1699884894389410&alt=media
IKI,Moteriškos pėdkelnės GLAMOUR VELOUR 120,5.09 €,https://storage.googleapis.com/download/storage/v1/b/lastmile-ui/o/import%2Fphotos%2Fconverted%2Fproduct%2FCvKfTzV4TN5U8BTMF1Hl_261059_CvKfTzV4TN5U8BTMF1Hl_W5RvAbpnRicygag1V4nopPhtD8z2_oEju1kzwsWP2ITiA7JYk_thumb.webp?generation=1699884894917846&alt=media
IKI,"Moteriškos pėdkelnės GLAMOUR POS.PRESS 30 DEN, 3 dydis, spalva GLACE",3.29 €,https://storage.googleapis.com/download/storage/v1/b/lastmile-ui/o/import%2Fphotos%2Fconverted%2Fproduct%2FCvKfTzV4TN5U8BTMF1Hl_261017_CvKfTzV4TN5U8BTMF1Hl_W5RvAbpnRicygag1V4nopPhtD8z2_7mQTfnFNpB5LxROID49K_thumb.webp?generation=1699884893475871&alt=media
IKI,"Moteriškos pėdkelnės GLAMOUR THIN BODY 40 DEN, 3 dydis, spalva DAINO",5.69 €,https://storage.googleapis.com/download/storage/v1/b/lastmile-ui/o/import%2Fphotos%2Fconverted%2Fproduct%2FCvKfTzV4TN5U8BTMF1Hl_261051_CvKfTzV4TN5U8BTMF1Hl_W5RvAbpnRicygag1V4nopPhtD8z2_K7Qc08SKvykfYTPK1GpJ_thumb.webp?generation=1699884895719124&alt=media
IKI,"Moteriškos pėdkelnės GLAMOUR POS.PRESS 50 DEN, 5 dydis, spalva NERO",3.47 €,https://storage.googleapis.com/download/storage/v1/b/lastmile-ui/o/import%2Fphotos%2Fconverted%2Fproduct%2FCvKfTzV4TN5U8BTMF1Hl_261032_CvKfTzV4TN5U8BTMF1Hl_W5RvAbpnRicygag1V4nopPhtD8z2_0jP4guefsLV8vE96dtvK_thumb.webp?generation=1699884893467651&alt=media
IKI,"Moteriškos pėdkelnės GLAMOUR POS.PRESS 30 DEN, 5 dydis, spalva MIELE",3.29 €,https://storage.googleapis.com/download/storage/v1/b/lastmile-ui/o/import%2Fphotos%2Fconverted%2Fproduct%2FCvKfTzV4TN5U8BTMF1Hl_261024_CvKfTzV4TN5U8BTMF1Hl_W5RvAbpnRicygag1V4nopPhtD8z2_kwD5HXLmIpQ7v9BkrjPh_thumb.webp?generation=1699884893095623&alt=media
IKI,"Moteriškos pėdkelnės GLAMOUR GINESTRA 40 DEN, 3 dydis, spalva MIELE",3.59 €,https://storage.googleapis.com/download/storage/v1/b/lastmile-ui/o/import%2Fphotos%2Fconverted%2Fproduct%2FCvKfTzV4TN5U8BTMF1Hl_261098_CvKfTzV4TN5U8BTMF1Hl_W5RvAbpnRicygag1V4nopPhtD8z2_XdR5V6HnVoJ5srizhMxo_thumb.webp?generation=1699884895437655&alt=media
IKI,"Moteriškos pėdkelnės GLAMOUR GINESTRA 40 DEN, 3 dydis, spalva NERO",3.59 €,https://storage.googleapis.com/download/storage/v1/b/lastmile-ui/o/import%2Fphotos%2Fconverted%2Fproduct%2FCvKfTzV4TN5U8BTMF1Hl_261078_CvKfTzV4TN5U8BTMF1Hl_W5RvAbpnRicygag1V4nopPhtD8z2_9aGFoK5GvWjFHXOgWd4o_thumb.webp?generation=1699884897344485&alt=media
IKI,"Moteriškos pėdkelnės GLAMOUR POS.PRESS 50 DEN, 2 dydis, spalva NERO",3.47 €,https://storage.googleapis.com/download/storage/v1/b/lastmile-ui/o/import%2Fphotos%2Fconverted%2Fproduct%2FCvKfTzV4TN5U8BTMF1Hl_261025_CvKfTzV4TN5U8BTMF1Hl_W5RvAbpnRicygag1V4nopPhtD8z2_g3OgAKaDRomkRzrvUEC8_thumb.webp?generation=1699884893425789&alt=media
IKI,"Moteriškos pėdkelnės GLAMOUR EDERA 40 DEN, 4 dydis, spalva NERO",2.87 €,https://storage.googleapis.com/download/storage/v1/b/lastmile-ui/o/import%2Fphotos%2Fconverted%2Fproduct%2FCvKfTzV4TN5U8BTMF1Hl_261001_CvKfTzV4TN5U8BTMF1Hl_W5RvAbpnRicygag1V4nopPhtD8z2_rcjK5jA7cXwh3B4ix85L_thumb.webp?generation=1699884891925737&alt=media
IKI,"Moteriškos pėdkelnės GLAMOUR EDERA 40 DEN, 4 dydis, spalva DAINO",2.87 €,https://storage.googleapis.com/download/storage/v1/b/lastmile-ui/o/import%2Fphotos%2Fconverted%2Fproduct%2FCvKfTzV4TN5U8BTMF1Hl_261009_CvKfTzV4TN5U8BTMF1Hl_W5RvAbpnRicygag1V4nopPhtD8z2_qzvZ6R1CDo3wXne1WooC_thumb.webp?generation=1699884891778324&alt=media
IKI,"Moteriškos pėdkelnės GLAMOUR POS.PRESS 30 DEN, 3 dydis, spalva MIELE",3.29 €,https://storage.googleapis.com/download/storage/v1/b/lastmile-ui/o/import%2Fphotos%2Fconverted%2Fproduct%2FCvKfTzV4TN5U8BTMF1Hl_261022_CvKfTzV4TN5U8BTMF1Hl_W5RvAbpnRicygag1V4nopPhtD8z2_XOUiI9Rhvqcv1k709SkI_thumb.webp?generation=1699884892604122&alt=media
IKI,"Moteriškos pėdkelnės GLAMOUR EDERA 40 DEN, 3 dydis, spalva DAINO",2.87 €,https://storage.googleapis.com/download/storage/v1/b/lastmile-ui/o/import%2Fphotos%2Fconverted%2Fproduct%2FCvKfTzV4TN5U8BTMF1Hl_261008_CvKfTzV4TN5U8BTMF1Hl_W5RvAbpnRicygag1V4nopPhtD8z2_h3vTmuwVIqfDFJ9wwMD1_thumb.webp?generation=1699884891438697&alt=media
IKI,"Moteriškos pėdkelnės GLAMOUR GINESTRA 40 DEN, 5 dydis, spalva NERO",3.59 €,https://storage.googleapis.com/download/storage/v1/b/lastmile-ui/o/import%2Fphotos%2Fconverted%2Fproduct%2FCvKfTzV4TN5U8BTMF1Hl_261080_CvKfTzV4TN5U8BTMF1Hl_W5RvAbpnRicygag1V4nopPhtD8z2_dXhyOFLVmpugk3Q20Q3y_thumb.webp?generation=1699884894464308&alt=media
IKI,Moteriškos pėdkelnės INCANTO ACTIVE BODY 40,3.89 €,https://storage.googleapis.com/download/storage/v1/b/lastmile-ui/o/import%2Fphotos%2Fconverted%2Fproduct%2FCvKfTzV4TN5U8BTMF1Hl_263966_CvKfTzV4TN5U8BTMF1Hl_W5RvAbpnRicygag1V4nopPhtD8z2_8ksisJzQjsVdNqCeRT3p_thumb.webp?generation=1699884896869858&alt=media
IKI,Moteriškos pėdkelnės INCANTO ACTIVE BODY 40,3.89 €,https://storage.googleapis.com/download/storage/v1/b/lastmile-ui/o/import%2Fphotos%2Fconverted%2Fproduct%2FCvKfTzV4TN5U8BTMF1Hl_263967_CvKfTzV4TN5U8BTMF1Hl_W5RvAbpnRicygag1V4nopPhtD8z2_UjjJfO2DJzqckhHLfTCr_thumb.webp?generation=1699884899011722&alt=media
IKI,"Moteriškos pėdkelnės GLAMOUR POS.PRESS 50 DEN, 5 dydis, spalva CAPPUCINO",3.47 €,https://storage.googleapis.com/download/storage/v1/b/lastmile-ui/o/import%2Fphotos%2Fconverted%2Fproduct%2FCvKfTzV4TN5U8BTMF1Hl_266263_CvKfTzV4TN5U8BTMF1Hl_W5RvAbpnRicygag1V4nopPhtD8z2_hpY0qqeFegQzODDL9VER_thumb.webp?generation=1699884900496081&alt=media
IKI,"Moteriškos pėdkelnės GLAMOUR GINESTRA 40 DEN, 4 dydis, spalva GLACE",3.59 €,https://storage.googleapis.com/download/storage/v1/b/lastmile-ui/o/import%2Fphotos%2Fconverted%2Fproduct%2FCvKfTzV4TN5U8BTMF1Hl_266274_CvKfTzV4TN5U8BTMF1Hl_W5RvAbpnRicygag1V4nopPhtD8z2_SK68AQC3btxrLm2Wk1T2_thumb.webp?generation=1699884898099768&alt=media
IKI,Moteriškos pėdkelnės INCANTO MICRO VELVET 70,5.39 €,https://storage.googleapis.com/download/storage/v1/b/lastmile-ui/o/import%2Fphotos%2Fconverted%2Fproduct%2FCvKfTzV4TN5U8BTMF1Hl_266235_CvKfTzV4TN5U8BTMF1Hl_W5RvAbpnRicygag1V4nopPhtD8z2_mBcrLFvgLKnqfi1XvimI_thumb.webp?generation=1699884898289216&alt=media
IKI,"Moteriškos pėdkelnės GLAMOUR GINESTRA 40 DEN, 5 dydis, spalva GLACE",3.59 €,https://storage.googleapis.com/download/storage/v1/b/lastmile-ui/o/import%2Fphotos%2Fconverted%2Fproduct%2FCvKfTzV4TN5U8BTMF1Hl_266275_CvKfTzV4TN5U8BTMF1Hl_W5RvAbpnRicygag1V4nopPhtD8z2_dbASMdF5vHh00qWcvyLO_thumb.webp?generation=1699884898486458&alt=media
IKI,"Moteriškos pėdkelnės GLAMOUR POS.PRESS 50 DEN, 4 dydis, spalva CAPPUCINO",3.47 €,https://storage.googleapis.com/download/storage/v1/b/lastmile-ui/o/import%2Fphotos%2Fconverted%2Fproduct%2FCvKfTzV4TN5U8BTMF1Hl_266262_CvKfTzV4TN5U8BTMF1Hl_W5RvAbpnRicygag1V4nopPhtD8z2_k9V2I8LtkYEtRrXxaq8h_thumb.webp?generation=1699884898616351&alt=media
IKI,"Moteriškos pėdkelnės GLAMOUR POS.PRESS 50 DEN, 3 dydis, spalva CAPPUCINO",3.47 €,https://storage.googleapis.com/download/storage/v1/b/lastmile-ui/o/import%2Fphotos%2Fconverted%2Fproduct%2FCvKfTzV4TN5U8BTMF1Hl_266261_CvKfTzV4TN5U8BTMF1Hl_W5RvAbpnRicygag1V4nopPhtD8z2_MHNTkHwl2VA9X2efqnZB_thumb.webp?generation=1699884898483174&alt=media
IKI,"Moteriškos kojinės INCANTO TIFFANY 20 DEN, 2 dydis, spalva DAINO",7.19 €,https://storage.googleapis.com/download/storage/v1/b/lastmile-ui/o/import%2Fphotos%2Fconverted%2Fproduct%2FCvKfTzV4TN5U8BTMF1Hl_240384_CvKfTzV4TN5U8BTMF1Hl_W5RvAbpnRicygag1V4nopPhtD8z2_Xlz3uLXyAgO1CHtoTIlr_thumb.webp?generation=1699884911096305&alt=media
IKI,Moteriškos pėdkelnės INCANTO ACTIVE BODY 40,3.89 €,https://storage.googleapis.com/download/storage/v1/b/lastmile-ui/o/import%2Fphotos%2Fconverted%2Fproduct%2FCvKfTzV4TN5U8BTMF1Hl_240344_CvKfTzV4TN5U8BTMF1Hl_W5RvAbpnRicygag1V4nopPhtD8z2_P181TxIbRjxvYprt5x0K_thumb.webp?generation=1699884886521420&alt=media
IKI,Moteriškos pėdutės INCANTO,2.87 €,https://storage.googleapis.com/download/storage/v1/b/lastmile-ui/o/import%2Fphotos%2Fconverted%2Fproduct%2FCvKfTzV4TN5U8BTMF1Hl_253330_CvKfTzV4TN5U8BTMF1Hl_W5RvAbpnRicygag1V4nopPhtD8z2_QfHtbUX5PomX5DuTi43h_thumb.webp?generation=1699884915005771&alt=media
IKI,"Moteriškos pėdkelnės INCANTO POUDRE 20 DEN, 3 dydis, spalva NERO",4.79 €,https://storage.googleapis.com/download/storage/v1/b/lastmile-ui/o/import%2Fphotos%2Fconverted%2Fproduct%2FCvKfTzV4TN5U8BTMF1Hl_253273_CvKfTzV4TN5U8BTMF1Hl_W5RvAbpnRicygag1V4nopPhtD8z2_cnG7aFfsNvDW24kSBC25_thumb.webp?generation=1699884906133105&alt=media
IKI,Moteriškos pėdkelnės INCANTO MICRO VELVET 70,5.39 €,https://storage.googleapis.com/download/storage/v1/b/lastmile-ui/o/import%2Fphotos%2Fconverted%2Fproduct%2FCvKfTzV4TN5U8BTMF1Hl_255321_CvKfTzV4TN5U8BTMF1Hl_W5RvAbpnRicygag1V4nopPhtD8z2_P7SwwVsOnz8hrxTWjed8_thumb.webp?generation=1699884890089416&alt=media
IKI,"Moteriškos puskojinės GLAMOUR SYMPHONY 20 DEN, vienas dydis, spalva MIELE, 2 poros",2.27 €,https://storage.googleapis.com/download/storage/v1/b/lastmile-ui/o/import%2Fphotos%2Fconverted%2Fproduct%2FCvKfTzV4TN5U8BTMF1Hl_261149_CvKfTzV4TN5U8BTMF1Hl_W5RvAbpnRicygag1V4nopPhtD8z2_xbIxB3ennrKli58G3tce_thumb.webp?generation=1699884899755551&alt=media
IKI,"Moteriškos pėdkelnės GLAMOUR THIN BODY 40 DEN, 2 dydis, spalva NERO",5.69 €,https://storage.googleapis.com/download/storage/v1/b/lastmile-ui/o/import%2Fphotos%2Fconverted%2Fproduct%2FCvKfTzV4TN5U8BTMF1Hl_261047_CvKfTzV4TN5U8BTMF1Hl_W5RvAbpnRicygag1V4nopPhtD8z2_SXizGSZezCScHrqe6QB7_thumb.webp?generation=1699884894976381&alt=media
IKI,"Moteriškos pėdkelnės GLAMOUR EDERA 40 DEN, 5 dydis, spalva DAINO",2.87 €,https://storage.googleapis.com/download/storage/v1/b/lastmile-ui/o/import%2Fphotos%2Fconverted%2Fproduct%2FCvKfTzV4TN5U8BTMF1Hl_261010_CvKfTzV4TN5U8BTMF1Hl_W5RvAbpnRicygag1V4nopPhtD8z2_lqsdufgaBb311KD3WAGC_thumb.webp?generation=1699884892163428&alt=media
IKI,Moteriškos pėdkelnės GLAMOUR VELOUR 120,5.09 €,https://storage.googleapis.com/download/storage/v1/b/lastmile-ui/o/import%2Fphotos%2Fconverted%2Fproduct%2FCvKfTzV4TN5U8BTMF1Hl_261057_CvKfTzV4TN5U8BTMF1Hl_W5RvAbpnRicygag1V4nopPhtD8z2_prWsbSu3y6r3PBCpQpSg_thumb.webp?generation=1699884894774484&alt=media
IKI,"Moteriškos pėdkelnės GLAMOUR THIN BODY 40 DEN, 5 dydis, spalva MIELE",5.69 €,https://storage.googleapis.com/download/storage/v1/b/lastmile-ui/o/import%2Fphotos%2Fconverted%2Fproduct%2FCvKfTzV4TN5U8BTMF1Hl_261055_CvKfTzV4TN5U8BTMF1Hl_W5RvAbpnRicygag1V4nopPhtD8z2_qPYjmphVUz41nWoqFNlw_thumb.webp?generation=1699884894905559&alt=media
IKI,"Gelinio nagų lako viršutinis sluoksnis SINCERO SALON TOP COAT NO WIPE, 6 ml",4.99 €,https://firebasestorage.googleapis.com/v0/b/lastmile-ui/o/import%2Fphotos%2Fconverted%2Fproduct%2FthumbUrl%2FCvKfTzV4TN5U8BTMF1Hl_266542_OrXUvGAuc2NCJDRvzNOTXOM3rsp1_SUvFtm9Eiedgitdy1GwA.webp?alt=media&token=d4fb1950-e35c-4ff9-ba47-cd824a0095d3
IKI,Knyga ŽUVIS VANDENYJE,10.19 €,https://firebasestorage.googleapis.com/v0/b/lastmile-ui/o/import%2Fphotos%2Fconverted%2Fproduct%2FthumbUrl%2FCvKfTzV4TN5U8BTMF1Hl_280599_W5RvAbpnRicygag1V4nopPhtD8z2_wzttwH2MJadCfXYR8l3U.webp?alt=media&token=cd1edeab-0661-47b5-ae59-e1ce90e4d5ab
IKI,Knyga KAIP AUGINTI SAVARANKIŠKUS KŪRYBINGUS VAIKUS?,11.99 €,https://firebasestorage.googleapis.com/v0/b/lastmile-ui/o/import%2Fphotos%2Fconverted%2Fproduct%2FthumbUrl%2FCvKfTzV4TN5U8BTMF1Hl_280201_OrXUvGAuc2NCJDRvzNOTXOM3rsp1_4ARgUBzcasXgXaWI4dnl.webp?alt=media&token=0edb2988-7524-41ad-a662-f172e6a924de
IKI,Knyga VASAROS SKONIAI,11.39 €,https://firebasestorage.googleapis.com/v0/b/lastmile-ui/o/import%2Fphotos%2Fconverted%2Fproduct%2FthumbUrl%2FCvKfTzV4TN5U8BTMF1Hl_265131_OrXUvGAuc2NCJDRvzNOTXOM3rsp1_ZqG4OW7DmAMparCFfNLB.webp?alt=media&token=5b967ddf-fb3c-4252-8227-f08070494eaf
IKI,"Knyga GRAIKIJA. ALYVMEDIS, VYNMEDIS IR LAIVAS",10.79 €,https://firebasestorage.googleapis.com/v0/b/lastmile-ui/o/import%2Fphotos%2Fconverted%2Fproduct%2FthumbUrl%2FCvKfTzV4TN5U8BTMF1Hl_280315_OrXUvGAuc2NCJDRvzNOTXOM3rsp1_A4jUbFLVpL8xYcy7uBIl.webp?alt=media&token=ccd9e0a9-9c38-4a81-87db-a6e63f7c230f
IKI,Knyga VIDINIS BALSAS. KAIP ATSKIRTI NAUDINGAS MINTIS NUO ŽALINGO TARŠKESIO IR JOMIS TINKAMAI PASINAUDOTI,10.19 €,https://firebasestorage.googleapis.com/v0/b/lastmile-ui/o/import%2Fphotos%2Fconverted%2Fproduct%2FthumbUrl%2FCvKfTzV4TN5U8BTMF1Hl_289592_OrXUvGAuc2NCJDRvzNOTXOM3rsp1_lAcs5tXlO8HvGYqv2ZHn.webp?alt=media&token=001db554-e897-45e8-aa9e-931035c7dd1c
IKI,Knyga AUKSINIS PROTAS.ILIUSTRUOTOJI ENCIKLOPEDIJA 999 klausimai,11.99 €,https://firebasestorage.googleapis.com/v0/b/lastmile-ui/o/import%2Fphotos%2Fconverted%2Fproduct%2FthumbUrl%2FCvKfTzV4TN5U8BTMF1Hl_263427_OrXUvGAuc2NCJDRvzNOTXOM3rsp1_DjLAJXUXIORwXK1KJZMz.webp?alt=media&token=e06bdc58-14c5-4f1f-ad34-9395959eda74
IKI,Knyga ŠVYTINČIOS ODOS PASLAPTYS. KORĖJIETIŠKI GROŽIO RITUALAI KIEKVIENAI DIENAI,10.19 €,https://firebasestorage.googleapis.com/v0/b/lastmile-ui/o/import%2Fphotos%2Fconverted%2Fproduct%2FthumbUrl%2FCvKfTzV4TN5U8BTMF1Hl_289560_OrXUvGAuc2NCJDRvzNOTXOM3rsp1_wofxpONHdfBtkmlwipZG.webp?alt=media&token=653a9659-7233-4c73-bb8a-008d8c21e46f
IKI,Knyga PROTO MANKŠTA,7.19 €,https://firebasestorage.googleapis.com/v0/b/lastmile-ui/o/import%2Fphotos%2Fconverted%2Fproduct%2FthumbUrl%2FCvKfTzV4TN5U8BTMF1Hl_270160_OrXUvGAuc2NCJDRvzNOTXOM3rsp1_Py6rxtoAyXmI4WZlLAq6.webp?alt=media&token=ffbf1808-a536-4952-aafa-ced77680c45e
IKI,"Triufeliai PERGALĖ MAGIC OF WINTER, 200 g",5.99 €,https://firebasestorage.googleapis.com/v0/b/lastmile-ui/o/import%2Fphotos%2Fconverted%2Fproduct%2FthumbUrl%2FCvKfTzV4TN5U8BTMF1Hl_278347_uF3DptJQvjXHqmno4Mal_UcD44IpGURsw5VWjQn7e.webp?alt=media&token=0f9b933f-b467-4263-97f4-33800fab790d
IKI,Kaktusas su Kalėdine aplikacija,2.99 €,https://storage.googleapis.com/download/storage/v1/b/lastmile-ui/o/import%2Fphotos%2Fconverted%2Fproduct%2Fglobal_JsN7zjBpNgBkJwFIyO7B_xGdb10o0VzY1SFD6eDjbpqgxmW02_KzbwQo2WbpYIUZsFn9TY_thumb.jpg?generation=1671102743059815&alt=media
IKI,"Knyga AČIŪ, NE - AŠ ALERGIŠKAS",10.79 €,https://firebasestorage.googleapis.com/v0/b/lastmile-ui/o/import%2Fphotos%2Fconverted%2Fproduct%2FthumbUrl%2FCvKfTzV4TN5U8BTMF1Hl_259652_OrXUvGAuc2NCJDRvzNOTXOM3rsp1_2id9tegCgnC5FSib71sk.webp?alt=media&token=32935dbb-182c-4778-b766-b2eb31c26721
IKI,"Putlinantis serumas su mikro-hialurono rūgštimi NIVEA Cellular Expert Filler, 110 g",9.49 €,https://firebasestorage.googleapis.com/v0/b/lastmile-ui/o/import%2Fphotos%2Fconverted%2Fproduct%2FthumbUrl%2FCvKfTzV4TN5U8BTMF1Hl_280017_Pos12xpkYpPSKaVDW3jqu7xnlg23_g8ArfciCe5Bzjuw2LhcA.webp?alt=media&token=35c65781-7cbf-4139-b9ff-825a3c1d4566
IKI,"Intensyvus plaukų kondicionierius PANTENE Bond Repair, 150 ml",7.79 €,https://firebasestorage.googleapis.com/v0/b/lastmile-ui/o/import%2Fphotos%2Fconverted%2Fproduct%2FthumbUrl%2FCvKfTzV4TN5U8BTMF1Hl_281646_OrXUvGAuc2NCJDRvzNOTXOM3rsp1_SrhcwA5fsJT1QPwUBZwZ.webp?alt=media&token=bcb4caa0-e8e1-44ac-acd9-6d8d5a2a7a7a
IKI,"Elektrinis dantų šepetėlis ORAL-B Vitality Pro, Black, 1 vnt.",22.99 €,https://firebasestorage.googleapis.com/v0/b/lastmile-ui/o/import%2Fphotos%2Fconverted%2Fproduct%2FthumbUrl%2FCvKfTzV4TN5U8BTMF1Hl_280511_Y5wHCakiRVc8Kf1fJt96vh8Tr2I2_XO4Nd7RKjVmq10Tn9eir.webp?alt=media&token=7847fda0-4488-4b13-82d6-2d1d7c70a3dc
IKI,Plaukų dažai GARNIER OLIA 9.0,5.99 €,https://firebasestorage.googleapis.com/v0/b/lastmile-ui/o/import%2Fphotos%2Fconverted%2Fproduct%2FthumbUrl%2FCvKfTzV4TN5U8BTMF1Hl_284228_OrXUvGAuc2NCJDRvzNOTXOM3rsp1_eP2ddlHagFsUgKMdzTl1.webp?alt=media&token=132921a2-89d8-412a-b64f-99ea68d4ad05
IKI,Knyga BEBAIMĖS MOTINOS. GALINGIAUSIĄ PASAULIO MAFIJĄ PARKLUPDŽIUSIŲ MOTERŲ ISTORIJA,11.99 €,https://firebasestorage.googleapis.com/v0/b/lastmile-ui/o/import%2Fphotos%2Fconverted%2Fproduct%2FthumbUrl%2FCvKfTzV4TN5U8BTMF1Hl_287702_OrXUvGAuc2NCJDRvzNOTXOM3rsp1_6a0hOXwTt2noUkrrtcax.webp?alt=media&token=658df213-909e-48f6-b64a-5532009277d3
IKI,Pavadėlis FLEXI STANDART S iki 8kg,7.79 €,https://firebasestorage.googleapis.com/v0/b/lastmile-ui/o/import%2Fphotos%2Fconverted%2Fproduct%2FthumbUrl%2FCvKfTzV4TN5U8BTMF1Hl_286461_OrXUvGAuc2NCJDRvzNOTXOM3rsp1_17msHq2b7pEHC8AZVtzv.webp?alt=media&token=dc29f11e-ab25-4389-81f2-2fcfbb954479
IKI,Knyga IŠGELBĖTAS. UKRAINOJE SUŽEISTO KARO REPORTERIO KELIONĖ NAMO,11.99 €,https://firebasestorage.googleapis.com/v0/b/lastmile-ui/o/import%2Fphotos%2Fconverted%2Fproduct%2FthumbUrl%2FCvKfTzV4TN5U8BTMF1Hl_287688_OrXUvGAuc2NCJDRvzNOTXOM3rsp1_1O9fUaDgGxdXHdQzYeY3.webp?alt=media&token=44ed9fb6-f99e-455f-af3e-7502436b9f8a
IKI,Knyga LENGVA GALVA,10.79 €,https://firebasestorage.googleapis.com/v0/b/lastmile-ui/o/import%2Fphotos%2Fconverted%2Fproduct%2FthumbUrl%2FCvKfTzV4TN5U8BTMF1Hl_287709_OrXUvGAuc2NCJDRvzNOTXOM3rsp1_rUrGtCpbipBsp8KOB3dl.webp?alt=media&token=833bdc35-7324-4f45-a451-18e4baee4087
IKI,Plaukų dažai PALETTE 5-0,2.99 €,https://firebasestorage.googleapis.com/v0/b/lastmile-ui/o/import%2Fphotos%2Fconverted%2Fproduct%2FthumbUrl%2FCvKfTzV4TN5U8BTMF1Hl_81121_OrXUvGAuc2NCJDRvzNOTXOM3rsp1_JaHamHGn4w02rnA7o8Su.webp?alt=media&token=6a608549-1f97-4ad4-80ef-ccbd1bfcc381
IKI,"Kietas šampūnas SOLIDU Exotic, 65 g",6.99 €,https://firebasestorage.googleapis.com/v0/b/lastmile-ui/o/import%2Fphotos%2Fconverted%2Fproduct%2FthumbUrl%2FCvKfTzV4TN5U8BTMF1Hl_278029_OrXUvGAuc2NCJDRvzNOTXOM3rsp1_RF8iYJPyIF6AQkq8yr5l.webp?alt=media&token=d8fcae62-23e3-48cf-b1c9-d0d0b4ac3f3c
IKI,"Plaukų kaukė REVUELE OIL THERAPY, 500 ml",4.24 €,https://firebasestorage.googleapis.com/v0/b/lastmile-ui/o/import%2Fphotos%2Fconverted%2Fproduct%2FthumbUrl%2FCvKfTzV4TN5U8BTMF1Hl_284313_OrXUvGAuc2NCJDRvzNOTXOM3rsp1_NZjqkWw70oaoAWfScL9v.webp?alt=media&token=4cadccee-d94f-45c2-ba8c-e4dc989e09a6
IKI,"Knyga GERI ĮPROČIAI, BLOGI ĮPROČIAI",8.39 €,https://firebasestorage.googleapis.com/v0/b/lastmile-ui/o/import%2Fphotos%2Fconverted%2Fproduct%2FthumbUrl%2FCvKfTzV4TN5U8BTMF1Hl_287670_OrXUvGAuc2NCJDRvzNOTXOM3rsp1_KtAcuK0VOwO69z8DqwDE.webp?alt=media&token=89cf6f31-b32b-4d19-91b1-a9bc5df84214
IKI,"Moteriškos pėdkelnės INCANTO ACTIVE BODY 20 DEN, 3 dydis, spalva DAINO",3.59 €,https://firebasestorage.googleapis.com/v0/b/lastmile-ui/o/import%2Fphotos%2Fconverted%2Fproduct%2FthumbUrl%2FCvKfTzV4TN5U8BTMF1Hl_225678_OrXUvGAuc2NCJDRvzNOTXOM3rsp1_XPYFpmcMEA8FAXjy1nJ0.webp?alt=media&token=6a8e9fec-2ec0-4474-8987-f4b12d48be87
IKI,"Moteriškos pėdkelnės INCANTO FASHION 40 DEN, 3 dydis, spalva NATUREL",3.59 €,https://firebasestorage.googleapis.com/v0/b/lastmile-ui/o/import%2Fphotos%2Fconverted%2Fproduct%2FthumbUrl%2FCvKfTzV4TN5U8BTMF1Hl_229449_OrXUvGAuc2NCJDRvzNOTXOM3rsp1_OKEqZ2xlMC4I8wzOufbM.webp?alt=media&token=ea862622-2223-4842-9815-4f4fb0f41a86
IKI,"Kepimo popierius, rulonas SKUBIS, 50m x 38 cm",10.19 €,https://firebasestorage.googleapis.com/v0/b/lastmile-ui/o/import%2Fphotos%2Fconverted%2Fproduct%2FthumbUrl%2FCvKfTzV4TN5U8BTMF1Hl_259155_OrXUvGAuc2NCJDRvzNOTXOM3rsp1_GFTcaNOkWNN6KGdWtL8l.webp?alt=media&token=03cb7bb7-9950-497f-bb8b-ceb5ebd5138b
IKI,"Moteriškos pėdkelnės INCANTO FASHION 40 DEN, 2 dydis, spalva NERO",3.59 €,https://firebasestorage.googleapis.com/v0/b/lastmile-ui/o/import%2Fphotos%2Fconverted%2Fproduct%2FthumbUrl%2FCvKfTzV4TN5U8BTMF1Hl_229453_OrXUvGAuc2NCJDRvzNOTXOM3rsp1_12VqAxy7x2mGNPMHP8CV.webp?alt=media&token=5855f87e-e25c-46b8-8c68-d96189c253c9
IKI,"Moteriškos pėdkelnės INCANTO BODY SHAPER 40 DEN, 4 dydis, NERO",7.19 €,https://firebasestorage.googleapis.com/v0/b/lastmile-ui/o/import%2Fphotos%2Fconverted%2Fproduct%2FthumbUrl%2FCvKfTzV4TN5U8BTMF1Hl_253309_OrXUvGAuc2NCJDRvzNOTXOM3rsp1_fssI9QJrUOIc493oz1DI.webp?alt=media&token=dc790f58-ec8e-441d-b1c2-a1a5bfa9a380
IKI,"Moteriškos pėdkelnės INCANTO BODY SHAPER 40 DEN, 4 dydis, DAINO",7.19 €,https://firebasestorage.googleapis.com/v0/b/lastmile-ui/o/import%2Fphotos%2Fconverted%2Fproduct%2FthumbUrl%2FCvKfTzV4TN5U8BTMF1Hl_253312_OrXUvGAuc2NCJDRvzNOTXOM3rsp1_PIUQizKXKZ2WwAElRf9E.webp?alt=media&token=cdcb3825-1261-4e87-8c3c-13fff1c6cf12
IKI,"Moteriškos pėdkelnės INCANTO BODY SHAPER 40 DEN, 5 dydis, DAINO",7.19 €,https://firebasestorage.googleapis.com/v0/b/lastmile-ui/o/import%2Fphotos%2Fconverted%2Fproduct%2FthumbUrl%2FCvKfTzV4TN5U8BTMF1Hl_253313_OrXUvGAuc2NCJDRvzNOTXOM3rsp1_6QlR8KTNhvkhDDhxc5go.webp?alt=media&token=195a3fa8-dc31-4c35-b5c9-c3e76d23c3f8
IKI,"Moteriškos pėdkelnės INCANTO ELLE 40 DEN, 4 dydis,spalva NATUREL",3.59 €,https://firebasestorage.googleapis.com/v0/b/lastmile-ui/o/import%2Fphotos%2Fconverted%2Fproduct%2FthumbUrl%2FCvKfTzV4TN5U8BTMF1Hl_240369_OrXUvGAuc2NCJDRvzNOTXOM3rsp1_RpSDzWePXzOObs7bLxaU.webp?alt=media&token=a79ae80e-ebee-41f2-9fd4-fa04e05c7463
IKI,"Moteriškos pėdkelnės INCANTO ELLE 40 DEN, 3 dydis,spalva NERO",3.59 €,https://firebasestorage.googleapis.com/v0/b/lastmile-ui/o/import%2Fphotos%2Fconverted%2Fproduct%2FthumbUrl%2FCvKfTzV4TN5U8BTMF1Hl_229464_OrXUvGAuc2NCJDRvzNOTXOM3rsp1_TRkWj1cJ6Xy0yji09uMH.webp?alt=media&token=ee909d1f-88dd-4678-b69a-7b55176290c5
IKI,"Moteriškos pėdkelnės INCANTO ELLE 40 DEN, 2 dydis,spalva NERO",3.59 €,https://firebasestorage.googleapis.com/v0/b/lastmile-ui/o/import%2Fphotos%2Fconverted%2Fproduct%2FthumbUrl%2FCvKfTzV4TN5U8BTMF1Hl_229465_OrXUvGAuc2NCJDRvzNOTXOM3rsp1_q52szmaSb0xnNxfICxKK.webp?alt=media&token=d4a7b2fc-75fe-45b6-9d95-8495e64b200b
IKI,"Moteriškos pėdkelnės INCANTO ELLE 40 DEN, 5 dydis,spalva NATUREL",3.59 €,https://firebasestorage.googleapis.com/v0/b/lastmile-ui/o/import%2Fphotos%2Fconverted%2Fproduct%2FthumbUrl%2FCvKfTzV4TN5U8BTMF1Hl_240370_OrXUvGAuc2NCJDRvzNOTXOM3rsp1_XEsBmSdHesA8D6tDLRfv.webp?alt=media&token=611ff610-1130-4a85-be1f-be5bc7bfd246
IKI,"Moteriškos pėdkelnės INCANTO MODEL UP 40 DEN, 2 dydis, NERO",5.99 €,https://firebasestorage.googleapis.com/v0/b/lastmile-ui/o/import%2Fphotos%2Fconverted%2Fproduct%2FthumbUrl%2FCvKfTzV4TN5U8BTMF1Hl_220197_OrXUvGAuc2NCJDRvzNOTXOM3rsp1_3MMLPd6XPebfKOX75Xel.webp?alt=media&token=83e0c79e-836b-4ce9-a0d9-e4c106cf063a
IKI,"Moteriškos pėdkelnės INCANTO FASHION 40 DEN, 2 dydis, spalva NATUREL",3.59 €,https://firebasestorage.googleapis.com/v0/b/lastmile-ui/o/import%2Fphotos%2Fconverted%2Fproduct%2FthumbUrl%2FCvKfTzV4TN5U8BTMF1Hl_229450_OrXUvGAuc2NCJDRvzNOTXOM3rsp1_jlbs3fZiJit2RtQ4f2u5.webp?alt=media&token=b96b2c56-4975-4f48-b86d-c3ae90dfa2b7
IKI,"Moteriškos pėdkelnės INCANTO FASHION 40 DEN, 4 dydis, spalva NATUREL",3.59 €,https://firebasestorage.googleapis.com/v0/b/lastmile-ui/o/import%2Fphotos%2Fconverted%2Fproduct%2FthumbUrl%2FCvKfTzV4TN5U8BTMF1Hl_229448_OrXUvGAuc2NCJDRvzNOTXOM3rsp1_bfLn3RwTcdbgZXG5loce.webp?alt=media&token=e36cba27-d670-4811-8d2b-7dcdc8756dbe
IKI,"Moteriškos pėdkelnės INCANTO ELLE 40 DEN, 4 dydis,spalva NERO",3.59 €,https://firebasestorage.googleapis.com/v0/b/lastmile-ui/o/import%2Fphotos%2Fconverted%2Fproduct%2FthumbUrl%2FCvKfTzV4TN5U8BTMF1Hl_229463_OrXUvGAuc2NCJDRvzNOTXOM3rsp1_uNy5Wa1MMKhol3grb1Zz.webp?alt=media&token=c5872985-dae2-4996-8544-2aa5281ae14b
IKI,"Moteriškos pėdkelnės INCANTO FASHION 40 DEN, 4 dydis, spalva NERO",3.59 €,https://firebasestorage.googleapis.com/v0/b/lastmile-ui/o/import%2Fphotos%2Fconverted%2Fproduct%2FthumbUrl%2FCvKfTzV4TN5U8BTMF1Hl_229451_OrXUvGAuc2NCJDRvzNOTXOM3rsp1_gFJbu1EYhoGMCh7OlcwW.webp?alt=media&token=d888e933-f3c8-4b0c-ac97-dac82287480b
IKI,"Moteriškos pėdkelnės INCANTO ELLE 40 DEN, 3 dydis,spalva NATUREL",3.59 €,https://firebasestorage.googleapis.com/v0/b/lastmile-ui/o/import%2Fphotos%2Fconverted%2Fproduct%2FthumbUrl%2FCvKfTzV4TN5U8BTMF1Hl_240368_OrXUvGAuc2NCJDRvzNOTXOM3rsp1_uKgZBA7pNvmZXBA1ppAf.webp?alt=media&token=d8759702-5f4f-476a-bc8c-90346f2d901d
IKI,"Moteriškos pėdkelnės INCANTO BODY SHAPER 40 DEN, 3 dydis, DAINO",7.19 €,https://firebasestorage.googleapis.com/v0/b/lastmile-ui/o/import%2Fphotos%2Fconverted%2Fproduct%2FthumbUrl%2FCvKfTzV4TN5U8BTMF1Hl_253311_OrXUvGAuc2NCJDRvzNOTXOM3rsp1_jW96KmXFxTtEOtRm3StO.webp?alt=media&token=1d3e6b56-fca3-4b37-b2ba-fa2aed5b9399
IKI,"Moteriškos pėdkelnės INCANTO BODY SHAPER 40 DEN, 3 dydis, NERO",7.19 €,https://firebasestorage.googleapis.com/v0/b/lastmile-ui/o/import%2Fphotos%2Fconverted%2Fproduct%2FthumbUrl%2FCvKfTzV4TN5U8BTMF1Hl_253308_OrXUvGAuc2NCJDRvzNOTXOM3rsp1_TazdEBF3Fg3OMxLWMqcx.webp?alt=media&token=14614824-4d09-4721-9342-2ac8c25df235
IKI,"Moteriškos pėdkelnės INCANTO POUDRE 20 DEN, 5 dydis, spalva MELON",4.79 €,https://firebasestorage.googleapis.com/v0/b/lastmile-ui/o/import%2Fphotos%2Fconverted%2Fproduct%2FthumbUrl%2FCvKfTzV4TN5U8BTMF1Hl_287384_OrXUvGAuc2NCJDRvzNOTXOM3rsp1_4r9JEKPyaiVEHFtINQio.webp?alt=media&token=0e6d85ae-2145-4d89-b877-761cdb278611
IKI,"Moteriškos pėdkelnės GLAMOUR GINESTRA 20 DEN, 4 dydis, spalva MIELE",3.47 €,https://firebasestorage.googleapis.com/v0/b/lastmile-ui/o/import%2Fphotos%2Fconverted%2Fproduct%2FthumbUrl%2FCvKfTzV4TN5U8BTMF1Hl_287211_OrXUvGAuc2NCJDRvzNOTXOM3rsp1_U1AWlsBQ8Ybu2pUihwCh.webp?alt=media&token=d08adba9-a96a-4b71-ae7b-0d00b1995a76
IKI,"Moteriškos pėdkelnės GLAMOUR GINESTRA 20 DEN, 5 dydis, spalva MIELE",3.47 €,https://firebasestorage.googleapis.com/v0/b/lastmile-ui/o/import%2Fphotos%2Fconverted%2Fproduct%2FthumbUrl%2FCvKfTzV4TN5U8BTMF1Hl_287212_OrXUvGAuc2NCJDRvzNOTXOM3rsp1_TgOzlyNC9A4ONpmwECYM.webp?alt=media&token=54f0b2e0-09ab-4b2d-af1d-d81ae48ad5ee
IKI,"Moteriškos pėdkelnės INCANTO MODEL UP 20 DEN, 5 dydis, spalva NERO",5.39 €,https://firebasestorage.googleapis.com/v0/b/lastmile-ui/o/import%2Fphotos%2Fconverted%2Fproduct%2FthumbUrl%2FCvKfTzV4TN5U8BTMF1Hl_287176_OrXUvGAuc2NCJDRvzNOTXOM3rsp1_Czn99VYaj8gEUVHXuRBS.webp?alt=media&token=2c8bce66-cf0a-4dab-9af5-1e9b30184a77
IKI,"Moteriškos pėdkelnės INCANTO MODEL UP 20 DEN, 4 dydis, spalva NERO",5.39 €,https://firebasestorage.googleapis.com/v0/b/lastmile-ui/o/import%2Fphotos%2Fconverted%2Fproduct%2FthumbUrl%2FCvKfTzV4TN5U8BTMF1Hl_287175_OrXUvGAuc2NCJDRvzNOTXOM3rsp1_2oIUZEEoev7xGg6yRycw.webp?alt=media&token=bc75ad2f-4388-4e2a-8f3c-839b1ff6600a
IKI,"Moteriškos pėdkelnės GLAMOUR GINESTRA 20 DEN, 2 dydis, spalva MIELE",3.47 €,https://firebasestorage.googleapis.com/v0/b/lastmile-ui/o/import%2Fphotos%2Fconverted%2Fproduct%2FthumbUrl%2FCvKfTzV4TN5U8BTMF1Hl_287209_OrXUvGAuc2NCJDRvzNOTXOM3rsp1_vZa6kEKwsIMoi4MnaCKo.webp?alt=media&token=128a85de-079c-4e18-9b4e-df40f407f1a7
IKI,"Moteriškos pėdkelnės INCANTO BODY SHAPER 40 DEN, 2 dydis, NERO",7.19 €,https://firebasestorage.googleapis.com/v0/b/lastmile-ui/o/import%2Fphotos%2Fconverted%2Fproduct%2FthumbUrl%2FCvKfTzV4TN5U8BTMF1Hl_253306_OrXUvGAuc2NCJDRvzNOTXOM3rsp1_ZF1UMoN3kYNK55ShN579.webp?alt=media&token=ceaca294-fcfd-44a0-b59e-9d34626c1ff8
IKI,"Moteriškos pėdkelnės INCANTO POUDRE 20 DEN, 2 dydis, spalva NERO",4.79 €,https://firebasestorage.googleapis.com/v0/b/lastmile-ui/o/import%2Fphotos%2Fconverted%2Fproduct%2FthumbUrl%2FCvKfTzV4TN5U8BTMF1Hl_253272_OrXUvGAuc2NCJDRvzNOTXOM3rsp1_dQd7Z8PhKMph4Vv8Rdkw.webp?alt=media&token=13095f34-3135-4785-ac64-ace83ccc1fe2
IKI,"Moteriškos pėdkelnės GLAMOUR GINESTRA 20 DEN, 3 dydis, spalva NERO",3.47 €,https://firebasestorage.googleapis.com/v0/b/lastmile-ui/o/import%2Fphotos%2Fconverted%2Fproduct%2FthumbUrl%2FCvKfTzV4TN5U8BTMF1Hl_287206_OrXUvGAuc2NCJDRvzNOTXOM3rsp1_So2J2ikhwprqzKOgfaln.webp?alt=media&token=358d6fec-004a-4e39-b68d-be815a50c96d
IKI,"Moteriškos pėdkelnės INCANTO MODEL UP 20 DEN, 3 dydis, spalva NERO",5.39 €,https://firebasestorage.googleapis.com/v0/b/lastmile-ui/o/import%2Fphotos%2Fconverted%2Fproduct%2FthumbUrl%2FCvKfTzV4TN5U8BTMF1Hl_287173_OrXUvGAuc2NCJDRvzNOTXOM3rsp1_mjGZCK22EBeZQtShtJBT.webp?alt=media&token=8e43f3a5-98f6-42b0-88d8-5d484246d0f7
IKI,"Moteriškos pėdkelnės GLAMOUR GINESTRA 20 DEN, 2 dydis, spalva NERO",3.47 €,https://firebasestorage.googleapis.com/v0/b/lastmile-ui/o/import%2Fphotos%2Fconverted%2Fproduct%2FthumbUrl%2FCvKfTzV4TN5U8BTMF1Hl_287205_OrXUvGAuc2NCJDRvzNOTXOM3rsp1_taCMCDvS9AFHeRYxjPTD.webp?alt=media&token=a9fca941-75b4-4c35-8dc4-e7134e462143
IKI,"Moteriškos pėdkelnės INCANTO MODEL UP 20 DEN, 4 dydis, spalva NATURELE",5.39 €,https://firebasestorage.googleapis.com/v0/b/lastmile-ui/o/import%2Fphotos%2Fconverted%2Fproduct%2FthumbUrl%2FCvKfTzV4TN5U8BTMF1Hl_287181_OrXUvGAuc2NCJDRvzNOTXOM3rsp1_UBvhcjav5Q3EecXZrVzC.webp?alt=media&token=c1986510-54d0-4663-986d-20d7f79bc926
IKI,"Moteriškos pėdkelnės GLAMOUR GINESTRA 20 DEN, 3 dydis, spalva MIELE",3.47 €,https://firebasestorage.googleapis.com/v0/b/lastmile-ui/o/import%2Fphotos%2Fconverted%2Fproduct%2FthumbUrl%2FCvKfTzV4TN5U8BTMF1Hl_287210_OrXUvGAuc2NCJDRvzNOTXOM3rsp1_KlypcJ8mrIGsPG1bB2ps.webp?alt=media&token=3b1a9cb0-ce97-41de-98a9-c513a0182fe7
IKI,"Moteriškos pėdkelnės INCANTO MODEL UP 20 DEN, 2 dydis, spalva NATURELE",5.39 €,https://firebasestorage.googleapis.com/v0/b/lastmile-ui/o/import%2Fphotos%2Fconverted%2Fproduct%2FthumbUrl%2FCvKfTzV4TN5U8BTMF1Hl_287178_OrXUvGAuc2NCJDRvzNOTXOM3rsp1_GHOsGUXrzIatMNbWUroe.webp?alt=media&token=54249b3d-e1e3-4844-8325-c240e41048d3
IKI,"Moteriškos pėdkelnės GLAMOUR GINESTRA 20 DEN, 5 dydis, spalva NERO",3.47 €,https://firebasestorage.googleapis.com/v0/b/lastmile-ui/o/import%2Fphotos%2Fconverted%2Fproduct%2FthumbUrl%2FCvKfTzV4TN5U8BTMF1Hl_287208_OrXUvGAuc2NCJDRvzNOTXOM3rsp1_FeBj7hb7hckVmn4AhDGs.webp?alt=media&token=c182c115-a791-4494-b941-7a75fbbf47ab
IKI,"Moteriškos pėdkelnės INCANTO MODEL UP 20 DEN, 3dydis, spalva NATURELE",5.39 €,https://firebasestorage.googleapis.com/v0/b/lastmile-ui/o/import%2Fphotos%2Fconverted%2Fproduct%2FthumbUrl%2FCvKfTzV4TN5U8BTMF1Hl_287179_OrXUvGAuc2NCJDRvzNOTXOM3rsp1_LHjMwkVFXN7EJ3HJn4xG.webp?alt=media&token=aca5d5b3-056d-49e7-8da9-47264cecbef9
IKI,DIDŽIOJI JAUKIŲ NAMŲ KNYGA,11.39 €,https://firebasestorage.googleapis.com/v0/b/lastmile-ui/o/import%2Fphotos%2Fconverted%2Fproduct%2FthumbUrl%2FCvKfTzV4TN5U8BTMF1Hl_268596_OrXUvGAuc2NCJDRvzNOTXOM3rsp1_3RhQRhx9Z5zuQc6T6E1H.webp?alt=media&token=6d535154-893b-4e48-9bbf-12c5aee6617f
IKI,Knyga ALINANTIS PERDEGIMAS,6.59 €,https://firebasestorage.googleapis.com/v0/b/lastmile-ui/o/import%2Fphotos%2Fconverted%2Fproduct%2FthumbUrl%2FCvKfTzV4TN5U8BTMF1Hl_281251_OrXUvGAuc2NCJDRvzNOTXOM3rsp1_Mtm6oQqwFRR9yDsaHPo6.webp?alt=media&token=a7a5e4c6-4831-40b0-9c17-f1add07ea80d
IKI,Knyga KELIAUK SU ŠEIMA. 100 MARŠRUTŲ PO LIETUVĄ,11.99 €,https://firebasestorage.googleapis.com/v0/b/lastmile-ui/o/import%2Fphotos%2Fconverted%2Fproduct%2FthumbUrl%2FCvKfTzV4TN5U8BTMF1Hl_281260_OrXUvGAuc2NCJDRvzNOTXOM3rsp1_v2A8IFeawO9UoFjHe261.webp?alt=media&token=8c19b04b-2c86-4728-bed4-e11635752748
IKI,Knyga ŠIRDIES LIGOS. PREVENCIJOS IR IŠGYDYMO VALGIŲ KNYGA,10.19 €,https://firebasestorage.googleapis.com/v0/b/lastmile-ui/o/import%2Fphotos%2Fconverted%2Fproduct%2FthumbUrl%2FCvKfTzV4TN5U8BTMF1Hl_281248_OrXUvGAuc2NCJDRvzNOTXOM3rsp1_K1XKPjC2ym1mwAS2HQJF.webp?alt=media&token=1bcb63e7-52e0-439a-b8dc-ca1d5ca55e87
IKI,"Lakas nagams MATT CITY 11 ml, m12 SINCERO SALON",1.99 €,https://firebasestorage.googleapis.com/v0/b/lastmile-ui/o/import%2Fphotos%2Fconverted%2Fproduct%2FthumbUrl%2FCvKfTzV4TN5U8BTMF1Hl_246834_OrXUvGAuc2NCJDRvzNOTXOM3rsp1_eLGSoLde5yILlWK5hWRI.webp?alt=media&token=c973a663-8708-4948-be9b-401d23d8fda7
IKI,Rubber bazė spanish rose 6ml SINCERO SALON,4.99 €,https://firebasestorage.googleapis.com/v0/b/lastmile-ui/o/import%2Fphotos%2Fconverted%2Fproduct%2FthumbUrl%2FCvKfTzV4TN5U8BTMF1Hl_273587_OrXUvGAuc2NCJDRvzNOTXOM3rsp1_LKfCDkOOQJpC4eb4bx2O.webp?alt=media&token=a6f38beb-a841-4f3b-a528-f6d32a5375f3
IKI,Gelinis nagų lakas 852 6ml SINCERO SALON,3.99 €,https://firebasestorage.googleapis.com/v0/b/lastmile-ui/o/import%2Fphotos%2Fconverted%2Fproduct%2FthumbUrl%2FCvKfTzV4TN5U8BTMF1Hl_273597_OrXUvGAuc2NCJDRvzNOTXOM3rsp1_GxcPRG2qczVLaisW8DrV.webp?alt=media&token=318863c1-f22c-4951-a05b-90c62f949f0f
IKI,"Gelinis nagų lakas SINCERO SALON, 6 ml 793",3.99 €,https://firebasestorage.googleapis.com/v0/b/lastmile-ui/o/import%2Fphotos%2Fconverted%2Fproduct%2FthumbUrl%2FCvKfTzV4TN5U8BTMF1Hl_273596_OrXUvGAuc2NCJDRvzNOTXOM3rsp1_ONxJfVkhbwQCUIbfOMMR.webp?alt=media&token=1b0a33f3-1b8f-46f8-88f9-6e708ddf489d
IKI,"Lakas nagams MATT CITY 11 ml, m13 SINCERO SALON",1.99 €,https://firebasestorage.googleapis.com/v0/b/lastmile-ui/o/import%2Fphotos%2Fconverted%2Fproduct%2FthumbUrl%2FCvKfTzV4TN5U8BTMF1Hl_246830_OrXUvGAuc2NCJDRvzNOTXOM3rsp1_1gXXmfNygmkGnXs4ZqyX.webp?alt=media&token=c014da81-650e-402d-bc82-97b315993035
IKI,"Lakas nagams MATT CITY 11 ml, m4 SINCERO SALON",1.99 €,https://firebasestorage.googleapis.com/v0/b/lastmile-ui/o/import%2Fphotos%2Fconverted%2Fproduct%2FthumbUrl%2FCvKfTzV4TN5U8BTMF1Hl_246832_OrXUvGAuc2NCJDRvzNOTXOM3rsp1_KkWPhydzfVfWaRCf2fz0.webp?alt=media&token=fd5bbae7-45d7-42c7-a85b-0a946c7f5614
IKI,Gelinis nagų lakas 657 black shadow SINCERO SALON,2.89 €,https://firebasestorage.googleapis.com/v0/b/lastmile-ui/o/import%2Fphotos%2Fconverted%2Fproduct%2FthumbUrl%2FCvKfTzV4TN5U8BTMF1Hl_252483_OrXUvGAuc2NCJDRvzNOTXOM3rsp1_xwNWEa9qHfG5BM5P4ISF.webp?alt=media&token=ea101ab2-9046-4bf2-bd79-9de37c26e543
IKI,Rubber bazė glitter oriental 6ml SINCERO SALON,4.99 €,https://firebasestorage.googleapis.com/v0/b/lastmile-ui/o/import%2Fphotos%2Fconverted%2Fproduct%2FthumbUrl%2FCvKfTzV4TN5U8BTMF1Hl_273591_OrXUvGAuc2NCJDRvzNOTXOM3rsp1_WROSPzxZbf8i8wXT3zX3.webp?alt=media&token=b075a29a-b8cf-4d32-8d74-75f711f82f41
IKI,"Lakas nagams NEW FORMULA 11 ml, s94 SINCERO SALON",1.99 €,https://firebasestorage.googleapis.com/v0/b/lastmile-ui/o/import%2Fphotos%2Fconverted%2Fproduct%2FthumbUrl%2FCvKfTzV4TN5U8BTMF1Hl_279294_OrXUvGAuc2NCJDRvzNOTXOM3rsp1_5wxjXrP0ekokcnuxlubt.webp?alt=media&token=1c61c623-8489-4fdd-bddd-5675ac8dddb2
IKI,Rubber bazė glitter rouge 6ml SINCERO SALON,4.99 €,https://firebasestorage.googleapis.com/v0/b/lastmile-ui/o/import%2Fphotos%2Fconverted%2Fproduct%2FthumbUrl%2FCvKfTzV4TN5U8BTMF1Hl_273595_OrXUvGAuc2NCJDRvzNOTXOM3rsp1_2Q2LoZv7UGTxwoLuzuA2.webp?alt=media&token=5058e67f-b481-418d-8575-ad2570a6a04b
IKI,Knyga 5 SVEIKATINGUMO TAISYKLĖS,14.97 €,https://firebasestorage.googleapis.com/v0/b/lastmile-ui/o/import%2Fphotos%2Fconverted%2Fproduct%2FthumbUrl%2FCvKfTzV4TN5U8BTMF1Hl_282785_OrXUvGAuc2NCJDRvzNOTXOM3rsp1_9eHiffdA5nGRcUPvR5Fh.webp?alt=media&token=26d19102-637f-42b4-a8ac-4bed7c0df9c1
IKI,Knyga KARO ŽMONĖS,13.77 €,https://firebasestorage.googleapis.com/v0/b/lastmile-ui/o/import%2Fphotos%2Fconverted%2Fproduct%2FthumbUrl%2FCvKfTzV4TN5U8BTMF1Hl_288224_OrXUvGAuc2NCJDRvzNOTXOM3rsp1_hrqeBnZGQmEz85bWDxZ8.webp?alt=media&token=5eb2a0a4-9e45-452a-816b-7999d2367d16
IKI,Knyga MONOTASKINGO METODAS,13.77 €,https://firebasestorage.googleapis.com/v0/b/lastmile-ui/o/import%2Fphotos%2Fconverted%2Fproduct%2FthumbUrl%2FCvKfTzV4TN5U8BTMF1Hl_280733_OrXUvGAuc2NCJDRvzNOTXOM3rsp1_aaGOvywlH8W1AqDhHYSN.webp?alt=media&token=0de468d7-6f66-486c-9cd9-c62f8705494c
IKI,Knyga NUSISTATYK RIBAS. ATRASK RAMYBĘ,6.59 €,https://firebasestorage.googleapis.com/v0/b/lastmile-ui/o/import%2Fphotos%2Fconverted%2Fproduct%2FthumbUrl%2FCvKfTzV4TN5U8BTMF1Hl_282799_OrXUvGAuc2NCJDRvzNOTXOM3rsp1_4DzqDF7Vf44HNfnPvSx7.webp?alt=media&token=ab3f0744-41e9-4cfa-88a3-0f669a65db37
IKI,Knyga NARCIZAS ŠEIMOJE. ŽALINGŲ PASEKMIŲ SUPRATIMAS IR KELIAS Į IŠGIJIMĄ,6.59 €,https://firebasestorage.googleapis.com/v0/b/lastmile-ui/o/import%2Fphotos%2Fconverted%2Fproduct%2FthumbUrl%2FCvKfTzV4TN5U8BTMF1Hl_282768_OrXUvGAuc2NCJDRvzNOTXOM3rsp1_xwGRPusPmuAe3EqwSwj8.webp?alt=media&token=246629c1-aa33-49ed-96eb-a4664e1384eb
IKI,Knyga 101 BŪDAS SUVALDYTI NERIMĄ IR DEPRESIJĄ,4.19 €,https://firebasestorage.googleapis.com/v0/b/lastmile-ui/o/import%2Fphotos%2Fconverted%2Fproduct%2FthumbUrl%2FCvKfTzV4TN5U8BTMF1Hl_282775_OrXUvGAuc2NCJDRvzNOTXOM3rsp1_caTHsQ5PPAIxadyz7LG3.webp?alt=media&token=099af250-f602-4c30-a1b7-489b78d90139
IKI,Knyga BALIO KERAI,7.19 €,https://firebasestorage.googleapis.com/v0/b/lastmile-ui/o/import%2Fphotos%2Fconverted%2Fproduct%2FthumbUrl%2FCvKfTzV4TN5U8BTMF1Hl_282731_OrXUvGAuc2NCJDRvzNOTXOM3rsp1_lj62GAM1CPkS8UoFiCth.webp?alt=media&token=0c0505ac-b15c-4403-87cf-299287b080fd
IKI,Knyga KELIŲ EISMO TAISYKLĖS,5.99 €,https://firebasestorage.googleapis.com/v0/b/lastmile-ui/o/import%2Fphotos%2Fconverted%2Fproduct%2FthumbUrl%2FCvKfTzV4TN5U8BTMF1Hl_285035_OrXUvGAuc2NCJDRvzNOTXOM3rsp1_dfAWbQNAizQRVtBfN3sC.webp?alt=media&token=eabec082-6332-4180-b55d-033326db3cbc
IKI,Knyga 21 TAISYKLĖ GERAM GYVENIMUI,14.97 €,https://firebasestorage.googleapis.com/v0/b/lastmile-ui/o/import%2Fphotos%2Fconverted%2Fproduct%2FthumbUrl%2FCvKfTzV4TN5U8BTMF1Hl_285066_OrXUvGAuc2NCJDRvzNOTXOM3rsp1_4IU3yLvvjyjA4xH1mgRU.webp?alt=media&token=22704470-cb59-4f84-86d3-7dfdeeb39691
IKI,Knyga DIENORAŠTIS IŠ BERGEN-BELZENO KONCENTRACIJOS STOVYKLOS. 1944-1945,14.97 €,https://firebasestorage.googleapis.com/v0/b/lastmile-ui/o/import%2Fphotos%2Fconverted%2Fproduct%2FthumbUrl%2FCvKfTzV4TN5U8BTMF1Hl_284504_OrXUvGAuc2NCJDRvzNOTXOM3rsp1_To61SBc4Owdcp9daRbs4.webp?alt=media&token=f7d4f1f9-34ab-412d-b910-d9ea008a2509
IKI,Knyga MANIFESTAVIMAS,10.19 €,https://firebasestorage.googleapis.com/v0/b/lastmile-ui/o/import%2Fphotos%2Fconverted%2Fproduct%2FthumbUrl%2FCvKfTzV4TN5U8BTMF1Hl_286488_OrXUvGAuc2NCJDRvzNOTXOM3rsp1_RcWUMNiTLBzRLXnQGLFS.webp?alt=media&token=9fabe674-adc6-49f2-ae8f-ef3c9df987ee
IKI,Knyga SILVOS MENTALINIO VALDYMO METODAS,8.99 €,https://firebasestorage.googleapis.com/v0/b/lastmile-ui/o/import%2Fphotos%2Fconverted%2Fproduct%2FthumbUrl%2FCvKfTzV4TN5U8BTMF1Hl_286495_OrXUvGAuc2NCJDRvzNOTXOM3rsp1_bibmkWCNf3Fhj0VROwvd.webp?alt=media&token=6621559b-5519-4b6a-a15a-805417de6346
IKI,Knyga KUNIGO ŠIRDIES DIENORAŠTIS,11.39 €,https://firebasestorage.googleapis.com/v0/b/lastmile-ui/o/import%2Fphotos%2Fconverted%2Fproduct%2FthumbUrl%2FCvKfTzV4TN5U8BTMF1Hl_286490_OrXUvGAuc2NCJDRvzNOTXOM3rsp1_fIxvMaAwTVIAz6SLBIXr.webp?alt=media&token=3a6292ba-b044-4ab4-b795-96afa0b2f476
IKI,Knyga VAIKAS KURIO NELAIKĖ ŽMOGUMI,5.39 €,https://firebasestorage.googleapis.com/v0/b/lastmile-ui/o/import%2Fphotos%2Fconverted%2Fproduct%2FthumbUrl%2FCvKfTzV4TN5U8BTMF1Hl_286493_OrXUvGAuc2NCJDRvzNOTXOM3rsp1_o7ZZHFvyfUIJgptA32Kj.webp?alt=media&token=876c1a1c-775e-46b7-95c5-c536ba942299
IKI,"Casting Creme Gloss pusiau ilgalaikiai plaukų dažai be amoniako,734",6.24 €,https://firebasestorage.googleapis.com/v0/b/lastmile-ui/o/import%2Fphotos%2Fconverted%2Fproduct%2FthumbUrl%2FCvKfTzV4TN5U8BTMF1Hl_287754_uF3DptJQvjXHqmno4Mal_XyJO334mpwGIypCEAhqQ.webp?alt=media&token=57d4405e-1d71-4aaa-bf47-aeba92ad1889
IKI,"OLIA ilgalaikiai aliejiniai plaukų dažai be amoniako, 4.15 Iced Chocolate",5.49 €,https://firebasestorage.googleapis.com/v0/b/lastmile-ui/o/import%2Fphotos%2Fconverted%2Fproduct%2FthumbUrl%2FCvKfTzV4TN5U8BTMF1Hl_287753_uF3DptJQvjXHqmno4Mal_ldSbxIMTlzy1lKTGLYN4.webp?alt=media&token=602cef59-c921-4068-b116-f116e9819ec3
IKI,Knyga TARO.IŠMOKITE BURTI KORTOMIS,9.59 €,https://firebasestorage.googleapis.com/v0/b/lastmile-ui/o/import%2Fphotos%2Fconverted%2Fproduct%2FthumbUrl%2FCvKfTzV4TN5U8BTMF1Hl_272863_OrXUvGAuc2NCJDRvzNOTXOM3rsp1_0fQlqJKWodMUI9IujpRw.webp?alt=media&token=1a5bd5f9-73c2-4cda-96d7-6b7ff2cae4c2
IKI,"Plaukų dažai L'OREAL CASTING CREME GLOSS, 801",6.24 €,https://firebasestorage.googleapis.com/v0/b/lastmile-ui/o/import%2Fphotos%2Fconverted%2Fproduct%2FthumbUrl%2FCvKfTzV4TN5U8BTMF1Hl_223052_OrXUvGAuc2NCJDRvzNOTXOM3rsp1_1tPX9EQix3FeB5FumEdZ.webp?alt=media&token=9fd1e88a-7a89-4909-87b6-ddf5a5034f31
IKI,Knyga POLTAVA,16.79 €,https://firebasestorage.googleapis.com/v0/b/lastmile-ui/o/import%2Fphotos%2Fconverted%2Fproduct%2FthumbUrl%2FCvKfTzV4TN5U8BTMF1Hl_270791_OrXUvGAuc2NCJDRvzNOTXOM3rsp1_zB5BzvffEnZmGkCPrSZJ.webp?alt=media&token=074980f0-0009-4a5f-9bef-0b8c2f7ee101
IKI,Knyga ATEITIES PRANAŠYSTĖS.PER PRAEITIES IR DABARTIES PRIZMĘ,14.97 €,https://firebasestorage.googleapis.com/v0/b/lastmile-ui/o/import%2Fphotos%2Fconverted%2Fproduct%2FthumbUrl%2FCvKfTzV4TN5U8BTMF1Hl_278653_OrXUvGAuc2NCJDRvzNOTXOM3rsp1_dk4CtlGxZ7jzhCmzQhQQ.webp?alt=media&token=ec95cf28-db6f-411c-896d-b85e809b4924
IKI,Knyga SAVIVERTĖS UGDYMAS ELENA RISBERG,5.39 €,https://firebasestorage.googleapis.com/v0/b/lastmile-ui/o/import%2Fphotos%2Fconverted%2Fproduct%2FthumbUrl%2FCvKfTzV4TN5U8BTMF1Hl_278725_OrXUvGAuc2NCJDRvzNOTXOM3rsp1_xXfxYtupmXxf8UKLdazy.webp?alt=media&token=345787fc-117f-4891-aeea-5d563b099ebf
IKI,Knyga ORGANIZMO VALYMAS,2.57 €,https://firebasestorage.googleapis.com/v0/b/lastmile-ui/o/import%2Fphotos%2Fconverted%2Fproduct%2FthumbUrl%2FCvKfTzV4TN5U8BTMF1Hl_216706_OrXUvGAuc2NCJDRvzNOTXOM3rsp1_tILVsN2OfLKzwTSfUQSA.webp?alt=media&token=0bf325dc-7246-4ccf-a592-3c5847c1c146
IKI,Knyga KEPSNINĖJE KEPTI GARDĖSIAI,7.19 €,https://firebasestorage.googleapis.com/v0/b/lastmile-ui/o/import%2Fphotos%2Fconverted%2Fproduct%2FthumbUrl%2FCvKfTzV4TN5U8BTMF1Hl_281633_OrXUvGAuc2NCJDRvzNOTXOM3rsp1_awAgMzdqVfjkCRM7tuUQ.webp?alt=media&token=161ea264-129a-48fa-b4c9-3f6eec994d4f
IKI,Knyga UOGOS IR VAISIAI,8.39 €,https://firebasestorage.googleapis.com/v0/b/lastmile-ui/o/import%2Fphotos%2Fconverted%2Fproduct%2FthumbUrl%2FCvKfTzV4TN5U8BTMF1Hl_255173_OrXUvGAuc2NCJDRvzNOTXOM3rsp1_zkVlQpEHqyENHi5tPpiU.webp?alt=media&token=9a2e962a-b0c4-450e-8c15-001cd8d6b308
IKI,Knyga SVEIKATA PRIKLAUSO NUO JŪSŲ,2.57 €,https://firebasestorage.googleapis.com/v0/b/lastmile-ui/o/import%2Fphotos%2Fconverted%2Fproduct%2FthumbUrl%2FCvKfTzV4TN5U8BTMF1Hl_221746_OrXUvGAuc2NCJDRvzNOTXOM3rsp1_Afuzg4FXxvx6LeJF7T6E.webp?alt=media&token=7f72cc28-ca9a-489a-a138-7c68752d6c2c
IKI,"Knyga TIBETO,KINŲ IR MŪSŲ SENOLIŲ IŠMINTIS",2.57 €,https://firebasestorage.googleapis.com/v0/b/lastmile-ui/o/import%2Fphotos%2Fconverted%2Fproduct%2FthumbUrl%2FCvKfTzV4TN5U8BTMF1Hl_229634_OrXUvGAuc2NCJDRvzNOTXOM3rsp1_mXCvogzNOYWHrEVoVpjQ.webp?alt=media&token=a98dbcfa-35ac-4d6f-a4c2-fb0a53810e7c
IKI,Knyga MAISTAS- VAISTAS: GRIŽIMAS PRIE NATŪRALUMO,2.57 €,https://firebasestorage.googleapis.com/v0/b/lastmile-ui/o/import%2Fphotos%2Fconverted%2Fproduct%2FthumbUrl%2FCvKfTzV4TN5U8BTMF1Hl_220922_OrXUvGAuc2NCJDRvzNOTXOM3rsp1_MAp9UNl7Avt8C9F6DieK.webp?alt=media&token=56fc44d3-bfa9-4ac7-82d4-a61a4394a578
IKI,Knyga BRANDUS AMŽIUS-GERA SVEIKATA,2.57 €,https://firebasestorage.googleapis.com/v0/b/lastmile-ui/o/import%2Fphotos%2Fconverted%2Fproduct%2FthumbUrl%2FCvKfTzV4TN5U8BTMF1Hl_215021_OrXUvGAuc2NCJDRvzNOTXOM3rsp1_o9n15SEZKHGsirRJ4Fqn.webp?alt=media&token=a65069b0-d9b4-4a65-9519-09eadc0565ce
IKI,"Knyga JOE BIDEN. GYVENIMAS, IDĖJOS, KOVA IR TAI, KAS SVARBU DABAR",10.79 €,https://firebasestorage.googleapis.com/v0/b/lastmile-ui/o/import%2Fphotos%2Fconverted%2Fproduct%2FthumbUrl%2FCvKfTzV4TN5U8BTMF1Hl_269403_OrXUvGAuc2NCJDRvzNOTXOM3rsp1_5ckNtncxch5FBMcl6atj.webp?alt=media&token=a8d0fa6e-3b60-4d9c-8bde-15a595c4bee0
IKI,Knyga KAIRO KNYGYNAS,11.99 €,https://firebasestorage.googleapis.com/v0/b/lastmile-ui/o/import%2Fphotos%2Fconverted%2Fproduct%2FthumbUrl%2FCvKfTzV4TN5U8BTMF1Hl_276786_OrXUvGAuc2NCJDRvzNOTXOM3rsp1_OBIZw124VoS8A8KVgDmz.webp?alt=media&token=4f24afb6-5822-4a1a-ae3e-9d7100923968
IKI,Knyga PINCH OF NOM,20.97 €,https://firebasestorage.googleapis.com/v0/b/lastmile-ui/o/import%2Fphotos%2Fconverted%2Fproduct%2FthumbUrl%2FCvKfTzV4TN5U8BTMF1Hl_279602_OrXUvGAuc2NCJDRvzNOTXOM3rsp1_oyuCroRyy53nAbSt99PN.webp?alt=media&token=08e1b935-a380-4b4a-a241-b6ccc87692e6
IKI,Knyga KNYGOS GIMIMAS. KAIP UŽRAŠYTAS ŽODIS TAPO AMŽINAS,20.97 €,https://firebasestorage.googleapis.com/v0/b/lastmile-ui/o/import%2Fphotos%2Fconverted%2Fproduct%2FthumbUrl%2FCvKfTzV4TN5U8BTMF1Hl_283015_OrXUvGAuc2NCJDRvzNOTXOM3rsp1_ARLdywBdMoz6p5rrssSh.webp?alt=media&token=384dc4a5-c812-4d8d-9f6d-cc31dc621d3a
IKI,Knyga BE EILĖS,14.97 €,https://firebasestorage.googleapis.com/v0/b/lastmile-ui/o/import%2Fphotos%2Fconverted%2Fproduct%2FthumbUrl%2FCvKfTzV4TN5U8BTMF1Hl_274190_OrXUvGAuc2NCJDRvzNOTXOM3rsp1_BOdLUlRCB0j218e54zOZ.webp?alt=media&token=6c45e000-2bcb-4523-a3ac-c122e90cde92
IKI,Knyga NEMUNU PER LIETUVĄ,19.77 €,https://firebasestorage.googleapis.com/v0/b/lastmile-ui/o/import%2Fphotos%2Fconverted%2Fproduct%2FthumbUrl%2FCvKfTzV4TN5U8BTMF1Hl_267699_OrXUvGAuc2NCJDRvzNOTXOM3rsp1_c8y8cdRLH6CsqlZOAQo3.webp?alt=media&token=b8c356cb-92cc-4df9-89e4-110f64623f4e
IKI,Knyga PERŠALIMO LIGOS,2.57 €,https://firebasestorage.googleapis.com/v0/b/lastmile-ui/o/import%2Fphotos%2Fconverted%2Fproduct%2FthumbUrl%2FCvKfTzV4TN5U8BTMF1Hl_274629_OrXUvGAuc2NCJDRvzNOTXOM3rsp1_Z8tD4Fac6UZEerhIIfZg.webp?alt=media&token=d59bc994-9b87-487b-a434-139f158e8d1f
IKI,Knyga JUODŽEMIS,10.79 €,https://firebasestorage.googleapis.com/v0/b/lastmile-ui/o/import%2Fphotos%2Fconverted%2Fproduct%2FthumbUrl%2FCvKfTzV4TN5U8BTMF1Hl_288580_OrXUvGAuc2NCJDRvzNOTXOM3rsp1_cygF7icSzblkoBejXaJh.webp?alt=media&token=df330beb-2b4f-4435-9003-02ee23746cff
IKI,Knyga VAISINGUMAS. JŪSŲ SVEIKO NĖŠTUMO VADOVAS,8.39 €,https://firebasestorage.googleapis.com/v0/b/lastmile-ui/o/import%2Fphotos%2Fconverted%2Fproduct%2FthumbUrl%2FCvKfTzV4TN5U8BTMF1Hl_271462_OrXUvGAuc2NCJDRvzNOTXOM3rsp1_slwAJIPi91GEiS7oGzgM.webp?alt=media&token=99b2cb1b-2212-4fd5-9f25-36793f102791
IKI,Knyga EMOCIJŲ ISTORIJA,19.77 €,https://firebasestorage.googleapis.com/v0/b/lastmile-ui/o/import%2Fphotos%2Fconverted%2Fproduct%2FthumbUrl%2FCvKfTzV4TN5U8BTMF1Hl_284899_OrXUvGAuc2NCJDRvzNOTXOM3rsp1_V6z4Ce23ka2Fv19B0LjO.webp?alt=media&token=895d7fc5-e079-494b-9905-a5115c37b491
IKI,Knyga BIČIŲ METAI,13.77 €,https://firebasestorage.googleapis.com/v0/b/lastmile-ui/o/import%2Fphotos%2Fconverted%2Fproduct%2FthumbUrl%2FCvKfTzV4TN5U8BTMF1Hl_284898_OrXUvGAuc2NCJDRvzNOTXOM3rsp1_For1zTFg9DBZntTu8T1l.webp?alt=media&token=61c29d83-a0be-4a83-bbab-af246b2caf12
IKI,Knyga SVEIKATA LĖKŠTĖJE,10.19 €,https://firebasestorage.googleapis.com/v0/b/lastmile-ui/o/import%2Fphotos%2Fconverted%2Fproduct%2FthumbUrl%2FCvKfTzV4TN5U8BTMF1Hl_280203_OrXUvGAuc2NCJDRvzNOTXOM3rsp1_SUBqYSW2XqQoDTN6wFpr.webp?alt=media&token=75261421-5da2-4ed0-8f36-43fce9e7ab34
IKI,Knyga ORGANIZMO VALYMAS NATŪRALIAIS BŪDAIS,2.39 €,https://firebasestorage.googleapis.com/v0/b/lastmile-ui/o/import%2Fphotos%2Fconverted%2Fproduct%2FthumbUrl%2FCvKfTzV4TN5U8BTMF1Hl_276289_OrXUvGAuc2NCJDRvzNOTXOM3rsp1_YCzERMTzc7LxL5S8gz4p.webp?alt=media&token=01e1ab41-8c1a-4429-93a1-a6f9fa1e7cf6
IKI,Knyga ĮDOMIAUSIOS KELIONĖS PO LIETUVĄ,17.97 €,https://firebasestorage.googleapis.com/v0/b/lastmile-ui/o/import%2Fphotos%2Fconverted%2Fproduct%2FthumbUrl%2FCvKfTzV4TN5U8BTMF1Hl_288581_OrXUvGAuc2NCJDRvzNOTXOM3rsp1_u2DcIJNsMmuiF4XYkPUD.webp?alt=media&token=46c2591c-ae2b-4081-b085-e5dff386ded2
IKI,"PALMOLIVE dušo želė Skin Radiance Avocado Honey, 500ml",3.49 €,https://firebasestorage.googleapis.com/v0/b/lastmile-ui/o/import%2Fphotos%2Fconverted%2Fproduct%2FthumbUrl%2FCvKfTzV4TN5U8BTMF1Hl_288717_OrXUvGAuc2NCJDRvzNOTXOM3rsp1_aaX5BX2PqRB2q6rCLFhR.webp?alt=media&token=aa397476-df8d-4d0c-b101-a61671b6c604
IKI,"Dušo želė Men Expert Hydra Hyaluronic Defence su magniu, 400 ml",3.49 €,https://firebasestorage.googleapis.com/v0/b/lastmile-ui/o/import%2Fphotos%2Fconverted%2Fproduct%2FthumbUrl%2FCvKfTzV4TN5U8BTMF1Hl_288783_OrXUvGAuc2NCJDRvzNOTXOM3rsp1_Chvl9ewXnQtSbxwgEKUm.webp?alt=media&token=6653535f-0765-45ea-8ff9-9a8fc5f97f3e
IKI,"Prezervatyvai SKYN Value Pack, 20 vnt",11.99 €,https://firebasestorage.googleapis.com/v0/b/lastmile-ui/o/import%2Fphotos%2Fconverted%2Fproduct%2FthumbUrl%2FCvKfTzV4TN5U8BTMF1Hl_288775_OrXUvGAuc2NCJDRvzNOTXOM3rsp1_6flcT0tFqMiWq19JShAN.webp?alt=media&token=923fd9ba-112b-4ec6-97a5-90033fa07002
IKI,"PALMOLIVE dušo želė Thermal SPA Gentle Massage, 500ml",3.49 €,https://firebasestorage.googleapis.com/v0/b/lastmile-ui/o/import%2Fphotos%2Fconverted%2Fproduct%2FthumbUrl%2FCvKfTzV4TN5U8BTMF1Hl_288719_OrXUvGAuc2NCJDRvzNOTXOM3rsp1_rfcJQk0PEfI9rWz4a6Os.webp?alt=media&token=8994be1f-9481-4735-b38b-43b78f4793c9
IKI,Vyriškas pieštukinis antiperspirantas REXONA COBALT 50 ml,2.14 €,https://firebasestorage.googleapis.com/v0/b/lastmile-ui/o/import%2Fphotos%2Fconverted%2Fproduct%2FthumbUrl%2FCvKfTzV4TN5U8BTMF1Hl_1748_OrXUvGAuc2NCJDRvzNOTXOM3rsp1_2TJl0ymG7iGsGSBdddpu.webp?alt=media&token=8d8d85b3-582a-4063-ad0a-ef09cc35b0a0
IKI,Knyga KAS TAU NUTIKO?,16.77 €,https://firebasestorage.googleapis.com/v0/b/lastmile-ui/o/import%2Fphotos%2Fconverted%2Fproduct%2FthumbUrl%2FCvKfTzV4TN5U8BTMF1Hl_284507_OrXUvGAuc2NCJDRvzNOTXOM3rsp1_UMs1OHlao0YoJy68hs1R.webp?alt=media&token=6f0f80bc-7999-460b-a11e-e90a1138da7f
IKI,Knyga DANGUS BE GROTŲ,16.77 €,https://firebasestorage.googleapis.com/v0/b/lastmile-ui/o/import%2Fphotos%2Fconverted%2Fproduct%2FthumbUrl%2FCvKfTzV4TN5U8BTMF1Hl_288931_OrXUvGAuc2NCJDRvzNOTXOM3rsp1_8u2pujJPkmN1wRKIKvkp.webp?alt=media&token=46d57fea-7c5e-49e3-bdb8-6a0ff7bd75b1
IKI,Knyga APIE RAŠYMĄ. MEMUARAI APIE AMATĄ,13.77 €,https://firebasestorage.googleapis.com/v0/b/lastmile-ui/o/import%2Fphotos%2Fconverted%2Fproduct%2FthumbUrl%2FCvKfTzV4TN5U8BTMF1Hl_288886_OrXUvGAuc2NCJDRvzNOTXOM3rsp1_cXCP74WquNQo7IG4bmau.webp?alt=media&token=bb8c449a-1f7d-4c99-a009-f0140476341e
IKI,"Knyga SAVIGYNOS VADOVAS MOTERIMS: VEIKSMINGI BŪDAI, KAIP APSIGINTI",5.99 €,https://firebasestorage.googleapis.com/v0/b/lastmile-ui/o/import%2Fphotos%2Fconverted%2Fproduct%2FthumbUrl%2FCvKfTzV4TN5U8BTMF1Hl_288909_OrXUvGAuc2NCJDRvzNOTXOM3rsp1_o4vYKkkyypBr6ENisFhb.webp?alt=media&token=179fc783-9bcf-4918-87fb-c3c51edf565f
IKI,Knyga NESUTRAMDYTA,9.59 €,https://firebasestorage.googleapis.com/v0/b/lastmile-ui/o/import%2Fphotos%2Fconverted%2Fproduct%2FthumbUrl%2FCvKfTzV4TN5U8BTMF1Hl_289588_OrXUvGAuc2NCJDRvzNOTXOM3rsp1_9NC06pIc7yJHE1GTigAw.webp?alt=media&token=ddd4315f-71b7-44d9-9f79-8b5d77373841
IKI,Knyga TRYS MOTERYS,9.59 €,https://firebasestorage.googleapis.com/v0/b/lastmile-ui/o/import%2Fphotos%2Fconverted%2Fproduct%2FthumbUrl%2FCvKfTzV4TN5U8BTMF1Hl_289561_OrXUvGAuc2NCJDRvzNOTXOM3rsp1_tAWY7BPUqnfUYVmU1Ozn.webp?alt=media&token=1d49c72a-fa0a-4ebc-bd28-20d7b4b42cf0
IKI,Knyga TĖVYSTĖS MAGIJA,7.79 €,https://firebasestorage.googleapis.com/v0/b/lastmile-ui/o/import%2Fphotos%2Fconverted%2Fproduct%2FthumbUrl%2FCvKfTzV4TN5U8BTMF1Hl_289559_OrXUvGAuc2NCJDRvzNOTXOM3rsp1_abSnOGCb8M0cTIRsOhIe.webp?alt=media&token=47607a38-9623-4aaa-a232-9ac9ceb48cde
IKI,Knyga DARŽAS NUO LAUKO IKI STALO,11.99 €,https://firebasestorage.googleapis.com/v0/b/lastmile-ui/o/import%2Fphotos%2Fconverted%2Fproduct%2FthumbUrl%2FCvKfTzV4TN5U8BTMF1Hl_289597_OrXUvGAuc2NCJDRvzNOTXOM3rsp1_6iG9aFaeyT72LvE0aFJu.webp?alt=media&token=0e5ffa7e-ca4b-44b4-aac9-ff1751cccf1e
IKI,"Gelinis nagų lakas ""Sincero Salon"", 6ml, Flame scarlet, 3723",2.89 €,https://firebasestorage.googleapis.com/v0/b/lastmile-ui/o/import%2Fphotos%2Fconverted%2Fproduct%2FthumbUrl%2FCvKfTzV4TN5U8BTMF1Hl_289400_OrXUvGAuc2NCJDRvzNOTXOM3rsp1_JYh159ea1WQhzZZIJ4os.webp?alt=media&token=e1498d28-d081-4ea5-8a85-d5936f0a0a5d
IKI,Knyga TEIGIAMO MĄSTYMO PAGRINDAI,7.19 €,https://firebasestorage.googleapis.com/v0/b/lastmile-ui/o/import%2Fphotos%2Fconverted%2Fproduct%2FthumbUrl%2FCvKfTzV4TN5U8BTMF1Hl_289877_OrXUvGAuc2NCJDRvzNOTXOM3rsp1_dmEP92rmvEsJsfYrpRyR.webp?alt=media&token=febed9ae-d0a8-48b2-afa6-851b2dc19b25
IKI,Knyga TYLA,16.77 €,https://firebasestorage.googleapis.com/v0/b/lastmile-ui/o/import%2Fphotos%2Fconverted%2Fproduct%2FthumbUrl%2FCvKfTzV4TN5U8BTMF1Hl_289904_OrXUvGAuc2NCJDRvzNOTXOM3rsp1_FlBa5GWNdN9hYTyYz29J.webp?alt=media&token=6661cf05-0443-4f75-bc08-da97a927b393
IKI,Knyga TARNAITĖS VISA KAM,14.97 €,https://firebasestorage.googleapis.com/v0/b/lastmile-ui/o/import%2Fphotos%2Fconverted%2Fproduct%2FthumbUrl%2FCvKfTzV4TN5U8BTMF1Hl_289912_OrXUvGAuc2NCJDRvzNOTXOM3rsp1_JTXidJWQ9B3EXUz4YpsD.webp?alt=media&token=e68a618b-2109-4645-af83-dde02f0dcec8
IKI,Knyga DVIVEIDIS,13.77 €,https://firebasestorage.googleapis.com/v0/b/lastmile-ui/o/import%2Fphotos%2Fconverted%2Fproduct%2FthumbUrl%2FCvKfTzV4TN5U8BTMF1Hl_289892_OrXUvGAuc2NCJDRvzNOTXOM3rsp1_sMlezeimq8UBdgGgRhZG.webp?alt=media&token=d344aedb-9489-4031-9a09-4fba15fce02f
IKI,Knyga PIRKS. SĄMONINGA IR SĄŽININGA PARDAVIMO SEKA,16.77 €,https://firebasestorage.googleapis.com/v0/b/lastmile-ui/o/import%2Fphotos%2Fconverted%2Fproduct%2FthumbUrl%2FCvKfTzV4TN5U8BTMF1Hl_289894_OrXUvGAuc2NCJDRvzNOTXOM3rsp1_orb0MtE7cTkc8KoYC9U0.webp?alt=media&token=637c3e9b-9c63-4b9e-95e6-d5f6973282b7
IKI,Knyga ŠUNŲ UŽKALBĖJIMO MENAS,13.77 €,https://firebasestorage.googleapis.com/v0/b/lastmile-ui/o/import%2Fphotos%2Fconverted%2Fproduct%2FthumbUrl%2FCvKfTzV4TN5U8BTMF1Hl_289903_OrXUvGAuc2NCJDRvzNOTXOM3rsp1_bVawpjICLSB8TkaZf3JI.webp?alt=media&token=81867f0f-4af8-49b8-ad25-cad612fe7c33
IKI,Knyga SMARVĖ,13.77 €,https://firebasestorage.googleapis.com/v0/b/lastmile-ui/o/import%2Fphotos%2Fconverted%2Fproduct%2FthumbUrl%2FCvKfTzV4TN5U8BTMF1Hl_289902_OrXUvGAuc2NCJDRvzNOTXOM3rsp1_cepaTb1vcrdiJxllalsz.webp?alt=media&token=66e68d42-4ce5-4af1-a469-d7bee314385e
IKI,Loreal Men Expert Hydra Energetic nuovargio požymius mažinantis veido kremas su SPF15,5.99 €,https://firebasestorage.googleapis.com/v0/b/lastmile-ui/o/import%2Fphotos%2Fconverted%2Fproduct%2FthumbUrl%2FCvKfTzV4TN5U8BTMF1Hl_289417_OrXUvGAuc2NCJDRvzNOTXOM3rsp1_QiUKDfezFxyOC9GLavyG.webp?alt=media&token=03d20db9-fb64-4220-9387-1f738338fcf8
IKI,GARNIER PURE ACTIVE UV Anti-Imperfections Fluidas su BHA+Niacinamidu ir SPF50,6.99 €,https://firebasestorage.googleapis.com/v0/b/lastmile-ui/o/import%2Fphotos%2Fconverted%2Fproduct%2FthumbUrl%2FCvKfTzV4TN5U8BTMF1Hl_289427_OrXUvGAuc2NCJDRvzNOTXOM3rsp1_fErBgpE44EwNCZ2DFoqP.webp?alt=media&token=6933c214-b4d4-482e-8af4-9491627b7a6e
IKI,MARGARITA MOIST & MINERALS drėkinamasis veido serumas su mineraliniu vandeniu „Birutė“ 30 ml,6.49 €,https://firebasestorage.googleapis.com/v0/b/lastmile-ui/o/import%2Fphotos%2Fconverted%2Fproduct%2FthumbUrl%2FCvKfTzV4TN5U8BTMF1Hl_289403_OrXUvGAuc2NCJDRvzNOTXOM3rsp1_g0icD6hgIH8DPPbnnA61.webp?alt=media&token=ad1beb97-785e-4cb7-b05e-8a7946867451
IKI,"L'oreal Revitalift Laser korekcinis senėjimą stabdantis serumas su tripeptidais, 30 ml",11.49 €,https://firebasestorage.googleapis.com/v0/b/lastmile-ui/o/import%2Fphotos%2Fconverted%2Fproduct%2FthumbUrl%2FCvKfTzV4TN5U8BTMF1Hl_289428_OrXUvGAuc2NCJDRvzNOTXOM3rsp1_MTSnACEBSbj3SshtCqg4.webp?alt=media&token=d3f32033-bec6-4bcf-a45a-f83e676d73ae
IKI,"GARNIER Vitamin C švytėjimo suteikiantis dieninis veido fluidas SPF 50+, 40 ml",7.49 €,https://firebasestorage.googleapis.com/v0/b/lastmile-ui/o/import%2Fphotos%2Fconverted%2Fproduct%2FthumbUrl%2FCvKfTzV4TN5U8BTMF1Hl_289419_OrXUvGAuc2NCJDRvzNOTXOM3rsp1_6VPzpaVAzZX1JILZ2P9g.webp?alt=media&token=44762dc1-628b-47d1-9528-450cf2c81349
IKI,Knyga MAIŠTINGOJI,13.77 €,https://firebasestorage.googleapis.com/v0/b/lastmile-ui/o/import%2Fphotos%2Fconverted%2Fproduct%2FthumbUrl%2FCvKfTzV4TN5U8BTMF1Hl_286547_OrXUvGAuc2NCJDRvzNOTXOM3rsp1_Jahn8ziHeXaFB62Rq5CW.webp?alt=media&token=fe348feb-5c02-4446-b852-498eae964290
IKI,Knyga KRYŽIAŽODŽIŲ DETEKTYVAI,11.99 €,https://firebasestorage.googleapis.com/v0/b/lastmile-ui/o/import%2Fphotos%2Fconverted%2Fproduct%2FthumbUrl%2FCvKfTzV4TN5U8BTMF1Hl_282661_OrXUvGAuc2NCJDRvzNOTXOM3rsp1_OmTpABrQ4C3WNAFJWwo9.webp?alt=media&token=ad851976-29fe-49da-be9b-125de8127879
IKI,Knyga MAMOS PRISIMINIMŲ KNYGA,11.99 €,https://firebasestorage.googleapis.com/v0/b/lastmile-ui/o/import%2Fphotos%2Fconverted%2Fproduct%2FthumbUrl%2FCvKfTzV4TN5U8BTMF1Hl_281636_OrXUvGAuc2NCJDRvzNOTXOM3rsp1_cAyDHBrntyqvXPytvgQy.webp?alt=media&token=1d057ca6-b2b9-4623-b091-ca91b36e5404
IKI,Knyga KOL ŽIOVAUJA ŽUVĖDROS,7.79 €,https://firebasestorage.googleapis.com/v0/b/lastmile-ui/o/import%2Fphotos%2Fconverted%2Fproduct%2FthumbUrl%2FCvKfTzV4TN5U8BTMF1Hl_285603_OrXUvGAuc2NCJDRvzNOTXOM3rsp1_qqrpKUmjilcfkkTwYgaL.webp?alt=media&token=1a50a33f-433f-402a-9934-63a85bd9058b
IKI,Knyga IŠ KUR ATSIRANDA VAIKAI?,7.19 €,https://firebasestorage.googleapis.com/v0/b/lastmile-ui/o/import%2Fphotos%2Fconverted%2Fproduct%2FthumbUrl%2FCvKfTzV4TN5U8BTMF1Hl_284881_OrXUvGAuc2NCJDRvzNOTXOM3rsp1_z5iZjDfOPUh4S5ilh26c.webp?alt=media&token=6a6a43ac-9dbf-47ad-a6cb-d8005e204f58
IKI,Knyga APIE LAIKĄ IR VANDENĮ,19.77 €,https://firebasestorage.googleapis.com/v0/b/lastmile-ui/o/import%2Fphotos%2Fconverted%2Fproduct%2FthumbUrl%2FCvKfTzV4TN5U8BTMF1Hl_285585_OrXUvGAuc2NCJDRvzNOTXOM3rsp1_wrXSfqOOlFm8dfAETS04.webp?alt=media&token=281b152f-4373-4dca-a34c-3d72e8d206ee
IKI,"Moteriškos pėdkelnės INCANTO MICRO VELVET 70, 3d., VERDE",5.39 €,https://firebasestorage.googleapis.com/v0/b/lastmile-ui/o/import%2Fphotos%2Fconverted%2Fproduct%2FthumbUrl%2FCvKfTzV4TN5U8BTMF1Hl_255317_OrXUvGAuc2NCJDRvzNOTXOM3rsp1_YjiqnmA7sifKH7RwX0wu.webp?alt=media&token=b7f54e48-705c-4630-9e2f-2da6222a2f2b
IKI,Knyga MENOPAUZĖ BE TABU S.ČEPKAUSKIEKĖ,10.19 €,https://firebasestorage.googleapis.com/v0/b/lastmile-ui/o/import%2Fphotos%2Fconverted%2Fproduct%2FthumbUrl%2FCvKfTzV4TN5U8BTMF1Hl_259653_OrXUvGAuc2NCJDRvzNOTXOM3rsp1_8TUn5EfcuoNiWg18Z0XZ.webp?alt=media&token=d202f94d-f80a-434d-9d8c-8be16ff0f501
IKI,Knyga PASIVAIKŠČIOJIMAI. ANTROJI KNYGA,11.39 €,https://firebasestorage.googleapis.com/v0/b/lastmile-ui/o/import%2Fphotos%2Fconverted%2Fproduct%2FthumbUrl%2FCvKfTzV4TN5U8BTMF1Hl_286546_OrXUvGAuc2NCJDRvzNOTXOM3rsp1_qw7g7Mw6iav0lGtSGs77.webp?alt=media&token=c7c1e94f-0c0b-4a62-b54b-afede9fe4530
IKI,Knyga DIRBANTIS ŽMOGUS,13.77 €,https://firebasestorage.googleapis.com/v0/b/lastmile-ui/o/import%2Fphotos%2Fconverted%2Fproduct%2FthumbUrl%2FCvKfTzV4TN5U8BTMF1Hl_271920_OrXUvGAuc2NCJDRvzNOTXOM3rsp1_mfqDrR1xPLurFYz9iEmD.webp?alt=media&token=4e1d4fd0-366e-4e6f-adbb-51208ebe2c6f
IKI,Knyga ŽINIA IŠ UKRAINOS,10.79 €,https://firebasestorage.googleapis.com/v0/b/lastmile-ui/o/import%2Fphotos%2Fconverted%2Fproduct%2FthumbUrl%2FCvKfTzV4TN5U8BTMF1Hl_280744_OrXUvGAuc2NCJDRvzNOTXOM3rsp1_aUYLLe9yj97XlUAnOi18.webp?alt=media&token=224be65c-04d2-4058-9418-518fd1e8189c
IKI,Knyga GAMTOS KERAI,9.59 €,https://firebasestorage.googleapis.com/v0/b/lastmile-ui/o/import%2Fphotos%2Fconverted%2Fproduct%2FthumbUrl%2FCvKfTzV4TN5U8BTMF1Hl_280742_OrXUvGAuc2NCJDRvzNOTXOM3rsp1_jRxbkOkVE6KLKoRwtzkt.webp?alt=media&token=ac8ff724-726d-4fe7-87f1-72f39c1c670c
IKI,Knyga ZELENSKIS,13.77 €,https://firebasestorage.googleapis.com/v0/b/lastmile-ui/o/import%2Fphotos%2Fconverted%2Fproduct%2FthumbUrl%2FCvKfTzV4TN5U8BTMF1Hl_272868_OrXUvGAuc2NCJDRvzNOTXOM3rsp1_4q8pCLOX6yqgo22hH4Sa.webp?alt=media&token=d1913957-e0e9-4d3a-979e-84be3e82d704
IKI,Knyga ĮSIPAREIGOJUSI TIESAI,13.77 €,https://firebasestorage.googleapis.com/v0/b/lastmile-ui/o/import%2Fphotos%2Fconverted%2Fproduct%2FthumbUrl%2FCvKfTzV4TN5U8BTMF1Hl_276784_OrXUvGAuc2NCJDRvzNOTXOM3rsp1_URiQzcr76od7njjCKB6n.webp?alt=media&token=01374081-5d27-4f9c-b729-dda6db33fadc
IKI,Knyga VAIKŲ LIGŲ ABC,13.77 €,https://firebasestorage.googleapis.com/v0/b/lastmile-ui/o/import%2Fphotos%2Fconverted%2Fproduct%2FthumbUrl%2FCvKfTzV4TN5U8BTMF1Hl_276275_OrXUvGAuc2NCJDRvzNOTXOM3rsp1_sEOjp7DlSuimY1wRvwOc.webp?alt=media&token=c945d772-28c1-46b1-82b2-f75a1bde14dc
IKI,"Knyga TENZINAS GIATSO, PASKUTINIS DALAI LAMA",13.77 €,https://firebasestorage.googleapis.com/v0/b/lastmile-ui/o/import%2Fphotos%2Fconverted%2Fproduct%2FthumbUrl%2FCvKfTzV4TN5U8BTMF1Hl_273280_OrXUvGAuc2NCJDRvzNOTXOM3rsp1_UBiTlqlYL6MqDBrIfcE5.webp?alt=media&token=7aceb01b-b59a-49a0-b1c6-e41a98f7692e
IKI,"Knyga PRAKTIŠKA MINČIŲ,NAMŲ IR PINIGŲ TVARKYMO KNYGA",11.99 €,https://firebasestorage.googleapis.com/v0/b/lastmile-ui/o/import%2Fphotos%2Fconverted%2Fproduct%2FthumbUrl%2FCvKfTzV4TN5U8BTMF1Hl_277146_OrXUvGAuc2NCJDRvzNOTXOM3rsp1_ezNmVSd0XMVNIENhjg7V.webp?alt=media&token=7a958679-3c8a-4411-8373-2f3425883e4b
IKI,Knyga VĖJO RAITELIAI. BEIEŠKANT RAUDONŲJŲ ARŲ,8.39 €,https://firebasestorage.googleapis.com/v0/b/lastmile-ui/o/import%2Fphotos%2Fconverted%2Fproduct%2FthumbUrl%2FCvKfTzV4TN5U8BTMF1Hl_286541_OrXUvGAuc2NCJDRvzNOTXOM3rsp1_hzMHNMNZxiQFFFfeo1KM.webp?alt=media&token=37ba8e77-c0d8-484a-a6ce-83f29ac63229
IKI,"Moteriškos pedkelnės INCANTO MICRO VELVET 100 DEN, BLU OCEANO 5",5.39 €,https://firebasestorage.googleapis.com/v0/b/lastmile-ui/o/import%2Fphotos%2Fconverted%2Fproduct%2FthumbUrl%2FCvKfTzV4TN5U8BTMF1Hl_290103_OrXUvGAuc2NCJDRvzNOTXOM3rsp1_CuY93ZimYcEPM7eno7sK.webp?alt=media&token=29393e2a-61e2-4151-931c-ef21fe711714
IKI,"Malta kava TIRA CREMA, 250 g",3.99 €,https://firebasestorage.googleapis.com/v0/b/lastmile-ui/o/import%2Fphotos%2Fconverted%2Fproduct%2FthumbUrl%2FCvKfTzV4TN5U8BTMF1Hl_289621_OrXUvGAuc2NCJDRvzNOTXOM3rsp1_AwWLXJlnEwSlCaDGvjvJ.webp?alt=media&token=41cb14cf-1777-44ea-9a37-7a58e6ae88fc
IKI,Kalendorius 2026 METŲ LAIKAI A4,2.69 €,https://firebasestorage.googleapis.com/v0/b/lastmile-ui/o/import%2Fphotos%2Fconverted%2Fproduct%2FthumbUrl%2FCvKfTzV4TN5U8BTMF1Hl_290729_OrXUvGAuc2NCJDRvzNOTXOM3rsp1_txui7yqi3xVVIulHvis0.webp?alt=media&token=2599a41e-20b3-47a6-ab85-d6773984de9c
IKI,"Kalendorius 2026 M., 1 lapo, A3",1.37 €,https://firebasestorage.googleapis.com/v0/b/lastmile-ui/o/import%2Fphotos%2Fconverted%2Fproduct%2FthumbUrl%2FCvKfTzV4TN5U8BTMF1Hl_21515_OrXUvGAuc2NCJDRvzNOTXOM3rsp1_Aod5emKataY4pWBQp6L0.webp?alt=media&token=cee96449-b547-4a08-b05e-554bc85e330f
IKI,Kalendorius KIŠENINIS / ĮVAIRIOS RŪŠYS,0.41 €,https://firebasestorage.googleapis.com/v0/b/lastmile-ui/o/import%2Fphotos%2Fconverted%2Fproduct%2FthumbUrl%2FCvKfTzV4TN5U8BTMF1Hl_230539_OrXUvGAuc2NCJDRvzNOTXOM3rsp1_ZRfPYf8l2cnwZ7Jl719I.webp?alt=media&token=efeb6c99-7aac-4f01-91cc-4dcd034c6229
IKI,Kalendorius 2026 ŽIRGŲ DIDELIS,5.69 €,https://firebasestorage.googleapis.com/v0/b/lastmile-ui/o/import%2Fphotos%2Fconverted%2Fproduct%2FthumbUrl%2FCvKfTzV4TN5U8BTMF1Hl_290722_OrXUvGAuc2NCJDRvzNOTXOM3rsp1_NAZG3uvNZvwTtQKBMyNc.webp?alt=media&token=bf4476f0-acc3-4cc7-982f-05821d6e5af0
IKI,Kalendorius 2026 ŽIRGAI 21X21 KVADRATINIS,1.97 €,https://firebasestorage.googleapis.com/v0/b/lastmile-ui/o/import%2Fphotos%2Fconverted%2Fproduct%2FthumbUrl%2FCvKfTzV4TN5U8BTMF1Hl_221227_OrXUvGAuc2NCJDRvzNOTXOM3rsp1_ST1ohNw6X7usTjM6uC9s.webp?alt=media&token=0eb9f78b-8a92-430c-be84-4808194f8c19
IKI,Kalendorius 2026 KATĖS LA A4,2.87 €,https://firebasestorage.googleapis.com/v0/b/lastmile-ui/o/import%2Fphotos%2Fconverted%2Fproduct%2FthumbUrl%2FCvKfTzV4TN5U8BTMF1Hl_244555_OrXUvGAuc2NCJDRvzNOTXOM3rsp1_TBdW7qFCHDK1tCJnICF7.webp?alt=media&token=f570f9fd-1a1b-4503-a0f1-098a264d3a4a
IKI,Kalendorius 2026 MOTYVACIJA A4,2.69 €,https://firebasestorage.googleapis.com/v0/b/lastmile-ui/o/import%2Fphotos%2Fconverted%2Fproduct%2FthumbUrl%2FCvKfTzV4TN5U8BTMF1Hl_279514_OrXUvGAuc2NCJDRvzNOTXOM3rsp1_EF8GYhXoca3X16EGypUe.webp?alt=media&token=7806f314-e091-41f8-91ad-92a8fa2ae9ea
IKI,"Kalendorius 2026 VISKAM SAVAS LAIKAS30X30, KVADRATINIS",5.99 €,https://firebasestorage.googleapis.com/v0/b/lastmile-ui/o/import%2Fphotos%2Fconverted%2Fproduct%2FthumbUrl%2FCvKfTzV4TN5U8BTMF1Hl_285283_OrXUvGAuc2NCJDRvzNOTXOM3rsp1_B1aqspeV4mSiwmObjEi9.webp?alt=media&token=ca94a777-f54a-4d53-a155-27b0b62b2a7e
IKI,Kalendorius 2026 STALO PEIZAŽAI,2.09 €,https://firebasestorage.googleapis.com/v0/b/lastmile-ui/o/import%2Fphotos%2Fconverted%2Fproduct%2FthumbUrl%2FCvKfTzV4TN5U8BTMF1Hl_285281_OrXUvGAuc2NCJDRvzNOTXOM3rsp1_tsBA0CIKm7clZ60DOYmh.webp?alt=media&token=aa6aa77a-8c26-42a3-ae08-253c8b540a39
IKI,"Kalendorius 2026 GAMTOS RAMYBĖ, 30X30",5.99 €,https://firebasestorage.googleapis.com/v0/b/lastmile-ui/o/import%2Fphotos%2Fconverted%2Fproduct%2FthumbUrl%2FCvKfTzV4TN5U8BTMF1Hl_285284_OrXUvGAuc2NCJDRvzNOTXOM3rsp1_CwIwa4KGeFbRxoXJP1yj.webp?alt=media&token=6035334c-383b-4281-ab04-f462e8e7ce01
IKI,Kalendorius 2026 DRAUGAI ČEIL A4,2.09 €,https://firebasestorage.googleapis.com/v0/b/lastmile-ui/o/import%2Fphotos%2Fconverted%2Fproduct%2FthumbUrl%2FCvKfTzV4TN5U8BTMF1Hl_279496_OrXUvGAuc2NCJDRvzNOTXOM3rsp1_AQgsCSOLRbvFamD66DRk.webp?alt=media&token=53dbe2d9-b0ad-416e-af8c-fe8ba371bc46
IKI,"Kalendorius 2026 GĖLIŲ ČEIL, A4",2.39 €,https://firebasestorage.googleapis.com/v0/b/lastmile-ui/o/import%2Fphotos%2Fconverted%2Fproduct%2FthumbUrl%2FCvKfTzV4TN5U8BTMF1Hl_70962_OrXUvGAuc2NCJDRvzNOTXOM3rsp1_wzJOeblOd9eoHoXDhbHj.webp?alt=media&token=dacb9f27-2711-49a0-a543-ed8893331620
IKI,Kalendorius 2026 METŲ LAIKAI A4,2.09 €,https://firebasestorage.googleapis.com/v0/b/lastmile-ui/o/import%2Fphotos%2Fconverted%2Fproduct%2FthumbUrl%2FCvKfTzV4TN5U8BTMF1Hl_238009_OrXUvGAuc2NCJDRvzNOTXOM3rsp1_0sAMaZNWR4oq6Uzj6joh.webp?alt=media&token=4621ba02-6eab-4272-8710-9676afcb1294
IKI,Kalendorius 2026 BIČIULIAI,1.97 €,https://firebasestorage.googleapis.com/v0/b/lastmile-ui/o/import%2Fphotos%2Fconverted%2Fproduct%2FthumbUrl%2FCvKfTzV4TN5U8BTMF1Hl_230546_OrXUvGAuc2NCJDRvzNOTXOM3rsp1_Ng0Ump1N0VqOf8OEmPqu.webp?alt=media&token=ad474d2c-7a24-45a1-ba57-7a228f7469b5
IKI,"Kalendorius 2026 GYVŪNŲ ČEIL, A4",2.09 €,https://firebasestorage.googleapis.com/v0/b/lastmile-ui/o/import%2Fphotos%2Fconverted%2Fproduct%2FthumbUrl%2FCvKfTzV4TN5U8BTMF1Hl_72087_OrXUvGAuc2NCJDRvzNOTXOM3rsp1_leJISmdPFfROSdpOdzfA.webp?alt=media&token=bb5165d6-92ba-41ce-890f-20db28a45b96
IKI,Kalendorius 2026 MEDŽIOKLĖ A4,2.87 €,https://firebasestorage.googleapis.com/v0/b/lastmile-ui/o/import%2Fphotos%2Fconverted%2Fproduct%2FthumbUrl%2FCvKfTzV4TN5U8BTMF1Hl_244556_OrXUvGAuc2NCJDRvzNOTXOM3rsp1_njE0x7fbAgaHMQbBAHSj.webp?alt=media&token=4384fa24-7f58-4ca5-a4e6-7752a28884cb
IKI,"AURORA PALM PALS Triušiukas, 12 cm",8.99 €,https://firebasestorage.googleapis.com/v0/b/lastmile-ui/o/import%2Fphotos%2Fconverted%2Fproduct%2FthumbUrl%2FCvKfTzV4TN5U8BTMF1Hl_291426_OrXUvGAuc2NCJDRvzNOTXOM3rsp1_hkoR2DqaHlyZxK5OMNE8.webp?alt=media&token=28f27689-1a12-42ac-a0ac-fb52678fa836
IKI,Karamelizuoti anakardžiai su avietėmis 120 g,2.79 €,https://firebasestorage.googleapis.com/v0/b/lastmile-ui/o/import%2Fphotos%2Fconverted%2Fproduct%2FthumbUrl%2FCvKfTzV4TN5U8BTMF1Hl_290518_uF3DptJQvjXHqmno4Mal_1WUCgZdMNwoKqy2EUWPZ.webp?alt=media&token=2f511ae3-2228-4d79-9187-8c1953d93a2e
IKI,10 LED girlianda,1.89 €,https://firebasestorage.googleapis.com/v0/b/lastmile-ui/o/import%2Fphotos%2Fconverted%2Fproduct%2FthumbUrl%2FCvKfTzV4TN5U8BTMF1Hl_271839_OrXUvGAuc2NCJDRvzNOTXOM3rsp1_dJHFM6YjQOUB96uanG8b.webp?alt=media&token=76444efa-84f5-4e0b-a5e0-61362eedf5b5
IKI,"Bengališkos ugnelės MEGAFIREWORKS, 70 cm",1.24 €,https://firebasestorage.googleapis.com/v0/b/lastmile-ui/o/import%2Fphotos%2Fconverted%2Fproduct%2FthumbUrl%2FCvKfTzV4TN5U8BTMF1Hl_71424_uF3DptJQvjXHqmno4Mal_7sGt7QqRm5Gti4U9HExq.webp?alt=media&token=4e066cb3-cf01-406c-a224-b070e7349106
IKI,Minkštas žaislas medis,11.99 €,https://firebasestorage.googleapis.com/v0/b/lastmile-ui/o/import%2Fphotos%2Fconverted%2Fproduct%2FthumbUrl%2FCvKfTzV4TN5U8BTMF1Hl_291303_uF3DptJQvjXHqmno4Mal_GxhcnBL9PidRpaXeFlas.webp?alt=media&token=6f70d0f5-4443-4bab-9164-c8c0f02ef303
IKI,Knyga TRAKTATAS APIE ŽMOGAUS PRIGIMTĮ,11.99 €,https://firebasestorage.googleapis.com/v0/b/lastmile-ui/o/import%2Fphotos%2Fconverted%2Fproduct%2FthumbUrl%2FCvKfTzV4TN5U8BTMF1Hl_290796_OrXUvGAuc2NCJDRvzNOTXOM3rsp1_TFxfwy2iAw8U4MA1S7QS.webp?alt=media&token=816f47fb-8d87-4901-a264-ec05d1bf8f5e
IKI,"Kepurė su ilgomis letenomis ir judančiomis ausimis ACCES Long Happy, šviesiai rožinė",10.19 €,https://firebasestorage.googleapis.com/v0/b/lastmile-ui/o/import%2Fphotos%2Fconverted%2Fproduct%2FthumbUrl%2FCvKfTzV4TN5U8BTMF1Hl_289835_OrXUvGAuc2NCJDRvzNOTXOM3rsp1_JYbLw13FVQEkiNzG0N3f.webp?alt=media&token=be33a78f-6194-441b-a510-6c27a72d4e86
IKI,MIRACULOUS lėlė Hero Switch Penny Bug& Bee Bug,24.99 €,https://firebasestorage.googleapis.com/v0/b/lastmile-ui/o/import%2Fphotos%2Fconverted%2Fproduct%2FthumbUrl%2FCvKfTzV4TN5U8BTMF1Hl_291326_OrXUvGAuc2NCJDRvzNOTXOM3rsp1_eTYwDW2MPYLxANd2B6SO.webp?alt=media&token=8b63a27e-ed61-4b15-808d-a0e8abc7d0c5
IKI,"Lėlė BARBIE Chelsea, paplūdimio serija",4.49 €,https://firebasestorage.googleapis.com/v0/b/lastmile-ui/o/import%2Fphotos%2Fconverted%2Fproduct%2FthumbUrl%2FCvKfTzV4TN5U8BTMF1Hl_290843_OrXUvGAuc2NCJDRvzNOTXOM3rsp1_S6jUWJ2LY3tcXJBiDJgS.webp?alt=media&token=40c81122-c6f6-46cb-a5c9-c70ce5f547e1
IKI,Lėlė BARBIE Chelsea paplūdimio serija,4.49 €,https://firebasestorage.googleapis.com/v0/b/lastmile-ui/o/import%2Fphotos%2Fconverted%2Fproduct%2FthumbUrl%2FCvKfTzV4TN5U8BTMF1Hl_290844_OrXUvGAuc2NCJDRvzNOTXOM3rsp1_XMhJbBZDosWa60bkdGBm.webp?alt=media&token=98a8649c-4e3d-4122-8c68-dc80ec74a638
IKI,Knyga DIDŽIOJI ISTORIJA,9.59 €,https://firebasestorage.googleapis.com/v0/b/lastmile-ui/o/import%2Fphotos%2Fconverted%2Fproduct%2FthumbUrl%2FCvKfTzV4TN5U8BTMF1Hl_290772_OrXUvGAuc2NCJDRvzNOTXOM3rsp1_VV163ys7vhF4NaApSfgj.webp?alt=media&token=b3942f01-d132-4755-8bb1-f6fa814ac1e3
IKI,"Eglutės žaisliukas veidrodinis burbulas 80 mm, sidabrinis",0.89 €,https://firebasestorage.googleapis.com/v0/b/lastmile-ui/o/import%2Fphotos%2Fconverted%2Fproduct%2FthumbUrl%2FCvKfTzV4TN5U8BTMF1Hl_291272_OrXUvGAuc2NCJDRvzNOTXOM3rsp1_bjItmLR0LRNx32qtMDi5.webp?alt=media&token=a99fb88e-fb02-4cdb-8842-e352b2afae1a
IKI,Kalėdinis rašiklis 25 cm,0.99 €,https://firebasestorage.googleapis.com/v0/b/lastmile-ui/o/import%2Fphotos%2Fconverted%2Fproduct%2FthumbUrl%2FCvKfTzV4TN5U8BTMF1Hl_291200_OrXUvGAuc2NCJDRvzNOTXOM3rsp1_tWI8DpBYfIBSXxZDdh3F.webp?alt=media&token=fc0f7dbc-66ba-451b-88bb-daf88f8eb6be
IKI,Elfo kepurė 300 X 330 X 15 mm,1.99 €,https://firebasestorage.googleapis.com/v0/b/lastmile-ui/o/import%2Fphotos%2Fconverted%2Fproduct%2FthumbUrl%2FCvKfTzV4TN5U8BTMF1Hl_291128_OrXUvGAuc2NCJDRvzNOTXOM3rsp1_EWuqhRYY8sSh7yae1p3D.webp?alt=media&token=b363277d-921d-4024-aedc-becc9252aa5e
IKI,Šviečianti lauko girlianda 30 Led,1.24 €,https://firebasestorage.googleapis.com/v0/b/lastmile-ui/o/import%2Fphotos%2Fconverted%2Fproduct%2FthumbUrl%2FCvKfTzV4TN5U8BTMF1Hl_285223_OrXUvGAuc2NCJDRvzNOTXOM3rsp1_TXT9kzhO6dALWCQzmiAK.webp?alt=media&token=39a681f7-3a03-41b8-a646-a3de607405de
IKI,Minkštas žaislas 15cm eglutė vazone,6.59 €,https://firebasestorage.googleapis.com/v0/b/lastmile-ui/o/import%2Fphotos%2Fconverted%2Fproduct%2FthumbUrl%2FCvKfTzV4TN5U8BTMF1Hl_291319_uF3DptJQvjXHqmno4Mal_jYYflxqQzCb9Da1hm1mV.webp?alt=media&token=58b37179-0b87-4a9a-a4a4-76106ed1342e
IKI,Mažoji lėlė DISNEY Belle,3.99 €,https://firebasestorage.googleapis.com/v0/b/lastmile-ui/o/import%2Fphotos%2Fconverted%2Fproduct%2FthumbUrl%2FCvKfTzV4TN5U8BTMF1Hl_279715_OrXUvGAuc2NCJDRvzNOTXOM3rsp1_lXdqfsErh08lELD9bP1H.webp?alt=media&token=627ee84a-2bf1-4e5e-ae37-c82efcf6901d
IKI,Lėlė BARBIE,7.49 €,https://firebasestorage.googleapis.com/v0/b/lastmile-ui/o/import%2Fphotos%2Fconverted%2Fproduct%2FthumbUrl%2FCvKfTzV4TN5U8BTMF1Hl_279733_OrXUvGAuc2NCJDRvzNOTXOM3rsp1_Ba3zLzQ8kLnH1ePGpSRx.webp?alt=media&token=4ec5efa9-c9cd-4c6f-bc92-e2b2a44825cb
IKI,"Šalikas ACCES Soft, baltos spalvos",7.79 €,https://firebasestorage.googleapis.com/v0/b/lastmile-ui/o/import%2Fphotos%2Fconverted%2Fproduct%2FthumbUrl%2FCvKfTzV4TN5U8BTMF1Hl_289921_OrXUvGAuc2NCJDRvzNOTXOM3rsp1_75MDaZGCnqRPvZJZmGsl.webp?alt=media&token=608b1915-6e76-4b8c-b9a2-b6f05b331d20
IKI,Kumštinės pirštinės ACCES Animals - BRIEDŽIAI,6.59 €,https://firebasestorage.googleapis.com/v0/b/lastmile-ui/o/import%2Fphotos%2Fconverted%2Fproduct%2FthumbUrl%2FCvKfTzV4TN5U8BTMF1Hl_289742_OrXUvGAuc2NCJDRvzNOTXOM3rsp1_ajnNixf0TlhGGBOjeE4K.webp?alt=media&token=831a37db-64b5-4298-858d-f9bba371c7c0
IKI,"Lauko LED 240 lempučių girlianda, įvairiaspalvė",6.49 €,https://firebasestorage.googleapis.com/v0/b/lastmile-ui/o/import%2Fphotos%2Fconverted%2Fproduct%2FthumbUrl%2FCvKfTzV4TN5U8BTMF1Hl_279209_OrXUvGAuc2NCJDRvzNOTXOM3rsp1_bFywqcFV50B3V1qS2rFw.webp?alt=media&token=7c54d661-3a53-471a-b5c1-fb311702f252
IKI,Žaislas automobilis TECHNOK SUV 4623,7.49 €,https://firebasestorage.googleapis.com/v0/b/lastmile-ui/o/import%2Fphotos%2Fconverted%2Fproduct%2FthumbUrl%2FCvKfTzV4TN5U8BTMF1Hl_291284_OrXUvGAuc2NCJDRvzNOTXOM3rsp1_OGYCVPCpCljQ9JlSyaAK.webp?alt=media&token=b49f64f6-8095-44f5-8834-e319cd3c1683
IKI,Knyga WILL. AUTOBIOGRAFIJA,11.39 €,https://firebasestorage.googleapis.com/v0/b/lastmile-ui/o/import%2Fphotos%2Fconverted%2Fproduct%2FthumbUrl%2FCvKfTzV4TN5U8BTMF1Hl_278687_OrXUvGAuc2NCJDRvzNOTXOM3rsp1_QVEmgwjG137nzGFNzzlP.webp?alt=media&token=5936f4d3-28c7-49b1-a769-aae303ea5630
IKI,Lėlė DISNEY princesė AURORA,3.99 €,https://firebasestorage.googleapis.com/v0/b/lastmile-ui/o/import%2Fphotos%2Fconverted%2Fproduct%2FthumbUrl%2FCvKfTzV4TN5U8BTMF1Hl_279740_OrXUvGAuc2NCJDRvzNOTXOM3rsp1_XOdQXQLNkA2tht725O1k.webp?alt=media&token=b20bfb32-3375-48a2-8231-e3756e335fe7
IKI,Dvigubo stiklo stiklinė WINTERIA Santa 30 ml,3.49 €,https://firebasestorage.googleapis.com/v0/b/lastmile-ui/o/import%2Fphotos%2Fconverted%2Fproduct%2FthumbUrl%2FCvKfTzV4TN5U8BTMF1Hl_290081_OrXUvGAuc2NCJDRvzNOTXOM3rsp1_pnsS7oOPzeFjrMMJdtCo.webp?alt=media&token=62a6ef67-2c5d-4ba1-8d9c-5c9121c3cc1f
IKI,Pliušinis elnias AURORA BOREALIS 1cm,5.99 €,https://firebasestorage.googleapis.com/v0/b/lastmile-ui/o/import%2Fphotos%2Fconverted%2Fproduct%2FthumbUrl%2FCvKfTzV4TN5U8BTMF1Hl_289737_OrXUvGAuc2NCJDRvzNOTXOM3rsp1_r8CrDlo23R5mXjvjm2YE.webp?alt=media&token=9f0d245e-cc0c-4da5-b133-9ca26c4af1ad
IKI,Kalėdinė eglės dekoracija makarunsai 5X4X6CM,0.99 €,https://firebasestorage.googleapis.com/v0/b/lastmile-ui/o/import%2Fphotos%2Fconverted%2Fproduct%2FthumbUrl%2FCvKfTzV4TN5U8BTMF1Hl_285165_OrXUvGAuc2NCJDRvzNOTXOM3rsp1_OIlbUUQQQbyj206CwYHC.webp?alt=media&token=9648bf9e-4303-4b23-89c7-af14c240db02
IKI,Lėlė paplūdimio serija BARBIE Chelsea,4.49 €,https://firebasestorage.googleapis.com/v0/b/lastmile-ui/o/import%2Fphotos%2Fconverted%2Fproduct%2FthumbUrl%2FCvKfTzV4TN5U8BTMF1Hl_290828_OrXUvGAuc2NCJDRvzNOTXOM3rsp1_Vlp1N1aZtgkqBdlx2j2j.webp?alt=media&token=a679dabf-a167-45c3-b110-c21a52cef210
IKI,"Šalikas ACCES Soft, juodos spalvos",7.79 €,https://firebasestorage.googleapis.com/v0/b/lastmile-ui/o/import%2Fphotos%2Fconverted%2Fproduct%2FthumbUrl%2FCvKfTzV4TN5U8BTMF1Hl_289926_OrXUvGAuc2NCJDRvzNOTXOM3rsp1_rVz2hFl0syNYrEqqdK9f.webp?alt=media&token=c2bcecb9-74e7-4e6f-916a-04b50ede34de
IKI,"Stalo padėkliukas juodas su snaigėmis WINTERIA, 38 cm",1.99 €,https://firebasestorage.googleapis.com/v0/b/lastmile-ui/o/import%2Fphotos%2Fconverted%2Fproduct%2FthumbUrl%2FCvKfTzV4TN5U8BTMF1Hl_287502_OrXUvGAuc2NCJDRvzNOTXOM3rsp1_YGP6eSfNElAdjdg0kyoi.webp?alt=media&token=b29abc67-7f84-46e0-8038-a7364eece3fc
IKI,"Kalėdinis kaklaraištis, 32 X 8 X 3 cm",1.89 €,https://firebasestorage.googleapis.com/v0/b/lastmile-ui/o/import%2Fphotos%2Fconverted%2Fproduct%2FthumbUrl%2FCvKfTzV4TN5U8BTMF1Hl_291127_uF3DptJQvjXHqmno4Mal_q7GLQ9ehbAs0HTEmCFtW.webp?alt=media&token=b4118621-159a-44f7-8b41-601dfadaaf84
IKI,Lėlė DISNEY princesė Vajana,3.99 €,https://firebasestorage.googleapis.com/v0/b/lastmile-ui/o/import%2Fphotos%2Fconverted%2Fproduct%2FthumbUrl%2FCvKfTzV4TN5U8BTMF1Hl_290841_OrXUvGAuc2NCJDRvzNOTXOM3rsp1_31vK1sRkGiQY7sMccWzR.webp?alt=media&token=edca4f34-ca07-4091-95ab-d2e51ba6141b
IKI,Puodelis santa ir draugai su karštu šokoladu,6.49 €,https://firebasestorage.googleapis.com/v0/b/lastmile-ui/o/import%2Fphotos%2Fconverted%2Fproduct%2FthumbUrl%2FCvKfTzV4TN5U8BTMF1Hl_291140_OrXUvGAuc2NCJDRvzNOTXOM3rsp1_flsR3HeYRGxFNFwm1kyk.webp?alt=media&token=1049599d-faf6-4cf0-8b7c-d49ed4ab4f80
IKI,Žaislinė riedlentė HOT WHEELS valdoma pirštais,4.19 €,https://firebasestorage.googleapis.com/v0/b/lastmile-ui/o/import%2Fphotos%2Fconverted%2Fproduct%2FthumbUrl%2FCvKfTzV4TN5U8BTMF1Hl_290831_OrXUvGAuc2NCJDRvzNOTXOM3rsp1_AfkmK9dIbcKQcoElxYjy.webp?alt=media&token=6303a0e3-804c-4198-8def-ad063e618c79
IKI,Knyga TRUMPA ETIKOS ISTORIJA,7.19 €,https://firebasestorage.googleapis.com/v0/b/lastmile-ui/o/import%2Fphotos%2Fconverted%2Fproduct%2FthumbUrl%2FCvKfTzV4TN5U8BTMF1Hl_290797_OrXUvGAuc2NCJDRvzNOTXOM3rsp1_WglX4r7uRtZ0tHNhxVYi.webp?alt=media&token=ae4f766b-355e-4d44-9336-1e46050711d7
IKI,"Eglutės žaisliukas dengtas atlasine medžiaga,  80 mm",0.99 €,https://firebasestorage.googleapis.com/v0/b/lastmile-ui/o/import%2Fphotos%2Fconverted%2Fproduct%2FthumbUrl%2FCvKfTzV4TN5U8BTMF1Hl_291133_OrXUvGAuc2NCJDRvzNOTXOM3rsp1_4QEJvOdHmh3eJhAroQCf.webp?alt=media&token=a0a4e21f-67f4-44f8-a8c4-b730da9f6809
IKI,Lėlė DISNEY Princess Vaina,8.49 €,https://firebasestorage.googleapis.com/v0/b/lastmile-ui/o/import%2Fphotos%2Fconverted%2Fproduct%2FthumbUrl%2FCvKfTzV4TN5U8BTMF1Hl_291058_OrXUvGAuc2NCJDRvzNOTXOM3rsp1_G51H8KduKNVter5j1DST.webp?alt=media&token=d6467f78-3c4a-4784-86ab-85bf3f30d8ae
IKI,Lėlė DISNEY Princess Rapunzel,8.49 €,https://firebasestorage.googleapis.com/v0/b/lastmile-ui/o/import%2Fphotos%2Fconverted%2Fproduct%2FthumbUrl%2FCvKfTzV4TN5U8BTMF1Hl_291057_OrXUvGAuc2NCJDRvzNOTXOM3rsp1_lRilx8aOdloFSzfvaabD.webp?alt=media&token=1e703205-2cc0-402d-90ca-cb3e34c67a9d
IKI,"Šiltos žieminės ausinės ACCES Adjustable Headpart, smėlio spalvos",6.59 €,https://firebasestorage.googleapis.com/v0/b/lastmile-ui/o/import%2Fphotos%2Fconverted%2Fproduct%2FthumbUrl%2FCvKfTzV4TN5U8BTMF1Hl_290032_OrXUvGAuc2NCJDRvzNOTXOM3rsp1_bhuPXMv3LKxdaidYrum5.webp?alt=media&token=400632f1-c330-4b8f-a0ea-d957c6b49a53
IKI,Minkštas žaislas beždžionė su bananu,10.19 €,https://firebasestorage.googleapis.com/v0/b/lastmile-ui/o/import%2Fphotos%2Fconverted%2Fproduct%2FthumbUrl%2FCvKfTzV4TN5U8BTMF1Hl_291294_uF3DptJQvjXHqmno4Mal_UjCZVf1GzVTnNRsq8AUH.webp?alt=media&token=94e1d234-a5c1-44ee-a3e8-6772613d23b2
IKI,Eglutės žaisliukai burbulai raudoni 6 cm rinkinys,2.99 €,https://firebasestorage.googleapis.com/v0/b/lastmile-ui/o/import%2Fphotos%2Fconverted%2Fproduct%2FthumbUrl%2FCvKfTzV4TN5U8BTMF1Hl_291308_OrXUvGAuc2NCJDRvzNOTXOM3rsp1_0pQmFfZmNmhfuNpyDWE7.webp?alt=media&token=621d5e76-2620-4cff-80fa-845fa680cc5b
IKI,Eglutės žaisliukas burbulas žalias,1.24 €,https://firebasestorage.googleapis.com/v0/b/lastmile-ui/o/import%2Fphotos%2Fconverted%2Fproduct%2FthumbUrl%2FCvKfTzV4TN5U8BTMF1Hl_291441_OrXUvGAuc2NCJDRvzNOTXOM3rsp1_AhG0ap1Uwj0fl89TezhB.webp?alt=media&token=ca67f8ad-224d-4579-9be2-d6677be95ffc
IKI,Knyga TREJO,11.99 €,https://firebasestorage.googleapis.com/v0/b/lastmile-ui/o/import%2Fphotos%2Fconverted%2Fproduct%2FthumbUrl%2FCvKfTzV4TN5U8BTMF1Hl_290776_OrXUvGAuc2NCJDRvzNOTXOM3rsp1_ZRClzaobwuzmSRg7KBde.webp?alt=media&token=6cd7b3f6-b2d4-461f-adbb-4e1788f41b26
IKI,Kepurė su bumbulu ACCES šviesiai rožinė,7.79 €,https://firebasestorage.googleapis.com/v0/b/lastmile-ui/o/import%2Fphotos%2Fconverted%2Fproduct%2FthumbUrl%2FCvKfTzV4TN5U8BTMF1Hl_289747_OrXUvGAuc2NCJDRvzNOTXOM3rsp1_vrGIBhITNyJhcUVI0VnW.webp?alt=media&token=bec449c5-3832-451f-9461-a9100354d81e
IKI,Knyga FAŠIZMAS. ĮSPĖJIMAS,8.99 €,https://firebasestorage.googleapis.com/v0/b/lastmile-ui/o/import%2Fphotos%2Fconverted%2Fproduct%2FthumbUrl%2FCvKfTzV4TN5U8BTMF1Hl_290773_OrXUvGAuc2NCJDRvzNOTXOM3rsp1_67WclN1J1OW83SpJdhmL.webp?alt=media&token=8999d606-e420-4d06-857a-d8e5c65bb4ff
IKI,Lėlė DISNEY princesė Jasmine,3.99 €,https://firebasestorage.googleapis.com/v0/b/lastmile-ui/o/import%2Fphotos%2Fconverted%2Fproduct%2FthumbUrl%2FCvKfTzV4TN5U8BTMF1Hl_290839_OrXUvGAuc2NCJDRvzNOTXOM3rsp1_SntdEUPzStrpnGfsOhdL.webp?alt=media&token=89794787-a4f0-4dc4-b20b-b1de4df61c54
IKI,Knyga LAIMINGIAUSIAS ŽMOGUS ŽEMĖJE: AUŠVICĄ IŠGYVENUSIO ŠIMTAMEČIO ATSIMINIMAI,8.39 €,https://firebasestorage.googleapis.com/v0/b/lastmile-ui/o/import%2Fphotos%2Fconverted%2Fproduct%2FthumbUrl%2FCvKfTzV4TN5U8BTMF1Hl_290790_OrXUvGAuc2NCJDRvzNOTXOM3rsp1_Z4amDem86A2OIr9Ty6D9.webp?alt=media&token=14580b7d-69bf-4bd9-9bdb-395f3f6b554a
IKI,Kalėdinis lankelis su kailiniais ragais 30 cm,1.74 €,https://firebasestorage.googleapis.com/v0/b/lastmile-ui/o/import%2Fphotos%2Fconverted%2Fproduct%2FthumbUrl%2FCvKfTzV4TN5U8BTMF1Hl_285152_OrXUvGAuc2NCJDRvzNOTXOM3rsp1_VcW5nVrpkJhPB4hckDCy.webp?alt=media&token=a95d6c03-f151-4a5b-ab96-f519d25e1275
IKI,"Šiltos žieminės ausinės ACCES Adjustable Headpart, juodos spalvos",6.59 €,https://firebasestorage.googleapis.com/v0/b/lastmile-ui/o/import%2Fphotos%2Fconverted%2Fproduct%2FthumbUrl%2FCvKfTzV4TN5U8BTMF1Hl_290037_OrXUvGAuc2NCJDRvzNOTXOM3rsp1_C1E8IHX1x9crL08vI1uN.webp?alt=media&token=7bb1de27-1fd6-4d15-8cec-1f8687e7dd9e
IKI,Eglutės žaisliukas burbulas su blizgučiais 8 X 8 X 8 cm,1.49 €,https://firebasestorage.googleapis.com/v0/b/lastmile-ui/o/import%2Fphotos%2Fconverted%2Fproduct%2FthumbUrl%2FCvKfTzV4TN5U8BTMF1Hl_291161_OrXUvGAuc2NCJDRvzNOTXOM3rsp1_pA65goNwM6CRUtZB0l7q.webp?alt=media&token=1f6a9157-2c6b-4b71-a52a-acb413e6130e
IKI,"Pledas 200 X 150 cm, 230 GSM",7.49 €,https://firebasestorage.googleapis.com/v0/b/lastmile-ui/o/import%2Fphotos%2Fconverted%2Fproduct%2FthumbUrl%2FCvKfTzV4TN5U8BTMF1Hl_291119_OrXUvGAuc2NCJDRvzNOTXOM3rsp1_C8oVZke4CjubzIoqCntQ.webp?alt=media&token=10400281-f741-4f9b-987d-ef7740cac25b
IKI,Įrankių rinkinys TECHNOK,7.49 €,https://firebasestorage.googleapis.com/v0/b/lastmile-ui/o/import%2Fphotos%2Fconverted%2Fproduct%2FthumbUrl%2FCvKfTzV4TN5U8BTMF1Hl_291287_OrXUvGAuc2NCJDRvzNOTXOM3rsp1_Od7QyaTWfybZTOOIwAiE.webp?alt=media&token=b2038fd0-7e67-461f-bd4c-d850edeb4713
IKI,Minkštas žaislas ryklys su batais,12.59 €,https://firebasestorage.googleapis.com/v0/b/lastmile-ui/o/import%2Fphotos%2Fconverted%2Fproduct%2FthumbUrl%2FCvKfTzV4TN5U8BTMF1Hl_291293_uF3DptJQvjXHqmno4Mal_J3gkgN0Tdpsd5eXMCivz.webp?alt=media&token=e1872f10-985b-495f-b8ae-4eae07e6f79f
IKI,Dekoracija angelas 40 cm baltos spalvos,2.99 €,https://firebasestorage.googleapis.com/v0/b/lastmile-ui/o/import%2Fphotos%2Fconverted%2Fproduct%2FthumbUrl%2FCvKfTzV4TN5U8BTMF1Hl_291256_OrXUvGAuc2NCJDRvzNOTXOM3rsp1_gqI9sTxcAL3SuENUEoJm.webp?alt=media&token=dd6c20a0-b355-4b2b-88b3-d2114b76eb7f
IKI,"Eglutės žaisliukas burbulas 80 mm,  mėlynos, juodos, auksinės spalvos",1.49 €,https://firebasestorage.googleapis.com/v0/b/lastmile-ui/o/import%2Fphotos%2Fconverted%2Fproduct%2FthumbUrl%2FCvKfTzV4TN5U8BTMF1Hl_291212_OrXUvGAuc2NCJDRvzNOTXOM3rsp1_ijPhcuU85fedzWQQVr7K.webp?alt=media&token=74f0ad58-aa65-4a2e-a1bb-3ce8904530bf
IKI,Minkštas žaislas arkliukas Vėjelis,12.59 €,https://firebasestorage.googleapis.com/v0/b/lastmile-ui/o/import%2Fphotos%2Fconverted%2Fproduct%2FthumbUrl%2FCvKfTzV4TN5U8BTMF1Hl_291316_uF3DptJQvjXHqmno4Mal_BILlPqEbZ7jA6GOncfUC.webp?alt=media&token=613dc4a0-576e-49ed-aa4e-471f6292bf72
IKI,Minkštas žaislas 12cm kalėdinis maistas,5.39 €,https://firebasestorage.googleapis.com/v0/b/lastmile-ui/o/import%2Fphotos%2Fconverted%2Fproduct%2FthumbUrl%2FCvKfTzV4TN5U8BTMF1Hl_291320_OrXUvGAuc2NCJDRvzNOTXOM3rsp1_ZyeaIfCLgO05Mzjnl02k.webp?alt=media&token=e3d397da-5851-4290-9f9d-2356f04d9cd7
IKI,Eglutės žaislas burbulas raudonas,1.24 €,https://firebasestorage.googleapis.com/v0/b/lastmile-ui/o/import%2Fphotos%2Fconverted%2Fproduct%2FthumbUrl%2FCvKfTzV4TN5U8BTMF1Hl_291442_OrXUvGAuc2NCJDRvzNOTXOM3rsp1_V6rFvXxnfBeMCcyZ9hEv.webp?alt=media&token=fc5c59fc-863b-4472-bca0-7cc5230c2921
IKI,Pliušinis žaislas su aksesuarais RAINBOCORNS Mamacorn,35.99 €,https://firebasestorage.googleapis.com/v0/b/lastmile-ui/o/import%2Fphotos%2Fconverted%2Fproduct%2FthumbUrl%2FCvKfTzV4TN5U8BTMF1Hl_291322_OrXUvGAuc2NCJDRvzNOTXOM3rsp1_FAyyGxJo02h1yUar6cF8.webp?alt=media&token=1300ae16-fec8-48f7-ae95-793ed6a76a55
IKI,Dekoracija kaspinas 18 X 20 cm,2.99 €,https://firebasestorage.googleapis.com/v0/b/lastmile-ui/o/import%2Fphotos%2Fconverted%2Fproduct%2FthumbUrl%2FCvKfTzV4TN5U8BTMF1Hl_291265_OrXUvGAuc2NCJDRvzNOTXOM3rsp1_nFy1Mmyj2AiJt6tT2Xbi.webp?alt=media&token=2817aad6-89fe-4239-a650-1745b0e3fb33
IKI,Kalėdinė dekoracija angelas 2 cm,2.24 €,https://firebasestorage.googleapis.com/v0/b/lastmile-ui/o/import%2Fphotos%2Fconverted%2Fproduct%2FthumbUrl%2FCvKfTzV4TN5U8BTMF1Hl_291225_OrXUvGAuc2NCJDRvzNOTXOM3rsp1_WHhsnmkG4YuZacnCrumz.webp?alt=media&token=1f212952-bdc5-43dd-9130-b4d805ab3a20
IKI,Žaislas Lenktynių trasos rinkinys TECHNOK,9.49 €,https://firebasestorage.googleapis.com/v0/b/lastmile-ui/o/import%2Fphotos%2Fconverted%2Fproduct%2FthumbUrl%2FCvKfTzV4TN5U8BTMF1Hl_291512_OrXUvGAuc2NCJDRvzNOTXOM3rsp1_cPRKytHIzYO6z7U111Ld.webp?alt=media&token=4a071dd8-d03a-41f8-8347-3bf3e4abbc1c
IKI,Kūrybinis rinkinys TOTUM DISNEY STITCH 3in1,13.99 €,https://firebasestorage.googleapis.com/v0/b/lastmile-ui/o/import%2Fphotos%2Fconverted%2Fproduct%2FthumbUrl%2FCvKfTzV4TN5U8BTMF1Hl_291325_OrXUvGAuc2NCJDRvzNOTXOM3rsp1_4X1YDRmpOzYRSLLAhoeI.webp?alt=media&token=c78ad7d5-4477-465d-bb78-b0723823872b
IKI,Mašina MONSTER Truck,6.59 €,https://firebasestorage.googleapis.com/v0/b/lastmile-ui/o/import%2Fphotos%2Fconverted%2Fproduct%2FthumbUrl%2FCvKfTzV4TN5U8BTMF1Hl_290859_OrXUvGAuc2NCJDRvzNOTXOM3rsp1_wydikuBbLLn63hsAL04R.webp?alt=media&token=62833ab5-6721-45f6-a0d8-58f7b8719ce8
IKI,Kalendorius 2026 PAUKŠČIŲ 20X20 ČEIL,2.39 €,https://firebasestorage.googleapis.com/v0/b/lastmile-ui/o/import%2Fphotos%2Fconverted%2Fproduct%2FthumbUrl%2FCvKfTzV4TN5U8BTMF1Hl_201320_OrXUvGAuc2NCJDRvzNOTXOM3rsp1_OaSmrPiSjmLG9d0HxZFq.webp?alt=media&token=f1144c3b-0ce5-4384-9dfb-170571856d3a
IKI,Pliušinis žaislas DISNEY Stitch,9.59 €,https://firebasestorage.googleapis.com/v0/b/lastmile-ui/o/import%2Fphotos%2Fconverted%2Fproduct%2FthumbUrl%2FCvKfTzV4TN5U8BTMF1Hl_291404_OrXUvGAuc2NCJDRvzNOTXOM3rsp1_72Vq1PfHfxUdiStVIib7.webp?alt=media&token=032a5d3b-50f2-415e-b9ca-9d73101c9fa6
IKI,Kalėdinė pakabinama dekoracija batelis 65 X 35 X 120 mm,2.24 €,https://firebasestorage.googleapis.com/v0/b/lastmile-ui/o/import%2Fphotos%2Fconverted%2Fproduct%2FthumbUrl%2FCvKfTzV4TN5U8BTMF1Hl_291167_OrXUvGAuc2NCJDRvzNOTXOM3rsp1_QqGuiKzzIC3i8XrNsCyB.webp?alt=media&token=b1b643cb-0be0-4d68-a3df-d80c3cf9ba61
IKI,"Lėlė BARBIE Chelsea, paplūdimio serija",4.49 €,https://firebasestorage.googleapis.com/v0/b/lastmile-ui/o/import%2Fphotos%2Fconverted%2Fproduct%2FthumbUrl%2FCvKfTzV4TN5U8BTMF1Hl_290825_OrXUvGAuc2NCJDRvzNOTXOM3rsp1_8Ss8i1eVNshpMfQ3szB4.webp?alt=media&token=bd86c136-a12f-45eb-8ff8-0ff1a14eb313
IKI,"Žaislinė riedlentė HOT WHEELS, valdoma  pirštais",4.19 €,https://firebasestorage.googleapis.com/v0/b/lastmile-ui/o/import%2Fphotos%2Fconverted%2Fproduct%2FthumbUrl%2FCvKfTzV4TN5U8BTMF1Hl_290850_OrXUvGAuc2NCJDRvzNOTXOM3rsp1_8ibg0eRkHqQ1q0cI88Es.webp?alt=media&token=4282bb26-bafd-400b-845d-7db5c58da5e6
IKI,"Šalikas ACCES Soft, pilkos spalvos",7.79 €,https://firebasestorage.googleapis.com/v0/b/lastmile-ui/o/import%2Fphotos%2Fconverted%2Fproduct%2FthumbUrl%2FCvKfTzV4TN5U8BTMF1Hl_289924_OrXUvGAuc2NCJDRvzNOTXOM3rsp1_pKmx6dvV6uPfAxO7cMNA.webp?alt=media&token=93dfd74c-0540-44d9-91d2-3b538fe213ef
IKI,"Kepurė su ilgomis letenomis ir judančiomis ausimis ACCES Long Happy, pilka",10.19 €,https://firebasestorage.googleapis.com/v0/b/lastmile-ui/o/import%2Fphotos%2Fconverted%2Fproduct%2FthumbUrl%2FCvKfTzV4TN5U8BTMF1Hl_289834_OrXUvGAuc2NCJDRvzNOTXOM3rsp1_kVlWDvAZRM3uyT2UZbEB.webp?alt=media&token=9a169204-9611-4a67-96d4-5f65393bae23
IKI,Kalėdinė pakabinama dekoracija namelis raudonas 65 X 65 X 80 mm,2.24 €,https://firebasestorage.googleapis.com/v0/b/lastmile-ui/o/import%2Fphotos%2Fconverted%2Fproduct%2FthumbUrl%2FCvKfTzV4TN5U8BTMF1Hl_291162_OrXUvGAuc2NCJDRvzNOTXOM3rsp1_moQkXSA0kLhZFd44ZcPC.webp?alt=media&token=1b55e9d6-b7b7-451d-ba4d-8dc2be5c5300
IKI,"Girlianda WINTERIA, šampano spalvos",1.24 €,https://firebasestorage.googleapis.com/v0/b/lastmile-ui/o/import%2Fphotos%2Fconverted%2Fproduct%2FthumbUrl%2FCvKfTzV4TN5U8BTMF1Hl_289928_OrXUvGAuc2NCJDRvzNOTXOM3rsp1_slPiS5Di5kKp6pAlDI7H.webp?alt=media&token=55c7574d-b532-46cd-bb51-74345f9b3fbf
IKI,Knyga 1000 ARCHITEKTŪROS ŠEDEVRŲ,23.97 €,https://firebasestorage.googleapis.com/v0/b/lastmile-ui/o/import%2Fphotos%2Fconverted%2Fproduct%2FthumbUrl%2FCvKfTzV4TN5U8BTMF1Hl_290795_OrXUvGAuc2NCJDRvzNOTXOM3rsp1_BBEfaK5YAkNDOvz7qrPF.webp?alt=media&token=f58b7f1c-b7b9-49a3-84ea-91b30c30bbe1
IKI,"Šalikas ACCES Soft, smėlio spalvos",7.79 €,https://firebasestorage.googleapis.com/v0/b/lastmile-ui/o/import%2Fphotos%2Fconverted%2Fproduct%2FthumbUrl%2FCvKfTzV4TN5U8BTMF1Hl_289923_OrXUvGAuc2NCJDRvzNOTXOM3rsp1_kKS210x5T5EZsOsKfAHD.webp?alt=media&token=4d77b79b-05f3-4f59-99b2-edaca1a4d2c8
IKI,"Pakabinama dekoracija šuo WINTERIA, rudas/juodas",2.24 €,https://firebasestorage.googleapis.com/v0/b/lastmile-ui/o/import%2Fphotos%2Fconverted%2Fproduct%2FthumbUrl%2FCvKfTzV4TN5U8BTMF1Hl_287471_OrXUvGAuc2NCJDRvzNOTXOM3rsp1_AMJDTIqlORsHshXFatzj.webp?alt=media&token=d60b095b-9d4a-4c6f-9a47-142d2c447b4f
IKI,Pakabinama dekoracija saldainis 15 cm,1.89 €,https://firebasestorage.googleapis.com/v0/b/lastmile-ui/o/import%2Fphotos%2Fconverted%2Fproduct%2FthumbUrl%2FCvKfTzV4TN5U8BTMF1Hl_285455_uF3DptJQvjXHqmno4Mal_GlKPhBV5jBi0APCOVySC.webp?alt=media&token=4bc64ac2-99cf-45d4-84d3-40aaa589628c
IKI,Eglutės žaisliukai burbulai žali 6 cm rinkinys,2.99 €,https://firebasestorage.googleapis.com/v0/b/lastmile-ui/o/import%2Fphotos%2Fconverted%2Fproduct%2FthumbUrl%2FCvKfTzV4TN5U8BTMF1Hl_291307_OrXUvGAuc2NCJDRvzNOTXOM3rsp1_axEmFnpqvu308lPAtUCR.webp?alt=media&token=36775e43-8aaf-44ca-90fa-cfd7788883a9
IKI,Minkštas žaislas elniukas Ronnie 25cm,14.99 €,https://firebasestorage.googleapis.com/v0/b/lastmile-ui/o/import%2Fphotos%2Fconverted%2Fproduct%2FthumbUrl%2FCvKfTzV4TN5U8BTMF1Hl_291317_uF3DptJQvjXHqmno4Mal_6NdAxHi8zNkvS6zz8ULk.webp?alt=media&token=50fd9163-5074-44c2-8d17-5ed2eeacea5b
IKI,Kalėdinė eglės dekoracija balerina,1.49 €,https://firebasestorage.googleapis.com/v0/b/lastmile-ui/o/import%2Fphotos%2Fconverted%2Fproduct%2FthumbUrl%2FCvKfTzV4TN5U8BTMF1Hl_285459_OrXUvGAuc2NCJDRvzNOTXOM3rsp1_NJbjSRH33dyZFxzB7DT6.webp?alt=media&token=0a339bf6-a7de-4a9c-8bae-af4bd4eb9d72
IKI,Girlianda medžio lapų dizaino 180 cm,2.24 €,https://firebasestorage.googleapis.com/v0/b/lastmile-ui/o/import%2Fphotos%2Fconverted%2Fproduct%2FthumbUrl%2FCvKfTzV4TN5U8BTMF1Hl_291269_OrXUvGAuc2NCJDRvzNOTXOM3rsp1_U7w2rnYb91iocZJKv7eL.webp?alt=media&token=a0637443-92d5-431e-8014-dac6a2130b2e
IKI,Minkštas žaislas Aardvark,10.19 €,https://firebasestorage.googleapis.com/v0/b/lastmile-ui/o/import%2Fphotos%2Fconverted%2Fproduct%2FthumbUrl%2FCvKfTzV4TN5U8BTMF1Hl_291298_uF3DptJQvjXHqmno4Mal_XAztcEUDSsFeytaANgEr.webp?alt=media&token=ef51ee35-7936-49ed-80dc-4f75df323770
IKI,Minkštas žaislas varlė su padanga,11.39 €,https://firebasestorage.googleapis.com/v0/b/lastmile-ui/o/import%2Fphotos%2Fconverted%2Fproduct%2FthumbUrl%2FCvKfTzV4TN5U8BTMF1Hl_291295_OrXUvGAuc2NCJDRvzNOTXOM3rsp1_7Ikan7f6HlH2dm8UkbQm.webp?alt=media&token=7ba95ca7-0924-4e1e-95e3-e300cb0f1c53
IKI,Minkštas žaislas dramblys su kaktusu,11.39 €,https://firebasestorage.googleapis.com/v0/b/lastmile-ui/o/import%2Fphotos%2Fconverted%2Fproduct%2FthumbUrl%2FCvKfTzV4TN5U8BTMF1Hl_291300_uF3DptJQvjXHqmno4Mal_iiJ0YhyU9CwUEGIZYeIB.webp?alt=media&token=aa412586-f5a4-4cd1-9059-aa901d065007
IKI,Minkštas žaislas elniukas Rudis 18cm,8.99 €,https://firebasestorage.googleapis.com/v0/b/lastmile-ui/o/import%2Fphotos%2Fconverted%2Fproduct%2FthumbUrl%2FCvKfTzV4TN5U8BTMF1Hl_291321_uF3DptJQvjXHqmno4Mal_FXT6AEAqIuQ0Q5A0ssmW.webp?alt=media&token=8fd21e76-a336-4c60-ad9e-69f6a296b705
IKI,Kepurė eglutė 400 X 370 X 15 mm,1.89 €,https://firebasestorage.googleapis.com/v0/b/lastmile-ui/o/import%2Fphotos%2Fconverted%2Fproduct%2FthumbUrl%2FCvKfTzV4TN5U8BTMF1Hl_291129_OrXUvGAuc2NCJDRvzNOTXOM3rsp1_tsCSrvGyhK5xcEAKSsXh.webp?alt=media&token=d53d0af7-194f-4db8-a4a0-fd114489bb64
IKI,Kalėdiniai akinių rėmeliai 16 X 1 X 14cm,1.24 €,https://firebasestorage.googleapis.com/v0/b/lastmile-ui/o/import%2Fphotos%2Fconverted%2Fproduct%2FthumbUrl%2FCvKfTzV4TN5U8BTMF1Hl_291121_OrXUvGAuc2NCJDRvzNOTXOM3rsp1_zOrIpxVitCYQhPCu2BuR.webp?alt=media&token=e3ecd6f2-5419-4b7b-a10c-5d613fe4a285
IKI,Kalėdinės ausinės 300X250XH10MM,2.99 €,https://firebasestorage.googleapis.com/v0/b/lastmile-ui/o/import%2Fphotos%2Fconverted%2Fproduct%2FthumbUrl%2FCvKfTzV4TN5U8BTMF1Hl_291123_OrXUvGAuc2NCJDRvzNOTXOM3rsp1_trIumPrEG0OAuZAWMUqh.webp?alt=media&token=e1fd3171-d458-466f-869c-6d1ea222667b
IKI,"Elfo gertuvė ELVES BEHAVIN'Badly su šiaudeliu, 500 ml",3.99 €,https://firebasestorage.googleapis.com/v0/b/lastmile-ui/o/import%2Fphotos%2Fconverted%2Fproduct%2FthumbUrl%2FCvKfTzV4TN5U8BTMF1Hl_291142_OrXUvGAuc2NCJDRvzNOTXOM3rsp1_tP4LQzCZEH9alMdduGzy.webp?alt=media&token=e1e91f5a-fb5d-4da0-bb74-f37e737f501b
IKI,"Žaislinė riedlentė HOT WHEELS, valdoma  pirštais",4.19 €,https://firebasestorage.googleapis.com/v0/b/lastmile-ui/o/import%2Fphotos%2Fconverted%2Fproduct%2FthumbUrl%2FCvKfTzV4TN5U8BTMF1Hl_290837_OrXUvGAuc2NCJDRvzNOTXOM3rsp1_zEUjQ2iy2DQYuevvGTB3.webp?alt=media&token=84d38f7b-db82-4027-8be1-d5d171a484cc
IKI,"Kumštinės pirštinės ACCES Animals vaikams,juodos",6.59 €,https://firebasestorage.googleapis.com/v0/b/lastmile-ui/o/import%2Fphotos%2Fconverted%2Fproduct%2FthumbUrl%2FCvKfTzV4TN5U8BTMF1Hl_289753_OrXUvGAuc2NCJDRvzNOTXOM3rsp1_ob609vCXMzHkp90Uymkn.webp?alt=media&token=21ebdfa8-ad63-4bfc-9660-7b4fa7cfc869
IKI,Kepurė su bumbulu smėlio spalvos ACCES,7.79 €,https://firebasestorage.googleapis.com/v0/b/lastmile-ui/o/import%2Fphotos%2Fconverted%2Fproduct%2FthumbUrl%2FCvKfTzV4TN5U8BTMF1Hl_289745_OrXUvGAuc2NCJDRvzNOTXOM3rsp1_oKRFouxYeaV56l0PPlCb.webp?alt=media&token=7fc35a2c-e1a1-43de-9bbc-0ff58e73df98
IKI,Lėlė DISNEY ledo karalienė ELSA,3.99 €,https://firebasestorage.googleapis.com/v0/b/lastmile-ui/o/import%2Fphotos%2Fconverted%2Fproduct%2FthumbUrl%2FCvKfTzV4TN5U8BTMF1Hl_279739_OrXUvGAuc2NCJDRvzNOTXOM3rsp1_izSvwlUuSJpIV6uuVM8k.webp?alt=media&token=789d05f5-2b5e-4a57-883e-7bc868699660
IKI,"Žvakidė 4Living, 7cm",1.99 €,https://firebasestorage.googleapis.com/v0/b/lastmile-ui/o/import%2Fphotos%2Fconverted%2Fproduct%2FthumbUrl%2FCvKfTzV4TN5U8BTMF1Hl_289919_OrXUvGAuc2NCJDRvzNOTXOM3rsp1_G1sobjyCfgIB2PpPNNWX.webp?alt=media&token=757be981-f35d-4bc6-8cfd-987e22122095
IKI,"Šiltos žieminės ausinės ACCES Adjustable Headpart, baltos spalvos",6.59 €,https://firebasestorage.googleapis.com/v0/b/lastmile-ui/o/import%2Fphotos%2Fconverted%2Fproduct%2FthumbUrl%2FCvKfTzV4TN5U8BTMF1Hl_290031_OrXUvGAuc2NCJDRvzNOTXOM3rsp1_4eRLS8OV9Qag1l4U4eJK.webp?alt=media&token=86b08be3-45ec-4a52-a3bb-5a827c8c5f53
IKI,Dekoratyvinė šviesa Prisma FINNLUMOR,6.99 €,https://firebasestorage.googleapis.com/v0/b/lastmile-ui/o/import%2Fphotos%2Fconverted%2Fproduct%2FthumbUrl%2FCvKfTzV4TN5U8BTMF1Hl_289839_OrXUvGAuc2NCJDRvzNOTXOM3rsp1_lQ1098T68Nz1u49nmehV.webp?alt=media&token=3a82de43-291e-46ce-a9ce-e12c7b4f1613
IKI,Lėlė DISNEY Frozen Elsa,8.49 €,https://firebasestorage.googleapis.com/v0/b/lastmile-ui/o/import%2Fphotos%2Fconverted%2Fproduct%2FthumbUrl%2FCvKfTzV4TN5U8BTMF1Hl_291061_OrXUvGAuc2NCJDRvzNOTXOM3rsp1_uFizpBFHESu0oZSCHypY.webp?alt=media&token=168f631f-943b-4fe5-a88b-d1dd8773322d
IKI,Eglutės žaisliukas maistas,2.99 €,https://firebasestorage.googleapis.com/v0/b/lastmile-ui/o/import%2Fphotos%2Fconverted%2Fproduct%2FthumbUrl%2FCvKfTzV4TN5U8BTMF1Hl_291154_OrXUvGAuc2NCJDRvzNOTXOM3rsp1_hfZf36ecpSI89qpb9Y0R.webp?alt=media&token=302b3ec8-6f96-4f78-b5e1-5d9bd6c11a35
IKI,Minkštas žaislas balerina,11.99 €,https://firebasestorage.googleapis.com/v0/b/lastmile-ui/o/import%2Fphotos%2Fconverted%2Fproduct%2FthumbUrl%2FCvKfTzV4TN5U8BTMF1Hl_291305_uF3DptJQvjXHqmno4Mal_XhjMFu8BFSDXLAxzFJOh.webp?alt=media&token=b8caaef2-39d5-4d46-8802-7f4f6ac65a67
IKI,Kepurė su bumbulu tamsiai pilka ACCES,7.79 €,https://firebasestorage.googleapis.com/v0/b/lastmile-ui/o/import%2Fphotos%2Fconverted%2Fproduct%2FthumbUrl%2FCvKfTzV4TN5U8BTMF1Hl_289746_OrXUvGAuc2NCJDRvzNOTXOM3rsp1_bYdseQ4ePLnnDf2P13yX.webp?alt=media&token=2cf4eebe-702d-4c81-b71b-2609ac15ecb6
IKI,Knyga ŠVIESI VALANDA.GYVENANČIOS IR MIRŠTANČIOS MEMUARAI,8.39 €,https://firebasestorage.googleapis.com/v0/b/lastmile-ui/o/import%2Fphotos%2Fconverted%2Fproduct%2FthumbUrl%2FCvKfTzV4TN5U8BTMF1Hl_261246_OrXUvGAuc2NCJDRvzNOTXOM3rsp1_hmZXyutFP0YzfHwJbec4.webp?alt=media&token=bbda7460-af0b-4e99-ab25-3b6ea1cf44db
IKI,"Kalėdinė Led girlianda 20 lempučių, įvairiaspalvė",0.99 €,https://firebasestorage.googleapis.com/v0/b/lastmile-ui/o/import%2Fphotos%2Fconverted%2Fproduct%2FthumbUrl%2FCvKfTzV4TN5U8BTMF1Hl_256468_OrXUvGAuc2NCJDRvzNOTXOM3rsp1_xWMKigGFLtun0slQjIRI.webp?alt=media&token=3ac2ac0f-acbc-43c8-8f2c-c7e4f329ddc7
IKI,Knyga ŠEŠTASIS IŠNYKIMAS: NE VIEN  GAMTOS ISTORIJA,8.39 €,https://firebasestorage.googleapis.com/v0/b/lastmile-ui/o/import%2Fphotos%2Fconverted%2Fproduct%2FthumbUrl%2FCvKfTzV4TN5U8BTMF1Hl_265873_OrXUvGAuc2NCJDRvzNOTXOM3rsp1_SIvl5BuI3ijL5ggFrrAx.webp?alt=media&token=7a56e64a-2e8a-48ec-b28e-322ab6d34221
IKI,Lėlė DISNEY princesė RAPUNZEL,3.99 €,https://firebasestorage.googleapis.com/v0/b/lastmile-ui/o/import%2Fphotos%2Fconverted%2Fproduct%2FthumbUrl%2FCvKfTzV4TN5U8BTMF1Hl_279743_OrXUvGAuc2NCJDRvzNOTXOM3rsp1_IcRMFBYOrgXS1d0LIN2x.webp?alt=media&token=a32e8fae-add1-4f27-9efa-3cd6e7a1be68
IKI,Lėlė DISNEY princesė CINDERELLA,3.99 €,https://firebasestorage.googleapis.com/v0/b/lastmile-ui/o/import%2Fphotos%2Fconverted%2Fproduct%2FthumbUrl%2FCvKfTzV4TN5U8BTMF1Hl_279741_OrXUvGAuc2NCJDRvzNOTXOM3rsp1_wllje4E9tl9Yx7ajMgxw.webp?alt=media&token=645a9493-d7ba-4391-aa6c-322fcecfde0a
IKI,Lėlė DISNEY princesė TIANA,3.99 €,https://firebasestorage.googleapis.com/v0/b/lastmile-ui/o/import%2Fphotos%2Fconverted%2Fproduct%2FthumbUrl%2FCvKfTzV4TN5U8BTMF1Hl_279744_OrXUvGAuc2NCJDRvzNOTXOM3rsp1_y50yrtx4Wz8e5SsRzCxH.webp?alt=media&token=bf594166-ef0f-44dc-8dc2-e8c37c61ce0a
IKI,"Kalėdinės pakabinamos dekoracijos WINTERIA, lauko gyvūnai",2.74 €,https://firebasestorage.googleapis.com/v0/b/lastmile-ui/o/import%2Fphotos%2Fconverted%2Fproduct%2FthumbUrl%2FCvKfTzV4TN5U8BTMF1Hl_285451_OrXUvGAuc2NCJDRvzNOTXOM3rsp1_cjBAPpBRXBeHBt1yoyX5.webp?alt=media&token=5a1afc42-0949-4d9d-a7c7-590a92829d2b
IKI,Žaislas odontologo rinkinys TECHNOK,3.49 €,https://firebasestorage.googleapis.com/v0/b/lastmile-ui/o/import%2Fphotos%2Fconverted%2Fproduct%2FthumbUrl%2FCvKfTzV4TN5U8BTMF1Hl_291286_OrXUvGAuc2NCJDRvzNOTXOM3rsp1_mlOP6AEhxUsUS7tyThvX.webp?alt=media&token=cea0ea47-08f6-4265-8ab8-ffe33a1797e3
IKI,RASTAR R/C 1:24 valdomas automodelis Ferrari 499P,26.99 €,https://firebasestorage.googleapis.com/v0/b/lastmile-ui/o/import%2Fphotos%2Fconverted%2Fproduct%2FthumbUrl%2FCvKfTzV4TN5U8BTMF1Hl_291327_OrXUvGAuc2NCJDRvzNOTXOM3rsp1_WdbR7EbDWX5S24SP7c6B.webp?alt=media&token=cc34bb55-b001-411f-a363-d66394df6e31
IKI,Žaislinė riedlentė valdoma pirštaus HOT WHEELS,4.19 €,https://firebasestorage.googleapis.com/v0/b/lastmile-ui/o/import%2Fphotos%2Fconverted%2Fproduct%2FthumbUrl%2FCvKfTzV4TN5U8BTMF1Hl_290842_OrXUvGAuc2NCJDRvzNOTXOM3rsp1_u0xBzQLcx3GDUFf2HOs6.webp?alt=media&token=744cf7f3-171a-454a-91f9-b4d9a8eb1686
IKI,Kalėdinė gertuvė 1200 ml,7.49 €,https://firebasestorage.googleapis.com/v0/b/lastmile-ui/o/import%2Fphotos%2Fconverted%2Fproduct%2FthumbUrl%2FCvKfTzV4TN5U8BTMF1Hl_291187_uF3DptJQvjXHqmno4Mal_Gn5UzeG1MFIDcGPdECwX.webp?alt=media&token=a3aa07ce-84f0-41fd-a3bc-71f58e965033
IKI,"Pakabinama dekoracija WINTERIA šuo, rudas/baltas",2.24 €,https://firebasestorage.googleapis.com/v0/b/lastmile-ui/o/import%2Fphotos%2Fconverted%2Fproduct%2FthumbUrl%2FCvKfTzV4TN5U8BTMF1Hl_287473_OrXUvGAuc2NCJDRvzNOTXOM3rsp1_8nxwlJOWtRvAoqudJwZh.webp?alt=media&token=ac5d349c-4ddd-417a-a59b-376ed1bf1e88
IKI,"Kalėdiniai šiaudeliai WINTERIA, 4 vnt",1.64 €,https://firebasestorage.googleapis.com/v0/b/lastmile-ui/o/import%2Fphotos%2Fconverted%2Fproduct%2FthumbUrl%2FCvKfTzV4TN5U8BTMF1Hl_285470_OrXUvGAuc2NCJDRvzNOTXOM3rsp1_4XdYJDBRMRgUQM5AeM50.webp?alt=media&token=2f6dd54d-40b8-4661-8065-3fe3a63af135
IKI,Padėkliukas languotas 45x30 mm,1.14 €,https://firebasestorage.googleapis.com/v0/b/lastmile-ui/o/import%2Fphotos%2Fconverted%2Fproduct%2FthumbUrl%2FCvKfTzV4TN5U8BTMF1Hl_285446_OrXUvGAuc2NCJDRvzNOTXOM3rsp1_w5YO7FT1l2McB7LcgW7o.webp?alt=media&token=fbdbd5bb-0323-44da-ab01-3fedf82222e2
IKI,Lipdukai KAPEL kalėdų gyvūnai,0.64 €,https://firebasestorage.googleapis.com/v0/b/lastmile-ui/o/import%2Fphotos%2Fconverted%2Fproduct%2FthumbUrl%2FCvKfTzV4TN5U8BTMF1Hl_287454_OrXUvGAuc2NCJDRvzNOTXOM3rsp1_g3R3mnBpb1MqTP9nvkk7.webp?alt=media&token=6abc57b1-16ca-4656-af82-7a8e5054bd74
IKI,Minkštas žaislas medžio kuoka,11.99 €,https://firebasestorage.googleapis.com/v0/b/lastmile-ui/o/import%2Fphotos%2Fconverted%2Fproduct%2FthumbUrl%2FCvKfTzV4TN5U8BTMF1Hl_291302_uF3DptJQvjXHqmno4Mal_Ehw4G5wtIpZSY2gGi3hy.webp?alt=media&token=9e540dc3-f914-409b-a62f-93c7aea42b77
IKI,Interaktyvus pliušinis pliušinis paukštis Tukanas HAPPY YAPPERS,19.79 €,https://firebasestorage.googleapis.com/v0/b/lastmile-ui/o/import%2Fphotos%2Fconverted%2Fproduct%2FthumbUrl%2FCvKfTzV4TN5U8BTMF1Hl_291324_OrXUvGAuc2NCJDRvzNOTXOM3rsp1_iOzjKRh9lYKyMVQVhZ4e.webp?alt=media&token=dad6df56-dcc3-4a02-9cf0-e71c510f2383
IKI,"Kumštinės pirštinės ACCES Animals vaikams, rudos",6.59 €,https://firebasestorage.googleapis.com/v0/b/lastmile-ui/o/import%2Fphotos%2Fconverted%2Fproduct%2FthumbUrl%2FCvKfTzV4TN5U8BTMF1Hl_289752_OrXUvGAuc2NCJDRvzNOTXOM3rsp1_tHAXc2hW8WiYH7NxDRPp.webp?alt=media&token=9308e63a-0404-4666-8d47-d4e313d22712
IKI,"Kepurė su ilgomis letenomis ir judančiomis ausimis ACCES Long Happy, ruda",10.19 €,https://firebasestorage.googleapis.com/v0/b/lastmile-ui/o/import%2Fphotos%2Fconverted%2Fproduct%2FthumbUrl%2FCvKfTzV4TN5U8BTMF1Hl_289836_OrXUvGAuc2NCJDRvzNOTXOM3rsp1_tNtJOJP9NOyvMRMpLvRM.webp?alt=media&token=37cb45eb-62bc-4e77-8ead-ab2787286f94
IKI,"Pakabinama dekoracija WINTERIA šuo, pilkas/baltas",2.24 €,https://firebasestorage.googleapis.com/v0/b/lastmile-ui/o/import%2Fphotos%2Fconverted%2Fproduct%2FthumbUrl%2FCvKfTzV4TN5U8BTMF1Hl_287472_OrXUvGAuc2NCJDRvzNOTXOM3rsp1_S2x7geFniCUpqVrcjP6e.webp?alt=media&token=087b452b-51bf-443c-8496-63906a15d410
IKI,"Indų ploviklis FAIRY Pure & Clean, 900ml",2.63 €,https://firebasestorage.googleapis.com/v0/b/lastmile-ui/o/import%2Fphotos%2Fconverted%2Fproduct%2FthumbUrl%2FCvKfTzV4TN5U8BTMF1Hl_291027_OrXUvGAuc2NCJDRvzNOTXOM3rsp1_KfCOdH6xyzdBrZ3mMFIe.webp?alt=media&token=db1d316e-f42b-44d7-ab2a-7223f1157da5
IKI,Pliušinis žaislas su garsu SOUND PETS 10 cm 10 cm,6.59 €,https://firebasestorage.googleapis.com/v0/b/lastmile-ui/o/import%2Fphotos%2Fconverted%2Fproduct%2FthumbUrl%2FCvKfTzV4TN5U8BTMF1Hl_285371_OrXUvGAuc2NCJDRvzNOTXOM3rsp1_JU44Zzpoj6Ezy0Eb0whU.webp?alt=media&token=efc7a348-9c7a-443f-985e-77782f1abaa3
IKI,Kalendorius 2026 A3 KATĖS,3.89 €,https://firebasestorage.googleapis.com/v0/b/lastmile-ui/o/import%2Fphotos%2Fconverted%2Fproduct%2FthumbUrl%2FCvKfTzV4TN5U8BTMF1Hl_279503_OrXUvGAuc2NCJDRvzNOTXOM3rsp1_TTwxG56pLG2c07g3Zzh8.webp?alt=media&token=98551b20-fcac-44c1-99af-46e7a780abae
IKI,Kalendorius 2026 POVANDENINIAI ŠUNŲ  NUOTYKIAI,3.89 €,https://firebasestorage.googleapis.com/v0/b/lastmile-ui/o/import%2Fphotos%2Fconverted%2Fproduct%2FthumbUrl%2FCvKfTzV4TN5U8BTMF1Hl_279509_OrXUvGAuc2NCJDRvzNOTXOM3rsp1_ItLXNC3hIbwV9Y0LtFEG.webp?alt=media&token=8fb68793-a7cc-4d95-a446-38c404306e76
IKI,Lėlė DISNEY princesė ARIELLE,3.99 €,https://firebasestorage.googleapis.com/v0/b/lastmile-ui/o/import%2Fphotos%2Fconverted%2Fproduct%2FthumbUrl%2FCvKfTzV4TN5U8BTMF1Hl_279742_OrXUvGAuc2NCJDRvzNOTXOM3rsp1_9GNYRDUMblhipy48OaGn.webp?alt=media&token=e9aecc84-a7b2-4c1b-a8da-eeef992ccb3e
IKI,"R/C Automobilis Cyklone Buggy 2,4 GHz MAISTO TECH",29.99 €,https://firebasestorage.googleapis.com/v0/b/lastmile-ui/o/import%2Fphotos%2Fconverted%2Fproduct%2FthumbUrl%2FCvKfTzV4TN5U8BTMF1Hl_287455_OrXUvGAuc2NCJDRvzNOTXOM3rsp1_VX0wArDSTBts2hTQC56r.webp?alt=media&token=552748d2-3b46-445d-b12f-37361a391a55
IKI,"Segtukas KAPEL su sniego seniu ir elniais, 6 vnt",2.49 €,https://firebasestorage.googleapis.com/v0/b/lastmile-ui/o/import%2Fphotos%2Fconverted%2Fproduct%2FthumbUrl%2FCvKfTzV4TN5U8BTMF1Hl_287441_OrXUvGAuc2NCJDRvzNOTXOM3rsp1_LvDFIywc1Fku3pbhccKE.webp?alt=media&token=1f21cd6e-329e-4fd2-a9b8-54cd0dcabc33
IKI,"Sauskelnės Maxi BABYWELL Premium 4 dydis, 38 vnt",5.24 €,https://firebasestorage.googleapis.com/v0/b/lastmile-ui/o/import%2Fphotos%2Fconverted%2Fproduct%2FthumbUrl%2FCvKfTzV4TN5U8BTMF1Hl_290710_OrXUvGAuc2NCJDRvzNOTXOM3rsp1_1Lau6UMa8S3BXEB2CUNA.webp?alt=media&token=6c41edc7-26ab-4a91-aa07-950389a721c4
IKI,"Dirbtinis augalas vazone, sidabro spalvos",2.99 €,https://firebasestorage.googleapis.com/v0/b/lastmile-ui/o/import%2Fphotos%2Fconverted%2Fproduct%2FthumbUrl%2FCvKfTzV4TN5U8BTMF1Hl_291258_OrXUvGAuc2NCJDRvzNOTXOM3rsp1_AVCSDlFLjHLv4xGk6uJ1.webp?alt=media&token=ea649e07-07bc-4fd2-aee9-79b7e50578eb
IKI,Žaislas automobilis TECHNOK 6122,6.49 €,https://firebasestorage.googleapis.com/v0/b/lastmile-ui/o/import%2Fphotos%2Fconverted%2Fproduct%2FthumbUrl%2FCvKfTzV4TN5U8BTMF1Hl_291285_OrXUvGAuc2NCJDRvzNOTXOM3rsp1_mfcGONbLPrPOgGuhjvUs.webp?alt=media&token=96fbbb13-5c89-438d-bb35-54da13e2462c
IKI,"Kalendorius 2026 KATĖS ČEIL, A4",2.09 €,https://firebasestorage.googleapis.com/v0/b/lastmile-ui/o/import%2Fphotos%2Fconverted%2Fproduct%2FthumbUrl%2FCvKfTzV4TN5U8BTMF1Hl_21713_OrXUvGAuc2NCJDRvzNOTXOM3rsp1_uoklobYICtDwS8a9JP3l.webp?alt=media&token=c7a68d0d-d03e-4b15-b688-e3a269ab0d0b
IKI,Staltiesė WINTERIA raudona 140x240 cm,11.47 €,https://firebasestorage.googleapis.com/v0/b/lastmile-ui/o/import%2Fphotos%2Fconverted%2Fproduct%2FthumbUrl%2FCvKfTzV4TN5U8BTMF1Hl_287449_OrXUvGAuc2NCJDRvzNOTXOM3rsp1_XDQ9awnEtP8qi8PG6cU6.webp?alt=media&token=9afc2e7c-3697-4d15-b88c-b269ef3b21f1
IKI,Lėlė su greitaeige valtimi DEFA LUCY,19.99 €,https://firebasestorage.googleapis.com/v0/b/lastmile-ui/o/import%2Fphotos%2Fconverted%2Fproduct%2FthumbUrl%2FCvKfTzV4TN5U8BTMF1Hl_287457_uF3DptJQvjXHqmno4Mal_tcUtQQjI6qyymxEkEGEe.webp?alt=media&token=0ab836df-48f0-4906-90aa-6c8f1ec0aae9
IKI,Sauskelnės mini BABYWELL 2 DYDIS 42 vnt,5.24 €,https://firebasestorage.googleapis.com/v0/b/lastmile-ui/o/import%2Fphotos%2Fconverted%2Fproduct%2FthumbUrl%2FCvKfTzV4TN5U8BTMF1Hl_290711_OrXUvGAuc2NCJDRvzNOTXOM3rsp1_ZehNJgT53oTFjzwmQClG.webp?alt=media&token=9ebfdb49-dd38-4cf8-ae64-436ba9f1cc2e
IKI,NIVEA MEN ACTIVE FRESHNESS kalėdinis dovanųrinkinys,6.49 €,https://firebasestorage.googleapis.com/v0/b/lastmile-ui/o/import%2Fphotos%2Fconverted%2Fproduct%2FthumbUrl%2FCvKfTzV4TN5U8BTMF1Hl_291014_OrXUvGAuc2NCJDRvzNOTXOM3rsp1_ZYcwYesBY2L72VlYFzo5.webp?alt=media&token=b6901d7a-62fd-4133-90d1-42cb11244136
IKI,NIVEA MEN SENSITIVE ELEGANCE kalėdinis dovanųrinkinys,11.99 €,https://firebasestorage.googleapis.com/v0/b/lastmile-ui/o/import%2Fphotos%2Fconverted%2Fproduct%2FthumbUrl%2FCvKfTzV4TN5U8BTMF1Hl_291015_OrXUvGAuc2NCJDRvzNOTXOM3rsp1_3OWnJABdFCBrINXVCzPD.webp?alt=media&token=0c17a942-5d8d-4df6-b925-c466ec37e0f5
IKI,NIVEA MEN COOLING REFRESH kalėdinis dovanų rinkinys,9.99 €,https://firebasestorage.googleapis.com/v0/b/lastmile-ui/o/import%2Fphotos%2Fconverted%2Fproduct%2FthumbUrl%2FCvKfTzV4TN5U8BTMF1Hl_291041_OrXUvGAuc2NCJDRvzNOTXOM3rsp1_HEUPiUzME4fKPmKJlaL7.webp?alt=media&token=4c4171e3-f627-4201-ba17-6cf4d87ff755
IKI,Moteriškas DOVE kūno priežiūros rinkinys UNWIND,11.99 €,https://firebasestorage.googleapis.com/v0/b/lastmile-ui/o/import%2Fphotos%2Fconverted%2Fproduct%2FthumbUrl%2FCvKfTzV4TN5U8BTMF1Hl_291110_OrXUvGAuc2NCJDRvzNOTXOM3rsp1_h5DLZZ8C3tMkah95dDqw.webp?alt=media&token=76f18fa8-98a6-4c49-8c05-7544c4fa3587
IKI,Vyriškas rinkinys FIFA THE FANS' FAVOURITES,17.49 €,https://firebasestorage.googleapis.com/v0/b/lastmile-ui/o/import%2Fphotos%2Fconverted%2Fproduct%2FthumbUrl%2FCvKfTzV4TN5U8BTMF1Hl_291111_OrXUvGAuc2NCJDRvzNOTXOM3rsp1_fxSFHYAJCutQLxC1nnIs.webp?alt=media&token=15bff1c9-0489-4ef5-b9d2-a99ef25dcfc8
IKI,"GREEN FEEL'S kosmetikos rinkinys ""NUNU"" Raudonas",11.99 €,https://firebasestorage.googleapis.com/v0/b/lastmile-ui/o/import%2Fphotos%2Fconverted%2Fproduct%2FthumbUrl%2FCvKfTzV4TN5U8BTMF1Hl_291039_OrXUvGAuc2NCJDRvzNOTXOM3rsp1_dCjlAO1o388ap2uH8wSy.webp?alt=media&token=a85b6e12-1ad9-424b-8044-ea1a2e248874
IKI,Vyriškas rinkinys FIFA FRESHEST LINE-UPS,16.49 €,https://firebasestorage.googleapis.com/v0/b/lastmile-ui/o/import%2Fphotos%2Fconverted%2Fproduct%2FthumbUrl%2FCvKfTzV4TN5U8BTMF1Hl_291112_OrXUvGAuc2NCJDRvzNOTXOM3rsp1_S3e1ZZARNijrWQNXAt6W.webp?alt=media&token=b6fbe489-d063-463a-824b-7bdd35eaac62
IKI,NIVEA CALMING kalėdinis dovanųrinkinys,3.99 €,https://firebasestorage.googleapis.com/v0/b/lastmile-ui/o/import%2Fphotos%2Fconverted%2Fproduct%2FthumbUrl%2FCvKfTzV4TN5U8BTMF1Hl_291020_OrXUvGAuc2NCJDRvzNOTXOM3rsp1_QpXZFw4THNYy0XDqISW3.webp?alt=media&token=9d71400f-962f-4f93-9472-2cf8fa90ca66
IKI,Rinkinys GILLETTE Fusion Proglide UCL su kojinėmis,13.99 €,https://firebasestorage.googleapis.com/v0/b/lastmile-ui/o/import%2Fphotos%2Fconverted%2Fproduct%2FthumbUrl%2FCvKfTzV4TN5U8BTMF1Hl_291031_OrXUvGAuc2NCJDRvzNOTXOM3rsp1_5i7JWxaTbGJuPPPfOKNr.webp?alt=media&token=0de37532-5e60-4f9d-a735-8f595040a772
IKI,Rinkinys Kvapas 150 ml+žvakė Lily of the Valley,8.49 €,https://firebasestorage.googleapis.com/v0/b/lastmile-ui/o/import%2Fphotos%2Fconverted%2Fproduct%2FthumbUrl%2FCvKfTzV4TN5U8BTMF1Hl_290971_OrXUvGAuc2NCJDRvzNOTXOM3rsp1_3Iw1z8z4nFMa2b9ViuEM.webp?alt=media&token=c9a99bda-c531-4c24-8827-b417ad05f47d
IKI,"KESPER japoniško stiliaus pjaustymo peilis 23,5 cm",5.22 €,https://firebasestorage.googleapis.com/v0/b/lastmile-ui/o/import%2Fphotos%2Fconverted%2Fproduct%2FthumbUrl%2FCvKfTzV4TN5U8BTMF1Hl_288241_OrXUvGAuc2NCJDRvzNOTXOM3rsp1_bHLwxqxEYN8aHMyljnuT.webp?alt=media&token=db12659c-57fe-4add-9c01-f42c28241adf
IKI,"KESPER pjaustymo lentelė 34x24x0,4 cm",3.57 €,https://firebasestorage.googleapis.com/v0/b/lastmile-ui/o/import%2Fphotos%2Fconverted%2Fproduct%2FthumbUrl%2FCvKfTzV4TN5U8BTMF1Hl_288247_OrXUvGAuc2NCJDRvzNOTXOM3rsp1_VK6huCNkxB3eGdlSHPS2.webp?alt=media&token=638503a9-2d41-4273-ac73-e8f0508797bb
IKI,KESPER dubuo rudos spalvos 15 cm,2.74 €,https://firebasestorage.googleapis.com/v0/b/lastmile-ui/o/import%2Fphotos%2Fconverted%2Fproduct%2FthumbUrl%2FCvKfTzV4TN5U8BTMF1Hl_288234_OrXUvGAuc2NCJDRvzNOTXOM3rsp1_cD9kTZAbcVYQdBlRmhS5.webp?alt=media&token=a1069d22-186f-403c-ae45-53fcebd4e8f3
IKI,KESPER padėkliukas su 8 stikliukais,13.74 €,https://firebasestorage.googleapis.com/v0/b/lastmile-ui/o/import%2Fphotos%2Fconverted%2Fproduct%2FthumbUrl%2FCvKfTzV4TN5U8BTMF1Hl_288243_OrXUvGAuc2NCJDRvzNOTXOM3rsp1_Eq38XNy4VBxeEJ4EpZOs.webp?alt=media&token=21949829-4a0a-4c7a-9dc9-f963159f65d3
IKI,L'Oreal Paris Men Expert Hydra Energetic kalėdinė pakuotė,10.99 €,https://firebasestorage.googleapis.com/v0/b/lastmile-ui/o/import%2Fphotos%2Fconverted%2Fproduct%2FthumbUrl%2FCvKfTzV4TN5U8BTMF1Hl_290975_OrXUvGAuc2NCJDRvzNOTXOM3rsp1_2QCu9YcuK23oKB58YYZ1.webp?alt=media&token=7340cf15-d476-49df-b4c1-a295bd1161f0
IKI,ICE PROFESSIONAL Plaukų priežiūros rinkinys Salon pro,4.99 €,https://firebasestorage.googleapis.com/v0/b/lastmile-ui/o/import%2Fphotos%2Fconverted%2Fproduct%2FthumbUrl%2FCvKfTzV4TN5U8BTMF1Hl_291006_OrXUvGAuc2NCJDRvzNOTXOM3rsp1_7x7BUzSnxS2y27g4cp5U.webp?alt=media&token=17e73db6-c987-4373-bf08-218f2abde2e7
IKI,KESPER dubuo žalios spalvos 25 cm,4.12 €,https://firebasestorage.googleapis.com/v0/b/lastmile-ui/o/import%2Fphotos%2Fconverted%2Fproduct%2FthumbUrl%2FCvKfTzV4TN5U8BTMF1Hl_288231_OrXUvGAuc2NCJDRvzNOTXOM3rsp1_0Ov9Y9z1c6abWEEeLWRa.webp?alt=media&token=17357197-478e-4f44-8823-3410b94d57fe
IKI,KESPER dubuo smėlio spalvos 25 cm,4.12 €,https://firebasestorage.googleapis.com/v0/b/lastmile-ui/o/import%2Fphotos%2Fconverted%2Fproduct%2FthumbUrl%2FCvKfTzV4TN5U8BTMF1Hl_288233_OrXUvGAuc2NCJDRvzNOTXOM3rsp1_3fv5L9Hz1DF6rTMQoBDg.webp?alt=media&token=99e079ed-8230-408b-99b0-84c7b2171391
IKI,KESPER Virtuvinės žnyplės,3.57 €,https://firebasestorage.googleapis.com/v0/b/lastmile-ui/o/import%2Fphotos%2Fconverted%2Fproduct%2FthumbUrl%2FCvKfTzV4TN5U8BTMF1Hl_288227_OrXUvGAuc2NCJDRvzNOTXOM3rsp1_btkmBoDs2fS2BhymP4cI.webp?alt=media&token=c4b8d3e5-891f-467d-9fb4-9ae0bd6595a4
IKI,"KESPER serviravimo lenta 40x29x1,5cm",9.89 €,https://firebasestorage.googleapis.com/v0/b/lastmile-ui/o/import%2Fphotos%2Fconverted%2Fproduct%2FthumbUrl%2FCvKfTzV4TN5U8BTMF1Hl_288244_OrXUvGAuc2NCJDRvzNOTXOM3rsp1_2adYb0UVuXLAxbmifozl.webp?alt=media&token=82a3ec55-4329-4c6f-92d4-97c36560995f
IKI,"KESPER pjaustymo peilis 18,5 cm",4.12 €,https://firebasestorage.googleapis.com/v0/b/lastmile-ui/o/import%2Fphotos%2Fconverted%2Fproduct%2FthumbUrl%2FCvKfTzV4TN5U8BTMF1Hl_288238_OrXUvGAuc2NCJDRvzNOTXOM3rsp1_4FQibQD2xcZYHirhUhIf.webp?alt=media&token=1d97502c-54e2-4e88-8778-be0a4584530f
IKI,"KESPER pjaustymo lentelė 28x20x1,5 cm",8.24 €,https://firebasestorage.googleapis.com/v0/b/lastmile-ui/o/import%2Fphotos%2Fconverted%2Fproduct%2FthumbUrl%2FCvKfTzV4TN5U8BTMF1Hl_288242_OrXUvGAuc2NCJDRvzNOTXOM3rsp1_qN4FmgR6FXfx1CpK8fMR.webp?alt=media&token=23156c2d-423a-4701-9ac6-82ef220b93cc
IKI,KESPER dubuo žalios spalvos 15 cm,2.74 €,https://firebasestorage.googleapis.com/v0/b/lastmile-ui/o/import%2Fphotos%2Fconverted%2Fproduct%2FthumbUrl%2FCvKfTzV4TN5U8BTMF1Hl_288235_OrXUvGAuc2NCJDRvzNOTXOM3rsp1_XsQv5EUGzwgf7RkqsiSo.webp?alt=media&token=93a1baa7-9855-4c7c-a450-c99066917587
IKI,KESPER rudos spalvos dubuo 25 cm,4.12 €,https://firebasestorage.googleapis.com/v0/b/lastmile-ui/o/import%2Fphotos%2Fconverted%2Fproduct%2FthumbUrl%2FCvKfTzV4TN5U8BTMF1Hl_288230_OrXUvGAuc2NCJDRvzNOTXOM3rsp1_xKHHY3KAQm4Oj6EbVyPy.webp?alt=media&token=fc9daa68-7057-4494-8f38-51fec3d7c227
IKI,"KESPER pjaustymo lentelė 34x24x0,4 cm",3.57 €,https://firebasestorage.googleapis.com/v0/b/lastmile-ui/o/import%2Fphotos%2Fconverted%2Fproduct%2FthumbUrl%2FCvKfTzV4TN5U8BTMF1Hl_288245_OrXUvGAuc2NCJDRvzNOTXOM3rsp1_7nqJeD6y0LtYDAVDgTB4.webp?alt=media&token=4f0c075f-dea1-493f-a196-de321659648b
IKI,KESPER kepsnių peilis 23 cm,4.12 €,https://firebasestorage.googleapis.com/v0/b/lastmile-ui/o/import%2Fphotos%2Fconverted%2Fproduct%2FthumbUrl%2FCvKfTzV4TN5U8BTMF1Hl_288240_OrXUvGAuc2NCJDRvzNOTXOM3rsp1_g5ayIbinHNNDeMgl9VU3.webp?alt=media&token=8de497bf-d190-4e8e-bb43-7ee7ca7e6c81
IKI,"BOUNCIBLES šoklus kamuoliukas VIŠČIUKAS/LEO, geltonas",4.19 €,https://firebasestorage.googleapis.com/v0/b/lastmile-ui/o/import%2Fphotos%2Fconverted%2Fproduct%2FthumbUrl%2FCvKfTzV4TN5U8BTMF1Hl_291833_OrXUvGAuc2NCJDRvzNOTXOM3rsp1_iLQK0vqQ8sibSRHfGiLb.webp?alt=media&token=40438f30-a477-4d93-8a9d-524c4752c9b7
IKI,"BOUNCIBLES šoklus kamuoliukas TINGINYS/ARLO, rudas",4.19 €,https://firebasestorage.googleapis.com/v0/b/lastmile-ui/o/import%2Fphotos%2Fconverted%2Fproduct%2FthumbUrl%2FCvKfTzV4TN5U8BTMF1Hl_291831_OrXUvGAuc2NCJDRvzNOTXOM3rsp1_lbRvZMTvNJCBwGIatR5N.webp?alt=media&token=c9df16b0-f219-404a-8642-3b69e060d119
IKI,"BOUNCIBLES šoklus kamuoliukas VĖŽLYS/TURLI, žalias",4.19 €,https://firebasestorage.googleapis.com/v0/b/lastmile-ui/o/import%2Fphotos%2Fconverted%2Fproduct%2FthumbUrl%2FCvKfTzV4TN5U8BTMF1Hl_291835_uF3DptJQvjXHqmno4Mal_pwx8JU3ehhj19qQj1ywp.webp?alt=media&token=2e3f8578-7c42-4644-a3f9-534b5a0b3fa8
IKI,"BOUNCIBLES šoklus kamuoliukas EŽYS/HAZEL, rožinis",4.19 €,https://firebasestorage.googleapis.com/v0/b/lastmile-ui/o/import%2Fphotos%2Fconverted%2Fproduct%2FthumbUrl%2FCvKfTzV4TN5U8BTMF1Hl_291840_OrXUvGAuc2NCJDRvzNOTXOM3rsp1_too2nnYqwbRXWCSnq2yQ.webp?alt=media&token=f4b84f8b-48f5-4006-b78d-eb71a385f3b7
IKI,"Šoklus kamuoliukas ūdra OTTO, rudos spalvos",4.19 €,https://firebasestorage.googleapis.com/v0/b/lastmile-ui/o/import%2Fphotos%2Fconverted%2Fproduct%2FthumbUrl%2FCvKfTzV4TN5U8BTMF1Hl_290346_uF3DptJQvjXHqmno4Mal_2NUiUhMaR81XxlPhoSwg.webp?alt=media&token=fe470b1b-4ef7-42ff-962c-4fea2936f1f8
IKI,"Šoklus kamuoliukas ryklys CHOMPY, mėlynos spalvos",4.19 €,https://firebasestorage.googleapis.com/v0/b/lastmile-ui/o/import%2Fphotos%2Fconverted%2Fproduct%2FthumbUrl%2FCvKfTzV4TN5U8BTMF1Hl_290344_OrXUvGAuc2NCJDRvzNOTXOM3rsp1_xQWaOF8nJ5ynfGrf8PVM.webp?alt=media&token=320516c6-9749-4d04-ace3-41fbd19368e7
IKI,"BOUNCIBLES šoklus kamuoliukas PELĖDA/LUNA, violetinis",4.19 €,https://firebasestorage.googleapis.com/v0/b/lastmile-ui/o/import%2Fphotos%2Fconverted%2Fproduct%2FthumbUrl%2FCvKfTzV4TN5U8BTMF1Hl_291842_OrXUvGAuc2NCJDRvzNOTXOM3rsp1_1akI11RfmCUQkobo6Px4.webp?alt=media&token=2bc5c167-f9d5-414c-b0ba-51ad14bf2b8b
IKI,"BOUNCIBLES šoklus kamuoliukas MONSTRAS/JETT, mėlynas - žalias",4.19 €,https://firebasestorage.googleapis.com/v0/b/lastmile-ui/o/import%2Fphotos%2Fconverted%2Fproduct%2FthumbUrl%2FCvKfTzV4TN5U8BTMF1Hl_291841_uF3DptJQvjXHqmno4Mal_BEScrzSP1jpAqefxBZM4.webp?alt=media&token=21c7e3a6-d3cd-4304-a947-701ae5ec4212
IKI,"BOUNCIBLES šoklus kamuoliukas AKIS/NOA, violetinis",4.19 €,https://firebasestorage.googleapis.com/v0/b/lastmile-ui/o/import%2Fphotos%2Fconverted%2Fproduct%2FthumbUrl%2FCvKfTzV4TN5U8BTMF1Hl_291839_OrXUvGAuc2NCJDRvzNOTXOM3rsp1_4AODZ0DJ7rhfrLx0smVl.webp?alt=media&token=d33680c6-4519-4e47-b7be-868be8aa56a0
IKI,"Šoklus kamuoliukas vienaragis LUMA, baltos spalvos",4.19 €,https://firebasestorage.googleapis.com/v0/b/lastmile-ui/o/import%2Fphotos%2Fconverted%2Fproduct%2FthumbUrl%2FCvKfTzV4TN5U8BTMF1Hl_290348_OrXUvGAuc2NCJDRvzNOTXOM3rsp1_pASrMbPnEcPgVVI835ES.webp?alt=media&token=0b195004-1a75-445d-aa8a-532c1988d402
IKI,"Šoklus kamuoliukas kengūra JUMPI, rudos spalvos",4.19 €,https://firebasestorage.googleapis.com/v0/b/lastmile-ui/o/import%2Fphotos%2Fconverted%2Fproduct%2FthumbUrl%2FCvKfTzV4TN5U8BTMF1Hl_290345_OrXUvGAuc2NCJDRvzNOTXOM3rsp1_IDE4LgH1J40HDf3UoomX.webp?alt=media&token=74b3e1b9-bf71-4d83-9997-8634352316aa
IKI,"BOUNCIBLES šoklus kamuoliukas TRIUŠIS/EVIE, baltas",4.19 €,https://firebasestorage.googleapis.com/v0/b/lastmile-ui/o/import%2Fphotos%2Fconverted%2Fproduct%2FthumbUrl%2FCvKfTzV4TN5U8BTMF1Hl_291836_OrXUvGAuc2NCJDRvzNOTXOM3rsp1_5vuOswvryIcNiqqAr2a4.webp?alt=media&token=52fccf3d-005f-408e-ae7b-15b8afe90260
IKI,"Šoklus kamuoliukas koala KIPPY, pilkos spalvos",4.19 €,https://firebasestorage.googleapis.com/v0/b/lastmile-ui/o/import%2Fphotos%2Fconverted%2Fproduct%2FthumbUrl%2FCvKfTzV4TN5U8BTMF1Hl_290347_OrXUvGAuc2NCJDRvzNOTXOM3rsp1_HTFFs0SH5qizglHQRRZo.webp?alt=media&token=32fd4756-29b3-47ef-a614-bcf656d1153c
IKI,"Šoklus kamuoliukas ateivis ZOGGO, violetinės spalvos",4.19 €,https://firebasestorage.googleapis.com/v0/b/lastmile-ui/o/import%2Fphotos%2Fconverted%2Fproduct%2FthumbUrl%2FCvKfTzV4TN5U8BTMF1Hl_290351_OrXUvGAuc2NCJDRvzNOTXOM3rsp1_FFYUs2AupnFeEpeBXhB6.webp?alt=media&token=b91de462-039b-439d-af4e-bf9ea9d66163
IKI,"BOUNCIBLES šoklus kamuoliukas KAPIBARA/OLLIE, rudas",4.19 €,https://firebasestorage.googleapis.com/v0/b/lastmile-ui/o/import%2Fphotos%2Fconverted%2Fproduct%2FthumbUrl%2FCvKfTzV4TN5U8BTMF1Hl_291843_OrXUvGAuc2NCJDRvzNOTXOM3rsp1_M8Mxu8awElvbX2QpFFrH.webp?alt=media&token=a95d2a56-b987-4ee6-8eda-015bc872f5de
IKI,"BOUNCIBLES šoklus kamuoliukas MONSTRAS/LUCA, žalias",4.19 €,https://firebasestorage.googleapis.com/v0/b/lastmile-ui/o/import%2Fphotos%2Fconverted%2Fproduct%2FthumbUrl%2FCvKfTzV4TN5U8BTMF1Hl_291838_uF3DptJQvjXHqmno4Mal_SRNb06gVmsKwHgwWsEJI.webp?alt=media&token=a3cfc028-ebb8-43ff-803d-6e0c533f88b6
IKI,"Šoklus kamuoliukas katė THEIA, spalvotas",4.19 €,https://firebasestorage.googleapis.com/v0/b/lastmile-ui/o/import%2Fphotos%2Fconverted%2Fproduct%2FthumbUrl%2FCvKfTzV4TN5U8BTMF1Hl_290349_OrXUvGAuc2NCJDRvzNOTXOM3rsp1_ihmcAcY476Lo2alqRCL1.webp?alt=media&token=ce37f9d3-33ae-41fc-8365-51c6c7a0948f
IKI,"Šoklus kamuoliukas šuo ZIKO, rudos spalvos",4.19 €,https://firebasestorage.googleapis.com/v0/b/lastmile-ui/o/import%2Fphotos%2Fconverted%2Fproduct%2FthumbUrl%2FCvKfTzV4TN5U8BTMF1Hl_290350_OrXUvGAuc2NCJDRvzNOTXOM3rsp1_8VBQ7JvKxH8HV8CdPRva.webp?alt=media&token=d3a635a0-ddf4-4fdd-9d3b-6f18049469b7
IKI,"Šoklus kamuoliukas BUBBLES, rožinės spalvos",4.19 €,https://firebasestorage.googleapis.com/v0/b/lastmile-ui/o/import%2Fphotos%2Fconverted%2Fproduct%2FthumbUrl%2FCvKfTzV4TN5U8BTMF1Hl_290343_uF3DptJQvjXHqmno4Mal_ajuPuqyao0f0QTCeXf2r.webp?alt=media&token=1fd6d2ba-f1a7-4bc9-abd3-c76968c6fd61
IKI,"BOUNCIBLES šoklus kamuoliukas TINGINYS/MILA, violetinis",4.19 €,https://firebasestorage.googleapis.com/v0/b/lastmile-ui/o/import%2Fphotos%2Fconverted%2Fproduct%2FthumbUrl%2FCvKfTzV4TN5U8BTMF1Hl_291834_OrXUvGAuc2NCJDRvzNOTXOM3rsp1_6PpHwzASIf6KEKxEQH61.webp?alt=media&token=06f4eaf1-569c-440d-9ce1-249046230e3a
IKI,ROMNESA Trapusis šakotis 1KG,12.99 €,https://firebasestorage.googleapis.com/v0/b/lastmile-ui/o/import%2Fphotos%2Fconverted%2Fproduct%2FthumbUrl%2FCvKfTzV4TN5U8BTMF1Hl_291584_uF3DptJQvjXHqmno4Mal_ZdM5hlEgnigYhUMvsL4O.webp?alt=media&token=57e0fa4b-a3fe-4754-89b2-b6b83906dd08
IKI,"BOUNCIBLES šoklus kamuoliukas STIRNA/ISLA, rožinis",4.19 €,https://firebasestorage.googleapis.com/v0/b/lastmile-ui/o/import%2Fphotos%2Fconverted%2Fproduct%2FthumbUrl%2FCvKfTzV4TN5U8BTMF1Hl_291832_OrXUvGAuc2NCJDRvzNOTXOM3rsp1_M1TNhJBGzJuLxCgvCCUG.webp?alt=media&token=8f7ab562-ccee-4516-af74-1a33146d4d4f
IKI,MIMI - Flamingo žaislas,4.19 €,https://firebasestorage.googleapis.com/v0/b/lastmile-ui/o/import%2Fphotos%2Fconverted%2Fproduct%2FthumbUrl%2FCvKfTzV4TN5U8BTMF1Hl_290766_uF3DptJQvjXHqmno4Mal_Xy1ON5FlBbDGeUIIyqpY.webp?alt=media&token=d5801fd3-dfc3-458d-a605-5391ec3c5b3a
IKI,"Šoklus kamuoliukas BOOFA, baltos spalvos",4.19 €,https://firebasestorage.googleapis.com/v0/b/lastmile-ui/o/import%2Fphotos%2Fconverted%2Fproduct%2FthumbUrl%2FCvKfTzV4TN5U8BTMF1Hl_290341_OrXUvGAuc2NCJDRvzNOTXOM3rsp1_zL0L6ZQ2lPraNyHqyXxQ.webp?alt=media&token=7dc2374f-ff88-4378-8745-90ebdfa5935a
IKI,"Termopuodelis MAKU Diamond Glitter, juodas, 540 ml",11.99 €,https://firebasestorage.googleapis.com/v0/b/lastmile-ui/o/import%2Fphotos%2Fconverted%2Fproduct%2FthumbUrl%2FCvKfTzV4TN5U8BTMF1Hl_290130_OrXUvGAuc2NCJDRvzNOTXOM3rsp1_WTfWnA5CiDyo0eEeqiW4.webp?alt=media&token=4c019145-1207-4ef6-97f5-289f33ee3992
IKI,"Šilkiniai pagalvių užvalkalai FANNI K 50x60 cm, rožiniai",21.99 €,https://firebasestorage.googleapis.com/v0/b/lastmile-ui/o/import%2Fphotos%2Fconverted%2Fproduct%2FthumbUrl%2FCvKfTzV4TN5U8BTMF1Hl_291100_OrXUvGAuc2NCJDRvzNOTXOM3rsp1_dKA0klAFWuAh23a6lGiJ.webp?alt=media&token=39713f0e-d2c8-4f50-93f7-68fc428b9ac2
IKI,"Termopuodelis MAKU Diamond Glitter, sidabrinis, 540 ml",11.99 €,https://firebasestorage.googleapis.com/v0/b/lastmile-ui/o/import%2Fphotos%2Fconverted%2Fproduct%2FthumbUrl%2FCvKfTzV4TN5U8BTMF1Hl_290131_OrXUvGAuc2NCJDRvzNOTXOM3rsp1_4dy3e6mPyJeNu1xz3KNW.webp?alt=media&token=63d8b838-6e50-4c24-98c3-7aa03955d7cf