shop_name,product_name,shelf_price,image_url
Lidl,"Dražė, aplieta šokoladu",0.99,https://imgproxy-retcat.assets.schwarz/4-l-G-cE5qjstG0g1CFT8BgT_5KqpMJSnyXqlDMuduc/sm:1/w:427/h:320/cz/M6Ly9wcm9kLWNhd/GFsb2ctbWVkaWEvbHQvMS9GRjQ0ODk2NEQzQTNENkRENDBCMEJERjg/wRTM4MThENUJCRUZFMDcyMUZDQjIzQUVCRDZDQTEwQzlCRjU1QjI5LnBuZw.png
Lidl,"Lėtai virti barbekiu šonkauliai",14.99,https://imgproxy-retcat.assets.schwarz/t7NSEqzokCXvPck7_pl8q85xU7_ugxAYeeKj2P8t4dE/sm:1/w:427/h:320/cz/M6Ly9wcm9kLWNhd/GFsb2ctbWVkaWEvaW50L0NBRTE2NEIxQkZENDkyNjlFOTUzRTQ5OE/M3OEI0RUIxNDNCNkM4MkQzMkZEOEM0M0IzQzNBNTc0OTgzM0ZGMjcucG5n.png
Lidl,"Vytinta Bernų dešra",6.49,https://imgproxy-retcat.assets.schwarz/3nUxOFB8nZG2TuXlxERoEKm4r3GAPifXZFBWIZRoZsw/sm:1/w:427/h:320/cz/M6Ly9wcm9kLWNhd/GFsb2ctbWVkaWEvaW50Lzk0MzQ1OUJCMzE3ODE1QkIxQzcyNUZENE/VBN0ZBNDExQ0Q2QTI5RkM5NjQ3REVCMDA0RUZCMEYyQ0E3ODIyRDMucG5n.png
Lidl,"Virtos Giminių dešrelės",7.99,https://imgproxy-retcat.assets.schwarz/P1dIGjyzICHJNTSYilu7arJHHoIhdIcEgxSw-moi2nM/sm:1/w:427/h:320/cz/M6Ly9wcm9kLWNhd/GFsb2ctbWVkaWEvbHQvMS84RDAyRkY4OEMwNjk4NUQ4OUQ1MUU0MTA/4Mjc5OUUxQzFGRUY4MDQxOTAxQjc0NTc5NkUyNEQ1MzhBM0QxMEI5LmpwZw.jpg
Lidl,"Virta dešra",3.79,https://imgproxy-retcat.assets.schwarz/18ohdN8fFaThBmUS3lsBVeqe-VvjVFx8Jbmhc9qaepI/sm:1/w:427/h:320/cz/M6Ly9wcm9kLWNhd/GFsb2ctbWVkaWEvaW50L0IxMkYxMjAyN0MxQ0FGMjFFNkZFQTAyRk/ZGMjY2OTczNDQ1NUU0NzZGRTAzMzVBQkE1MTJCN0Y4MUFDQkY3RkIucG5n.png
Lidl,"Karštai rūkytos dešrelės Kabanossi Exclusive",2.99,https://imgproxy-retcat.assets.schwarz/lN7VQ_LB33RaahraZ5vYqoApJdZg9mMnOyNFp8HJJnM/sm:1/w:427/h:320/cz/M6Ly9wcm9kLWNhd/GFsb2ctbWVkaWEvbHQvMS82N0MzQUQzQkJCN0YwNjIwRDEzMTk5M0E/3QjMyOEJFMDNCQjkwMTAwMThGNkY3MjFGNDUzRUJCMzZGN0IyMTQ5LmpwZw.jpg
Lidl,"Pieninio šokolado rutuliukai",3.49,https://imgproxy-retcat.assets.schwarz/Eo3KTJNwVGrVfLGJ_BgnV9cKnv_Tf0YudSl3qSzYeRc/sm:1/w:427/h:320/cz/M6Ly9wcm9kLWNhd/GFsb2ctbWVkaWEvaW50LzI1QjhERTZGNjczNURCQzZGMzRBQkYyRD/hBRjc1NEI2RTE1RTZGMzdFOUM4RThGRTA5OEUxQzZBQUQ5QUQ5MTAucG5n.png
Lidl,"Mini sviestinis kruasanas",1.14,https://imgproxy-retcat.assets.schwarz/t8ELeoU_iwo0SAiaNsZWXziUqwYJG_taSv2oMCwv9Nw/sm:1/w:427/h:320/cz/M6Ly9wcm9kLWNhd/GFsb2ctbWVkaWEvbHQvMS9FOENCMjAzQzRFNjc4RDA4RUI2QzVFM0I/4REY3NUMzRTYxN0Y5NTU2N0U5RTgxNTc3OTUxRjJEMTRGN0QyNjA4LnBuZw.png
Lidl,"Sumuštinis su vištiena",2.29,https://imgproxy-retcat.assets.schwarz/Gq_kIB7zy5_MG6x2VL3Von4TzDC6DQ5BM3dJjZIMZOo/sm:1/w:427/h:320/cz/M6Ly9wcm9kLWNhd/GFsb2ctbWVkaWEvaW50L0I4MEMxNTU1ODNFMzdBNUU4MTg4NDIxRk/MwNzc4MkZBNDEyRDQwODlFQzc5MDI1MTkzNURCQzdDMEY1QUQxODEucG5n.png
Lidl,"„Pandoro“ pyragas",7.99,https://imgproxy-retcat.assets.schwarz/-fx3uPYo5p7ESLcHfSk7O7RB8FmxZZqDSoQzg3Ehir0/sm:1/w:427/h:320/cz/M6Ly9wcm9kLWNhd/GFsb2ctbWVkaWEvaW50LzE2Q0Y4RDQwNUUxRDREMjdFNjZFOTRERT/hFNkU1NzQ1MEU4MTkwQURCQ0U5NENDMTQ3RkFGNkZBNkQzNjhCRDQucG5n.png
Lidl,"Kalėdinis šokoladų rinkinys maišelyje",3.69,https://imgproxy-retcat.assets.schwarz/A8jlSfiiL3LgUq0YwhqElcsND5pVa0P953fU8Sh8xQA/sm:1/w:427/h:320/cz/M6Ly9wcm9kLWNhd/GFsb2ctbWVkaWEvaW50LzQ2MDE2NTQwMkJCQzI4QUUxODFBRTU0Mk/IyQzM2Q0JFNjMzMjBENjIwRDFFRjlBQ0VCOTgwQkJCMzBCNzc0QkQucG5n.png
Lidl,"„Kaizerio“ bandelė su sėklomis",1.05,https://imgproxy-retcat.assets.schwarz/5ke7zK24z0iPyi0ubaGiF3qMAF3v-8PGDk-VaZxfpvA/sm:1/w:427/h:320/cz/M6Ly9wcm9kLWNhd/GFsb2ctbWVkaWEvbHQvMS9FOTMxNkJDMzQyQzNBQ0E4OEVBRDQ3QkV/DMTA3QkJEQzIwMzc5MEYxNEYzMEFCMzNBRDk5MTgxOTA2QzJENUIzLnBuZw.png
Lidl,"Sauskelnės „Premium Care“",13.99,https://imgproxy-retcat.assets.schwarz/X8tZeRJ7zY19bet5tyyKyHTFt7BcCB5ijWnqTDgyPVA/sm:1/w:427/h:320/cz/M6Ly9wcm9kLWNhd/GFsb2ctbWVkaWEvbHQvMS85MjQxQjM1RTI0ODg0OEIyRkFEQzMwNjJ/CMDQ1OUY4QjRBMzRGMjU5RjFFRjdCOTMwMjFEOUVGMEVFNUE4MUM3LnBuZw.png
Lidl,"Spalvotos tulpės",13.99,https://imgproxy-retcat.assets.schwarz/1pUPIQvFhzQuJliqUQO-gNSPSr8k_eYVfRhs4IVrEEI/sm:1/w:427/h:320/cz/M6Ly9wcm9kLWNhd/GFsb2ctbWVkaWEvbHQvMS9DRjNFOENEOTc1RTA0RTcwRjY0RTRCQ0F/CQTgxNjE4REIzNzU3MDRFNTA5MjUxNjlDMDg3Njg2ODk3OUQ3OTg1LnBuZw.png
Lidl,"Kumpis „Prosciutto di Parma DOP“",23.99,https://imgproxy-retcat.assets.schwarz/GvuHZqqumZ1xsoVn-E9CK9AiNqf6Wh8fWysLrn78XRY/sm:1/w:427/h:320/cz/M6Ly9wcm9kLWNhd/GFsb2ctbWVkaWEvaW50LzM4MkUwODk1QUJGN0Y2NkNGRjBEMjhFRk/I4MDEzQThCM0YwMEM1Q0Y3OTlFQzVEMDlCNjZGMjE4MkQzQTlGRTYucG5n.png
Lidl,"Šaltai rūkyta lašišos filė škotiško stiliaus, pjaustyta",9.99,https://imgproxy-retcat.assets.schwarz/0PZRTiHayz8TlWtk9G3uUCEAagB_pAcLrDOnDf-VGDo/sm:1/w:427/h:320/cz/M6Ly9wcm9kLWNhd/GFsb2ctbWVkaWEvaW50LzEzRkYyNjk3RTNBQUY2RjVGM0EwNzIwMz/g3Rjc5NjIxRTJGMjgzMTk1QzQyQjJGRURDMjAxMkU1RjAxQkZERDUucG5n.png
Lidl,"Lašiša tešloje",9.99,https://imgproxy-retcat.assets.schwarz/ed1AWn_oi96fp5RUeaPrmmssEeqT_KkB7PnwS0rIMQE/sm:1/w:427/h:320/cz/M6Ly9wcm9kLWNhd/GFsb2ctbWVkaWEvaW50LzJDNEZBRTI4QzYwNEUxRUNEM0M4OTMxMk/MyMTc5RjNBRjg5OUU3MEE5NjMyQzA5OTgzREM1MEY2MjE5RkY1QTgucG5n.png
Lidl,"Pica su mocarela, kriaušėmis ir sūriu „Gorgonzola“",3.29,https://imgproxy-retcat.assets.schwarz/VJAU8rWS5VGqb-GTPknSe9bSCnLjOAyXzQQzGEu0FZ0/sm:1/w:427/h:320/cz/M6Ly9wcm9kLWNhd/GFsb2ctbWVkaWEvaW50LzNBQUEyNzUyM0UxNkZCMTRGNjg3NjI2NE/FBOEY4MDBDODA0MTlCNzdBQzREMTYyOUI3MDhGQkVDM0E5MEJCNDcucG5n.png
Lidl,"Vytintų iberiškų dešrų ir nugarinės rinkinys",3.49,https://imgproxy-retcat.assets.schwarz/U4qppkdj2wAg_NfipJjs1WkVC4Do24NVu9EZLf8e-6o/sm:1/w:427/h:320/cz/M6Ly9wcm9kLWNhd/GFsb2ctbWVkaWEvaW50LzgxQUY1QjBFQTkwOEFBMDQ3MjJBNzE2MT/lEMERCQUQzMDJFQTg5MTJFRDQ3Q0U4RTUxNUZBQjY1RDE5QUE2MTQucG5n.png
Lidl,"Jautienos karpačio su alyvuogių aliejumi",3.99,https://imgproxy-retcat.assets.schwarz/O3jljRi4gYo1-2quTUu73XXyHkBNSvtW5WyEOLqA06A/sm:1/w:427/h:320/cz/M6Ly9wcm9kLWNhd/GFsb2ctbWVkaWEvaW50L0VCRTI1QUFDNTNDNUVGOUM4MDc2NDc5Nz/A1OUVGQjcyNjk3MERGQzA1Mjg3RUU1NDM1MjU4OURFNUY2MzBEMjYucG5n.png
Lidl,"Avinžirniai su trumais",3.69,https://imgproxy-retcat.assets.schwarz/e-gEeJyPevv5wPAhkgar3fSH6hgx5HaNgXBlB7EVgyc/sm:1/w:427/h:320/cz/M6Ly9wcm9kLWNhd/GFsb2ctbWVkaWEvaW50LzM0REY4MTlFMDJDNkFBNzIyMEU0OTVFRE/RERDJEMTk2NTZDNDQxOEJDNDk5OTI4RjhDOEVFOTJENUJGQUIyMDkucG5n.png
Lidl,"Vytinta kiaulienos dešra",2.49,https://imgproxy-retcat.assets.schwarz/OSAtmAEDt9f_S4hHqI5v21ipQhH2nhXmXn5oZN2Pkmc/sm:1/w:427/h:320/cz/M6Ly9wcm9kLWNhd/GFsb2ctbWVkaWEvaW50L0EwMTczNkYxODY4MDMzQ0U3N0NFMTlCNk/VCRjM3OTNENDVGRUVGNzAwOEM1NTBGMjI3RUU0RTdGODJBQTMxQzUucG5n.png
Lidl,"Kiaulienos mentė",44.99,https://imgproxy-retcat.assets.schwarz/kxuFucjGzlhkXmaQpuSy6O7oYF3LpOt3IrGw-9rTbQY/sm:1/w:427/h:320/cz/M6Ly9wcm9kLWNhd/GFsb2ctbWVkaWEvbHQvMS8yN0M1NjYzODIzNjQ5ODQ3M0VDMERBRjQ/2MjA0NTc5REIxQTcwN0Q4RjM0NUY5OEFCQ0NEOTY3RjhENzZDNzlELnBuZw.png
Lidl,"Aitriųjų paprikų skonio šviežias ožkų sūris su česnakais",3.19,https://imgproxy-retcat.assets.schwarz/4QkKu1c_RIkfPOvX3TOe93sI4ZDX_ZEBnX7BRqKpfGA/sm:1/w:427/h:320/cz/M6Ly9wcm9kLWNhd/GFsb2ctbWVkaWEvaW50L0QwOTIxODczMjMxNDZEM0JBMDUxN0UzRj/k4RkRDMDk5NzMwQzgzNjM5MTQwNTk5ODdBMDk2MjBDODE4QzIyMzUucG5n.png
Lidl,"Sūris „Gorgonzola“ su maskarpone ir riešutais",3.19,https://imgproxy-retcat.assets.schwarz/lf9djgxOxo5jjzUjkK7LtOrOjK1An_wzlpl3VEg9MB4/sm:1/w:427/h:320/cz/M6Ly9wcm9kLWNhd/GFsb2ctbWVkaWEvaW50Lzk4NUYwN0RGNzI1NTdBNDJGQzFFQzRGRD/ZCNEQ5MEZBQ0MzRjFGQURBMEZCNTY1QzBFNTVGMjFEODUyNjA3QzUucG5n.png
Lidl,"Paštetas",3.39,https://imgproxy-retcat.assets.schwarz/S6NuMhuWagnf5hkp4tV4DLBRgFPkJ6tbSP8YVreSIQU/sm:1/w:427/h:320/cz/M6Ly9wcm9kLWNhd/GFsb2ctbWVkaWEvaW50LzM2MjZDRTg5M0M3NERDRjUyNzhCNTA3Qz/VCMTZBNzM1NUZBNjc2RjFDRTQ3NkE2NDE5MTFDMDNCOTY1OERFODgucG5n.png
Lidl,"Konservuoti grybai",2.49,https://imgproxy-retcat.assets.schwarz/UW7FYI8JhdKJmF4rkjuIl6mJgZ02E2UFx9bWMllkFgA/sm:1/w:427/h:320/cz/M6Ly9wcm9kLWNhd/GFsb2ctbWVkaWEvaW50LzZGRjQ2MzhGQkUzNDQ1MDAxMjk4NTIyNT/FCRjJCRkY0RTc2NUI3QjhFNTIxMjQ1NjM3OTdEOUYwNTlCMkYxQzEucG5n.png
Lidl,"Kiaušininiai makaronai",2.49,https://imgproxy-retcat.assets.schwarz/8fU2lfkl6cPD_QfaIF8i1YJkAeSN7990wo4jvDoWIgA/sm:1/w:427/h:320/cz/M6Ly9wcm9kLWNhd/GFsb2ctbWVkaWEvaW50LzYxNTJBRDM4QTJGMjI4OTY3MDdDMUYzME/FCNkI0RjU4NUYxNzE1ODZFQkZFMTMxRkZFMkQxQTBDOTdDOTkxMzAucG5n.png
Lidl,"Ekologiška arbata",4.49,https://imgproxy-retcat.assets.schwarz/Lx2go179g6djJm1W8l952JAYrShLF-1fQOK75jOkp5w/sm:1/w:427/h:320/cz/M6Ly9wcm9kLWNhd/GFsb2ctbWVkaWEvaW50L0ZENDhGRjgwRjY1RTEwODJCRjdEMDcyRj/dCNTVDOUFEN0Y5MkI0MjYxQzJFOEVBQkU2RTNGMzk2NTBDM0Q3RkUucG5n.png
Lidl,"Itališkas desertas",1.99,https://imgproxy-retcat.assets.schwarz/m1lQX50J8q6434vnl67zz4L6xDE1bfduYT8BP98arqw/sm:1/w:427/h:320/cz/M6Ly9wcm9kLWNhd/GFsb2ctbWVkaWEvaW50Lzg1QzczMTQ1RDhERjNBRUUyRkE4NzdBQ0/MzRTExQjA3QzRENkU1ODE3M0VDM0VDMUY2NTRERDAzREEwNEU4ODAucG5n.png
Lidl,"Migdolinių sausainių rinkinys",3.99,https://imgproxy-retcat.assets.schwarz/NRkNZfe9cN4TqxRdLXjvXwXXRkqdJaEo8qVSOCOC7qM/sm:1/w:427/h:320/cz/M6Ly9wcm9kLWNhd/GFsb2ctbWVkaWEvbHQvMS9CQjE2OTYwMjc1M0YzOUJFNDA0QjcwRDQ/5OTZDMDgyMTMyQzEzNzAyQjlGNUI3QjBGMDNFODMyM0ZDN0U3QUE2LnBuZw.png
Lidl,"Ledai",4.69,https://imgproxy-retcat.assets.schwarz/lQsdT6s65mSiMlzEPmzBSVJgpHdIeV37rvF1YqSYRY4/sm:1/w:427/h:320/cz/M6Ly9wcm9kLWNhd/GFsb2ctbWVkaWEvaW50LzQ2QkIwQjJCMURBOEY3OTI4QTg5QjkwMk/Q4NTEwRkE3RDA5NjM3RkY2OTI1NkQ2REI3RjM5QTQ4QjdCRTM4QjAucG5n.png
Lidl,"Tiramisu desertas",1.79,https://imgproxy-retcat.assets.schwarz/mYhX_et7mn52IJOWNkUgOTwhK3BjqNgICkHFDzmteS0/sm:1/w:427/h:320/cz/M6Ly9wcm9kLWNhd/GFsb2ctbWVkaWEvaW50LzZCQ0UyNUNENjMwODExODc2MjlGRDJDMj/dGQTM1QzZBMEZCODA2OTFBREUyOTE5RTg0M0E1QjYxRDBGRDU4Q0UucG5n.png
Lidl,"Desertas su maskarponės ir sūdytos karamelės sluoksniu",1.59,https://imgproxy-retcat.assets.schwarz/zgA5tfcYNYeGdUmoOaSW77nK4hVgdqU29VMgJ67U8es/sm:1/w:427/h:320/cz/M6Ly9wcm9kLWNhd/GFsb2ctbWVkaWEvaW50L0QwRTc3RjJCQzlCQzI0OTY5M0YzNDI0Qk/U1NDFEOEQ1Q0ZCMUEyQ0M2OEI4MjczOUZEOTA4QTQ0MkZCQjRDMUEucG5n.png
Lidl,"Desertas",1.89,https://imgproxy-retcat.assets.schwarz/cJSwiHbHUq0Ae3_MmC_6iDFYXttrptERZV9yBYQvb7A/sm:1/w:427/h:320/cz/M6Ly9wcm9kLWNhd/GFsb2ctbWVkaWEvaW50L0IzNEQ4M0M1RkZENDA4MThCMEU3MTJEQj/dDNUM2QzY3OUIwNjdFRkExRjY2OEZCMjZBQkI3N0EzMDI2RUYwNEUucG5n.png
Lidl,"Pyragas Panettone su šokolado įdaru",12.99,https://imgproxy-retcat.assets.schwarz/ZBzRvgR1WFfbh2vz-_R9vLj2EYRYdanpqsJGucWntD4/sm:1/w:427/h:320/cz/M6Ly9wcm9kLWNhd/GFsb2ctbWVkaWEvaW50LzBERkUxMTc1NDJDNDNDRDYyODYxRTg4Mz/Q3NEE5MUQzQkE2NkVCRTE2NDk2ODJCOUU3RkUxMUZEMDFDMzU1RjQucG5n.png
Lidl,"Desertas stikliniame indelyje",2.49,https://imgproxy-retcat.assets.schwarz/LB_hQ1bbaHKJ3C6xsRRIquIG7yGOGheC_25HmAD50Ig/sm:1/w:427/h:320/cz/M6Ly9wcm9kLWNhd/GFsb2ctbWVkaWEvbHQvMS9CNDk1MDA2MkYzN0RBQzQ0REM2RDcwQjI/5RTEzRjhFRkRFNUZBNzUwNTI0RUVEQjUxOTYzM0JFRjFFMTg3Q0VELnBuZw.png
Lidl,"Makaronai",0.99,https://imgproxy-retcat.assets.schwarz/vLfBKo1gqBqqHB26xOAxODcCmw7uFvtKNBB5KoO9jsA/sm:1/w:427/h:320/cz/M6Ly9wcm9kLWNhd/GFsb2ctbWVkaWEvbHQvMS8zOUQ2M0YwNTk5RkY4RTAzOUFDNkZGNzk/4QkVENUQzQzAyQUE0NTYxRjUxN0Y2Q0VBRkY4Q0Q2OTU0RUI1MUU4LnBuZw.png
Lidl,"Džiovinti cukruoti imbierai",1.95,https://imgproxy-retcat.assets.schwarz/Cmw1mgvNBIOkrBfWyOo4_koO2n4kKfHDRrguttjT4c0/sm:1/w:427/h:320/cz/M6Ly9wcm9kLWNhd/GFsb2ctbWVkaWEvbHQvMS9FQjJBMDQ4NDYxM0NGMjEwMjc5N0Y3RDh/CMzg4RTVFQzZEMTZCMEZDQjhDNjRBMTZFNjM2MzBFQ0EyMzI2RjFGLnBuZw.png
Lidl,"Sūdyti ir kepinti moliūgų branduoliai",1.69,https://imgproxy-retcat.assets.schwarz/hqZuE7hjuxnbwV4FA6WMpit73AfUqHLnfrvdtUezYiU/sm:1/w:427/h:320/cz/M6Ly9wcm9kLWNhd/GFsb2ctbWVkaWEvaW50L0QxRkY4Rjc2NDgyMEM3MkU3QUREMEZDNE/U2MDJBRDg1RTRGMUY5NTY1OTFEOEVGMEMxQUQ0QzA1OTkyNEY5NEUucG5n.png
Lidl,"Riešutų mišinys XXL",4.49,https://imgproxy-retcat.assets.schwarz/cGkgudL1ftLeFliubPa8VwzuJhSt12cmcuDc8uLxFfc/sm:1/w:427/h:320/cz/M6Ly9wcm9kLWNhd/GFsb2ctbWVkaWEvaW50LzM2NjFGQjJBMzU4N0I2MDRERTc1RDA5Mj/VGRjlDQTg5RTlCNDY3MDA4N0UwRDhEMTQ2NzcxQUZGQ0E1MEJGQjYucG5n.png
Lidl,"Dribsniai „Protein“",3.59,https://imgproxy-retcat.assets.schwarz/FaE1iteKHTPrrLXD_9oJrjKjAgW5jZCAPF-8Pc2_Vcw/sm:1/w:427/h:320/cz/M6Ly9wcm9kLWNhd/GFsb2ctbWVkaWEvaW50L0FDRkU2RTAzNUJBMERBMjJCQ0U3MDZCRD/VGNzYyRDczQjc3RDE5RTY4MDk2RUE0ODI2MjZFNEZENEUzMjJFOTYucG5n.png
Lidl,"Arbata",1.99,https://imgproxy-retcat.assets.schwarz/ueHNNYZHTfTfzMjcctNM--gC2nF76OwQGOEafOtIXqA/sm:1/w:427/h:320/cz/M6Ly9wcm9kLWNhd/GFsb2ctbWVkaWEvaW50L0NEMjA0REQ5QUI1NTkzRkQzRTE5QUYyRT/BFQTNCN0Y3RURDNzZBODgwNjYxMEZCMTU5MDcyOTExNjMxNzBFRTkucG5n.png
Lidl,"Vaisinė arbata",1.89,https://imgproxy-retcat.assets.schwarz/pqWWZg9FLlXU--ljU1XXzauBUBi9P_mC8TEwU_KDwF0/sm:1/w:427/h:320/cz/M6Ly9wcm9kLWNhd/GFsb2ctbWVkaWEvbHQvMS9BQjBGRTM5QzhGRUUwMDE3RTkyRDdGRDE/0MzNDODU4OTJCOUNEQUY5RUVENjc1NjgxNDJBMEUzNEI4Njc0QjU5LnBuZw.png
Lidl,"Kvietiniai miltai 405 C",0.50,https://imgproxy-retcat.assets.schwarz/XbbzvCgNq1XahMhcZzaTTwE7VqWQ2zeBMtJZIQgw5Rc/sm:1/w:427/h:320/cz/M6Ly9wcm9kLWNhd/GFsb2ctbWVkaWEvaW50LzVCOTZBRjEzM0Y5OThEQzVGODdFRkExMD/BCMDNEOUUyRTc0OTQ4QjhGQkRBN0ZGOTYwQzE2RkZCN0Y0RkE4RTQucG5n.png
Lidl,"Amerikietiško stiliaus pica",3.49,https://imgproxy-retcat.assets.schwarz/GXUqQYm6jqrHxTZ9pNwO5mojf-AnlVwKvM4tH3U6zUs/sm:1/w:427/h:320/cz/M6Ly9wcm9kLWNhd/GFsb2ctbWVkaWEvbHQvMS9DRkNGRUVDNDFEMTk5QzM3QzE0RUQwMDR/BNjFFODQ3MEZDN0Q4RERDNEFGRTJBNTY1NzIxNDc0OTgxOEYzMEE5LnBuZw.png
Lidl,"Greitai paruošiami makaronai",0.35,https://imgproxy-retcat.assets.schwarz/LOF5TbiHL8_A0C_VFoLTudfjHiRyiYO4uhczbfDxG0g/sm:1/w:427/h:320/cz/M6Ly9wcm9kLWNhd/GFsb2ctbWVkaWEvbHQvMS85QzQxMzk4QTJCNDQ5RUI3ODY5NDMzMkR/BNDY5MTJFNjM1MzRGNEJDQ0I5OTcxM0RCODM4QkYxODk2OUFEOTlDLnBuZw.png
Lidl,"Žalios alyvuogės su daržovėmis arba vaisiais",1.89,https://imgproxy-retcat.assets.schwarz/Bt4eLRUv3Hy4dqlKJFbzBQxhsKmnbDktVATbunLEVs0/sm:1/w:427/h:320/cz/M6Ly9wcm9kLWNhd/GFsb2ctbWVkaWEvaW50L0IxMEY2RTkyNzJDRjc2ODkzRjQzQzg5OD/NBNDM4ODc4QTM1NzI4RUE3NEQ4RkRBRDBFQTA0NTYzNjhFNUZGRDAucG5n.png
Lidl,"Burokėliai obuolių sultyse",0.99,https://imgproxy-retcat.assets.schwarz/5eGt9QnoxUGCRERxNHUMkWaF4XEtqRxfgJiflt5-s6c/sm:1/w:427/h:320/cz/M6Ly9wcm9kLWNhd/GFsb2ctbWVkaWEvaW50LzkzNUY0RTAyRDI3Q0JFRUFGNDU0MTcwNT/ZDMEZGNkM3OEJCQTZDMzcwMzM3MDcxNDdEMzI2MUQ1NDQ4NTIxOTEucG5n.png
Lidl,"Baltasis arba Rausvasis majonezinis padažas",1.29,https://imgproxy-retcat.assets.schwarz/sBFN7hvFvxC0zkTvZPwHL1kiOUCA7p9wyuPF0IZt2fY/sm:1/w:427/h:320/cz/M6Ly9wcm9kLWNhd/GFsb2ctbWVkaWEvaW50LzRGRUU5QkMyOTYzODg4NEE3RjFEODc2MU/U5NkU3NTc3MUJBNUNBRjgwM0MyNjcyOEQyQkEzNDc1Nzc2RkExQjEucG5n.png
Lidl,"Drėgnos servetėlės „Sensitive“",1.59,https://imgproxy-retcat.assets.schwarz/jH6Lv4bkEeXdwqCu1lpIBUliyxn1gccA0BFFH1igIyE/sm:1/w:427/h:320/cz/M6Ly9wcm9kLWNhd/GFsb2ctbWVkaWEvbHQvMS83OTFGNDM4MDU0N0Y4MDU0QUE0QUZBOTY/yRTdEQjRBMzRDNDA5NkIyMjNENzUyQTRBMjc2RjFGREZBM0Y0QjVFLnBuZw.png
Lidl,"Ekologiška košė su uogomis nuo 6 mėnesių",4.89,https://imgproxy-retcat.assets.schwarz/-ss42CSE5xpJ5tWSgV_ddd_IX7h4IQSAPMN6FRDoS90/sm:1/w:427/h:320/cz/M6Ly9wcm9kLWNhd/GFsb2ctbWVkaWEvaW50LzJBQUVGOUY2QjM0OTEzOUE0ODNEOEREMU/I2NjM3QjE0ODY5NzY4RTdDNzU2MjI1NUJGNjMwMDc4Mzg1NUMyQ0EucG5n.png
Lidl,"Smulkiažiedžiai gvazdikai",1.99,https://imgproxy-retcat.assets.schwarz/1f1Hm3chAI_XwkVL2aBYiBmHwkZwhY1FgjGk_XyZ1To/sm:1/w:427/h:320/cz/M6Ly9wcm9kLWNhd/GFsb2ctbWVkaWEvaW50L0UxRDg4OTlCRjc3M0FBRTFDRTQ3RUIwQT/QwQTE4Q0UzOEExODk4MkRFQjIwNjY0OTdFMEFBMzYwQkYwRjM5MDYucG5n.png
Lidl,"Hiacintas",0.99,https://imgproxy-retcat.assets.schwarz/kC35wOLG5EjvS8t3cD2Uko-TfaLw_RaCGGfsMNbGOhM/sm:1/w:427/h:320/cz/M6Ly9wcm9kLWNhd/GFsb2ctbWVkaWEvaW50LzYwNTFGRjY1MDQ0NTNENUY1MDk3OUNFOT/RBMDAxOUFCRDk0MEIxRDNGQkEzQUZFQkY2QTM4MUFDMkFCMTc1MTQucG5n.png
Lidl,"Dracena „Tutti Frutti“",9.99,https://imgproxy-retcat.assets.schwarz/bLE-_CD5NT7dgGzVFoeBzzaMsRG289BFlLjFHVf1WS8/sm:1/w:427/h:320/cz/M6Ly9wcm9kLWNhd/GFsb2ctbWVkaWEvaW50L0FBMjU1OTVGNzMyREFBNzEwMkQyOUVDQT/Y4QzBGMzk1Q0VBQ0JCRDkxMjE3QTNENUYxNDc1M0EwRjQyNERDQTgucG5n.png
Lidl,"Lietuviška puansetija",3.49,https://imgproxy-retcat.assets.schwarz/x19q8MbB8utpXRM_chILUnSE-ztr1-0UXScoonD4ulk/sm:1/w:427/h:320/cz/M6Ly9wcm9kLWNhd/GFsb2ctbWVkaWEvaW50LzY0NEQxRDBEQ0E5RERERkVCMzRCRjg4Nk/Q3NEQ3RDAzQzk0REM1ODFCRUI4MjkyRkMzMUQ0Qzc2ODJEMUQ2MUIucG5n.png
Lidl,"Žalieji augalai",6.99,https://imgproxy-retcat.assets.schwarz/UvyCnbtkhY6MPHI26RIxND92slj5DRD1CsW14I6A_6M/sm:1/w:427/h:320/cz/M6Ly9wcm9kLWNhd/GFsb2ctbWVkaWEvaW50LzFDNTAzMTdDNjZBOTE2MTM5NDUyMjUyMz/A1NTUwMzU4QTdEOEM1Mjk3MEJBQjA3M0Q2MjgyQzMxNUU2ODRFNDMucG5n.png
Lidl,"Pusriebė varškė, 9 %",5.49,https://imgproxy-retcat.assets.schwarz/pPJTzgPfLj4ypLUbpbaKiUPkb3s8x9eTKV-Rczq--lI/sm:1/w:427/h:320/cz/M6Ly9wcm9kLWNhd/GFsb2ctbWVkaWEvbHQvMS8zNDJERjU5RDA1MDY1QkRCRjcwN0ExNjA/wNzFFQkJBRDRDRUEwMkM2NUYxOEYyODE2OUJBNzlGMjIwOTAzQzY0LnBuZw.png
Lidl,"Pudingas High Protein Side by Side",0.99,https://imgproxy-retcat.assets.schwarz/E-icw0NegyV6EGTDC6it9dNRw4ab5Uh8-f713q4_TqM/sm:1/w:427/h:320/cz/M6Ly9wcm9kLWNhd/GFsb2ctbWVkaWEvaW50LzkzQzkyQzlCMzkxRTQxMEM3REIzRTE4ND/JCRTU1RkI5N0VDNzQ1RUYyRjRCMkRFNzBEOUZDMEI4MzM2M0QxMDEucG5n.png
Lidl,"Aliaskinių menkių filė be odos",3.55,https://imgproxy-retcat.assets.schwarz/RZc2upijrUWK7sE0iCJqw9DoSg7O4_EiVszO6TErK_Y/sm:1/w:427/h:320/cz/M6Ly9wcm9kLWNhd/GFsb2ctbWVkaWEvbHQvMS9FNDQ4MEM1N0M5Mjk4MjU5RTVBMjlCNzd/CRkJEMEY0OTA4OTk3OUUzRjU2QjlCODY5QjZCMjRGQTk3OTY0QzQyLnBuZw.png
Lidl,"Sviestas 82 %",1.99,https://imgproxy-retcat.assets.schwarz/KTbeFnHh98_C3Qiu69lu0zkTwYlwpaWzt6uAyrerjAY/sm:1/w:427/h:320/cz/M6Ly9wcm9kLWNhd/GFsb2ctbWVkaWEvbHQvMS82MTc2OEJFMzNCQUJFQjE0ODRENTUyNUZ/CQTJENDIzRTM3QTM1NTA5QUQxQjc0RjJGODFFOUZDRkJBOTg1REQxLnBuZw.png
Lidl,"Popieriniai rankšluosčiai Jumbo",2.99,https://imgproxy-retcat.assets.schwarz/x5gt2ReWPwa6i6DTqDNYhtQnmcgFmEXSnS5xJxKdCjY/sm:1/w:427/h:320/cz/M6Ly9wcm9kLWNhd/GFsb2ctbWVkaWEvbHQvMS9DRTE4RDcwRTYwMkY1QzkwMDE4RjFEOTg/wMDVFNTE1NDQyODk0MDc3MjIwODgyRDREQkFEMDVDRkNDOTBDMEMwLnBuZw.png
Lidl,"Pūkų rinkiklis GCA2000 80",9.99,https://imgproxy-retcat.assets.schwarz/etiUBho19hhQet3MbHVEZJfv3xCIYH8IyqDK02YMWB0/sm:1/w:427/h:320/cz/M6Ly9wcm9kLWNhd/GFsb2ctbWVkaWEvaW50LzdEMEQxMzdCRjg5Qzc1NTJDNjkxQUJBMk/Q4ODY0QjIyMjE3QTc5QTRDQjU1OUM3RDRERDU0RkZFNzI1QkI1MzEucG5n.png
Lidl,"Kavos kapsulės",5.49,https://imgproxy-retcat.assets.schwarz/vd-afm_-bi5COXK3J1WM9pRCrKsQ6JVe6NLjIemUgR0/sm:1/w:427/h:320/cz/M6Ly9wcm9kLWNhd/GFsb2ctbWVkaWEvbHQvMS8zRUM2QUM4OUMyNEM1NzE0RThCNzI3ODV/ENUExRkI4M0VGNkU3NjY1MEU4NjIyMkY0QTE5RERGQ0UyNkJCNDM5LnBuZw.png
Lidl,"Šviežia kiaulienos sprandinė",6.49,https://imgproxy-retcat.assets.schwarz/EELH5pcFYZozmyjeYd3rDIGdnAuEmXjvQMqGihDjacg/sm:1/w:427/h:320/cz/M6Ly9wcm9kLWNhd/GFsb2ctbWVkaWEvaW50LzFEQTY0QkQ2QjE0ODg5OUUwM0Q1MDQ5Mz/gwMTdERDAyRkI5QUQwOTYzQzg3RDQ3RjQ2QTU1OEVGQUI1Q0FCRjgucG5n.png
Lidl,"Majonezas",3.59,https://imgproxy-retcat.assets.schwarz/WVnuNWx3EUrFqYgS_wOvCnTS2BYqS27tt53uyqwAGWA/sm:1/w:427/h:320/cz/M6Ly9wcm9kLWNhd/GFsb2ctbWVkaWEvaW50LzczREZFOTkzNTE2ODMxODFDNTBFRjNFQj/JGNDFEMjdCOTQzNzEyMzM0MDMyNUY1NkJBNjdENjQyMDVCMUREMTEucG5n.png
Lidl,"Tulpės",4.99,https://imgproxy-retcat.assets.schwarz/pycUZPbTrZZwDL1j21t5twaS0KsimdALtkAQ5RDvwEA/sm:1/w:427/h:320/cz/M6Ly9wcm9kLWNhd/GFsb2ctbWVkaWEvaW50LzY0QTM1MTdDMjFCRkY2ODY4REU0NTk0QT/I4QUU5MUQ2RUZDMjZCNDc1N0Y4MkE4OUQyN0FBOUE1OERFNjY3ODMucG5n.png
Lidl,"Pienas 3,2 % UAT",0.79,https://imgproxy-retcat.assets.schwarz/OrjZT_BfU93_4mKYosTsCdCuFcZG7EH-8wCe7lPW24o/sm:1/w:427/h:320/cz/M6Ly9wcm9kLWNhd/GFsb2ctbWVkaWEvaW50L0YyOEU4ODJBRkFGMzk2NDMwNUJEMDJCQj/UxQ0NCRkYzNkMxRDhERjkxRDE0NDNGMUM1OURERTE2ODQ0N0MwRkIucG5n.png
Lidl,"Gazuotas gaivusis gėrimas",0.95,https://imgproxy-retcat.assets.schwarz/iiK8eotZCvg2NT_vvKYLHGKONSM87PN0hR_IlXPjJjo/sm:1/w:427/h:320/cz/M6Ly9wcm9kLWNhd/GFsb2ctbWVkaWEvbHQvMS82NkU2NjY0QThDMTQ3NjJFMjAwRjhGNDk/xNDAzMzJEQzVDNTM0QzlEODlBMUI3RUNCOEQwMTc4Njg0NjI0M0Y5LnBuZw.png
Lidl,"Moteriškas rutulinis dezodorantas",2.29,https://imgproxy-retcat.assets.schwarz/DPWod9HpcdqLcyebRtnJTu4yHTDR_i5pG9tUjU2mNbo/sm:1/w:427/h:320/cz/M6Ly9wcm9kLWNhd/GFsb2ctbWVkaWEvaW50L0ZBNTUzNjVFODAzRDNCNTgxOEI1Q0UwQU/I5NzI1NTNEQTgyQjg4MEQwQzQyM0Q0OEJEMzNCRjZCMTFEREJFMUQucG5n.png
Lidl,"Vienkartiniai skustuvai Simply Venus",2.69,https://imgproxy-retcat.assets.schwarz/g21_w95xOpUPAdgm-NA2y8giz7biIKADzeysUjhkISU/sm:1/w:427/h:320/cz/M6Ly9wcm9kLWNhd/GFsb2ctbWVkaWEvbHQvMS9GMjg4RTc3NDlERjEwREJGQjE4MUFBOUI/1Mjg5NDIwMDEwMDVBNEUxM0IxMkVCQjM1RjZDMUQ3MjNDQ0UyRDhBLnBuZw.png
Lidl,"Skystas skalbiklis Mountain Spring arba Color",14.99,https://imgproxy-retcat.assets.schwarz/G6dvl1G7QEhfLUomFjeo0ktetb4lR0wuGYkQlukmCUY/sm:1/w:427/h:320/cz/M6Ly9wcm9kLWNhd/GFsb2ctbWVkaWEvaW50LzVBNjY4QjY4ODhENTRBQzI4REU2NkQ4Mz/U2OTRFMkY4MkU1OTRBNjJBOUE1RUY4QkI5MEZDODczMUVFNTgzMDkucG5n.png
Lidl,"Minkštiklis",3.59,https://imgproxy-retcat.assets.schwarz/dFvQjcgc4-NIvMIKfOo_RYC4tEAIcNl9XFJ96dJsYYQ/sm:1/w:427/h:320/cz/M6Ly9wcm9kLWNhd/GFsb2ctbWVkaWEvaW50LzdGRTJENDAyMEU2NjdDQ0E5Mzg5MERCQz/lBOTNGOEUxRUFDRkUxNkQ5NzNBRTY4RkNDRDNCRjRGODJCQjA0RkUucG5n.png
Lidl,"Indų ploviklis Pomegranate",4.49,https://imgproxy-retcat.assets.schwarz/SyuF4yGK2rR7_IQI4vc2zi4seFTEv5JsWRSM8mNvJUc/sm:1/w:427/h:320/cz/M6Ly9wcm9kLWNhd/GFsb2ctbWVkaWEvaW50Lzc5NjYwMkYyREY2RDBCQzk1N0QwNjExOD/ZERjFERjg0N0VFMjdERUU0MDQxOTZFQjNERTlDQkI2NURFOEE2RDYucG5n.png
Lidl,"Vynuoginiai pomidorai",3.49,https://imgproxy-retcat.assets.schwarz/FyiEwk2exM_53hrH5p7X30fqosdXNvTq_6qDiwwTFmU/sm:1/w:427/h:320/cz/M6Ly9wcm9kLWNhd/GFsb2ctbWVkaWEvaW50L0I4Njk5RjJGMDJDRTFCRTZBMzJGNjE3N0/U4NUNENUJCODM3MDg4Qzg0NEI1NEFFOERFN0IyMTJBMTY2MEMzMTYucG5n.png
Lidl,"Pyragas „Panettone“ su šokolado gabalėliais",1.29,https://imgproxy-retcat.assets.schwarz/YEuSqqx0K6EHJprKhP4YSkI5GNJN5iBeMn1iTknODnA/sm:1/w:427/h:320/cz/M6Ly9wcm9kLWNhd/GFsb2ctbWVkaWEvaW50L0Q1MjRBRjQxNzExNDhFMkEzM0VBREZGMj/ZDQzZCOTFGMTAyNUE0RTFCNDc0RTE5NTc3RkQ5NUExQ0UxN0JFMjgucG5n.png
Lidl,"Šokoladinis Kalėdų Senelis",0.99,https://imgproxy-retcat.assets.schwarz/qJrb53H0Bl6GXU_0HLdLp4x1eYjQk9yoDijANVT8GA8/sm:1/w:427/h:320/cz/M6Ly9wcm9kLWNhd/GFsb2ctbWVkaWEvaW50LzM4NjU3NTZCNEREMjIxMEU0QkE2QjFDNz/k3RDMxRTE4MDBBQ0FCNjU4OTU3NTk2NEQzOTU0MzU0QTQ0N0ZFQTMucG5n.png
Lidl,"Šviežios vištienos filė juostelės",3.99,https://imgproxy-retcat.assets.schwarz/Gu64eZzhhCexoRVBz-adD6M1oeJMDi0UMJITShr2F0A/sm:1/w:427/h:320/cz/M6Ly9wcm9kLWNhd/GFsb2ctbWVkaWEvbHQvMS80REE2MjI3NzcwQkJDREI2NkJDNjQ5OUU/5QzUxNDczNUVGRUY0QTI3QUE0MEUzQUJGNzFDOEIzNjQ4MTVDQTJBLnBuZw.png
Lidl,"Švieži ančiukų ketvirčiai",5.99,https://imgproxy-retcat.assets.schwarz/dvR7RkJDnlMOCCfsYzdPH1hdNbtIE169rxxqBsbs5l0/sm:1/w:427/h:320/cz/M6Ly9wcm9kLWNhd/GFsb2ctbWVkaWEvaW50LzAyQTE1Njk5NUEzQTA4RTUyMEM4RUFCMj/BBQUY3REFGRTI5NTU2RkYxQzI4MUVDRjlCQkU2QTBEQ0YzM0M0RkIucG5n.png
Lidl,"Marcipaninė duona",1.99,https://imgproxy-retcat.assets.schwarz/oQUDFdkE1TGEHWCoioifAoQ4VD4zGpsmlW_3xDu-Whg/sm:1/w:427/h:320/cz/M6Ly9wcm9kLWNhd/GFsb2ctbWVkaWEvaW50LzQzRDYyODA3NEMzMzBCNTk2QzlFMzU2MU/I5QUY5RTExQTE1Q0Q0MEU0RkZEQ0ZCQzE4MUY4NDA5QzZBQjMxMDYucG5n.png
Lidl,"Pinigai iš pieninio šokolado",2.29,https://imgproxy-retcat.assets.schwarz/GMSw6pL6IanNExzh38gW545NGWSLMQnmbS5U6BKqNmE/sm:1/w:427/h:320/cz/M6Ly9wcm9kLWNhd/GFsb2ctbWVkaWEvaW50LzZBNUI4MDlGNUE0NzZENDY3QUM2MjMyMU/NCMTc5RjU0OEYwOTYzRUY1NzVCRjc1MDRGMjgwRTM2OEY4N0RCMUUucG5n.png
Lidl,"Lietuviška salota su šaknimis",1.49,https://imgproxy-retcat.assets.schwarz/ErpEg-0l-CM_qgcpidpr42gU4UNugQMDvQblLIEsiIk/sm:1/w:427/h:320/cz/M6Ly9wcm9kLWNhd/GFsb2ctbWVkaWEvaW50LzM1OERENDdCM0NCN0FFQzY0RjEzNDE3NU/FBNjNCOTQ5NTQ1NDJBOEQwMDU4OTdFRTk5OTc3MEM1RTY0NzE1MjYucG5n.png
Lidl,"Sluoksniuotos tešlos kibinas su kiauliena ir saldžiarūgščiu įdaru",0.99,https://imgproxy-retcat.assets.schwarz/ckAFM7xXjFVQGgyOJmrw-nSLzhiG6AM_wEDsLKWBEfM/sm:1/w:427/h:320/cz/M6Ly9wcm9kLWNhd/GFsb2ctbWVkaWEvbHQvMS84RjM3NzY5MjU4NDBFOUQ3NkM3NzY0M0M/3MTYzMDQ3NDAzODExQzVBQzYxNDYzREEyNTBDQTFGMjNDMkRBRDkzLnBuZw.png
Lidl,"Agotos juoda duona su saulėgrąžomis",1.29,https://imgproxy-retcat.assets.schwarz/ArXEwh5PS-8kuomlFXCAPEpRsNjTtW28E_UVWs_2NJo/sm:1/w:427/h:320/cz/M6Ly9wcm9kLWNhd/GFsb2ctbWVkaWEvaW50LzVDRUE5QTYzNkEzQ0I3NTIzRDY5QkFBQU/Y2MTZBNjM5ODdFQkE0QTM1RUM5OUIyOTZFMUEyRDNEQ0Y0MzA1QUUucG5n.png
Lidl,"Klasikinė „Ciabatta“",0.79,https://imgproxy-retcat.assets.schwarz/lfu4Ka4VnJ45ZJb17WSTpOTsLZLmJ1jLWZb6fpD6YJ0/sm:1/w:427/h:320/cz/M6Ly9wcm9kLWNhd/GFsb2ctbWVkaWEvaW50LzdFMDkzNDQ4Qjk3RERGMDIzRTAzQjlCN0/E5Q0MxMjFFMzFBREVDQ0QxNzE3RkY3NDA0QjlCQjg4NzhEODY4RjYucG5n.png
Lidl,"Negazuotas natūralus mineralinis vanduo",0.49,https://imgproxy-retcat.assets.schwarz/C7DDlG5Xhksk79oLqmNsmiZ-mkAc9IKxGxKdU70mw30/sm:1/w:427/h:320/cz/M6Ly9wcm9kLWNhd/GFsb2ctbWVkaWEvaW50LzgwRDg5RUE2MkI4M0E0NDI3MUVFRkJGQk/YzQTYwRDlCQTE1RTFEMDQ2Q0Q2QUU0RTk5QjFFRDA5Q0NBNkY2QkIucG5n.png
Lidl,"Vingiuotai pjaustyti bulvių traškučiai",2.29,https://imgproxy-retcat.assets.schwarz/zbtbq4E5vvlCNHw8n_Igy-ETprZ_lSP6eNZhXxLtidw/sm:1/w:427/h:320/cz/M6Ly9wcm9kLWNhd/GFsb2ctbWVkaWEvaW50LzRGRUY0QThFNDdCNkRDMDgwODk0MTlDRj/lGMjhDRERBRUQ1M0JGNEU1MzA5NzQ2MjhFQkMwQURBMzU3QkFEMEQucG5n.png
Lidl,"Virtas kumpis",2.99,https://imgproxy-retcat.assets.schwarz/gA0EDEj-IGVGaNTvnaJDftv8UzCYSWn370zbwa9V_dA/sm:1/w:427/h:320/cz/M6Ly9wcm9kLWNhd/GFsb2ctbWVkaWEvaW50L0RDNEQwQzQ3NDk0NTMyRUU5RjdCQ0Y3N0/QyOUM4N0U5RjgwQUFBRDE0OTYwRjM5OTM5OTc0RDRFRjI2N0Q0NTgucG5n.png
Lidl,"Karštai rūkytas „Didysis“ servelatas",2.99,https://imgproxy-retcat.assets.schwarz/g0tnzbcyftPhondBhh_WzdLz_EOl3XHjboZWFm4rPLw/sm:1/w:427/h:320/cz/M6Ly9wcm9kLWNhd/GFsb2ctbWVkaWEvaW50LzFDMTQ3NzJBNkUxNTQwRkMwNkQxMTExN0/RGMTU0QkVGQkQyNUJFMzcyQzdBN0ZGMDkxM0QxRDlEM0EzMzNEQUYucG5n.png
Lidl,"Karštai rūkytos kiaulių knyslės",1.99,https://imgproxy-retcat.assets.schwarz/rd9CTVeUEAyUTGua0SCfndjvAVi9O4I9orlLfsHM7xQ/sm:1/w:427/h:320/cz/M6Ly9wcm9kLWNhd/GFsb2ctbWVkaWEvbHQvMS9GRDY2NzA1MjFDMkY0MkJERkQ3RDBGRTM/5Q0Y4MEU1RkE3QTM0RkY1QjNDQTBENDM5RDdDRTJGMzg5Mjc4MDY4LnBuZw.png
Lidl,"Karštai rūkytos „Medžiotojų“ dešrelės",1.79,https://imgproxy-retcat.assets.schwarz/9ZDvozS6jc2bRHvD9DcVS11SjTjLn7aMmcRlu7OGV9w/sm:1/w:427/h:320/cz/M6Ly9wcm9kLWNhd/GFsb2ctbWVkaWEvaW50L0YwQUZDMjQzMTRFN0FERTFEMDRGNTU0QT/UxQzU3NUZCRDVGQTkwRkExODMzQ0JBODgzODExRUI5MUY2RDJGNkMucG5n.png
Lidl,"Jautienos užkandis",2.29,https://imgproxy-retcat.assets.schwarz/JT4fEe3MdSf5SoO8AgLmgwbrR00whMBXLdavqZwtGpQ/sm:1/w:427/h:320/cz/M6Ly9wcm9kLWNhd/GFsb2ctbWVkaWEvbHQvMS9EMkVBNUIyMUEyNTQ2RjI0QkM1MzRGQUM/0NkY0NjRCMzBBREMzOTI1MThBOUEyNUI1OTBFMEE2OTNFOEY3MEQwLnBuZw.png
Lidl,"Graikiškas jogurtas be laktozės",1.09,https://imgproxy-retcat.assets.schwarz/oo-6NMerpvmgs20C1MBQiFS7KwkTogPP3aHixIZnIGQ/sm:1/w:427/h:320/cz/M6Ly9wcm9kLWNhd/GFsb2ctbWVkaWEvbHQvMS83NTZDM0U5OUNBQTk2Q0JBNDVFQ0M5OTk/wRDNBRDY5RTRBQTg5MDMxNTE4QTcwMDUxRTFGMjBCNENBMjIxMDBBLnBuZw.png
Lidl,"Karštai rūkyta „Panevėžio“ filė griežinėliais",1.19,https://imgproxy-retcat.assets.schwarz/ep384iifChtQgYgJ39GvSGvMtvbGZ8SDSWBiOu1SqQU/sm:1/w:427/h:320/cz/M6Ly9wcm9kLWNhd/GFsb2ctbWVkaWEvaW50LzM0ODI4MTlCMjQ0NDM3MjczMDY1RjA0MD/lCODU3RjBCMjhBQkU1OEFCODIxODM3NEVGMzcwMTEyNTExNEQ3MTQucG5n.png
Lidl,"Kepenų paštetas",0.99,https://imgproxy-retcat.assets.schwarz/565KAgv_lrItf0m7rD_dMV3rukJ-MIxx52rg7qULdlQ/sm:1/w:427/h:320/cz/M6Ly9wcm9kLWNhd/GFsb2ctbWVkaWEvbHQvMS9GMkU5MjZCQUYxMURDOUE2QkFEOEFGRUV/BOEU4RUVCMDVDRTk1NDM1NDc3OTRBOTFFOUZEODcwQzM3RTc1RTk4LnBuZw.png
Lidl,"„Kyjivo“ kotletas",2.29,https://imgproxy-retcat.assets.schwarz/8wdMJhAlty6SCbfkhMC9-MKSwR6pZIjdtfsxM55Odvo/sm:1/w:427/h:320/cz/M6Ly9wcm9kLWNhd/GFsb2ctbWVkaWEvbHQvMS8xRjg3MkY2RDA2MUZCMjJCN0U2NzQ4Q0E/2QkM2ODJGNTIzNEZGMDM3MENCRTE3MTU0OURGMUM2MkM0RjJGODRFLnBuZw.png
Lidl,"Geriamasis jogurtas",1.99,https://imgproxy-retcat.assets.schwarz/IQrpedwLUbp1CvuVY7FKJnTLo0xpJFVPyRNDMJQ7dx8/sm:1/w:427/h:320/cz/M6Ly9wcm9kLWNhd/GFsb2ctbWVkaWEvbHQvMS9GOUMyRjVCMjhEODVCMEYzQzYyNUJFMER/GMzMxMURBQzdEODRFOUUxMTZGMDM0QUM0OTVGNjRGMjhFNjAxQTUzLnBuZw.png
Lidl,"Čederio sūris riekelėmis",3.49,https://imgproxy-retcat.assets.schwarz/3FSDRC63lAmujkf-z0aDLelb9URPzfPXUXWUoBZBsjY/sm:1/w:427/h:320/cz/M6Ly9wcm9kLWNhd/GFsb2ctbWVkaWEvaW50LzU1OTEyQ0MxQjQ3QUU0MjdDNjcxOUQ2OT/Q1ODVDODZDNDZCQ0M1MTAxQUJDODFCODE2MjA0OUE3QzUwQjA3NkYucG5n.png
Lidl,"Juodojo šokolado ledai",0.89,https://imgproxy-retcat.assets.schwarz/4xD6zwW5MEqMwlS0sSNYalRvcA0ixsxzCbljhWpk7HI/sm:1/w:427/h:320/cz/M6Ly9wcm9kLWNhd/GFsb2ctbWVkaWEvbHQvMS9GODhERjJEMjFEQTRCQjZEREU2N0VBNDJ/FNTcyNEU5RjM5MTRDMzkwOUZBOUUxM0UxMUI3Qjg5MEFBRUIwMDk5LnBuZw.png
Lidl,"Vištienos filė kepsneliai tešloje",3.99,https://imgproxy-retcat.assets.schwarz/LNNGvpuUUOPwp2ijpQGFnmqX00k9cYHwY3pKPzKdjbo/sm:1/w:427/h:320/cz/M6Ly9wcm9kLWNhd/GFsb2ctbWVkaWEvaW50L0MzRERENzg0OEI1MDdBOTU4OTEyOEFCRk/Q2NERGMUU4MzlGQkYwNkE1NDcxNDgwQUNFQTAzMjcwQTgxRDNGNUQucG5n.png
Lidl,"Mini spurgytės",3.29,https://imgproxy-retcat.assets.schwarz/_69sTWLILPgNuif2rgsojXBr_0UbTITV8mt51ZJ9kmk/sm:1/w:427/h:320/cz/M6Ly9wcm9kLWNhd/GFsb2ctbWVkaWEvaW50L0JDRjhEREZEMzNEMUU5M0Q1MTc2QzdDMU/U1QjZBM0ZEQ0Q5QzZGREFENjczOTNEMEEwNEYxM0FBMEM4N0I4QkUucG5n.png
Lidl,"Skandinaviška silkių filė aliejuje „Classic“",3.59,https://imgproxy-retcat.assets.schwarz/IbNHJ6t0Jmcqc_XYwwKvLXv90KNE4EkSdpxWqEarS_4/sm:1/w:427/h:320/cz/M6Ly9wcm9kLWNhd/GFsb2ctbWVkaWEvaW50L0U1NDE4RDE1RjhFNkNCODRDMEM5QzNEMT/MyMkE3MTJBQ0EwMUE0MkFEMDEwRkJFOERBNUQ3NkFBQjMwQkQxRjcucG5n.png
Lidl,"Pica su didesniu baltymų kiekiu",NAUJIENA!3.99,https://imgproxy-retcat.assets.schwarz/QTLnD5UYShRVQ3-QoFtGYKlZz0axkxX57IdaGYqQTIM/sm:1/w:427/h:320/cz/M6Ly9wcm9kLWNhd/GFsb2ctbWVkaWEvaW50LzZBRTA0RjhCMUJCQUEzRTRDMzRGOTg5Nk/VDQUFDOEZBMjlEQUM1QkVDNjlFMTYxODg5RkUzMzJFMTI2QzU5RTgucG5n.png
Lidl,"Smulkinta karšio filė",3.49,https://imgproxy-retcat.assets.schwarz/f0HP58zAtg3SPhYrbxx0OwRm56XPpyyvccrYH-7PeJ8/sm:1/w:427/h:320/cz/M6Ly9wcm9kLWNhd/GFsb2ctbWVkaWEvbHQvMS84MDRENUY1QUVEMzI5Q0IzNEJEMEQwMDl/BMjVBQzc4NEZCMzJGRDdDMkRDOTc0N0EwNzAyNTExODlFQTQ0MjU0LnBuZw.png
Lidl,"Virtos baltakojės blyškiosios krevetės",4.89,https://imgproxy-retcat.assets.schwarz/f3zvcS4Or2NTuw-vOso6-8-SKiV9VulCVByvOSN9ZpQ/sm:1/w:427/h:320/cz/M6Ly9wcm9kLWNhd/GFsb2ctbWVkaWEvbHQvMS8yM0VFNjJBNkVFMTU1ODE4NTY3RERFNzQ/zNUNCMDkzQTM1MjA1RUNERjI1RkY1RjY1MzU1RTAwOEUyRDNENTE3LnBuZw.png
Lidl,"Karštas sulčių gėrimas",1.49,https://imgproxy-retcat.assets.schwarz/Cvob0ygXDiWotnQY5Cse76xle6ZFzFIUAsBnKMHhdb4/sm:1/w:427/h:320/cz/M6Ly9wcm9kLWNhd/GFsb2ctbWVkaWEvaW50Lzc4OUZEQkY3RjcwMkU2NDAyRDNEMzc0RU/Q2NDRCRkM1NUM2RTU5NjI5NDczMkRCQjVBQUFFNzY2MkI0RjNCMDEucG5n.png
Lidl,"Crema kavos pupelės",14.99,https://imgproxy-retcat.assets.schwarz/KofDyau0Dwxm1hj7TgTKItgVAQR5TZ9wtWd-NLG-y4w/sm:1/w:427/h:320/cz/M6Ly9wcm9kLWNhd/GFsb2ctbWVkaWEvaW50LzkyQTNBRTgwMTM4ODc1MzdDQUMwMjc3NU/U2NENENTU0OEI0RUVCODg4Q0NEMUI4RTE0REM4MTdEMjNDMjMwNzAucG5n.png
Lidl,"Malta kava",6.19,https://imgproxy-retcat.assets.schwarz/hzoUnHe_DqIb9OcGZbYiXCpHdGj6_EL1vW27b3iI2Sk/sm:1/w:427/h:320/cz/M6Ly9wcm9kLWNhd/GFsb2ctbWVkaWEvbHQvMS9DQUM4NTIwRjE4OTM3NDhGODREQTk4MjE/4MUIwRDYzMDcyQUM1MzBEQkI5MEMwNjY2M0ZCNDcyNzdFRjAwNjQ5LnBuZw.png
Lidl,"Kavos kapsulės Dubai Style",4.69,https://imgproxy-retcat.assets.schwarz/2_FB_8r5TKzNjCC49lCMcoKk59_NNDP6zb4s6twPhXA/sm:1/w:427/h:320/cz/M6Ly9wcm9kLWNhd/GFsb2ctbWVkaWEvbHQvMS9EREI2RDFDQjY3QTAyODJCNjVCMzZENUE/wNDFFNDVENEE2M0FBQTZDNTY2NUJCMzhBNkRGMjQ1REQ2NzI3QzI1LnBuZw.png
Lidl,"Zefyrai",1.49,https://imgproxy-retcat.assets.schwarz/LVfiYZezsrL7HJzmeOXMPqFMpBmPjKY2d8uskbcwnsk/sm:1/w:427/h:320/cz/M6Ly9wcm9kLWNhd/GFsb2ctbWVkaWEvbHQvMS9CMDRCQTg0OUQ1MDkyNjUzMjJDMDA3ODM/3NzQ1RkU5QjQyMEZEMkNCOEI1NjY3RTExM0Y2ODU2NDk3MTY4REIxLnBuZw.png
Lidl,"Šokoladas Limited Edition",1.59,https://imgproxy-retcat.assets.schwarz/8IxbQjEMQHHQDCDDUWIYGaa1lfTJaTi9ym5PqNQnHkQ/sm:1/w:427/h:320/cz/M6Ly9wcm9kLWNhd/GFsb2ctbWVkaWEvaW50LzdBQUQyMkJEODI5MENGM0ZBQTIyMTExNT/MxMEVGQkYwNThEMjVBNjYzMDFDQ0Y5N0EwOTU2MTQ0NDIyRjlCMzYucG5n.png
Lidl,"Šokoladinių saldainių rinkinys su pliušiniu žaislu",10.99,https://imgproxy-retcat.assets.schwarz/9DiesA2UyVQOThmeTdlEUxSzaKnPqvDjZziRY3ve4tY/sm:1/w:427/h:320/cz/M6Ly9wcm9kLWNhd/GFsb2ctbWVkaWEvbHQvMS8zRDE3M0NFNUJEQzYzMTVGQkU1REUxMEF/EOEM3NDBDMThGOTZEQzZBQkUwQThCMjlGMDU0MzI3OTAzNTJBRkQwLnBuZw.png
Lidl,"Virti avinžirniai",1.39,https://imgproxy-retcat.assets.schwarz/bhGJP3ACRInNGZVJkV2_w3p6WpeT3ljO_vQInh2AhMw/sm:1/w:427/h:320/cz/M6Ly9wcm9kLWNhd/GFsb2ctbWVkaWEvbHQvMS9BMEQzQkE4NzEyMDgxMUFDRkU1MUNFMzN/DMTU0RDkwNDAxNjRDOEE5MjcyNjREQ0MzMjY3RTg3MDkyRDYyODUyLnBuZw.png
Lidl,"Amerikietiški sausainiai su šokolado gabaliukais arba Charlotte Fruit",2.99,https://imgproxy-retcat.assets.schwarz/CEV0P7-cCmpa-xj2oGU7Y_IJceaedn4H3u18Fqi_v1c/sm:1/w:427/h:320/cz/M6Ly9wcm9kLWNhd/GFsb2ctbWVkaWEvbHQvMS83OTk2NTNDMzM3NTAwNzI5NDE4NjM1NDI/zNjk4NEVDMjg0OUM5RDkwODVGNDRFMjJCOTgxREJDNEE3RjJFREVFLnBuZw.png
Lidl,"Šviežio sūrio užtepėlė „Crefée Premium“",1.69,https://imgproxy-retcat.assets.schwarz/VWu0dPT9NM6p8_E31hI_fDVMwllvoUIgOoCxbq_Q23Y/sm:1/w:427/h:320/cz/M6Ly9wcm9kLWNhd/GFsb2ctbWVkaWEvaW50L0JCMEZBREQ0QTU0QjE5NzNDMUUwNDg4RE/U2N0YzN0M1QjYzNDY0M0NFODA4REYzNTkyOEI1RTg1ODg2Mzk5QjYucG5n.png
Lidl,"Pjaustytas kiaulienos ir jautienos saliamis",1.29,https://imgproxy-retcat.assets.schwarz/DnbcQMBPztrzvIRUBA_-NHw_W39iM-_MjHJUW7pCzc0/sm:1/w:427/h:320/cz/M6Ly9wcm9kLWNhd/GFsb2ctbWVkaWEvaW50LzBDQjI5NzgzM0M2NDU1RUVDNDg5MUU5RD/Y5MjZDMEM5QTRBRUNCOEE5NjkyQjMxRTI3QkMwNTAyNzE4QjNCOTIucG5n.png
Lidl,"Bulvių traškučiai",1.99,https://imgproxy-retcat.assets.schwarz/9FRsXcbWWR9wW4X4r2zmwpXlkIDFKDsyHOfNMeWLReA/sm:1/w:427/h:320/cz/M6Ly9wcm9kLWNhd/GFsb2ctbWVkaWEvaW50LzAyRkE0NEJENEM3MjI1MzA1MTBEQjgwQj/kyQzE0MzkxMkM3RDE5NzFDNTFEMDAzMDAzNUM3MjJFMzcxQTQ3QkUucG5n.png
Lidl,"Sviestiniai vafliai",2.49,https://imgproxy-retcat.assets.schwarz/YbfBklIHTg3tXEayTbeCFr-bEQP1TPCCvnitrn67H2s/sm:1/w:427/h:320/cz/M6Ly9wcm9kLWNhd/GFsb2ctbWVkaWEvaW50LzRBMTlENjM1RjVCRTE2NzhCRTA1MTQ5Mk/Q5N0E0REQ2NUFCNTZFODY4MEYzQTRCOEUwMzQ1RkE2MTYwRkM5MzkucG5n.png
Lidl,"Šokoladinė dražė",2.79,https://imgproxy-retcat.assets.schwarz/QwbJMX7gd_fSHnQCnqFhs4kplABuOcJvvJIK5cTdUAs/sm:1/w:427/h:320/cz/M6Ly9wcm9kLWNhd/GFsb2ctbWVkaWEvbHQvMS9EOTFGM0EwNEFCMjQ4RkY3MDcwMjY3RUU/3OEMyNDUwQjRGMEY2RkExNjA2RkE2OTUzRTg4QkFCQzMyQjlBRUFCLnBuZw.png
Lidl,"Citrinų skonio saldainiai",4.39,https://imgproxy-retcat.assets.schwarz/lvds4alRLxBWCI18tJyXfxZjnmORIQ6hch09hP5orwg/sm:1/w:427/h:320/cz/M6Ly9wcm9kLWNhd/GFsb2ctbWVkaWEvbHQvMS80MTAyMkM0ODVBRTVEQTI4QTcyRkRCRTI/1QjQ1OTMxMzFDNjYwRUVDRDU5RDc0QzBBNTVCQTYxRDUyRDIwRDVGLnBuZw.png
Lidl,"Šokoladinis batonėlis",2.75,https://imgproxy-retcat.assets.schwarz/lVWGfA4tmlszDchgJTISnb6LFytZ5f3c1Ny1maM5N0Q/sm:1/w:427/h:320/cz/M6Ly9wcm9kLWNhd/GFsb2ctbWVkaWEvbHQvMS9CRUFEMUI3M0QyOTZCRUEzQTI2NDlFRTc/0NDA4RjhFRDkyQjY5NDVDRDA1RDFCREYwQzQzQTBFQ0JFQTU0NDJCLnBuZw.png
Lidl,"Chunky White arba Funky batonėlis",0.79,https://imgproxy-retcat.assets.schwarz/Le_RQHIgFqRxtdlf8jezG08yt0_7pgTJJBnfZFBzPqs/sm:1/w:427/h:320/cz/M6Ly9wcm9kLWNhd/GFsb2ctbWVkaWEvaW50L0NFQUFENTJGNDMxRDE5MTJDNzcyRTBDNz/kzQzdFNDc3MzZBODNCN0VDNDM0MTU1M0E5N0RCNDNCOURFRDk2M0MucG5n.png
Lidl,"Vaflinis batonėlis",1.19,https://imgproxy-retcat.assets.schwarz/1L92pm7Y3oBqwk8SGFevHvFEPKE8VygaLOyFcFq7YQ4/sm:1/w:427/h:320/cz/M6Ly9wcm9kLWNhd/GFsb2ctbWVkaWEvaW50Lzg1MjM5NzE4NjlFMzdCQzVGNTdFODgwQk/Q1QzE0NEZDRTIwMjI5MEMwOUYzQ0NDN0Q5QzExNzVBMEQ5MTI5QkQucG5n.png
Lidl,"„Gourmet“ Pašaras šunims",4.49,https://imgproxy-retcat.assets.schwarz/JqZosqVUQplQ5NOek0Avxy76gv51eRG4kwDyzLy2LUI/sm:1/w:427/h:320/cz/M6Ly9wcm9kLWNhd/GFsb2ctbWVkaWEvaW50L0RENUU0Q0IzMkM3RkQ0QUNEQjZBMjkzQj/YyRkJCMUM4REIyNTgwNkVGODhGNjEwNDE4QzFEMDNDMEI3OTI2MDIucG5n.png
Lidl,"Lietuviški baltieji pievagrybiai",1.49,https://imgproxy-retcat.assets.schwarz/9_0pjaDz9PI0eWzJkY43fRC9dSuLl1dND5jcr_eRbPA/sm:1/w:427/h:320/cz/M6Ly9wcm9kLWNhd/GFsb2ctbWVkaWEvaW50LzE0RjM3QjJBQjNFNTgxRDcwNTg3MDY1MD/kzODY2OTM5MjhFMDRDQ0E0QzMwM0Q5NjYyQUZDQzAxREYzMjI1QzMucG5n.png
Lidl,"Graikiniai gliaudyti riešutai",3.49,https://imgproxy-retcat.assets.schwarz/XTs9vTU0L3q15r94Kn8tOzU1HWw54itY_0KRRv1Yh8A/sm:1/w:427/h:320/cz/M6Ly9wcm9kLWNhd/GFsb2ctbWVkaWEvaW50L0RGQUY2Qjc2ODhGMUFEQzA2MUJCODQ0Nz/JGRDc2NjhCNDcwREZFOEFCRUZGN0EwOEE2QzkyNDhCRTJFNzQ4NDkucG5n.png
Lidl,"Visavertis pašaras katėms",0.75,https://imgproxy-retcat.assets.schwarz/cztVW12uvDFKsVuntyLq6fVIhVXqawPefwoStoGFRNE/sm:1/w:427/h:320/cz/M6Ly9wcm9kLWNhd/GFsb2ctbWVkaWEvaW50LzQwMjg1NDRFQ0NBRTU5MjhEMTVBRTQyQ0/JBQUEyNDA0MjkyQUJDOTlBOENCMjkwNDE5NDRDNTE1QUE5RTEyOUUucG5n.png
Lidl,"Pašaras katėms",1.45,https://imgproxy-retcat.assets.schwarz/MKRfkxkC5yyWb89la6HCGevl21U5DMkU19eamDVVmMA/sm:1/w:427/h:320/cz/M6Ly9wcm9kLWNhd/GFsb2ctbWVkaWEvaW50L0JCNTNDMzk5NTRFQkQ3NkRCQUIxMkQwRD/QxOTg4Q0YzMTlBNDdEQzI0NEJCQUQ1MDRFQjA1QzkwQjA0NkY1NTYucG5n.png
Lidl,"Skalbimo kapsulės „Extra Clean“",12.69,https://imgproxy-retcat.assets.schwarz/Pucae0JPmK3CFMWtvjqPluU2M6iFI_AJ4SvUc8m01ow/sm:1/w:427/h:320/cz/M6Ly9wcm9kLWNhd/GFsb2ctbWVkaWEvaW50LzhEM0U1MTA2MUVDNzRBRTk5ODI1QzA3ND/c1Nzk0RjI1RTlCRDgwMUUwMDI1MDJGRENBMTY0RjQxQTc0QzhEQTYucG5n.png
Lidl,"Minkštiklis Sensitive „Cotton Fresh“",3.99,https://imgproxy-retcat.assets.schwarz/qRyqRtMQTmov_cCjN0jrm4nDA-3GrFBpNlKmFGq881o/sm:1/w:427/h:320/cz/M6Ly9wcm9kLWNhd/GFsb2ctbWVkaWEvbHQvMS83MUQ3RjM5NDRBNjcyOTExNUE3NTJGMUR/BOUI5MEJCNjlENjk2Nzk5N0MxMjFDNTlBNUQ3RTZFOEIyNzc1QUFGLnBuZw.png
Lidl,"Oro gaiviklis „Magnolia & Cherry“",1.59,https://imgproxy-retcat.assets.schwarz/MqXYaFo3dVw7UdglbsjcoFRG63w-PXCa57bS5QhxJOM/sm:1/w:427/h:320/cz/M6Ly9wcm9kLWNhd/GFsb2ctbWVkaWEvbHQvMS8xNkNCNjlENjJCODYwRTdCOUFFOUM4RTh/BQUE0NjdGODhBOENGRjA4MEI4MzNEQzUzQTkxQkJBMkUwMjE1MDUxLnBuZw.png
Lidl,"Tualetų valiklis-gaiviklis „Power5 Pine“",3.59,https://imgproxy-retcat.assets.schwarz/v3cmJEQJMCvmjrmuXuNJwt1NDWmkOZyfTDNeI6Wytck/sm:1/w:427/h:320/cz/M6Ly9wcm9kLWNhd/GFsb2ctbWVkaWEvaW50LzVCREExNjNGMzU2OEFCRTlFNjkxQjBBMk/FGRDQxMUNDQkZDNTA5NjAwQzc1MTU2ODIzQjdBOUI1N0IzRDhCMzAucG5n.png
Lidl,"Skystas rankų muilo papildymas",1.29,https://imgproxy-retcat.assets.schwarz/PmFQ0FYd3vX2Srj9mJ3sZ_tf0TKVP9TrZ3-rdmg2ohY/sm:1/w:427/h:320/cz/M6Ly9wcm9kLWNhd/GFsb2ctbWVkaWEvaW50L0QyMDM0OTkxQzZEMjczODE5RDRGNTBBMj/NDMzZCOEFERjFFQjM5NjE1MUZBMkZCNTNCN0Q3RkM2Qjk1MTkxMUQucG5n.png
Lidl,"",„Cien“kosmetikaisuLidlPlus-30%,N/A,https://imgproxy-retcat.assets.schwarz/W-28B0tgFl7Yc-6YxJfbig1oTQ0RS28HeojRBEMWVMg/sm:1/w:427/h:320/cz/M6Ly9wcm9kLWNhd/GFsb2ctbWVkaWEvbHQvMS9COUE0NkFCNTJEODRBMTM0OTZEODVGRTI/5NTM0RDJENzdEN0YzM0NFRjM5RjEwODBBQTE1RDFFMkI1MUJDQUFCLnBuZw.png
Lidl,"",„Pilos“ir„Milbona“pjaustytiemssūriams150gSuLidlPlus-20%,N/A,https://imgproxy-retcat.assets.schwarz/D0Lj5GAMmEe6UgJ_aneTOZATYSPdxJQsCbhqIYFvAhQ/sm:1/w:427/h:320/cz/M6Ly9wcm9kLWNhd/GFsb2ctbWVkaWEvbHQvMS8xRUM2OTQyRTkyNzU2QzlBNDA4NTZFODI/3RjVFQTA1NDQ3RDNDMjRBRjY0RkNFMzBCNEY2ODczQTI0REMxREYzLnBuZw.png
Lidl,"Dušo želė",6.29,https://imgproxy-retcat.assets.schwarz/Qd4UEX3vOxGbF_lX3VECd9-Z5jc98TI7mxzEEpknkX8/sm:1/w:427/h:320/cz/M6Ly9wcm9kLWNhd/GFsb2ctbWVkaWEvaW50LzRCNUIwMzlDNDI2REJFQzc4ODY4RTY1OT/ExN0ZCQTNDNTk4MUJEQzg2MTcwOTg4RDhEREY2RjAxMDU1OUQzNzIucG5n.png
Lidl,"Šampūnas",5.59,https://imgproxy-retcat.assets.schwarz/oxAAsV8JeoNqR6aWJj_rhgsuWZVbiSzOyS7DP5iucRA/sm:1/w:427/h:320/cz/M6Ly9wcm9kLWNhd/GFsb2ctbWVkaWEvaW50LzdCNEM2Q0EzODQ0RDg3M0MzRjZDMEM4Qz/Q3REZEMjU2Nzc2NDU2OTREQTkzNUQwNkQyNTVCNzI2RTgzOEQyRjAucG5n.png
Lidl,"Dezodorantas XL",2.99,https://imgproxy-retcat.assets.schwarz/hpMfTr2bFCxkYxLBT4rN2ia_Bs0CJpCkvPEKPJ18_jk/sm:1/w:427/h:320/cz/M6Ly9wcm9kLWNhd/GFsb2ctbWVkaWEvaW50L0E3MDlDQUM3NjIyRTY5REFBNTQ4MEIwQj/E4ODgxMzdDRDdCMDQ2NDRDMERGRDZFQTJDMEQzRTlBNTEwMTQyQ0UucG5n.png
Lidl,"Higieniniai paketai Ultra",2.45,https://imgproxy-retcat.assets.schwarz/fSDCfDOAuBb85vcfqsXdIuFEaAUccAAkrb31zU65JBk/sm:1/w:427/h:320/cz/M6Ly9wcm9kLWNhd/GFsb2ctbWVkaWEvbHQvMS80QzcwMkI3MDA2QzFFNDY1N0FDMjgxQjY/2MEVDNDlGMDVBMzcwMDFFQjlCNzNFN0JEQUFGMTU3MzdFRDIwRjYzLnBuZw.png
Lidl,"Skustuvas Mach3 su 5 galvutėmis",9.89,https://imgproxy-retcat.assets.schwarz/l_QAsrqg7M6sCjTrqBTsHSP5IPjt_f0G-ddvQyqDUtI/sm:1/w:427/h:320/cz/M6Ly9wcm9kLWNhd/GFsb2ctbWVkaWEvaW50LzMwQzM3MUZCQTY3OEY2RkQzNTA5ODJGOD/c4RDBGOUU0NTAzOUIxM0Q3NThEQjMyNkNDMEQ1NkY0RTRGNUNEQzUucG5n.png
Lidl,"Skalbimo kapsulės Extra Clean",23.99,https://imgproxy-retcat.assets.schwarz/2p7bdW6GE2B9Szve1FpG-d0xrU3iAWYBxGKBA3dRdJI/sm:1/w:427/h:320/cz/M6Ly9wcm9kLWNhd/GFsb2ctbWVkaWEvaW50LzRDRkZEQTZFOTI2NEI2QTdBODBFMTI5OD/VERjM5QkNDM0QxNzYzQjI3MDlBRjgzMUU1OURBODZFMEM5OEM3RjIucG5n.png
Lidl,"Skalbimo granulės",4.69,https://imgproxy-retcat.assets.schwarz/tEXEH8ZFCVyy0Fik8UJ09Gb3YQbdKQwCebmGiR__TJE/sm:1/w:427/h:320/cz/M6Ly9wcm9kLWNhd/GFsb2ctbWVkaWEvbHQvMS8yMDc1ODdEODkzNTQ0MjYyMTI5NTI2RDB/DMTAwNjk4MTQ5MTM1N0VEQ0E3ODdFQzFBQ0E0RkZGNjlFM0FDN0VCLnBuZw.png
Lidl,"Indaplovių nuosėdų valiklis",3.99,https://imgproxy-retcat.assets.schwarz/Reqj_gc8oqn5mM-njcaJqmc1AFPH6oqP7OfnWAVIYMc/sm:1/w:427/h:320/cz/M6Ly9wcm9kLWNhd/GFsb2ctbWVkaWEvbHQvMS9CNTA4NjJFMzBBQkRGMTFCOUUwRUMyMDI/xMTZDRTZGQzlDOTA3MkI0REEzMkNFMTdBQkZBMDIyNUY4NUM4NTI4LnBuZw.png
Lidl,"Fasuoti ridikėliai",1.29,https://imgproxy-retcat.assets.schwarz/vUOA7Gad0VrN_UuEdRYS24ZPdSkW2wQLP1krwz5_F8U/sm:1/w:427/h:320/cz/M6Ly9wcm9kLWNhd/GFsb2ctbWVkaWEvbHQvMS83ODVCN0RBQjIyOUI3MTVBQjkwOTNBM0F/FMjg5Q0JFMTY4MDk2QUJBRTdEMzNFQUUzNThGREQ0RkQ4NzYyQ0FCLnBuZw.png
Lidl,"Salierų stiebai",1.49,https://imgproxy-retcat.assets.schwarz/uxAqdD1JLE0z8iCoknSAphn2NTpnRLFqSnKh8fxST7o/sm:1/w:427/h:320/cz/M6Ly9wcm9kLWNhd/GFsb2ctbWVkaWEvaW50Lzc1QzhCMjE4QTdENjFEMzVEQjYzRTlFOE/Q5MTk4QjkzNDkyNzI3MDlEQkEwMEZBMDhGMTMxMDgwNzVDNjk4MzgucG5n.png
Lidl,"Itališkas pyragas „Panettone Classico“",6.99,https://imgproxy-retcat.assets.schwarz/jQujeFDLvjrpg60JTy2wsQzpA5ImbbfD4V5eIZONttY/sm:1/w:427/h:320/cz/M6Ly9wcm9kLWNhd/GFsb2ctbWVkaWEvaW50LzExMTE5REUyMzNDQjgzQzA3NEE4NzVDRD/g5MjY5NDJGMzlFN0FDREFFODQyMjAzMjc2QTFBQzZBRTk0MEIwMjgucG5n.png
Lidl,"Kiaulės kepenys",1.69,https://imgproxy-retcat.assets.schwarz/jm6y4GYKpdeHumu0EumUcm4yolTDABPZTbmPfgHpxnI/sm:1/w:427/h:320/cz/M6Ly9wcm9kLWNhd/GFsb2ctbWVkaWEvbHQvMS84MjcyMkJCNjdFOERBMTJBMDAwNDdEODI/xMzQwNTBDNjgwNEFFMkEwMDUwOEJCOUEzOUE4MEYxODQ0ODVFNzkyLnBuZw.png
Lidl,"Įdaryta kalakutienos krūtinėlės filė",9.99,https://imgproxy-retcat.assets.schwarz/exZ0SuTBMP5WwBfOX7FlTazEFUF_sWbCm5MZ2-zGdxI/sm:1/w:427/h:320/cz/M6Ly9wcm9kLWNhd/GFsb2ctbWVkaWEvaW50LzI3MEUxRTIyRkU5QjBBN0NGQ0VGRENGNE/MwMDE5Qjc3NzFBQ0FENUE5MkQxMDFERTg4NzM0M0M0RTMwNDBDMTQucG5n.png
Lidl,"Marcipaninis šokoladukas",1.79,https://imgproxy-retcat.assets.schwarz/6aO_P_CCWc-1aaUYK35Lu1N8rrNnjctKNr_EdaMyYSM/sm:1/w:427/h:320/cz/M6Ly9wcm9kLWNhd/GFsb2ctbWVkaWEvaW50L0E3MjlFRTY2RTREMDgyMDFEREQzOUMwRk/EwQjU1QzZFNDk0RTg0MDEyNzMzNUE0NkE2RTdCRDkwOUFENTgzMDcucG5n.png
Lidl,"Pieninio šokolado kalėdinės figūrėlės",2.69,https://imgproxy-retcat.assets.schwarz/zwmJMiWz-XWGvhofIE3be9UVUQDKOqtk2UKfuxjW28I/sm:1/w:427/h:320/cz/M6Ly9wcm9kLWNhd/GFsb2ctbWVkaWEvaW50LzdCN0MwMUI2RTY3Qzc0MzI5QUE2QTZDNU/RCNzJFRjUzMjcxN0NDQzE2Nzk1QUVCNjk1RjlDOEJEMEE5QjEyMjQucG5n.png
Lidl,"Konservuotos persikų puselės sirupe",1.99,https://imgproxy-retcat.assets.schwarz/YDhYh0PYwVqTnSsAi2Hx0T6Aj1itQHI2ev0ZVvQqhn0/sm:1/w:427/h:320/cz/M6Ly9wcm9kLWNhd/GFsb2ctbWVkaWEvaW50LzI1M0NCNEJCMTk4RDVCQkE2MjlGOTBBMT/c5RUI3RkVENUE1RkQzMkJDNjQ5MjE5NkU5MEFFQTdBQzQ4Mjg1OUIucG5n.png
Lidl,"Žaliasis avokadas",1.49,https://imgproxy-retcat.assets.schwarz/qmtIGA4oJ0lFdsVf0lvppWX9uHsU3J7LcaMkHuXk074/sm:1/w:427/h:320/cz/M6Ly9wcm9kLWNhd/GFsb2ctbWVkaWEvbHQvMS85Rjc1Q0U0Qzc0RDZEREUxNzdERkU3MUI/xMjY3QTJERTU0RkY5RTcyRTJDRTFFQTY1NTNCQzE1Q0RGRjQwMDhDLnBuZw.png
Lidl,"Ekologiški pomidorai su šakelėmis",1.99,https://imgproxy-retcat.assets.schwarz/mzR00sdnRrMgy1nd7P_g1JMs3ByXkSLkZ-t5mJTdpwU/sm:1/w:427/h:320/cz/M6Ly9wcm9kLWNhd/GFsb2ctbWVkaWEvbHQvMS83RERFNjhCMkFBNTU0RkRGNjlFRTVDRTR/EMjI2NUVBN0QwQThDMTQyNzI5MUFCRTU4MTBBMDlFRTJDQ0JDRDJFLnBuZw.png
Lidl,"Salotų mišinys",1.59,https://imgproxy-retcat.assets.schwarz/5qWRg1qVqWN7upa8ABlaVhIa4h7t49QXsU1nZSqtPEE/sm:1/w:427/h:320/cz/M6Ly9wcm9kLWNhd/GFsb2ctbWVkaWEvaW50LzlENTQwMTA3MzhFREE0Qzg0QTQ0NjNBRU/NCMUJFRjk1MTY3M0NBMEQ4QTQ5N0IzQzNCQTYzNjk5MTAwRUI3NEYucG5n.png
Lidl,"Kruasaninė spurga „Caramel Crunch“",0.99,https://imgproxy-retcat.assets.schwarz/xTrQ-W96u3c7DVdwMnOwtdUg3qJibxLHvqxFupefqgw/sm:1/w:427/h:320/cz/M6Ly9wcm9kLWNhd/GFsb2ctbWVkaWEvaW50LzkyNUQwQTFCODBDRERBNDYzNzM0RTlERj/VEMDhFOUYxRkE5QkEwMEREQzFGNUE2NjE2MzUyNUU3QjY3ODdDN0YucG5n.png
Lidl,"Viso grūdo duona skrudinti „Toste“",1.45,https://imgproxy-retcat.assets.schwarz/9rM4_kLvFRa79l8dES-b9LKe_2i-3WlG6XfpoLfqj-Y/sm:1/w:427/h:320/cz/M6Ly9wcm9kLWNhd/GFsb2ctbWVkaWEvaW50Lzg0M0ZDMTAzNTNEODRGOTM5MTVBOEVGQ0/Y4OEQyRkUxNjdEQ0I4QkIzRDZFRkNGNENCNjQ3MUY5REUyOUNEN0QucG5n.png
Lidl,"Duonelė su mocarela",0.89,https://imgproxy-retcat.assets.schwarz/axVGlTLP1NODbdT_dLOFyqy7kZKWJeyxV-lkkp32SO4/sm:1/w:427/h:320/cz/M6Ly9wcm9kLWNhd/GFsb2ctbWVkaWEvaW50L0EyQzE3RUU3MTEyNEZDQUQ3QUJBM0NFRk/M3RUUzN0RCNzM0MkVFOEQ5RjFGNEREMzAzQTBGRTQ5NTEyNDYzOUMucG5n.png
Lidl,"Brioche tešlos kruasanas su kremo įdaru",0.89,https://imgproxy-retcat.assets.schwarz/2BJD1c6be6cTumJ0xcdubLa11pPwOKz5Rx6N0zL62BU/sm:1/w:427/h:320/cz/M6Ly9wcm9kLWNhd/GFsb2ctbWVkaWEvaW50L0FDNzQwMEFFQkY0QzEzNDkxREY2QjM5MT/IyNjZENjAwMUY1NjE2MTAxNTYyOTJCNzhGRjkwMUVBMjU2MzM4RDYucG5n.png
Lidl,"Bandelė su citrininio kremo įdaru",0.49,https://imgproxy-retcat.assets.schwarz/05DPLgBd_ArXKW6j6pddjbyPquj8XMw-18MKA96jE2M/sm:1/w:427/h:320/cz/M6Ly9wcm9kLWNhd/GFsb2ctbWVkaWEvbHQvMS84QjFCNTVBNzZCQTNGRUFFQkNEQzhBRDE/xNEU1Njk2RkJDOTVFQ0E3RTZBMDNGQ0JFMTQ2NkU5MEQxMEMzRUZFLnBuZw.png
Lidl,"Pyragėlis Lankelis su bananų skonio įdaru",0.49,https://imgproxy-retcat.assets.schwarz/plqvPnYX18-N95XIcMLsx37KsuuT08hF6HXwMtkOci0/sm:1/w:427/h:320/cz/M6Ly9wcm9kLWNhd/GFsb2ctbWVkaWEvbHQvMS84QzFCQkQyQzVERUM0N0JGQ0I0MzUwNzl/FRkJBRDE1NTIwMEIxMUQzODEzRDRBRTE0NzZERDQxNjM3QzU3RkFFLnBuZw.png
Lidl,"Spurga su karamelės įdaru",0.49,https://imgproxy-retcat.assets.schwarz/fbaN45bn1IR6l0G9b1pqWiwOSNIxvD6BeYqKIRgSqJc/sm:1/w:427/h:320/cz/M6Ly9wcm9kLWNhd/GFsb2ctbWVkaWEvbHQvMS9EM0Q2QUUxRUE3NEZFQ0FEOTJGODk2MDl/CMDRENzQyNTRENERENDkxQUI0Qzk3QUQ5ODkxMDM1NzkzNTI3NTJELnBuZw.png
Lidl,"Ant kraiko laikomų vištų kiaušiniai",2.19,https://imgproxy-retcat.assets.schwarz/aH0YEbp4-URVor_Durch2kaP1GfiRLV56nHsK69jPZU/sm:1/w:427/h:320/cz/M6Ly9wcm9kLWNhd/GFsb2ctbWVkaWEvbHQvMS8wMDMyNzY2N0I2NUVFNzA5RkE5NDJDMDZ/EMDg2MUQwN0Q2QjgxNEMyOTA3Q0U1QzMyMDY4MjNDRTBFNTZGNTU2LnBuZw.png
Lidl,"Raikytas „Sostinės“ batonas",1.29,https://imgproxy-retcat.assets.schwarz/3lmq766pKICEBOR3BAtQJVd9r4Mk3j1RHQ5mb_DJ_7Y/sm:1/w:427/h:320/cz/M6Ly9wcm9kLWNhd/GFsb2ctbWVkaWEvaW50LzkyNkU0Nzk4MTIyQTgxQ0VCM0U0MkRBME/JEOEE5NUE2REUzNjU2RTcxOEJEMjRGNzYzQTg1MDRDNjZBMTVFMUEucG5n.png
Lidl,"Tualetinis popierius Comfort XXL",1RIT.=0.18,https://imgproxy-retcat.assets.schwarz/4wuLJ7Fip9o-LTAmTwS_O7sU7L57GEID3qrcPR_jZ9I/sm:1/w:427/h:320/cz/M6Ly9wcm9kLWNhd/GFsb2ctbWVkaWEvbHQvMS84REFDQTNENjBCQzk2QjRERUE3OUE2M0I/xNDgxMUI4MjI1MUUxNURENUZCQkM3QUQwMjU5NDBDODJBQTk2NjFFLnBuZw.png
Lidl,"Šaltai rūkyta „Kumpinė“ dešra",5.49,https://imgproxy-retcat.assets.schwarz/2nTd_Lz5RCBKukTGPGqGGfEmr8MaaQoBCb9phifL5Hg/sm:1/w:427/h:320/cz/M6Ly9wcm9kLWNhd/GFsb2ctbWVkaWEvbHQvMS8wQUE2RTcxQTY5QUFDMzFDMkJBRkIyN0E/yREQxMzE5Rjg3QzZBNTAwMTA0QzEyRjlEQkQ5NkIyOTg1MUVDM0NFLnBuZw.png
Lidl,"Kalėdiniai saldainiai",KAINANUO3.69,https://imgproxy-retcat.assets.schwarz/iPO96m_ztD7FvaR6A3FmFjW24ehSCjuJuJiqA1USDnk/sm:1/w:427/h:320/cz/M6Ly9wcm9kLWNhd/GFsb2ctbWVkaWEvbHQvMS83NjRENTRGMUQwNUI1MTZFNDM4RUU1RTQ/4QUY2MDY4Q0RCNzk4Rjk4RUI4Q0VBRDhERDdFQTA5NUEzQ0NFNTIzLnBuZw.png
Lidl,"Kefyras High Protein",1.59,https://imgproxy-retcat.assets.schwarz/FOjbtkwwn0RBrkPO5DUXcKGY-_lXBuzjqg9i7ObtBtA/sm:1/w:427/h:320/cz/M6Ly9wcm9kLWNhd/GFsb2ctbWVkaWEvaW50LzM1M0U4NTM4NzUwMEMxMUIwMEZERUQzRT/M4Nzg1NkUzNjc4Nzk3RDRBOTAwNDJFREE3NzUwM0U4NjcxNkYzMjQucG5n.png
Lidl,"Varškės desertas su želė gabaliukais",5.99,https://imgproxy-retcat.assets.schwarz/ogIy8ve1fStIwDX7u2RlYQU9uuf7jKl5WCKnIFlGbnk/sm:1/w:427/h:320/cz/M6Ly9wcm9kLWNhd/GFsb2ctbWVkaWEvaW50LzU4NUFFQzNDMkM5RTIwRTQ4NzBFQ0MzMD/NDNTEzQUM0MjE5RUY1RjcyOEE5NjBGNkREQkRDRTJDQTBFMUU3OUQucG5n.png
Lidl,"Putėsiai Profeel",1.59,https://imgproxy-retcat.assets.schwarz/2mbulVKC6Pu4X8Z0RLoJn9TpQH-2crg_C5vRwsV7TIs/sm:1/w:427/h:320/cz/M6Ly9wcm9kLWNhd/GFsb2ctbWVkaWEvbHQvMS8yRUU1MzE1QjEzQkFGRUZFRkU0OTE1M0E/wNzkwQ0YyNUY2REJFMjI4MEVCMzg5NUJERTkwNkM2MUJFMDIzNkU5LnBuZw.png
Lidl,"Pica",3.59,https://imgproxy-retcat.assets.schwarz/05PpLM6EmClaFcSpdLdwS3F6kvs134ezSnRGiQdOIYA/sm:1/w:427/h:320/cz/M6Ly9wcm9kLWNhd/GFsb2ctbWVkaWEvaW50L0ExMTA0NUE3RkUwMzhDQzUyMDAyQTkzRD/k3MkY5QTNDQzc0Q0E0QUUzQjMxQjUxN0IwNTM0NzUxMTQ5RTlENDYucG5n.png
Lidl,"Silkių filė aliejuje",4.49,https://imgproxy-retcat.assets.schwarz/2PmLf54EumcV86KW9Og-L6KWw7HdSn91RAEOX2uLjUI/sm:1/w:427/h:320/cz/M6Ly9wcm9kLWNhd/GFsb2ctbWVkaWEvbHQvMS8yMzIwNzg1ODkyRURCQjFDNkNEMzI5RDZ/BNTdEMUUxMUQ1NENDQkU0NUQzRjFGNTU4NzREQTI2RjVDMjUzOEM2LnBuZw.png
Lidl,"Koldūnai su mėsa ir žolelėmis XXL",2.79,https://imgproxy-retcat.assets.schwarz/qvn4Ktb6llBAoBQIEhjOG1nL7fCSlyEnerooD4d_9-s/sm:1/w:427/h:320/cz/M6Ly9wcm9kLWNhd/GFsb2ctbWVkaWEvaW50L0QxOUQwMTVCOUU2RUZBRjBBRDAwQkU0MD/FEQUEwQUQ2MDE1MDg1RDQ0QkI1RUZEODJBOUMwQjhBQjA1N0RCQkEucG5n.png
Lidl,"Plombyras mėsainis / spurgos",3.49,https://imgproxy-retcat.assets.schwarz/jXq1vtlp_SjC7cu0YDT_8u0NwO709rKMbkX0t_MPHto/sm:1/w:427/h:320/cz/M6Ly9wcm9kLWNhd/GFsb2ctbWVkaWEvbHQvMS9FQjA5NjNCMEMzOTA1QTg3MUQwNzZCNTE/yQ0Q1NjUyNjk4RkI2MUNDMjg2OTVBQTAzMDY0QTBFNjQ0QTA2MzFDLnBuZw.png
Lidl,"Vištienos krūtinėlės juostelės su padažu",4.99,https://imgproxy-retcat.assets.schwarz/cYiX5t8iU2r9gy8D8aKxabmHT8Q2w2GAc1rP57IT19s/sm:1/w:427/h:320/cz/M6Ly9wcm9kLWNhd/GFsb2ctbWVkaWEvaW50LzE1QkI0RTcxREMwMkQ4QzE2NkIwMzFFMj/FEMDA4RjkwRDAyQTI0MjIxQ0VDMEQ2Q0IyNDJFQjdFMkE0NjI0ODcucG5n.png
Lidl,"Silkių filė be odos „Matjes“",4.99,https://imgproxy-retcat.assets.schwarz/AV1uRp9e4BqWYco51y3TWvh_UG4xeXCNm0PjdOrrgSE/sm:1/w:427/h:320/cz/M6Ly9wcm9kLWNhd/GFsb2ctbWVkaWEvbHQvMS9EMkM3MDA2MENFRDI2RUEzNDJBRTJGQkV/EMDc5NUQ3RkM3QzcwMUI4MjRFQjZDMUNBM0IzNkZCMkY3OEUzNTczLnBuZw.png
Lidl,"Karštai rūkytas jūrų ešerys",8.99,https://imgproxy-retcat.assets.schwarz/JbzSiB1rBom2nPO5JR2mQ_ljxILqpZ4r5uxBvrrKVn4/sm:1/w:427/h:320/cz/M6Ly9wcm9kLWNhd/GFsb2ctbWVkaWEvaW50Lzg1Q0RGQzg3QUNFQzVGODU4MUYwOTA4Nj/BCODI0RUMxOTI4QTM1MDhGNzQ1RDFDODlENUE2MkNFQTYyODUyMTYucG5n.png
Lidl,"Traškus bulvių arba kvietinis užkandis",1.19,https://imgproxy-retcat.assets.schwarz/AA9uv8aY1ywkP6LZy-Cr66v80c4QlSX_KinlfzyuttU/sm:1/w:427/h:320/cz/M6Ly9wcm9kLWNhd/GFsb2ctbWVkaWEvbHQvMS81MUNBNUY5MkI5OUYyQ0Y4OUJFRjg3OUI/yNkYwODNDREE0RkJDMDZFNDJFOTcxMjAwRjcxNUIwRDYwOTlCMkM1LnBuZw.png
Lidl,"Šviežia išdarinėta lašiša",7.99,https://imgproxy-retcat.assets.schwarz/Bdl_rW3RjeSfbHQ0hc-731gPuMMrZNLZRL3xawE8g08/sm:1/w:427/h:320/cz/M6Ly9wcm9kLWNhd/GFsb2ctbWVkaWEvbHQvMS8xMkRGQTQ4NTJFMTY4M0YzNDdCRkVFQkQ/xQzc0MzkyNkZCQTYzRjEzRkRCNEE2NTU2RDk3OURBNjU0RjJEQjA5LnBuZw.png
Lidl,"Įvairių vaisių gėrimas, 100 %",1.75,https://imgproxy-retcat.assets.schwarz/WNToVb6jRWMcHsAu8SxD69SBrCYpkPSrZ_XeTGNIlVY/sm:1/w:427/h:320/cz/M6Ly9wcm9kLWNhd/GFsb2ctbWVkaWEvaW50L0U0QUM2RTc3QzA3NjlBQzYzMkE5QkNCRU/FFNkE3MDgyNkZERDA3QjQ2MDc2Mzc0NDc2MDhGRjFCNUUwRkQ5MUMucG5n.png
Lidl,"Atlantinių lašišų filė kario marinate",14.99,https://imgproxy-retcat.assets.schwarz/ES3kJ2Ez4ECUSJW7WSwE3q34vZZQfO3eWrOBxRfDzz4/sm:1/w:427/h:320/cz/M6Ly9wcm9kLWNhd/GFsb2ctbWVkaWEvbHQvMS8wQzU1Q0EzN0E3RDNCNEQ0NTgzNEJFREQ/zQjY4QUQ4MkZFNjFCMzFDREI0OTAxNjJCRjk0QkJBOTBEREQ5NTlELnBuZw.png
Lidl,"Gazuotas mineralinis vanduo",0.49,https://imgproxy-retcat.assets.schwarz/aWtUkwqg0Pxkzo0AieL3xsCRDyDKy44u6_Mkv30trfg/sm:1/w:427/h:320/cz/M6Ly9wcm9kLWNhd/GFsb2ctbWVkaWEvbHQvMS9FMjA3MkVEOTE5OTRGMDQ2RUVFMzBGRkR/BODRGQjkyNTk5NjJCOEFDODQ0M0VGOEMwREU2NDEyRTQxM0U2MDlGLnBuZw.png
Lidl,"Gazuotas gaivusis gėrimas Original",2.99,https://imgproxy-retcat.assets.schwarz/vDdiIIxtT3NQhwko-ykn8dwzl5NhkMMyaqpz-NsVd08/sm:1/w:427/h:320/cz/M6Ly9wcm9kLWNhd/GFsb2ctbWVkaWEvaW50LzdCMkQ1RjlDQ0RCMEQ4NDY2Q0RDMDNEQU/U3QTUyMEIwNzkzREQzOTczREQ3Nzg1OEJEQkQ3RTZCRUJEODhENDcucG5n.png
Lidl,"Energinis gėrimas",0.99,https://imgproxy-retcat.assets.schwarz/VgedHy-Rr16zqqek4VVFCYgzKUzmBcqknwjy44tpEIQ/sm:1/w:427/h:320/cz/M6Ly9wcm9kLWNhd/GFsb2ctbWVkaWEvaW50L0UxNkY3ODFCM0E5NjQ4QTg3NUZFNTJGOT/cxMTE3Nzg5NjQ1MThGRjA4QzJDNUIxNzQwOTA4RkQ0RkMzMEE3RTcucG5n.png
Lidl,"Sausainiai",0.59,https://imgproxy-retcat.assets.schwarz/FqkunDInR8xvw9fOOKsxHPgXGqJYNWDGYwkyc38Sk4g/sm:1/w:427/h:320/cz/M6Ly9wcm9kLWNhd/GFsb2ctbWVkaWEvaW50LzlDMjI5QTVGRDcxQkZGMzgzQTZBNkVCNE/ZERDhCMUI4NjgxNTNCQTQ2NjVDOUI2NzgxMzBCREM4QzVGRjI3RTIucG5n.png
Lidl,"Apelsinų skonio imbieriniai sausainiai",1.45,https://imgproxy-retcat.assets.schwarz/MVyiP_LaE9uQN1YAojIDcv0oZpyMKS0cfqhwubqsPaQ/sm:1/w:427/h:320/cz/M6Ly9wcm9kLWNhd/GFsb2ctbWVkaWEvbHQvMS9CRUUwODM4RTM4NjA4NDJGQTZDMTUwMDd/GRjRFMDNEMjJGRkI4OENGNzdGQUNGRDkyNEZDNkFBMkY3MTdCQ0VFLnBuZw.png
Lidl,"Kopūstų salotos",1.29,https://imgproxy-retcat.assets.schwarz/ng8VJLsAfprQ45fCKfdnsi1QMnLHhnbpZQiBKQ8kuu0/sm:1/w:427/h:320/cz/M6Ly9wcm9kLWNhd/GFsb2ctbWVkaWEvaW50LzY2RUVFNTVBMkFGNERBRjk0QjlCNjRGRU/VGMkY3NUFFRjNDNjZBMjBBREQ0MDg0MEE4Q0JFOEE0MTY4NzBENDcucG5n.png
Lidl,"Tirpioji kava „3in1“",5.49,https://imgproxy-retcat.assets.schwarz/ZkV08fhxcnbLden2Hk3jlUcAz9XX6lFMUZVkQVFI3KQ/sm:1/w:427/h:320/cz/M6Ly9wcm9kLWNhd/GFsb2ctbWVkaWEvaW50LzE2NjNBRUYwQ0VGRjkxRENERTY2N0QwMz/E0M0QwNUZCODM3OTEyRUVFMTUzN0Q3RTc3QzQxMEZEQzI5Q0Q0MzAucG5n.png
Lidl,"Šviežia sluoksniuota tešla",1.39,https://imgproxy-retcat.assets.schwarz/yz6yS3yBrebuMtnWvP3itC0ywAt4BvZwBNF628RyZH8/sm:1/w:427/h:320/cz/M6Ly9wcm9kLWNhd/GFsb2ctbWVkaWEvaW50L0E1NjUwOUI5NzI1RjI5QkFGMjY0QjJCME/M4MTg1MkIwQUNBQ0MwRjA0Mzc1MDVFQjZFNzY1Rjc2NjU5NzFFMUEucG5n.png
Lidl,"Klevų sirupas",5.39,https://imgproxy-retcat.assets.schwarz/mnoqCm6uP8n57dYv57DtZznBGtsO33hsCYkoVSwiO2I/sm:1/w:427/h:320/cz/M6Ly9wcm9kLWNhd/GFsb2ctbWVkaWEvaW50L0U0QkQ2RjFCNkRDNTIzN0UwMkQ4MTJDRD/U0OUNCQjIzNzkzNjY5NTVCOTU5RjQwRTE2REU2RDNBNUIxMEQ4OEYucG5n.png
Lidl,"Tiesioginio spaudimo įvairių vaisių sultys, 100%",2.69,https://imgproxy-retcat.assets.schwarz/FFOSOUmiUqs7ueHicy_RZtVPwsQZEHdfNCfmbKrvFVE/sm:1/w:427/h:320/cz/M6Ly9wcm9kLWNhd/GFsb2ctbWVkaWEvbHQvMS8yQzMyMzM2QURCMUU5Mjc1N0ZCQUFGNzE/1MzQ4NDY5MzdDNTBEMEQ5QzM3OTIxNDc1MkM2RjZEOTFGRTlENkJBLnBuZw.png
Lidl,"Kalėdinė saldainių dėžutė",2.99,https://imgproxy-retcat.assets.schwarz/bkf3ayNmuOpQr4F1nBxvsKoDxnPsc7fyXoUt7AKCEko/sm:1/w:427/h:320/cz/M6Ly9wcm9kLWNhd/GFsb2ctbWVkaWEvbHQvMS81NDk4QTE1MTQwOThCRDdGMTgyOTJCRjY/0QThDMzY2MzJGOEJCODI0QUVEMjk2QzMyQjkyODI5Mjg4MDkxQzdGLnBuZw.png
Lidl,"Vyšnių skonio vaisių juostelės",0.45,https://imgproxy-retcat.assets.schwarz/R8gVCefbR6xGmjhfl0fj2DKCGGwxgmxeuAkaTF0y1vw/sm:1/w:427/h:320/cz/M6Ly9wcm9kLWNhd/GFsb2ctbWVkaWEvaW50L0UyN0M1MDM1QkJEQzEzQjVGM0EzRjY5NT/NENEE0QUVCRkY0NDc3RDFDODgyNzhCQzExNjQ0RjM4Nzg2RTQ0QzEucG5n.png
Lidl,"Saldainiai su irisais",7.29,https://imgproxy-retcat.assets.schwarz/ghc6guYB2XGRta4Eof0VpbTsVYyr0kqzF3IBKGlPiJo/sm:1/w:427/h:320/cz/M6Ly9wcm9kLWNhd/GFsb2ctbWVkaWEvbHQvMS9CQTRCMUIxM0Q4MzE3MUUxOTU0ODYxNzI/1NTY5Mzk1MzA5RkY3OUE3Qzc2Mjc2ODExQzQxNjI0MUFDNTk5NjBELnBuZw.png
Lidl,"Skanėstai katėms",1.99,https://imgproxy-retcat.assets.schwarz/CuDn1yJaYTOrvaM6kO1NknqlI_QPocsTcwPkLvCukvI/sm:1/w:427/h:320/cz/M6Ly9wcm9kLWNhd/GFsb2ctbWVkaWEvaW50L0U5ODlBOUI2RjgzMUEyRjFFMDZEMTEzQT/NGMEFCREEzMDRGNTEyNTU4Q0Y1NkNBNTI1Njc0OUYwRjcwNjhGQ0QucG5n.png
Lidl,"Lietuviški raudonieji burokėliai",0.49,https://imgproxy-retcat.assets.schwarz/SigvXgVbXyMfxTInozKjjCtcvMFnFx-vvZOcon8nhKU/sm:1/w:427/h:320/cz/M6Ly9wcm9kLWNhd/GFsb2ctbWVkaWEvbHQvMS81REQzQUI2QUFCMEEwNTU1QTAwQTFGMjY/zRUVCREZFODU5QTc1QTU1OTVDOTFEMEU3NEYyRTc2MDIzRUI5NEE1LnBuZw.png
Lidl,"Švieži kiaulienos sprandinės pjausniai",6.99,https://imgproxy-retcat.assets.schwarz/vqJIbOuImBnmr21ALGFwYK2x9edx90iPrzJHZ5xB8WI/sm:1/w:427/h:320/cz/M6Ly9wcm9kLWNhd/GFsb2ctbWVkaWEvaW50L0E2OUI4RDVCOTYyRkU0REQ5RjNENDMzOD/FCRDhFN0VBOUZDMzE2Q0VGQ0FFQ0E2MjhDRkIxODdENDI4QkE2NTgucG5n.png
Lidl,"Šunų pašaro dešrelės",2.89,https://imgproxy-retcat.assets.schwarz/zOViYZFD0oDzL8nVEG28pdh3LErb_10wp2vF3TiUi0Q/sm:1/w:427/h:320/cz/M6Ly9wcm9kLWNhd/GFsb2ctbWVkaWEvaW50Lzk1RThGQTVBMzIwMDE4QUQyQzdEMTAzME/ZGNkE4MTdFNzBFMzk4RkU0NDJGRTM5MTMxQkFEQjQwM0MzQTk1ODgucG5n.png
Lidl,"Grietinė 30 %",1.19,https://imgproxy-retcat.assets.schwarz/9KLiphw86cMgzDH1o9qcuvIb7powPu7Vs9zztG1mLFQ/sm:1/w:427/h:320/cz/M6Ly9wcm9kLWNhd/GFsb2ctbWVkaWEvbHQvMS82OTg2QkNEMzdBQzc2NDhFRUQxOUQxMUJ/CRDZFM0RGRTcwREJCRDFDMEZERURBMUJCMUU5OUM0NzI3NEY4QTM2LnBuZw.png
Lidl,"Drėgnas pašaras šunims su kalakutiena",1.45,https://imgproxy-retcat.assets.schwarz/21uBKy-SJ7bZrdhHg1vmYEyD41y33YOPuLmk48yeD2w/sm:1/w:427/h:320/cz/M6Ly9wcm9kLWNhd/GFsb2ctbWVkaWEvbHQvMS80RDIyRDg3Q0E0MDVGMjZCRUZCNzA4RTA/yOUE1NDc3Q0QwNDZENkYxNUM3RkQyMTc1OEM1NkI2Njg5NDE1QjcxLnBuZw.png
Lidl,"",„Dentalux“burnospriežiūrospriemonėmssuLidlPlus-30%,N/A,https://imgproxy-retcat.assets.schwarz/PZeorWWl2V1qf5aCKBWe2jG_KlzpPB85NgK7muJEC4w/sm:1/w:427/h:320/cz/M6Ly9wcm9kLWNhd/GFsb2ctbWVkaWEvbHQvMS85NkVEOTAzODAzNjAwMTk1Q0EwQTQwN0M/wNjlEQjQyOEJGMTEwNDY5RDgzOTk1REU3QjY2NUMxQkRCMDcyMUU2LnBuZw.png
Lidl,"",„Purio“šiukšliųmaišamssuLidlPlus-20%,N/A,https://imgproxy-retcat.assets.schwarz/oZ_n6BPrVUQgBffK1zfYfWa2XwQigebPQQAXqS2KEzA/sm:1/w:427/h:320/cz/M6Ly9wcm9kLWNhd/GFsb2ctbWVkaWEvbHQvMS83NjBEOEMyNDQ1RkQxMTcyMEFFODRERjh/GMEM1QTBGMzdDNDI2NTM5RDNFMjcwOTNEOTQ5QzBFNUM4NjZCQ0ZDLnBuZw.png
Lidl,"",„ChefSelect“šaldytiemslietiniamsirblynamsSuLidlPlus-20%,N/A,https://imgproxy-retcat.assets.schwarz/BujWebhCh8Dvtig2evvLwhRDrBEFVWCkFtCd7LT9ngY/sm:1/w:427/h:320/cz/M6Ly9wcm9kLWNhd/GFsb2ctbWVkaWEvbHQvMS8zMEY1Qzg3MUM0ODUzM0FCOTFBQUM0Qjd/FOTcxNEE2RjgwRTk0M0ZEMjBFMUMyNjlDRTQwNzAwMDA5OEQwMjlBLnBuZw.png
Lidl,"Žaidimo rinkinys „Gėlės“",14.99,https://imgproxy-retcat.assets.schwarz/WK60mIRQecSqsomV51-KXf0XX8KGmhdfA7dKo6mB478/sm:1/w:427/h:320/cz/M6Ly9wcm9kLWNhd/GFsb2ctbWVkaWEvaW50LzVFNTNFQUUzNTU0NUM3RDMxMjEwQTAzQj/Y1RDU2N0Y3RkVFNTZEQzc5MUQ5MDM0QUJCQkE1NDk0NzMwNzQyOTAucG5n.png
Lidl,"Purškiamas valiklis",KAINANUO3.29,https://imgproxy-retcat.assets.schwarz/pjX2T_iuImF9YlR0H82BbLcMXPp3NrxY7ibIA3F4QzQ/sm:1/w:427/h:320/cz/M6Ly9wcm9kLWNhd/GFsb2ctbWVkaWEvaW50LzM1RThCNDRDOTg1NkI4NEE5QTg3RDY3NE/MyMUM5RjE3QURGOEEzN0MzN0E3QUQ4REQwQUY2QTdFRDEyNzRFQkUucG5n.png
Lidl,"Lietuviški raudonieji svogūnai",1.19,https://imgproxy-retcat.assets.schwarz/_0CwF-FxlhW29q_AstEYuASJXqBMKzO_zZBTqBV2PQA/sm:1/w:427/h:320/cz/M6Ly9wcm9kLWNhd/GFsb2ctbWVkaWEvaW50LzFDRkI3NkI2MDNBM0NCODRBNzk2NkM4Qz/UxODNBQ0M5OEM3MzU1QzQwQUI4ODFBMDJGMUUzMzE5RTdBRjRENDIucG5n.png
Lidl,"Šukutės su sviestu, česnakais ir petražolėmis",7.49,https://imgproxy-retcat.assets.schwarz/N3awYXqw6KfuI3zFEplZUmBSPKp8eqSpF6Y21Vq4xIk/sm:1/w:427/h:320/cz/M6Ly9wcm9kLWNhd/GFsb2ctbWVkaWEvaW50L0QzODdGQzg1Q0QwNkRFMzYyQzE5NzNFNE/I2QzUwNzQzRkY4MkFENTcyMjYwNDc2OTk2OURDNTRBNTE3NTQwQUEucG5n.png
Lidl,"Viduržemio jūros regiono stiliaus kalmarų ir daržovių užkandis",2.99,https://imgproxy-retcat.assets.schwarz/_b-uCfr4wCt5DdIHztBBkcA3N-4DF6lPf_nXRec7-pk/sm:1/w:427/h:320/cz/M6Ly9wcm9kLWNhd/GFsb2ctbWVkaWEvaW50LzdGOEU3RDAyQjIyOEJCOEE2MDg2MjgzNj/c2RTZEQjZBMUIxNDlGODk1OTE0MTdEMDA4Q0Y3RDA4NUU1QUI5OEMucG5n.png
Lidl,"Padažas",1.99,https://imgproxy-retcat.assets.schwarz/lbQIClVokdtmKBjgU9wWWnCFsqcBofw07tHYZDpNjAg/sm:1/w:427/h:320/cz/M6Ly9wcm9kLWNhd/GFsb2ctbWVkaWEvaW50L0Y1NThFRjNEQ0ZDMkRGOTU4QkIyQTI3N0/YzNjExN0MwMTJGNjM3QjQyMkI2NjAzRUI4QkU5NEVEREMyN0ZCQkMucG5n.png
Lidl,"Datulės apvyniotos kiaulienos šonine",3.49,https://imgproxy-retcat.assets.schwarz/bxd80Wa7Ov2PjklZNRHFJ6Ha4zh4Yyep-vdrAmta5vw/sm:1/w:427/h:320/cz/M6Ly9wcm9kLWNhd/GFsb2ctbWVkaWEvaW50L0Q1NzQwNTg2MjUwQUFDNThCMzA1RjRFNT/RGQkZBQUU0NjFDNDU4MjgwMUMwQUU5NEI3MkU2RjdEMjZFRTk5OTcucG5n.png
Lidl,"„Coppa“ vytintas kumpis su kadagio uogomis",2.99,https://imgproxy-retcat.assets.schwarz/mZe7j9_x8GJnwqw-YdxyozYpS9fuPFDnUWaNsfCsF48/sm:1/w:427/h:320/cz/M6Ly9wcm9kLWNhd/GFsb2ctbWVkaWEvaW50L0Y2QzMzNjE2MjIyNjg1MjIxQTc5MzQ3Nz/czRTk1MzJBNzdCMDY1QTUxM0Y0N0MzNzMzOUJBMTBENkU3QkUyMjgucG5n.png
Lidl,"Puskietis sūris",3.69,https://imgproxy-retcat.assets.schwarz/4I7cIQdfg02YyUymeLXQ5hzZnnxPyBZmO7oTNGyiaHw/sm:1/w:427/h:320/cz/M6Ly9wcm9kLWNhd/GFsb2ctbWVkaWEvaW50LzA4M0QyRUQzOEYyODY1QTU3MEE2RDVFNT/dENDNERjA1MEYwRDA0NDUwNEMzMThDRDM2QjYzMDc4MzVGRjE1NkQucG5n.png
Lidl,"Žvėrienos saliamis",4.99,https://imgproxy-retcat.assets.schwarz/4T8fD43PJKor-tqCJhhWEKUsrEQHo5mhy2gCt9fmQVM/sm:1/w:427/h:320/cz/M6Ly9wcm9kLWNhd/GFsb2ctbWVkaWEvaW50LzE3NTdBNUZGREZGMTc0OUFDMjAyMTg2Mj/c3MDM5NDZDQkQ2RjlCODM1NUNGNURGMUE3MTVFMjBCQTIwMDdDNEYucG5n.png
Lidl,"Kepenų paštetas su želė sluoksniu",2.59,https://imgproxy-retcat.assets.schwarz/Hz8NlofduKkyeTWGa2D8zVKTNli89wPAhbW65gHPXyQ/sm:1/w:427/h:320/cz/M6Ly9wcm9kLWNhd/GFsb2ctbWVkaWEvaW50LzREMjhBODYyQ0QwMUQzNzBERTNBOTM2OT/BEODEyNDY4RDkwNTE0RTM2NEIwRTJBQ0QyN0Q1QkRDMUNFMkZEN0EucG5n.png
Lidl,"Vytintas kiaulienos saliamis",2.29,https://imgproxy-retcat.assets.schwarz/GPgh2agQULdcUT5_6CoQnQhRMusC-kYxImTQuwn7lNI/sm:1/w:427/h:320/cz/M6Ly9wcm9kLWNhd/GFsb2ctbWVkaWEvbHQvMS9GQThBMTZGMkU0NzcwMjBFMTU1RjJGNjQ/wMENDOTYyRUVEN0NBNkRBQjdGRUVCNUJBOTNCMTE1Q0YzOEQ3QzNCLnBuZw.png
Lidl,"Šviežio sūrio užtepėlė",2.19,https://imgproxy-retcat.assets.schwarz/5YQf0ZeJeHTNN-m2I_Ge5b9DQWyRBXYDR3eT5PZGswg/sm:1/w:427/h:320/cz/M6Ly9wcm9kLWNhd/GFsb2ctbWVkaWEvaW50L0MzOEREMEVCQzA5MDY5MERBMjU4MzJFOT/ZFOUI1QzRBQTkwMENCQzQzQjM3ODU1RTdBMTIyNjREMzFDOTQ5MkIucG5n.png
Lidl,"„Tarallucci“ sausainiai",1.79,https://imgproxy-retcat.assets.schwarz/H7BEy9ylmXX7aZ8QhgzDZonZvS92zVUvZQ_PU6yETZQ/sm:1/w:427/h:320/cz/M6Ly9wcm9kLWNhd/GFsb2ctbWVkaWEvaW50LzQ2Q0UyQjI3OTEyQjdEMzA0N0YzRjQ4M0/ExMjMzM0Q5M0ZGNTBBOUZBQ0MwRTU0M0UxQ0JERDNDNUIyRDNEM0QucG5n.png
Lidl,"Itališkas imbierinių sausainių desertas",2.19,https://imgproxy-retcat.assets.schwarz/PBil7M01nkdZCqwtECIwdC9Pu1ly0BLJAtui6uXp9IE/sm:1/w:427/h:320/cz/M6Ly9wcm9kLWNhd/GFsb2ctbWVkaWEvbHQvMS9GNjQ3MjFCQjY5QkY5RDNDREFCN0RGMUN/GQTQ5NEUwOENDMUJBOTRDNTQzMTQ5RTMxRUY4OTdBNzFCOUFEQUVCLnBuZw.png
Lidl,"Desertas su maskarponės kremu ir pyrago „Panettone“ gabalėliais",2.69,https://imgproxy-retcat.assets.schwarz/ZeqGFZtQff6zaLyYQJHn3DsZfV71n8neqXoH3e9Whwc/sm:1/w:427/h:320/cz/M6Ly9wcm9kLWNhd/GFsb2ctbWVkaWEvaW50L0M4RjM5RjM3RTYyQTg3RDhFOUYxNTEyND/U0MjZCNjJGRTI0OUFCQjg4MUVGRkQ5NjQxNDhERkQxQTY4NTY5OTYucG5n.png
Lidl,"Lazdynų riešutų ir pistacijų kremas",3.99,https://imgproxy-retcat.assets.schwarz/ScZrE8wjFwi1tCAN20yK3W4a5700a4N-piNlEgl_D0s/sm:1/w:427/h:320/cz/M6Ly9wcm9kLWNhd/GFsb2ctbWVkaWEvaW50LzNCNjY0NjIxRkE2MTUzRkFBMUYzM0UwRU/VCMEQyODgzRkIwQzI3NUJDRURFODRDQUU1NERERjVCMEY4Q0Q4Q0UucG5n.png
Lidl,"Pyragas „Panettone“",10.99,https://imgproxy-retcat.assets.schwarz/8xL5hbQ7deWekB43-f1MHW6Lm_5POCKQ9IoMz28Vdgk/sm:1/w:427/h:320/cz/M6Ly9wcm9kLWNhd/GFsb2ctbWVkaWEvaW50LzgwMUQ2N0M2RTEzREI2RTI0Q0MxQjZEQk/M2MzA2QkExNEY1NjdEMjVEMjRFODZDOUIxN0VDMURBQ0Y3QzhBOTAucG5n.png
Lidl,"Kavos pupelės „Barista“",8.99,https://imgproxy-retcat.assets.schwarz/t_8-nP3lnvgJUIUO6DYl3DAfx6E24Rz0ouegk7lS1Dw/sm:1/w:427/h:320/cz/M6Ly9wcm9kLWNhd/GFsb2ctbWVkaWEvaW50L0ZEMzczOENFQkVDNzMyN0MzQTRBRTg0ND/BFRTI5N0Q3Qjg1MERDMUIyMTNEMkFEMTExOTcxQUE5Q0Q2MUNGMzYucG5n.png
Lidl,"Rikotos desertas",2.29,https://imgproxy-retcat.assets.schwarz/xyEXilARM0O_6Cs0Q0vjq8Ouw0sYKjW1CD42NLV4ZEU/sm:1/w:427/h:320/cz/M6Ly9wcm9kLWNhd/GFsb2ctbWVkaWEvbHQvMS83RDlENjM4MzVFRUI2MDgwMzhFNTk0NUN/FOTQxODRDRDk1MDk5RUE3MkVDNUU4RjY1RjkxMDZBOUUwM0VGNTY0LnBuZw.png
Lidl,"Panettone pyragas su sūdytos karamelės kremu",9.99,https://imgproxy-retcat.assets.schwarz/mHAPTGYJLfA7W9xBE3-rxQpvGJ_yVx8DHfiN632hbKU/sm:1/w:427/h:320/cz/M6Ly9wcm9kLWNhd/GFsb2ctbWVkaWEvaW50LzczNEIzQ0Q3Q0VBMkYyOEZEM0M1NjE1ND/cwNEM0ODQ4REZBQ0UwNTExNEZDQzZCMDc1NUY4N0EzRjJCNjc1OUYucG5n.png
Lidl,"Desertas su grietinėlės putėsiais",2.49,https://imgproxy-retcat.assets.schwarz/6S0ZhJZ4_c6YTRIVZwlsvB6XcRK29YkSr3ev0U5CPU0/sm:1/w:427/h:320/cz/M6Ly9wcm9kLWNhd/GFsb2ctbWVkaWEvaW50LzQ2Q0JFM0QxMERBMjQyMTVBRjhDRjg0Nj/g1OTEyQkU3OEE4M0RBNkExMjcxQzRDNzRGOUFCQ0MwMUUwREJFQjIucG5n.png
Lidl,"Makarunai su pieniniu šokoladu",4.99,https://imgproxy-retcat.assets.schwarz/7RxF7PHLcbZhY6mdtMttS4AKIj7zApVQhP4nfASgH98/sm:1/w:427/h:320/cz/M6Ly9wcm9kLWNhd/GFsb2ctbWVkaWEvaW50L0M2RUUwMUUxRkREOUREMUVCRjc3RDYyQ0/VFNzc3OEFCOUFCOTAyQTRCNUJBODk2MjQwNjc1MTNCNkMyNTQyMUEucG5n.png
Lidl,"Ledų desertas",1.49,https://imgproxy-retcat.assets.schwarz/nWuDq6PNvWAcp90s_dBme-T5HyQ7aaRADyyNYfPyXIU/sm:1/w:427/h:320/cz/M6Ly9wcm9kLWNhd/GFsb2ctbWVkaWEvbHQvMS82ODhCNTM5N0I1OTcxQkQ5OThDMkIwNTc/yMjMyM0Y5RkZDQzE2Q0U0RTJCQ0YzMDkwMDgzRjBBNDg2NTBFODJELnBuZw.png
Lidl,"Liofilizuotos uogos, aplietos šokoladu",3.49,https://imgproxy-retcat.assets.schwarz/ylW4dDgvu_6sJdr7EcWJcX-F3hf4nNnnriK0SCFshJY/sm:1/w:427/h:320/cz/M6Ly9wcm9kLWNhd/GFsb2ctbWVkaWEvaW50L0I0RTkyMEY1NDdFREM4OTMzQkE4ODMyQz/lCRTkzREVFNEQ5MTE0NTQ4MEI1NUIzOTY1RkZGOEMxN0NGMDZCNDIucG5n.png
Lidl,"Kuprių filė su padažu",2.99,https://imgproxy-retcat.assets.schwarz/Y-KBly6UD8yw7kwMixgudFwKhjr9izUP6eqSCq5Gi0k/sm:1/w:427/h:320/cz/M6Ly9wcm9kLWNhd/GFsb2ctbWVkaWEvaW50L0ZBMURGM0ZBQzRGMzg2NzBFNEJENTBEND/RCMjZGM0ZFNDkyNjEzQjE0NzlENzdFQjJBRDVERUJERjcxMDNGNzMucG5n.png
Lidl,"Desertas su šokoladu",1.59,https://imgproxy-retcat.assets.schwarz/a8KF_uxiluXk1wBAtUrQqGX16y1zf8hfzMLbIqHZwDY/sm:1/w:427/h:320/cz/M6Ly9wcm9kLWNhd/GFsb2ctbWVkaWEvaW50L0Y0NzhFRUIxRjMzQkE4RDRBNEMwODZBNk/I5MEU3QkE3QzMyNEZGN0E5MUE0RDVDNzVFRjkyQjI5NENFOEVEOTgucG5n.png
Lidl,"Kiaulienos saliamis",3.49,https://imgproxy-retcat.assets.schwarz/VPjnMYNPAamAbsp7_8uETM7cYMnIBkrSXGO1efpl0EE/sm:1/w:427/h:320/cz/M6Ly9wcm9kLWNhd/GFsb2ctbWVkaWEvbHQvMS80RDg3Nzg2MEExNjJCMTZDRDBGQzk4MjN/FOUIyNTNFQ0E2MDU0NkM1MkEyNEY5Nzk2RUU1NEMzNjE5QUI4MzRGLnBuZw.png
Lidl,"Šveicariškas puskietis sūris „Tete de Moine“",13.99,https://imgproxy-retcat.assets.schwarz/QGbFPDMY5487-WrWkCnhaABIUG6Z8IEjvQ4T2XRvlnQ/sm:1/w:427/h:320/cz/M6Ly9wcm9kLWNhd/GFsb2ctbWVkaWEvaW50LzU3MEI4MDIzNzE0MTYyRkQ0NjZEQTJBOE/ZFQjA2QkYzNEY1MTQ2ODJBNzJCRDM4Njg0MTJDMDZCNzYxODRCNEQucG5n.png
Lidl,"Pjaustyta lašišų filė",2.79,https://imgproxy-retcat.assets.schwarz/6x1qRgX9ko88Uv8ZApjdIiyI8NIys2Ntm2SEV6njz7k/sm:1/w:427/h:320/cz/M6Ly9wcm9kLWNhd/GFsb2ctbWVkaWEvbHQvMS9FNTcxRDY3NjczN0I1MDM2MUIxOEYwOEE/zRDc0N0FDNzYwNTlCMzFGOTgxMzA5ODQ3QjdCMjUxNUM1Mzk3QTg3LnBuZw.png
Lidl,"Saliamis su pistacijomis",2.49,https://imgproxy-retcat.assets.schwarz/5f9mHHMrcdaKxZsbBcUa6hLGSLDLqlDFVfCv3TEePg8/sm:1/w:427/h:320/cz/M6Ly9wcm9kLWNhd/GFsb2ctbWVkaWEvaW50Lzk0ODY4MzUwRENERTFBM0I0REYwQkE2RU/REMDFGQzBERjkwNjREODAwMTk2QTIyOEFERDlDRjY2NzhBMEQ3OEIucG5n.png
Lidl,"Čederio sūris",3.29,https://imgproxy-retcat.assets.schwarz/Tf_6wwZcBkgsr4wRyMdAaqTRX0mjPMXXGz4z50RPiwU/sm:1/w:427/h:320/cz/M6Ly9wcm9kLWNhd/GFsb2ctbWVkaWEvaW50LzNBQTE4NkUzN0IyQjU2MEFFRDQ5NDFDNE/Y3MzE2OEQ4MUQ2QzYwRjA0M0QxQkZEODk1REJBQzgyREE1NkJFNUQucG5n.png
Lidl,"Įdarytas sūris Brie",2.99,https://imgproxy-retcat.assets.schwarz/LbbBMiZgr_yzmdKHcn2WFGTeBwQlrgebW3R0l8v9gtg/sm:1/w:427/h:320/cz/M6Ly9wcm9kLWNhd/GFsb2ctbWVkaWEvaW50LzlBMUY4MEM5NEQ1NzkzQTkzQjJBMTI5RT/ZCQzA1RkZFMEQ0MDIxNkVGQTA1OUYxOUE5M0U5MUFFREZENDJFNDEucG5n.png
Lidl,"Raudonųjų burokėlių traškučiai",2.29,https://imgproxy-retcat.assets.schwarz/smAYjUx4O59M79zsastZoPpn6LPDnFioBLaAj75hcQI/sm:1/w:427/h:320/cz/M6Ly9wcm9kLWNhd/GFsb2ctbWVkaWEvaW50LzA3RDJFOTAzNkQxMzFDRDdFRUQ4QTI2Rj/Y1Mjc1RTRENDREMDQxNDZBODhBNTlEMTg5RUY3MEZCQ0M5MUIwQkUucG5n.png
Lidl,"Fetos sūrio salotos",1.99,https://imgproxy-retcat.assets.schwarz/QEdjWe9ndSCUMkghN6P9kNRC0kCrcFuzN9CritXYSKI/sm:1/w:427/h:320/cz/M6Ly9wcm9kLWNhd/GFsb2ctbWVkaWEvaW50L0ZDMTczQzM3OTlCMUY4MjJDRTQ1MzE1NT/dFMjhFRTBBMjlENTU2NzAwOUMwNUE5ODJGREE5MjYxN0ZBNDg4QUUucG5n.png
Lidl,"Džiovinti pomidorai saulėgrąžų aliejuje su rozmarinais",1.79,https://imgproxy-retcat.assets.schwarz/JNsHxEDxGtdxLqmW3IdVH6szMRT1JjR5ZtejhLfe7To/sm:1/w:427/h:320/cz/M6Ly9wcm9kLWNhd/GFsb2ctbWVkaWEvaW50LzJFOEJGMEIyRTBDMUQyQUUwRUE4OEU5OT/JEM0MyQUVEQjMyMjU1M0MxNkVEOTlEQjNEQUJBRUUzMEQ4MkVCNEYucG5n.png
Lidl,"Vytinta iberiška kiauliena",3.99,https://imgproxy-retcat.assets.schwarz/soFQrhlD5nAp10iqP3oj-3G800bnnKoBqnewrwGk91I/sm:1/w:427/h:320/cz/M6Ly9wcm9kLWNhd/GFsb2ctbWVkaWEvbHQvMS81MTk1RDNFMDI5NzU4QzI0MUFFRTVBRUM/yQjg2QkFGNEYxMzlFQkY0OTNCRkE1NDFCODIwNEUwRUNGNDgyQkI2LmpwZw.jpg
Lidl,"Paštetas su ančių kepenėlėmis",3.29,https://imgproxy-retcat.assets.schwarz/j4JFxKVYx5V5bn46-Q_2FT-fHgiysecjD1Fz56htJ2E/sm:1/w:427/h:320/cz/M6Ly9wcm9kLWNhd/GFsb2ctbWVkaWEvaW50LzI2RjQxNTdCNTE2RTFEQTU5NTdDMDZEND/AwQ0ZEQ0QyQTc3ODNCRUI4OTI0ODNEQjAwNEY4NjdGNTEwODVDMDUucG5n.png
Lidl,"Mini suvožtiniai su kumpiu ir ementalio sūriu",3.29,https://imgproxy-retcat.assets.schwarz/C_Eqn1M6UE0yB9mZi-8lklwtScXUGJAcdBFCDtBTosI/sm:1/w:427/h:320/cz/M6Ly9wcm9kLWNhd/GFsb2ctbWVkaWEvaW50L0M2MEE4REMzNzhDOEQzRjhFQjdCQTUxQj/E4MkZFNUJGNTI4MzM3N0ZGM0Y2MzgxNzdFRDA0ODI4NDk0NTAzQzIucG5n.png
Lidl,"Rūkytas kiaulienos kumpis",2.29,https://imgproxy-retcat.assets.schwarz/fK9yUIB3y_WkUiWsk6feAm4gpEWXC7D4uw29d7IDcvI/sm:1/w:427/h:320/cz/M6Ly9wcm9kLWNhd/GFsb2ctbWVkaWEvaW50L0E3MDUzQjA0RUIwMEFCQ0IyOUI4N0ZBMz/U2Q0YyNjY4Q0I5NkY0Rjk5NzE2ODBCODZCRTcwRUE3NDEyRTkyRTEucG5n.png
Lidl,"Virtas kepenų paštetas",1.99,https://imgproxy-retcat.assets.schwarz/FqeJHFmBb5LTo73JhLvaGz9PnA9SxixntjQ-XS-JUlU/sm:1/w:427/h:320/cz/M6Ly9wcm9kLWNhd/GFsb2ctbWVkaWEvbHQvMS9DMzYxREMwQzI3NDczNkQ0QTRBQjE1NTZ/DMzYwMjg0QUVGNkE5RDNDM0Q4MDg4ODUzNjRBM0QwQjczODQ5ODk1LmpwZw.jpg
Lidl,"Šaltai rūkyta kiaulienos šoninė",1.99,https://imgproxy-retcat.assets.schwarz/h61b1OhEt8VeToby0QFnVTNxEOTmwoPUm8hm2gEDqXU/sm:1/w:427/h:320/cz/M6Ly9wcm9kLWNhd/GFsb2ctbWVkaWEvaW50L0QxOTEyMUVDNzg5OEY4MUU4MzRENDkxME/Q3MEY5OUM5NzVDQkU1NUFFOTkyQzY4M0Q0NkZDMDNDODRCRkMxQTIucG5n.png
Lidl,"Karštai rūkytas Prahos kumpis be kaulo",12.99,https://imgproxy-retcat.assets.schwarz/5zfXcKbqqkeUBepU1hovk0nLLS11SPg60I1DDwtuzEc/sm:1/w:427/h:320/cz/M6Ly9wcm9kLWNhd/GFsb2ctbWVkaWEvaW50LzMyN0I2RDM3MkI2Mjk2NzJEODNENjg2MT/M2OTBBQjYwQTkwNDAzQTUwMjAwNjFCQkExQ0E0NzJBNkQ5QjMzRDMucG5n.png
Lidl,"Krevetės",5.19,https://imgproxy-retcat.assets.schwarz/tE63AapraAWxJF027bbfxmZX2v6JetqY27wrJbG1O6o/sm:1/w:427/h:320/cz/M6Ly9wcm9kLWNhd/GFsb2ctbWVkaWEvaW50L0VFQkE1MDNDN0NDOEM2QzdDNDUyNkFCMD/BERkY4RDQ2M0I4MkEwQTQ1MTg0QkIyNkFFNzgxMTYyRUNGMzhFRjEucG5n.png
Lidl,"„Panettone“ pyragas",8.49,https://imgproxy-retcat.assets.schwarz/i_mVG1BLzOinRFd8qabxHO5uMWpcdlP-JflT6Afm5Jg/sm:1/w:427/h:320/cz/M6Ly9wcm9kLWNhd/GFsb2ctbWVkaWEvaW50Lzk2OEVFMDlEQjBBMkZDMzU2NURGQ0MzQj/MxOTJERjVEMzQ2NzM4NEQ5QUJENTg5QTM4M0MwMjMzMkNGNDgwOTgucG5n.png
Lidl,"Mini rikotos sūris",2.29,https://imgproxy-retcat.assets.schwarz/OankhZerphR5GjIehnP9tkKlwhK48s1-Hk0BM9kOAvk/sm:1/w:427/h:320/cz/M6Ly9wcm9kLWNhd/GFsb2ctbWVkaWEvaW50LzU5ODE2NzcwMkVBNzAzMEFBNEJFMDMwQ0/JENDY0MEY2QkI4NzlGQzdFREVBNUZCOTg3OTA4Q0NGRjNFQjA3QTEucG5n.png
Lidl,"Buratos sūris",2.29,https://imgproxy-retcat.assets.schwarz/a6sxPZ_73QstR1fUK0g_fSAw_a1TMCcva0JxHm9So4M/sm:1/w:427/h:320/cz/M6Ly9wcm9kLWNhd/GFsb2ctbWVkaWEvaW50LzVBOEFGRkJFMzY5NEIwMUIzMkZEMzlGRE/QyNEYxMkYwMEM1MDRGMTM1QjQ5ODU1OTUyQjM3OThBRTc4OTUzRkIucG5n.png
Lidl,"Sausainiai „Cantuccini“",3.49,https://imgproxy-retcat.assets.schwarz/dYqsJ-sDhvoL6NW9q0eN5MJwgH-mFJH7vxi-6J6lexU/sm:1/w:427/h:320/cz/M6Ly9wcm9kLWNhd/GFsb2ctbWVkaWEvaW50LzgwOTBENDE1MEMwMDcxNEUwM0ZGQTJBNU/E1OEVGNEE3MjY4OTJGOEY5MDZFOUU5RTg2ODREMzYyMTZGNDM5QzYucG5n.png
Lidl,"Skrebučiai",1.69,https://imgproxy-retcat.assets.schwarz/klYal8K47Vnv7EXdPoIMUpl-wYMoya8vzb3i5Qjb3cE/sm:1/w:427/h:320/cz/M6Ly9wcm9kLWNhd/GFsb2ctbWVkaWEvaW50LzEyQTkwQjBEQzkyQUI3MDBGNjgwQjJBRE/Y2N0Y5MzFDRkYxODQzRjQ3QUM3NUMwMzMzODU4RDNCOEQ3MEJCQTMucG5n.png
Lidl,"Džiovintos datulės su kauliukais",7.99,https://imgproxy-retcat.assets.schwarz/-Uurt5uEfVMD2WmSseh1WGEEjFp0ej_wsAjQVugY_nI/sm:1/w:427/h:320/cz/M6Ly9wcm9kLWNhd/GFsb2ctbWVkaWEvaW50L0I5QTkyQjk4ODc3REM2RTQyOTk1Njg1N0/MzMkU2Mjc2MThDNzFGRDNCREYwNkU4QTlCMEZFNEI4NTIyMUY3NTIucG5n.png
Lidl,"Minkšti karameliniai saldainiai",1.69,https://imgproxy-retcat.assets.schwarz/JYMuIYN6i4tD7eVMxBibMaf3KBZOgGVJ8nAgpd28Ats/sm:1/w:427/h:320/cz/M6Ly9wcm9kLWNhd/GFsb2ctbWVkaWEvbHQvMS8xRjBFQ0IwRjQzMjYwNTA5RTQ1MzBCODN/GOEIwQTIzQTQyNzE3RkZGMUM2NURGNjVGODkyMDhBQUFGQTI5QTc2LmpwZw.jpg
Lidl,"Advento kalendorius su likeriu šokolade",16.99,https://imgproxy-retcat.assets.schwarz/rSzBiun8oAiWzbWmAmZscaetQ8vE2yLrnSCdmB0HmpU/sm:1/w:427/h:320/cz/M6Ly9wcm9kLWNhd/GFsb2ctbWVkaWEvaW50LzFBNEFERDg3QTAxNENCN0M1NTVBMjJFRj/dBRDc1MDAxMzNGNDQ1MDc1OTIyNUVGM0NFQzQ1RTNCNEZEQ0E4MDEucG5n.png
Lidl,"Džiovintos figos šokolade",2.99,https://imgproxy-retcat.assets.schwarz/KqUOZPSUpbPt2wtzljYHi5pp2_AAVjglOEmdmbeLyG8/sm:1/w:427/h:320/cz/M6Ly9wcm9kLWNhd/GFsb2ctbWVkaWEvaW50LzVEMEE1NjUxMTEyMkZENjdBNTA3OEY3Mj/YwNTBENzI0NjIzOEMzRUYxNEJDQTVCMTY2ODFBMDY1NkFGNzdDRUQucG5n.png
Lidl,"Pabarstukai „Cake Angels“",2.99,https://imgproxy-retcat.assets.schwarz/tx-B5p5c66sOOKTNITeYbS_ltv7UrzsyJyWgBxJcPSE/sm:1/w:427/h:320/cz/M6Ly9wcm9kLWNhd/GFsb2ctbWVkaWEvaW50L0RERjVEMEREQzk0Mzk5RDE4RDZCODkzMz/ZCRUQ3OUMwRjUxOEJDOTQ2ODVFMjIwQzJCMDg2REQ3M0EwMkE5NEEucG5n.png
Lidl,"Malti nuplikyti migdolai",2.69,https://imgproxy-retcat.assets.schwarz/pXtOvxywz7Sbwa5JEKXK4oqO8sIS-e5YBUF4f82TneY/sm:1/w:427/h:320/cz/M6Ly9wcm9kLWNhd/GFsb2ctbWVkaWEvaW50L0E2RjdGMDA2MUE1MDM1QkNDOTlEMzI3RE/VDNDE4NUEwQUIwNEM0MUE5RjUzNzVBM0REQzFEMDQ5RDIwQzM0RDUucG5n.png
Lidl,"Plikyti smulkinti migdolai",2.69,https://imgproxy-retcat.assets.schwarz/7DdR9xpp-N7O0FG52z1RUxnufgd-PGuL8r1WXPnR-No/sm:1/w:427/h:320/cz/M6Ly9wcm9kLWNhd/GFsb2ctbWVkaWEvaW50L0FDNzMzNEI1ODIxNURCMTEyQkM1MDNEOE/YwQTlGNDYzRTBFRDI3MEVGREM1Qzk3NDFBRTA1MDY2QjRGNEJEQkMucG5n.png
Lidl,"Cukriniai papuošimai",2.29,https://imgproxy-retcat.assets.schwarz/GDy5yXpIftonzYIna41AmXsV76EqR2pB_D3_d4g-PLk/sm:1/w:427/h:320/cz/M6Ly9wcm9kLWNhd/GFsb2ctbWVkaWEvbHQvMS80RTIyQUY4MTVGMzRFQkY1NUM3NzE2ODd/CMzU5NDk5Qjc5QzMzQjI5N0RCMzEzRUY5QTJBNjZDOEIzQ0IwNjYxLmpwZw.jpg
Lidl,"Konservuotos slyvų puselės",1.49,https://imgproxy-retcat.assets.schwarz/q-T3M9lOV1IMNfTqG4P6i8jExgtGC_r2uulvzCmv3Ps/sm:1/w:427/h:320/cz/M6Ly9wcm9kLWNhd/GFsb2ctbWVkaWEvaW50L0NGMjk3MTdBNUMwQkMzQTMyREQ5QTcxMj/kxOEM1NTYyOTg0OTM5QjM1M0I2MDlFMDczQ0EzNEU2MjhDMzk0MzIucG5n.png
Lidl,"Nesmulkinti gvazdikėliai",0.99,https://imgproxy-retcat.assets.schwarz/q_c_RvqtCrvckG8h69gYUcDmSQn83QEgx5YSvZ93cSQ/sm:1/w:427/h:320/cz/M6Ly9wcm9kLWNhd/GFsb2ctbWVkaWEvaW50LzlBMDQ0MTU2QTYwRkU5NUJEN0QxODEzRj/U1MkM2RTVGMjFCQUQxOTE5MkJBNjQwQzNGNTNBRkEzOEJDNkE3MDEucG5n.png
Lidl,"Cinamono lazdelės",0.89,https://imgproxy-retcat.assets.schwarz/J8q8qVSeNQawF93ukHBIUueyLHmeugn0cjOf6Jmz-cc/sm:1/w:427/h:320/cz/M6Ly9wcm9kLWNhd/GFsb2ctbWVkaWEvaW50LzY4NkQ3OTc1OEY2MDc5MEFGRUNDMkM2Rj/MyREI0QUQ4RjczNUFGMjAzNjYwMUU0RTAzMUYwOTEwQzA5NkEyNzQucG5n.png
Lidl,"Burbono vanilės ekstraktas",1.99,https://imgproxy-retcat.assets.schwarz/_B6g1nNSqwJBDEHbDBm-sVhBrBQnl6XEp9IzVZzzJRM/sm:1/w:427/h:320/cz/M6Ly9wcm9kLWNhd/GFsb2ctbWVkaWEvaW50LzIxMjkxRTUzMTFBNUUyNUJFMkUzOTYxOU/QxNUY0REFDNTNDNzVFQ0IyM0Y2NjBGREMxOTg1MjcyOENGMjU0QzIucG5n.png
Lidl,"Prieskonių mišinys meduoliams",0.49,https://imgproxy-retcat.assets.schwarz/0BcUqGAG3CQQkQtdA6BhKbA4F9mxp4fsQQfZzXHOMNs/sm:1/w:427/h:320/cz/M6Ly9wcm9kLWNhd/GFsb2ctbWVkaWEvaW50L0FGM0U3NTk3RTI5QTQ4QzdBQUIxREQ3RD/M2NzMyMUREQjczMzFEMTU4NDQxMTMzMzQ0NEI5RjkzRDE3MzhBOTMucG5n.png
Lidl,"Žvaigždiniai anyžiai",0.69,https://imgproxy-retcat.assets.schwarz/AjT58rIUX2IlHmOA60ll_3Otr49EydJ8db_LAwWYjFA/sm:1/w:427/h:320/cz/M6Ly9wcm9kLWNhd/GFsb2ctbWVkaWEvaW50LzVDOEVEMjUzNjY2NzkyN0JENTI3NURGQT/MyMzhDQkU2OTY1MUY3MEMzMkIxRjBCRDgwOTlCQkEzNjMzNzg3M0MucG5n.png
Lidl,"Kepti paruošti kruasanai",1.99,https://imgproxy-retcat.assets.schwarz/aMtdCxaRoinV9tXu0ZnQ0Ni4z_ZRz5gqPEmqzQr50u0/sm:1/w:427/h:320/cz/M6Ly9wcm9kLWNhd/GFsb2ctbWVkaWEvaW50L0JCNzhBMDlDNEM1NDk1QzEzREJENzIyRk/U2M0VFOEQzOTc4NzU5MzI3MzAxQTc3MjkzRTZGMkVFM0Y0QUY3OEEucG5n.png
Lidl,"Kepimo popierius lapais",1.79,https://imgproxy-retcat.assets.schwarz/0XdCU4E-dFHA_n_Uws1eZI4YSWv2Ee7KKtyjwuLSKGg/sm:1/w:427/h:320/cz/M6Ly9wcm9kLWNhd/GFsb2ctbWVkaWEvaW50Lzc4ODAzQkU3MTFEQjU0OTgyRDRBNzYwND/gxN0E1NDhCMTkyNTI5NzU0MTM1MkRGRkVFRjU5RjAyMkRGNDZDQ0MucG5n.png
Lidl,"Dekoravimo glajus",1.99,https://imgproxy-retcat.assets.schwarz/KvSbG6jkt0pY67WRFjImqUO6VvVYNPIXUNEcUAGyFp0/sm:1/w:427/h:320/cz/M6Ly9wcm9kLWNhd/GFsb2ctbWVkaWEvaW50L0IzNDVCMjhBMzE5QkI4QTk3MkFBNUVDRT/IxODk3QUMzNDUxNzUzMjE4QjNCQkJGMUU0Qzg5NEJDNzI2QUIwMkQucG5n.png
Lidl,"Bulvių virtinukai su įdaru",1.99,https://imgproxy-retcat.assets.schwarz/W_3lXNsQ6WEoXuhem_DMJK9JjCwfqotiPI8OrCFX2KA/sm:1/w:427/h:320/cz/M6Ly9wcm9kLWNhd/GFsb2ctbWVkaWEvaW50LzUzRUU1REU3RDM3ODI1RUE3M0E1QjJERU/VFMUY0QTkxMkFEQTQwRjYwNEFCMjkzMTgxODUzQjQ2OUJEMTlFNTEucG5n.png
Lidl,"Panetonė su cukruotomis kriaušėmis ir šokoladu",1.49,https://imgproxy-retcat.assets.schwarz/ymLWEtjCdoKht_hxOAPIzot4KFJVqwbab6uPpEXEHog/sm:1/w:427/h:320/cz/M6Ly9wcm9kLWNhd/GFsb2ctbWVkaWEvaW50LzlEMjE4Njc1MTUzMTIxQzU2MUNENTUzQU/M2QzRFRkNFQUZEMkMwQ0QxQjQyODY0QUI1MjNBNDJFNDdCQjY4NzEucG5n.png
Lidl,"Itališkas pyragas „Panettone“ be gliuteno",5.99,https://imgproxy-retcat.assets.schwarz/HQGNmyyqYhIcsCiBL8jDSoPLhYqPeZi1Uxm1qUy3oGw/sm:1/w:427/h:320/cz/M6Ly9wcm9kLWNhd/GFsb2ctbWVkaWEvaW50LzFBNzkzMjI1NzMxMENGRTMxQzFCMzcwND/cwRTMxRDhCQUIxOUU1MjhGODA4NzFGNjk2MTgxMUQ1REE4MEE5MUUucG5n.png
Lidl,"Itališkas pyragas „Pandoro“",1.29,https://imgproxy-retcat.assets.schwarz/c9ohVsLQ-IBS0EtnD8mz90H7F7bXG6QXYYZfvIWoRro/sm:1/w:427/h:320/cz/M6Ly9wcm9kLWNhd/GFsb2ctbWVkaWEvaW50LzkxRjI1Qjg1NDMyNEI5NTZDOTk4NEI5RT/hENjM0NDY3NDU5NzY1ODQ5N0MyNzRDM0E4RTFENUQ0OTc5QTU2MEMucG5n.png
Lidl,"Marcipaninės bulvytės",1.29,https://imgproxy-retcat.assets.schwarz/uRTPZotjpFQm5u8GivHJ2RCXSa5W__mSEkj5uRrcyzw/sm:1/w:427/h:320/cz/M6Ly9wcm9kLWNhd/GFsb2ctbWVkaWEvaW50Lzc1NzFBQzAwM0M1ODgzQTI4QzE4RUEzQ0/U2OTJERTZDOUExRTZFRDJBMERBNURCNTE4QjU3NDU2MjMwM0EyNkIucG5n.png
Lidl,"Marcipaninis pyragas",4.69,https://imgproxy-retcat.assets.schwarz/0dN8gvtSghzpYTgSM4k6_X3AATC4LUF-09xCSBYj4ts/sm:1/w:427/h:320/cz/M6Ly9wcm9kLWNhd/GFsb2ctbWVkaWEvaW50L0MwQTQ3Qzg4MDc0NEJFMEUzNDFBQTg1RD/RDOUI5MzhFQzJEQkY5OUJEODRCODQ0OTUxOEI2NUYzMDlDRkU2NTAucG5n.png
Lidl,"Mini breceliai šokolade",4.49,https://imgproxy-retcat.assets.schwarz/MZnXRANa2ZS7yW0wgordOtt61Gn1J7ZNaHfCeSMsKDY/sm:1/w:427/h:320/cz/M6Ly9wcm9kLWNhd/GFsb2ctbWVkaWEvaW50L0M3QkJBNkI4MDI5QzUwM0EzNzQyRjY3ND/Q2Q0Q4OUQyNTIxN0FFQjg0OTAxRTNFMUMwOTNGNzFCRUQxOEU1MUIucG5n.png
Lidl,"Sviestiniai sausainiai",2.29,https://imgproxy-retcat.assets.schwarz/RwcDPDEeUDuIJaBysIK6RTugLjZlZ73a2sePum7Ajes/sm:1/w:427/h:320/cz/M6Ly9wcm9kLWNhd/GFsb2ctbWVkaWEvaW50L0M3MzQ1Q0UzRTQ2RDVFMzVGODlBQjc3ME/RENDg4QjQ5MzFGNDg5RUM4MUU3NzE0NjZGQkY3NDc2NDIxQUJCOUEucG5n.png
Lidl,"„Spekulatius“ migdoliniai sausainiai",1.99,https://imgproxy-retcat.assets.schwarz/vHpzetu_RuWAv-nI_uOO5b3W3-w7ADe2sjV3jup5-KE/sm:1/w:427/h:320/cz/M6Ly9wcm9kLWNhd/GFsb2ctbWVkaWEvaW50LzE5MThFNkIxNUE4ODY3MDM4OTkwQzEwNz/c3NDQ4M0E0ODlCMUE0NzBCMERFMjUxRUU0NUQ5MkVENzQ3NUFGODgucG5n.png
Lidl,"Trapios tešlos biskvitas su pieniniu šokoladu ir prieskoniais",2.29,https://imgproxy-retcat.assets.schwarz/X5W41a7VhqbeIVzHhg6QJLHAbIpE7q0tMzS9IeGpX0o/sm:1/w:427/h:320/cz/M6Ly9wcm9kLWNhd/GFsb2ctbWVkaWEvaW50LzA4RDU1MTZEMzczQUI5N0ZBOUQ2QjhDQU/YxNTE4ODRBOTYzNzAyOTQwNzhCMzNEQUMzOEQzQ0ZFQjcxMDE3RjgucG5n.png
Lidl,"Meduoliai",3.69,https://imgproxy-retcat.assets.schwarz/o0me3ZAHD6uhG0XznYUMIzaIzTjFOilm-XtGWPAyspQ/sm:1/w:427/h:320/cz/M6Ly9wcm9kLWNhd/GFsb2ctbWVkaWEvaW50L0NCQTc2NTkxQTZERjI0NTQ0Q0Y4M0JDOU/E3NDYxREYzNDI5ODM4RjY0Qzk4ODhBQjU2NTk0RDQ5NEM4QTgyNUUucG5n.png
Lidl,"Meduoliukai su šokoladu",4.99,https://imgproxy-retcat.assets.schwarz/dDBkQ_MGKYhgOrqxYL02GdWwX-clTZZ8D3nAWaWHJz4/sm:1/w:427/h:320/cz/M6Ly9wcm9kLWNhd/GFsb2ctbWVkaWEvaW50L0Y3ODVDRDBBMDcyNDgwN0IxMjQ4Njk4Mj/JFNURCOEEwMzEyNDREMTc0RjRDMDhCN0U4NTk5MUFEMDhERTRCMzMucG5n.png
Lidl,"Sausainiai su prieskoniais",1.99,https://imgproxy-retcat.assets.schwarz/dPUPoXeBgfdNa8sz20P0UqvwNY3XcXlOVomJ89Ikh7Y/sm:1/w:427/h:320/cz/M6Ly9wcm9kLWNhd/GFsb2ctbWVkaWEvaW50LzAxREMxNTdCMTYzMjk5MzQzOUY2REUwMj/kxODlEQkM3NDY3M0M4MkExNDJDQzVBNDY4RjY1QzgxMjZBOTAwM0YucG5n.png
Lidl,"Saldainiai „Dominos“",2.99,https://imgproxy-retcat.assets.schwarz/f-P2KIJ25LmVWPxb4iLuV51gsIzT2AwPFWdNJIeEkcc/sm:1/w:427/h:320/cz/M6Ly9wcm9kLWNhd/GFsb2ctbWVkaWEvaW50L0REN0VBODM5ODY1MUU4QkZBRDVFRjlCQj/k1RTQyNDM2QUQ3MTc1Mjk0ODI1QUYzQTQ0NTk4NjNDMjY0OTUxNjMucG5n.png
Lidl,"Florentinai su migdolais",3.49,https://imgproxy-retcat.assets.schwarz/FSHgXfygV0TtEfJ-49dsxGmwAXx1RTGTMj84tRmc4rY/sm:1/w:427/h:320/cz/M6Ly9wcm9kLWNhd/GFsb2ctbWVkaWEvaW50L0NDNUE2RDFGREE4MjY4MTQzRkRCODBBQU/ExQTM5QUIxRjhBMDdCNEIxMzBDMkVENEMxOUIxQTlDRjdCMzJFODIucG5n.png
Lidl,"Trapios tešlos sausainiai",4.49,https://imgproxy-retcat.assets.schwarz/DPapU9n88pHQFKXJN8Sn5umPDthCfiOL34orKDQnEKE/sm:1/w:427/h:320/cz/M6Ly9wcm9kLWNhd/GFsb2ctbWVkaWEvaW50L0REODY2OTVEMDIzMDk1QTJDN0JDNUZFQj/BEQTBCMjU4QTA3MUQ5QjgxRjc1RkYzQkMyNTlENkY3MTY0NDkwRjMucG5n.png
Lidl,"Migdolų nuga, padengta šokoladu",1.99,https://imgproxy-retcat.assets.schwarz/CEc6bohtJ7gpeCL6EQcy1Oem-y9W4ULetahCXxYhjnQ/sm:1/w:427/h:320/cz/M6Ly9wcm9kLWNhd/GFsb2ctbWVkaWEvaW50LzFBQjk0NzBCQzI5NUZCNDFGNUM0QzkzOT/FDQjg3QUU5RDBCOTJEQjkxNEU5ODc1NjJGNEI4QkREMUZGQjEzMkEucG5n.png
Lidl,"Saldainiai su traškiu įdaru",2.69,https://imgproxy-retcat.assets.schwarz/vgUi1vKWitcCOWVV2GcPiBkooFGsP_biLAaC4bHvyng/sm:1/w:427/h:320/cz/M6Ly9wcm9kLWNhd/GFsb2ctbWVkaWEvaW50LzcyNzE3N0JDQjU3OURBMDE0NEE3RkFBRE/JFQjMyQ0I2Q0RGQUI3OTI3MTMyNjlFMkJENkEzOTIzQzg0NUI0NEEucG5n.png
Lidl,"Mielinis pyragas",3.29,https://imgproxy-retcat.assets.schwarz/1Kjq352Se9VjJypdaHE9NncSnHkWpmIixFJLliN6rpI/sm:1/w:427/h:320/cz/M6Ly9wcm9kLWNhd/GFsb2ctbWVkaWEvaW50L0Y5QzVCQjFEQ0I1ODZFOUQ5NjhFOTA1OU/YzM0Y1MTVBM0I5M0Q2Qjg2MDYxQzhENDA2Mjc5MDQ5QkM5MjZBMTgucG5n.png
Lidl,"Riešutai",3.49,https://imgproxy-retcat.assets.schwarz/XDUeVnPNm8nGkooyQKkfwf6NQUv3w1LGckFv_vQBDNg/sm:1/w:427/h:320/cz/M6Ly9wcm9kLWNhd/GFsb2ctbWVkaWEvaW50LzMzNERDQjg4OEU3QTJBQjFEODUyQjgwQT/Q5OEMxQkU0N0I4MUM5MzlFRUEzQTJDNTFFQzgzMUZGNjk5MjUzODUucG5n.png
Lidl,"Zefyrai „Žvaigždės“",1.69,https://imgproxy-retcat.assets.schwarz/zf9FwOELAEXT0s0-7Q7u_cYxtL7t5hJkahh-XqnH0l8/sm:1/w:427/h:320/cz/M6Ly9wcm9kLWNhd/GFsb2ctbWVkaWEvaW50LzUzOEE4NzU1QzU4NzUxM0JBQ0RFQUI4Nj/E3RUM3RDg3MUNEMkUzQUMyQzYwMzc0OTVBNUM0RjA1RUIwMjU2RTAucG5n.png
Lidl,"Sausainių skonio kremas „Spekulatius“",2.29,https://imgproxy-retcat.assets.schwarz/ObaTr5M7R2uAuDG5TIXzFfAq760T068JZZSSa1wVTGk/sm:1/w:427/h:320/cz/M6Ly9wcm9kLWNhd/GFsb2ctbWVkaWEvaW50LzRDRDM0ODkyMzcxRDNDQjlCNERGMjEzMU/Q2MUJGOENFRTYxQzFBMzAwRDdEOEMzOEM0Q0RFRTcwQkM5NTBENTAucG5n.png
Lidl,"Advento kalendorius",1.99,https://imgproxy-retcat.assets.schwarz/rM71ybKUnJ-RAnWuQcxdHFmomhx_-NPSHzHF79RaaNU/sm:1/w:427/h:320/cz/M6Ly9wcm9kLWNhd/GFsb2ctbWVkaWEvaW50LzlDMjM0ODY5OTVCODIyMDQwODI4NTRCN0/FGRTg0OTNEMUJDMjYwREJCNjZEMzc0NDcwRUNGMjY1OTIwQzE5Q0UucG5n.png
Lidl,"„Pasidaryk pats“ sausainių rinkinys",9.99,https://imgproxy-retcat.assets.schwarz/cbrX6NJ-LyixWyNisYaDlQ6egNQsgStXiIoFmVJwWmk/sm:1/w:427/h:320/cz/M6Ly9wcm9kLWNhd/GFsb2ctbWVkaWEvaW50LzJGNzI0MEREQzVFQTgwQzExNkEzNjVCNE/JGODVBOTY5QjY2OUUxNkY3NkMxMEI2RUM5QTU1REY0QTkxM0JBMDAucG5n.png
Lidl,"Guminukų ir zefyrų rinkinys",5.99,https://imgproxy-retcat.assets.schwarz/0nUQoQC8wlmM7noS1IfEd-uMr_vRDY1NTPu0t3tpvkE/sm:1/w:427/h:320/cz/M6Ly9wcm9kLWNhd/GFsb2ctbWVkaWEvaW50LzZEMjg3MjAyRTkxM0EzMTk4N0UwODkwMT/YxRTBDNEEwMjU0MTc0OUVGQkZFMjRFNjVCNjYxQ0NERDc1QzQzODUucG5n.png
Lidl,"Kalėdinės šokoladinės figūrėlės",2.29,https://imgproxy-retcat.assets.schwarz/hi6SVsSzbVHd1oIYMS0tEtlPvgyu9gC_sgSwTlsS4Ko/sm:1/w:427/h:320/cz/M6Ly9wcm9kLWNhd/GFsb2ctbWVkaWEvaW50LzYzQ0E5M0RFRTk1RTM2REQ4OUFERDgyRE/IxQTM3ODg1NEM3Q0E5QTlGMkUyOTE1QjdDODI3NEFEOUFGQTkzMjgucG5n.png
Lidl,"Šokoladiniai Kalėdų Seneliai",2.99,https://imgproxy-retcat.assets.schwarz/rcr7lOKrG5LNy9Dgdc9nO6_O0MuhR-p_0vEDFBUXSX8/sm:1/w:427/h:320/cz/M6Ly9wcm9kLWNhd/GFsb2ctbWVkaWEvaW50LzREQTMyMDFBMTg0N0MxRUM3QTM2NzEyM0/EzREJFN0ExMTM3RDFCMDcxMkMzNkY4ODVBRkVGNjE5QTI5NDg1RTAucG5n.png
Lidl,"Kalėdinis namelis su šokoladinėmis figūrėlėmis",3.69,https://imgproxy-retcat.assets.schwarz/Lnklbs8Ibd4oXvVc3MpsxWIcgEulSkPHurq2-KL0xVM/sm:1/w:427/h:320/cz/M6Ly9wcm9kLWNhd/GFsb2ctbWVkaWEvaW50L0ZFMzg0RkM2QjI4MTAxQjY0NzkwQzFGOD/YwRjMyQTY5MzEyRDkxMzFGRkNCNjFBNTk1QUZBOUY2RjkwODEzOTkucG5n.png
Lidl,"Šokoladiniai saldainiai su pistacijų įdaru",8.49,https://imgproxy-retcat.assets.schwarz/Mq-EKMJAWEDcu4ER4ghcedpnErv-b7YAzczElVJr48k/sm:1/w:427/h:320/cz/M6Ly9wcm9kLWNhd/GFsb2ctbWVkaWEvaW50L0FEOTAwOUVBMzY2RjcwQTNDNDMzNkFGND/VEQTYwRURCQTFCNDIzNTcwOUE3OTQ0MDc5NDk3MTI1NDZCOUZFMzkucG5n.png
Lidl,"Saldainiai su riešutų skonio įdaru",8.49,https://imgproxy-retcat.assets.schwarz/uU_DVwuKlm7Ll0ukOU2ShXOFIcdYj7b8SuDK77a7tGo/sm:1/w:427/h:320/cz/M6Ly9wcm9kLWNhd/GFsb2ctbWVkaWEvaW50LzkxODc5MjNBMEUyNDEyOTg4NDE1QjQ0NE/NCQUQyMUZCQ0FGN0JFQzVCQkE5Njk0QkNFQUREMEQxRkNBODQzRDUucG5n.png
Lidl,"Saldainiai su pieninio šokolado įdaru",8.49,https://imgproxy-retcat.assets.schwarz/t1-jSguUz-d9LVpRX_E67cc-F9KMuxOBhmZkfQp2LBU/sm:1/w:427/h:320/cz/M6Ly9wcm9kLWNhd/GFsb2ctbWVkaWEvaW50L0NGOENCOTMzOEM5MzU5MUJGN0E3MTYxOE/U5RjdFNUQ4RkVFQzg3RjI3MDVFMTQ3RUQxQjJEM0I3Njg4NTI4NzUucG5n.png
Lidl,"Saldainiai „Zozole“",7.99,https://imgproxy-retcat.assets.schwarz/IbFFVjm7HStjf7rVFNNOWHwNfXXfHVr6XUIuSnXLWWQ/sm:1/w:427/h:320/cz/M6Ly9wcm9kLWNhd/GFsb2ctbWVkaWEvaW50LzJGOUREODdGM0NFQUE5MzQwMDg2RUI2Nz/A4OEQ1MDI0Q0MwOTdBOTFGQkM0ODg4MDdERUVGRDJDNDhENjM5ODcucG5n.png
Lidl,"Pliušinis žaisliukas su šokoladu",5.99,https://imgproxy-retcat.assets.schwarz/X7-RJXBP68omcqiq5fzo7aHxAG6CF18v4xyJ-kSlsR4/sm:1/w:427/h:320/cz/M6Ly9wcm9kLWNhd/GFsb2ctbWVkaWEvaW50LzYwMzNDOUE2RTMyREJEOTY5QjVGMDhDOD/I4MkU2ODY4RUU2QUY3RDc1RUM0ODc4NTlBNTgxMDVGMkQ3M0VEMzkucG5n.png
Lidl,"Šokoladiniai saldainiai",1.69,https://imgproxy-retcat.assets.schwarz/4kzCGtnFUZ269l9GxlnfQa5AVOAJZ2L5xOowiLiLgIk/sm:1/w:427/h:320/cz/M6Ly9wcm9kLWNhd/GFsb2ctbWVkaWEvbHQvMS9COUNCNDI4QzFERDcwMUI1MzY3RTlDNTk/zOTYwMjI5NkJDMjZBNzdFRTA2NzlFQkZENzU4N0VDM0M2QkQ0NDFCLmpwZw.jpg
Lidl,"Guminukai su sulčių koncentratu ir pienišku šokoladu",14.99,https://imgproxy-retcat.assets.schwarz/XPznaKuWUq3T25npSuBQvX7RW1qao_R7eC1Pdk-cIKA/sm:1/w:427/h:320/cz/M6Ly9wcm9kLWNhd/GFsb2ctbWVkaWEvaW50Lzk2MDZFOTQyODY1MDYwNUI4NzFBM0E1Rj/RCMUVGQjA1RkYzMkJFNzdGNkJENEY1NDE5NkQ1RDE4NDU1N0QxOEYucG5n.png
Lidl,"Kyjivo kotletai",7.19,https://imgproxy-retcat.assets.schwarz/gd3mtR7TaGcHvPdLfZaXptvPU2p4ZQYu2bo6DwQMhTc/sm:1/w:427/h:320/cz/M6Ly9wcm9kLWNhd/GFsb2ctbWVkaWEvbHQvMS85NTlDM0NGMEZDMUQyREI4MTUyRDQ4OUM/1OEZCMDQ4QTdGRDMxRTU1NTc0ODhENUM3NjEwNzg1MTYzRUQxODM1LnBuZw.png
Lidl,"Napoletana Pomidorų padažas",2.09,https://imgproxy-retcat.assets.schwarz/MqkAZNpBVsf9gOnp74WI0yYtI6ZuSWshjVfNyjIDWyg/sm:1/w:427/h:320/cz/M6Ly9wcm9kLWNhd/GFsb2ctbWVkaWEvbHQvMS83MjlCNkRBMzFEMDJCODQzOTc3MjJFRTM/2QjFBNjI2MzA5N0RFQUIzQjNCMTZFM0NENDY0QUQ2RDU3RkM5QjY1LnBuZw.png
Lidl,"Ekologiškas kokosų gėrimas",1.99,https://imgproxy-retcat.assets.schwarz/ogM96W11PaeGTWULI2u6siix3CM_GZPi9OK_34xvhf4/sm:1/w:427/h:320/cz/M6Ly9wcm9kLWNhd/GFsb2ctbWVkaWEvbHQvMS83RjFENzQwREZCODlGNDIzMkJGRDRFOTM/zQkQyM0RDQjlENzQ5ODFGREZBODFCODE3RjdFMTZENEQ5QzE0MTBCLnBuZw.png
Lidl,"Karšto vyno skonio arbata",2.69,https://imgproxy-retcat.assets.schwarz/bbPmDW4D_DCNkPPQIjBxa2YWrNd_qf2LWiMUU32SmQo/sm:1/w:427/h:320/cz/M6Ly9wcm9kLWNhd/GFsb2ctbWVkaWEvbHQvMS80MjQzNkI2NTM0MUM0QTQ3NTAxREQwOTE/wNkQyOEY4NTNGOEFDREJGMDIyNjgxMUYxRERGRkNFRDE2QTc4QjBDLnBuZw.png
Lidl,"Tarkuotas sūris makaronams ir salotoms",2.19,https://imgproxy-retcat.assets.schwarz/fjdiAe_hEvpt5Nsqdbm4BdMrzZc6olsTsJJyzzLwcUs/sm:1/w:427/h:320/cz/M6Ly9wcm9kLWNhd/GFsb2ctbWVkaWEvaW50LzVGMTQ1ODYzMjQ0RjhGMDBBQ0EzNzA5NT/RDNUMyMEM4RTAxOEMzMDhENkNCQkQxRjg3RTYyMUQ5Mzg0OTIzMzcucG5n.png
Lidl,"Glaistytas varškės sūrelis",0.33,https://imgproxy-retcat.assets.schwarz/IWzGq8e_jpeX3v0Kx6B8sO7nhtesrBw4mW7DLM9Jhe8/sm:1/w:427/h:320/cz/M6Ly9wcm9kLWNhd/GFsb2ctbWVkaWEvaW50LzU0MTkyQUZDMjg1RDM4RDVCM0IxMDI1QU/ZCRTQ1MUQ2NzY2QUQyQTgwQjM5NkExQUY2RkM4Qjc5MkExQzQ3MzYucG5n.png
Lidl,"Grindų šepetys",7.99,https://imgproxy-retcat.assets.schwarz/1Bagitdod7Do7CozZYNY-G9CmycL0RwwJlfWrsiNE3E/sm:1/w:427/h:320/cz/M6Ly9wcm9kLWNhd/GFsb2ctbWVkaWEvaW50L0NDQzYwNEQ5M0E2OUVEN0IwNUEwODA0Mz/VDNUFCQUNFOTVCQzVBOEY3OTI0REU3NDA4RDU3RkE1MTk3NUU2QjcucG5n.png
Lidl,"Garinis šepetys",14.99,https://imgproxy-retcat.assets.schwarz/4NL1pwNchSfJEoXoxWHt_wQIsg-7zZ_Vvn4JGGRofwM/sm:1/w:427/h:320/cz/M6Ly9wcm9kLWNhd/GFsb2ctbWVkaWEvaW50L0NGRENDQUQ5M0FDMkRGOTc3MEQ4QTFFRj/U0Njg2NzA3MjI0RDNDNEI0NUUzMjU3Mzc4OThCRTU3NTczQTdBMjMucG5n.png
Lidl,"„2-in-1“ dulkių siurlbys",29.90,https://imgproxy-retcat.assets.schwarz/_OSBQuA8dh2Mjp1Ujd_8hsXlC_gwB4LeaBfkHdZGHro/sm:1/w:427/h:320/cz/M6Ly9wcm9kLWNhd/GFsb2ctbWVkaWEvaW50L0JBNkY4RDI1N0VGMkZBNEYyQkIxRkJGNT/ZENzIwRjA5N0ZFMjBBQjY5NkY4OEVGOEQ3OTZGNThGNUE0RTBCNUUucG5n.png
Lidl,"Grindų valymo šepečio ir vienkartinių šluosčių arba vienkartinių šluosčių rinkinys",4.99,https://imgproxy-retcat.assets.schwarz/4S9fQeoKr70RfoEDCQz012_X4FpeNM_gsx4vOkvrvds/sm:1/w:427/h:320/cz/M6Ly9wcm9kLWNhd/GFsb2ctbWVkaWEvaW50LzlDRjg3QUI5OEEwRTFDRTNDMjAyRjY4N0/E4MzE0OUYwQzY4OTQ2RkFBQzNBQkFBQ0VDNENCRDZBMTA2RkU3OTAucG5n.png
Lidl,"Valymo reikmenys",1.89,https://imgproxy-retcat.assets.schwarz/lxBM4oSd5FPPtbxtgvblqtoLgZwr5UhTE4i0nJfDfcA/sm:1/w:427/h:320/cz/M6Ly9wcm9kLWNhd/GFsb2ctbWVkaWEvaW50L0Q4M0QyMTRCMzc0Q0U4QUFGMTgyMkFEQj/ZERDY0MTQwOUY5ODc2NDI5MDY2REREMTEwMjNBMDZCNzNENTMyRDYucG5n.png
Lidl,"Lyginimo lentos dangalas",3.99,https://imgproxy-retcat.assets.schwarz/sl9rJRPKyokUAgKsGP6z0DFBYJo11A6DribBw2C_5dU/sm:1/w:427/h:320/cz/M6Ly9wcm9kLWNhd/GFsb2ctbWVkaWEvaW50Lzc5ODJBRDI0QjREMzgwOEIxQjYwRDkzME/Y0MjAwOTI4RkUwNDYwNEEyREZGRjdEREJBRjdBMjM5OUI2ODIxNkUucG5n.png
Lidl,"Drabužių pakabai",3.99,https://imgproxy-retcat.assets.schwarz/bk7lFU9pFIN1a1VuOM_Lux7IF3FzeRs3w39WBGk0TpY/sm:1/w:427/h:320/cz/M6Ly9wcm9kLWNhd/GFsb2ctbWVkaWEvaW50L0Q3MUE3MTg3QjVFQUFCQ0Y3QkYwMDJGOU/Q1MEYyRjgyNTcxREEzMjg1RjQxRkVGMjQ0QUZEMEU0ODUzRkI2NEQucG5n.png
Lidl,"Krepšys su skalbinių segtukais arba segtukų rinkinys",2.99,https://imgproxy-retcat.assets.schwarz/J66QvDAAMCpipEMDd1WTdyOoniGwWxDsevWZMUjxAPM/sm:1/w:427/h:320/cz/M6Ly9wcm9kLWNhd/GFsb2ctbWVkaWEvaW50LzY3NjM4RTcyNzM4RUVFRTFBOUUzN0IwMU/Y4N0NCMkYyMzI2OTYzNzg2NTMyQ0EwNTBDNjdCNEJCN0IzOTlENUEucG5n.png
Lidl,"Vakuuminių maišelių drabužiams rinkinys arba vakuuminis maišas",1.99,https://imgproxy-retcat.assets.schwarz/nl6tCKiKEY4LrtcrzqiDtfvK5NzO9Wk_p0nOyrAmtc8/sm:1/w:427/h:320/cz/M6Ly9wcm9kLWNhd/GFsb2ctbWVkaWEvaW50L0I1OUYyQ0E5NENDQUFGQjUzOEEwMkMyNE/Q0RTEwRkZFOUI1RDQ3M0FGNzk3NTQ0RTJGMDRGODcwNDY2RkNCQTkucG5n.png
Lidl,"Valymo priemonės",1.79,https://imgproxy-retcat.assets.schwarz/cHqH02IvYj51GIqy94hmAfip1IYkv7oepJUQIK0D7kI/sm:1/w:427/h:320/cz/M6Ly9wcm9kLWNhd/GFsb2ctbWVkaWEvaW50LzEwRkJCQ0Y4MjdEREUxM0M5RUIwM0E2Mz/g4NUJFN0JENTYzRjNCMTUzODhGQjBBQzU5MDEyNEQ5Qjc2MEJERDgucG5n.png
Lidl,"Mikropluošto šluosčių rinkinys",1.79,https://imgproxy-retcat.assets.schwarz/6xqhxFzShlRK413bB7MGWdy2FFncp_--OucWCIyyj4s/sm:1/w:427/h:320/cz/M6Ly9wcm9kLWNhd/GFsb2ctbWVkaWEvaW50L0YxOUY0NEM4MERGRDAyODJFRUZCMThGQk/RFMzA0MjQ1RUYwNENFRDVCNjYyOTlENEM4Q0NDODNCMTg2QkQ1NUYucG5n.png
Lidl,"Žirklių rinkinys",1.99,https://imgproxy-retcat.assets.schwarz/2FtiKej_JuhbxzWsi1T3kiPVW3yf3crp_k9j9txzJpc/sm:1/w:427/h:320/cz/M6Ly9wcm9kLWNhd/GFsb2ctbWVkaWEvaW50LzA4RDExMTRCREYwMThENzVCMTFENUFCRE/IzRUZBMjZEMzA0QTlGNkM0MTVGMTBDRjM1QTE4QkE0QTYwODAyNUUucG5n.png
Lidl,"Sumuštinių keptuvas 3in1",22.90,https://imgproxy-retcat.assets.schwarz/51-BcesCbjZRRf3zGeQRxu3X8NZXc4DcxnvY1LJRn-0/sm:1/w:427/h:320/cz/M6Ly9wcm9kLWNhd/GFsb2ctbWVkaWEvaW50L0REOTFFOTNGRDE1QkY5QTY2ODgzMzJCQT/Q4NkVBRjUyRDg1QTcwMTM0MUQ4NTk2NjlGRURCNDgxN0I0RTg2MEMucG5n.png
Lidl,"Trintuvas „Mix&Go 23470-56“",24.90,https://imgproxy-retcat.assets.schwarz/8MSH-sx6Autw9Uw4scgpVM2HYklGRhx5c1Ccw7FRbPY/sm:1/w:427/h:320/cz/M6Ly9wcm9kLWNhd/GFsb2ctbWVkaWEvaW50LzBGODk1RjAzMTJGNEEwRUZGMEI2MjUxOU/FDQjMyQkQzMDAyMDA1NzVEODY5MzhFNzM5QzY5QkNBRjQ1QkVGNjIucG5n.png
Lidl,"Vakuumavimo aparatas",34.90,https://imgproxy-retcat.assets.schwarz/ykqGjX-KdTKLNO1R9QjF_ohO0-6idpjG2fweInM1i0Q/sm:1/w:427/h:320/cz/M6Ly9wcm9kLWNhd/GFsb2ctbWVkaWEvaW50L0ZDNUMxQUU0OEI2RjBCNzY4NTIyQjNGM0/RDMzIwMkY1QURBMEU5RkUyODIxNTZEN0QzOTZDM0JFQjFCQkM5N0EucG5n.png
Lidl,"Dviguba vaflinė",22.90,https://imgproxy-retcat.assets.schwarz/6J3CYcxKamR87_kYixuYHReepAHfGt6xqMpMn2Gop1A/sm:1/w:427/h:320/cz/M6Ly9wcm9kLWNhd/GFsb2ctbWVkaWEvaW50L0ZDRjM1QzJCMDc3M0Y5REVBQjg5RTRCQk/NDQzQ2RTg5QjhEQUIxNEFBQTVCOTMzRkVFRjE5QUZDMjMxMEY2M0QucG5n.png
Lidl,"Pieno putų plakiklis",21.90,https://imgproxy-retcat.assets.schwarz/0S2HQcxBBLn145u74U8ylD1lvCjgr-xJ423JJYNBjx0/sm:1/w:427/h:320/cz/M6Ly9wcm9kLWNhd/GFsb2ctbWVkaWEvaW50LzdEQkI4QTBCNEM2MUY0NUQ2MzgxNjM5ND/kyRUJGNDQ0MDgxQTg1NURCNEZCNEZDRjgxMTAzOTJDNEEwNzM4M0MucG5n.png
Lidl,"Skrudintuvas",17.99,https://imgproxy-retcat.assets.schwarz/bl6LE7OA20Phmuvvxim5Llcpg4qnTY1-msV3tegl2Xk/sm:1/w:427/h:320/cz/M6Ly9wcm9kLWNhd/GFsb2ctbWVkaWEvaW50L0I2QzNEMDE1OUYxN0YzM0FCMzU3RjBEQ0/M2NDk5MEEwQ0I5QkQzQjA4QzA2QTNGNEE1OUM5RTc2Njc5MkM4MTYucG5n.png
Lidl,"Nerūdijančiojo plieno virtuvinis peilis",3.99,https://imgproxy-retcat.assets.schwarz/SjzsQK3stEU1YjuTL9sNl7hbw05vOYy0QmMmPQOVbus/sm:1/w:427/h:320/cz/M6Ly9wcm9kLWNhd/GFsb2ctbWVkaWEvaW50L0ZCRkIzQzJENjkyQzA5QzhCRjJDM0VENE/M5NTAwMUVGQzc2MEIyRjA1MkJBQTNFMjQ3Mzc4MkRBNkYxMDQzRDIucG5n.png
Lidl,"Peilių galąstuvas",4.99,https://imgproxy-retcat.assets.schwarz/kg1GFcsugOuXdZeY0nN97k2Xx4KgbCVOuouZQp5BEjI/sm:1/w:427/h:320/cz/M6Ly9wcm9kLWNhd/GFsb2ctbWVkaWEvaW50L0YwNzA5N0U4RkREODNEODcwNUY3NzA2RE/VERjdDODE3QkRENEU1RDA5QUM0MDQ3NUVCRUVDOEYzNUE1ODhGOTQucG5n.png
Lidl,"Virtuvės reikmuo",3.99,https://imgproxy-retcat.assets.schwarz/KeQ22N0JOJiwQE0Sen8itejoodD1bSTYcmyTph_28Gk/sm:1/w:427/h:320/cz/M6Ly9wcm9kLWNhd/GFsb2ctbWVkaWEvaW50L0IyOUMwRTBCRjJBMTM4QkYzQkNGRENBQT/IxMDJBQjIxRkZDMDE5NzgyOUM0MEJCQjA3OUQxRkFBRDM4MTBCQTYucG5n.png
Lidl,"Virtuvės įrankis",2.49,https://imgproxy-retcat.assets.schwarz/dcGW7dbFvIMRfcmsRkVKyDIOgdw4V99MwE6ZkQtNOc8/sm:1/w:427/h:320/cz/M6Ly9wcm9kLWNhd/GFsb2ctbWVkaWEvaW50LzRENDhBMjY4Mjc2QzZEQTQ0RDVDQTI2NE/M3REFCN0IzNDZGQUVBMUYzNEVBOTE4RUFDNDFFNkNDOUQwMzdGOUUucG5n.png
Lidl,"Virtuvinių sietelių rinkinys",4.99,https://imgproxy-retcat.assets.schwarz/BdRraggCpsgLHKySJOLxxwZjU23yQnIKDgVDjyqrC-A/sm:1/w:427/h:320/cz/M6Ly9wcm9kLWNhd/GFsb2ctbWVkaWEvaW50LzQ4NkVGRjIyOTIzMEM5RDU1RTUzMjA4NT/hEMzFDOTk4NkNFMTQ3QUFGRjMyMTA1QTVFQjdCRTc1NjdDMTBEQkYucG5n.png
Lidl,"Indaplovių valiklis „Cleaner Tab“",3.99,https://imgproxy-retcat.assets.schwarz/SUDNW88JYeruWpdYPBa2AnG5gp3TiFefLT-wB9QTKus/sm:1/w:427/h:320/cz/M6Ly9wcm9kLWNhd/GFsb2ctbWVkaWEvbHQvMS8xQ0IzNDQxRkMyRjYzQTM1QkM4QzVFMUU/zNkZFRUJBQUU0NTZCQjVCQTk2RDVDNDAwMzc0N0YyRDczNDI3NUY5LnBuZw.png
Lidl,"Akumuliatorinis tiesios formos suktuvas PSSA 4",12.99,https://imgproxy-retcat.assets.schwarz/_Xu17-NhylHbHBYmXZeTMgYwXDOlHL78wqbTLBDyXy4/sm:1/w:427/h:320/cz/M6Ly9wcm9kLWNhd/GFsb2ctbWVkaWEvaW50L0EyNDg1NDVFNjI3Q0M0QzQyN0YzRkEzOD/g1MENCQjk3QkVGMjYyQTk3RjJBREYwREVDRDM3RkFGMjA2M0Y1QjkucG5n.png
Lidl,"Darbastalis",19.99,https://imgproxy-retcat.assets.schwarz/rPvexJKcl75CiZvwRSS8HiQXI2_uSsuaVYNfhesSqRU/sm:1/w:427/h:320/cz/M6Ly9wcm9kLWNhd/GFsb2ctbWVkaWEvaW50L0UxOTI0RDIzOTBGNUZENEJBMEQxNjA0M0/Q0Mzg2OTg4RTAxRThDNTFEMTIxRkI0ODBFRTE2RUY2ODhFQjY1QjQucG5n.png
Lidl,"Mini aukšto slėgio valymo įrenginys PHDM 110",49.90,https://imgproxy-retcat.assets.schwarz/8JghAEOZRNdh0RIhUn-ZvK7YBTNf2zGP9QpK6eYp_1Y/sm:1/w:427/h:320/cz/M6Ly9wcm9kLWNhd/GFsb2ctbWVkaWEvaW50LzU2N0E1OTdCOEJBNTgyQzcxODQ2MzI0OE/I2Mjc0MEY3RDY3OENBMEEwMDFFRjE2QzA4RTAyNENBNEU2RkU4ODUucG5n.png
Lidl,"Aukšto slėgio valymo įrenginys PHD 170",119.90,https://imgproxy-retcat.assets.schwarz/KGroPUTBsUvcj7AMVnP6OP_gtlAGYBTEowyjgqjQEC4/sm:1/w:427/h:320/cz/M6Ly9wcm9kLWNhd/GFsb2ctbWVkaWEvaW50L0JENTg4OEVGM0UzODkwMUU2RTUzQjAyNz/dCQjA3NzIzOEQyRTE2M0UyNEZFRjNBQ0RENDQwNDNFNjIyRDcxN0QucG5n.png
Lidl,"Skintos rožės",2.99,https://imgproxy-retcat.assets.schwarz/Xth_glH33JCG-D7fHaZOHGyk_zPCJumtPV3J-noko6M/sm:1/w:427/h:320/cz/M6Ly9wcm9kLWNhd/GFsb2ctbWVkaWEvaW50Lzc1RTg2N0ZEMjJEQjZBODg5NUQ1RkRGMj/IzOERGNDk2ODNEOUFFQzlEMURGQzNDN0NGOTgxREUxMzlDRTM0M0UucG5n.png
Lidl,"Baterijos",7.99,https://imgproxy-retcat.assets.schwarz/KrFXPoSWH7REg43fEYtMmdy0Jd0nxf_8B12LiJrf8cQ/sm:1/w:427/h:320/cz/M6Ly9wcm9kLWNhd/GFsb2ctbWVkaWEvaW50LzFBMTc3Q0FDRjQyNzYzMjQ3OTI1RUE1RE/M4Q0EwMjY4OTZFMzE1NjE0MzVDRTdFRTgwREZGMDhCQjE1RjcxMTgucG5n.png
Lidl,"Momentiniai klijai",1.99,https://imgproxy-retcat.assets.schwarz/SW21heU9m_wVMmICr8Ajb_osFoATIZEHqCPZpiAOpgk/sm:1/w:427/h:320/cz/M6Ly9wcm9kLWNhd/GFsb2ctbWVkaWEvaW50LzQ4MUZFRTVENDQ1MTZENTk5RkQ0RUM1RD/ZBQzg3NzQ2NkZGRTM2MEUyM0IzQUQwQUM5MUU3NTgzQkVENDk1NUIucG5n.png
Lidl,"Pakabinimo kabliukai arba juostelės",2.99,https://imgproxy-retcat.assets.schwarz/ArTRV-VvwrRcpqZC4voGbg2LOsX_Q672guKg9-G6_bM/sm:1/w:427/h:320/cz/M6Ly9wcm9kLWNhd/GFsb2ctbWVkaWEvaW50L0FFMzkxRDJFRjJEMTM5QjY4NUJFMDk0Qj/hBMDU0MzU1OUYzRkYwOTFGMzlFRDg1NENBQjgxOTUwNUE4NEIyM0IucG5n.png
Lidl,"Guminių automobilinių kilimėlių rinkinys",8.99,https://imgproxy-retcat.assets.schwarz/JQ4gDzxvqiz7k86Qd9nCeBEFmM_SqDZH7_vr3sGGnZA/sm:1/w:427/h:320/cz/M6Ly9wcm9kLWNhd/GFsb2ctbWVkaWEvaW50LzdCQTI2RjVFMUQ2NEZENDY1MzNBMjZCQj/hBREQzQTVCNkE1QjExNjlDOEQ0QTdCOERBNzA1MkIxQ0EzN0JFNkQucG5n.png
Lidl,"Plaunantis dulkių siurblys PWS 20",89.90,https://imgproxy-retcat.assets.schwarz/UPfrYLmm4eYW5qe6N7KjN4PmSfuuqsSX_pWYK7W78Nc/sm:1/w:427/h:320/cz/M6Ly9wcm9kLWNhd/GFsb2ctbWVkaWEvaW50L0VBNDA1RkM3MjNGRUU3QzIxRkNBRjQyRT/VERUYzN0VCQTc2OTFGOUY5NTk4NTg2MzYxRkRCQzQ5MTIzQTY4RjUucG5n.png
Lidl,"Mini kompresorius UMK 10",12.99,https://imgproxy-retcat.assets.schwarz/BZuZ8RDxwlTPIoHKuRLGUqVxzhoKAuNbtnN-EjWTrGI/sm:1/w:427/h:320/cz/M6Ly9wcm9kLWNhd/GFsb2ctbWVkaWEvaW50LzJEMjNCNTBDQUVFMEUyMkQ0NzY5NzUxOU/Q3NDg3MkMxNjhGRjk0RTgxOEYyQzhEQzZBOTY2QkQ1QTYxMDczODYucG5n.png
Lidl,"Kryžminių linijų lazeris PKLL 3",39.90,https://imgproxy-retcat.assets.schwarz/0JgVpJ1n-lmDSejpKnZEGIowW3U7yiafWt2XaDyiOrc/sm:1/w:427/h:320/cz/M6Ly9wcm9kLWNhd/GFsb2ctbWVkaWEvaW50L0ZCN0M1MzNFOTk5QjFCNDZEQzc2NjQ4Rj/I1MTA5QzM4MjYwQ0ExREE1RDIyRDk2RjU2MDQyNDhEODlDMDMzMzMucG5n.png
Lidl,"20 V akumuliatorinis gręžtuvas-suktuvas PSBSA 20-Li",39.90,https://imgproxy-retcat.assets.schwarz/6b6Zv4ZlhbSqRhnOeIM1kYmDfJhJ6wMPRb4jC96QO8I/sm:1/w:427/h:320/cz/M6Ly9wcm9kLWNhd/GFsb2ctbWVkaWEvaW50LzA0M0Y4N0U5MUY2RkUzQkVDRDU4MTM5Nz/U5OEY4REI2RjQyMThCN0I2QUE0N0E2OTUxNjU4QkUyOTdCQzAxREEucG5n.png
Lidl,"12 V akumuliatorinio gręžtuvo-suktuvo bazinis rinkinys PBSPA 12",79.90,https://imgproxy-retcat.assets.schwarz/UsRiw_57oFpo6riHg3fREVDICKRCEFF75Y3-KVHmIh4/sm:1/w:427/h:320/cz/M6Ly9wcm9kLWNhd/GFsb2ctbWVkaWEvaW50L0UxOEQ0MUVDRTEwQkFENzMzMDM4OTdGRD/ZDNDExNDc4MzdCMzYwMzkxQUNEOEFBMDc1RDFDNTY2MUY4MjQ4ODMucG5n.png
Lidl,"12 V akumuliatorinis gręžtuvas-šlifuoklis PPFBSA 12",49.90,https://imgproxy-retcat.assets.schwarz/HL8jzHNKoLpBKss0wuveo1ZJjAujUHaWBJ5IBuEBWzE/sm:1/w:427/h:320/cz/M6Ly9wcm9kLWNhd/GFsb2ctbWVkaWEvaW50L0EyQkEzNTRGMkIxQjk1NzY3QzRBRkFCND/NFQUQ1RjdEODY0MDY5QTRGNTc0MEZEMUQ3MTYxODIyQzcyREE5MEMucG5n.png
Lidl,"20 V rankinis akumuliatorinis diskinis pjūklas PHKSA 20-Li",39.90,https://imgproxy-retcat.assets.schwarz/JurBRBYqVvZwU18NxJvQ9Qk6xe6z7TRULpZk95VLdl4/sm:1/w:427/h:320/cz/M6Ly9wcm9kLWNhd/GFsb2ctbWVkaWEvaW50L0FDQjJFOTFGQUI0NjM1ODUyRjk1NzIyN0/ZCNEM1RUM1NjUwNTU0OUI4QjI2MTA0MUVBQ0UxNTU5QUIxRDA2NTUucG5n.png
Lidl,"20 V akumuliatorius PAP 20",24.90,https://imgproxy-retcat.assets.schwarz/sfvyuMUetQYvMrb911RZZ3hqF0rm8F6HrvBaHrK_Cd8/sm:1/w:427/h:320/cz/M6Ly9wcm9kLWNhd/GFsb2ctbWVkaWEvaW50LzZEREM2NThBQUJGRTUyQzA4RDc0MDgwRE/UxQzBFODNBODlGMUJGQTk1Mzc5NUQ5ODQwQTRBOTk5RjM0RTAxOUUucG5n.png
Lidl,"20 V 4,5 A akumuliatorių kroviklis PLG 20",14.99,https://imgproxy-retcat.assets.schwarz/P4Qt2Ct3KooE7-9EgJJNXj74dJtVj9jopxZ9djVqcSM/sm:1/w:427/h:320/cz/M6Ly9wcm9kLWNhd/GFsb2ctbWVkaWEvaW50L0FCMkQ0MTlBNDQ3NUVGRjVBQTQxOUQzOT/UwMEQxNjg0RTREQUY0QUJEODQzRjU5NkE0ODU2QTRDNjQ5QjAwMjIucG5n.png
Lidl,"Mobilusis automobilio užvedimo įrenginys su išorine baterija UMAP 12000",39.90,https://imgproxy-retcat.assets.schwarz/nCW0Rvn-SjaMgrFl1FL_rNsvwjeDnJl3oBu_S60jnOY/sm:1/w:427/h:320/cz/M6Ly9wcm9kLWNhd/GFsb2ctbWVkaWEvaW50L0E1RTc1Mzg0MjZCNEM3MTdGRTM2MjhBMz/hFNEE2QjJCQzczODAzQTcxOTlCQzY0QkI3NENGMDZGMTM0RDg0OTUucG5n.png
Lidl,"Automobilio akumuliatoriaus kroviklis su užvedimo funkcija ULG 17",59.90,https://imgproxy-retcat.assets.schwarz/k1nh3By5FBsXHpSupVg9-7pjh7JkRCY9ZGh1gbrWbo8/sm:1/w:427/h:320/cz/M6Ly9wcm9kLWNhd/GFsb2ctbWVkaWEvaW50LzUyNkMzMDU2OUVGM0FBRDY2MzlFODFEMU/ZEMDY3N0YxQ0M3MEY1QTgzODQxNTQxQTU3NTUwNDYwMUZCQjQyRDMucG5n.png
Lidl,"Kanalizacijos vamzdžių valiklis",1.99,https://imgproxy-retcat.assets.schwarz/OiVVZmDAhAsvtkUwzVzHjTQAW36ZR7e-mNJVb1i9O2I/sm:1/w:427/h:320/cz/M6Ly9wcm9kLWNhd/GFsb2ctbWVkaWEvaW50LzYyNjY5OTAzODc5RjBCOENBNzY4QzBEOE/NBMkY1QzgxNTYzODVEQUY0QzdBNzkyRjhEQThFMzQwRDZEODY3OEQucG5n.png
Lidl,"Glaistymo arba maišymo įrankiai",2.99,https://imgproxy-retcat.assets.schwarz/osqlLswfmXzuxQXc8HVLGwNBk_whv8pSeAmRF1LCzok/sm:1/w:427/h:320/cz/M6Ly9wcm9kLWNhd/GFsb2ctbWVkaWEvaW50LzlFMkYwNjUzMUE3MjlFQjREODZEQzQxMj/MzODdGRUYzQzRCRkZBQzE5M0I4QkU3RTQ1ODdENTNBQkRDMDAzREQucG5n.png
Lidl,"Laminato / parketo arba plytelių remonto rinkinys",9.99,https://imgproxy-retcat.assets.schwarz/WqDNQ8FLCbc_lpC5uVv6EHM4fq8g9-W7Z4Mf2WX4TTw/sm:1/w:427/h:320/cz/M6Ly9wcm9kLWNhd/GFsb2ctbWVkaWEvaW50LzZDRDk2OTY1NzU5Rjg4NDQ0MzMzMkE4Mz/VENTY2QTRERDhCNkYwOUI4MDRFNTg2NDMwNzEzNEI1MTMzQTI2QTkucG5n.png
Lidl,"Dulkių siurblių maišeliai arba filtravimo maišelis",8.99,https://imgproxy-retcat.assets.schwarz/P_nKT2IEkbF1OZ4LbMeDmQXnVukny41nAp5XGcwGxvw/sm:1/w:427/h:320/cz/M6Ly9wcm9kLWNhd/GFsb2ctbWVkaWEvaW50L0VFRTM4NkUxNTQzQTJFOTVGN0ZEOEQwMD/ZDODI5QjdENjE4Q0MyOTYyNjUzQ0ZDMTM0NzUyMDQ1NTAwRTJBQzgucG5n.png
Lidl,"Vakuuminis kėliklis arba kėliklių rinkinys",5.99,https://imgproxy-retcat.assets.schwarz/qXAtXRgS5vN12WsqncahUc--7rXNmCPZc09uNYMQ3ts/sm:1/w:427/h:320/cz/M6Ly9wcm9kLWNhd/GFsb2ctbWVkaWEvaW50L0RCQUUwNEY1QkYzMzVFQ0UyOUNEN0E4Qk/UxQkY1QkZENEZBRTA4NzM3OTBGRUExNzZFQjdCQTVDRjI5MzgzRDkucG5n.png
Lidl,"Laminato klojimo įrankių rinkinys",NAUJIENA!12.99,https://imgproxy-retcat.assets.schwarz/vYK_reErvuKAxiBuYvGYEJ8K1pBK8vfL_3uDWf4bp34/sm:1/w:427/h:320/cz/M6Ly9wcm9kLWNhd/GFsb2ctbWVkaWEvaW50L0U3QjAzRjI4RENCMzFFMjk3MzE3RjQ2Q0/REMjRGQzExQkQ2QTlGOEYzRjhCMDJDOUYwQkIyMkM2NDEwMjU2MjUucG5n.png
Lidl,"20 V akumuliatorinis kombinuotasis įrankių rinkinys",189.90,https://imgproxy-retcat.assets.schwarz/TbDP-O0x2N3tw-UNw3C4SQB0vdA2o8JxYBKFpn3sPoE/sm:1/w:427/h:320/cz/M6Ly9wcm9kLWNhd/GFsb2ctbWVkaWEvaW50LzVDOUE2QUQ0RTdDMzQ5RkJBNDg2NTFCRU/FDQkRFMDBGNDRDQkRENjRDNzJEMDlBQzBBODU3QTRCQzdCQTEyMzkucG5n.png
Lidl,"Kiaurinių užmaunamųjų raktų rinkinys",9.99,https://imgproxy-retcat.assets.schwarz/8I2Jx16aV3M4g1GByEJjRcQ7ChHSxL_PjxqCWSPjuNQ/sm:1/w:427/h:320/cz/M6Ly9wcm9kLWNhd/GFsb2ctbWVkaWEvaW50LzIzQUE0MUFDNTYwMEE2MEZBRjBDQkMzNz/lERkQ3RUVCODNGQ0JDMzRGRDNDNDY2QzE2MTA2RDkzNkZGMzNCNzkucG5n.png
Lidl,"Elektrinis grandiklis PES 250",NAUJIENA!24.90,https://imgproxy-retcat.assets.schwarz/W6ZyAb3JySmHvAfRXNsSRG7WMnlORbnut83s451cUd0/sm:1/w:427/h:320/cz/M6Ly9wcm9kLWNhd/GFsb2ctbWVkaWEvaW50L0RDQzMyRTNGMzY2NDc0NDQ1RTE3NkNBMj/k1QzQyRTkyNzU4NzU4NjI0RTREMzZFRjNEMDZDMkFGQTY3NjNCMDMucG5n.png
Lidl,"Geliniai antkeliai",7.99,https://imgproxy-retcat.assets.schwarz/RNI0WkykZ8LDixt7onUlaYNU7XVJEI8t-A8AM3THC38/sm:1/w:427/h:320/cz/M6Ly9wcm9kLWNhd/GFsb2ctbWVkaWEvaW50L0Q2NUI3QTgzQzQ1QTJBNTJDQzVBMzUyNU/Q1QjE2QzlDMjk3ODQyNzY3OTYyMjgyQUNFRTgwOUNGMDEyODE4MDEucG5n.png
Lidl,"4 V akumuliatorinis suktuvas su keičiamais antgaliais Rapidfire 2.2",14.99,https://imgproxy-retcat.assets.schwarz/gNvdXcgUK0kD-lPQkLP9bH_0EbU1B42CG6vnmvTYBec/sm:1/w:427/h:320/cz/M6Ly9wcm9kLWNhd/GFsb2ctbWVkaWEvaW50L0U5MDkyNDZDQkRBMTlFRkNENjAxODdGMT/Y3QkU1RDdDQ0U0N0JENTBCRkMzQjEzRkQ5MTg1N0Y5NjA2MTkyODIucG5n.png
Lidl,"Įrankių plytelėms lagaminas",NAUJIENA!49.90,https://imgproxy-retcat.assets.schwarz/Oir137e3uGv2uurXJoSHNCMqpkrZhXI5Vqri_vQnE1M/sm:1/w:427/h:320/cz/M6Ly9wcm9kLWNhd/GFsb2ctbWVkaWEvaW50LzZGRjc4OTc0REVDNzUwNzBDMTk0NTMwND/I5M0VCRkY2NjFBRDNBNjAxOUI1ODFDQkE1MzQwNzYwMkUxMzc3ODEucG5n.png
Lidl,"Klijai arba glaistas",2.99,https://imgproxy-retcat.assets.schwarz/XWhws1zat2-MPpvc3469UcCBtfAFwUqM_RlQ_RFkv08/sm:1/w:427/h:320/cz/M6Ly9wcm9kLWNhd/GFsb2ctbWVkaWEvaW50LzdBMkYzRkVGNzIzMTc2QkEyQUYzNzIxOD/A4RTZCM0Q0M0VERkFBN0M3QUE0NjVGOEJFNTYxMDBGNjExMDI4OEUucG5n.png
Lidl,"Skersinio ir pleištinio pjovimo staklės PKS 1500",49.90,https://imgproxy-retcat.assets.schwarz/u7wS_XO74WgMPucGXechi3aXIbPUtJAQtif2SDySMqY/sm:1/w:427/h:320/cz/M6Ly9wcm9kLWNhd/GFsb2ctbWVkaWEvaW50L0FCQ0Q0NkJDNDFGM0EyQkRCOENGMjJENj/VGNDIxRjRFNjQwQzJENTE3MjMxMjlCRUZBMTdFQ0E2QjhDMDg1QUEucG5n.png
Lidl,"Kvepianti žvakė su medine dagtimi",8.99,https://imgproxy-retcat.assets.schwarz/otQIQRYsOqHtBLOOLOt-6zS5BSVb4xtoeyR6hOELz88/sm:1/w:427/h:320/cz/M6Ly9wcm9kLWNhd/GFsb2ctbWVkaWEvbHQvMS9FMzJDQjFBMTRFOUFFMDY5NUQ4NkE2MkU/zODQ2MjI4NDU2RUMxNzk1RDI0REU2NEI4MkExQzMxMEM0RDMxRDcwLmpwZw.jpg
Lidl,"Elektrinis sieninis židinys",119.90,https://imgproxy-retcat.assets.schwarz/EiRY59pPrmCuLkURvbEDjKkt5Di4tN5dUEaVCCMdT0A/sm:1/w:427/h:320/cz/M6Ly9wcm9kLWNhd/GFsb2ctbWVkaWEvaW50LzE4NDQyRkE2ODU3QzZBMzNGOTBDMkM1Nz/BFNzUzMjMwQkRCMTRCNzg4NTE5QUJENzhENzk0NzU3MUZGODQ0NEYucG5n.png
Lidl,"LED lempučių girlianda",9.99,https://imgproxy-retcat.assets.schwarz/wacnoXC48dK7Pfig503_wVmFG1USvLeyhx92ZEw6v8A/sm:1/w:427/h:320/cz/M6Ly9wcm9kLWNhd/GFsb2ctbWVkaWEvaW50LzM0QjY5NUQ1RTRDNTIwQUY1RjdDOUZCM0/NGQTZFNUM3OEVDN0JERDIyNUM4MEUyMTk0NTE3Q0ZGREQwNjkxMkIucG5n.png
Lidl,"LED medis",39.90,https://imgproxy-retcat.assets.schwarz/N2fj6HxwMWDiQlOAWLwR7hJwfU6Zvsv6OXqJxKfQxMU/sm:1/w:427/h:320/cz/M6Ly9wcm9kLWNhd/GFsb2ctbWVkaWEvaW50L0M2MzdGQzAxNTFBRDFCMjg0NzA1RUNCRT/UxQTRFNDlDNEM5MzkyNzM1NTg5Nzg0QjgwOTAzQkE4OUNGMTY5QzgucG5n.png
Lidl,"Garbanojimo žnyplės",19.99,https://imgproxy-retcat.assets.schwarz/zEOYZ35vJNESqS6Eia7B5YkwQkcmepx7BxZ39Gtx1RY/sm:1/w:427/h:320/cz/M6Ly9wcm9kLWNhd/GFsb2ctbWVkaWEvaW50LzQ3RTQ5NDE5RkE2NEUyQzMxQzA4MTNDME/IwRkNDMDlCNzBCOUE5OUJFQzREQkNBOTM2NEFBQjA4MkFFOEQwRTQucG5n.png
Lidl,"Dekoratyvinis nykštukas XXL",14.99,https://imgproxy-retcat.assets.schwarz/L0f066gqbXbEKAHv-8KKrqrrDqogKsNFMHOcaqxgAGQ/sm:1/w:427/h:320/cz/M6Ly9wcm9kLWNhd/GFsb2ctbWVkaWEvaW50L0VFRUEyNDM0OTRBNEEwODY3MDA3RkUyNU/MyQzE3OUMyQzA2MThEODQ4OEU3NUJDQjUxOTNGREIzREZERTVFQjcucG5n.png
Lidl,"Dekoracija „Spragtukas“",9.99,https://imgproxy-retcat.assets.schwarz/BhXKlvlpRheADcbbjCAbO0UXSp6K3yoprGzatoQPlpA/sm:1/w:427/h:320/cz/M6Ly9wcm9kLWNhd/GFsb2ctbWVkaWEvaW50LzgyODg0OTJBNUI3RjEwODFCOEZCMjQ5M0/M1QUEwOThDNUMzN0QzMkQwM0QwQTdBRjI5RjM2QTA3RENDODFFM0MucG5n.png
Lidl,"Puansetija „Maxi Buo“",6.99,https://imgproxy-retcat.assets.schwarz/LqRbdffxcpX8611efM3ZbL1xICczxW1-r3v6KEoVNNA/sm:1/w:427/h:320/cz/M6Ly9wcm9kLWNhd/GFsb2ctbWVkaWEvbHQvMS83OEJBRkQwNzE4MUQ0QkVCODUyOTE4RTc/2NjBEMzRCMjlGRkRBMTcwNzhGNTRBNjUwNjNBRjY0RjFBODQwQjQwLnBuZw.png
Lidl,"Maža puansetija",1.19,https://imgproxy-retcat.assets.schwarz/WsnFWTyU2208y3gaEtgTA5Cs3FVzLBJQ2xrKXDsOOUY/sm:1/w:427/h:320/cz/M6Ly9wcm9kLWNhd/GFsb2ctbWVkaWEvbHQvMS8zM0U0QTE5QzVFOTFFREFGOUNBQzY1Qzc/xREY2QzJGQ0IwMjg4RDlDMDYzNUUyNjE5Mjc3OUM0Q0REMzJDNzExLnBuZw.png
Lidl,"Mini kalėdinė eglutė",2.99,https://imgproxy-retcat.assets.schwarz/X6etkNQHqQDdtOBchh5zPshKfIfBsYjiiuQN_kY5Eo4/sm:1/w:427/h:320/cz/M6Ly9wcm9kLWNhd/GFsb2ctbWVkaWEvaW50LzA5QThDMjAwQ0U1OEI5Qzg2OThBMkYwND/EzRjgyQTczNUU4OTMxODQwMUMxMUZBRkFEQUU3NDYzQTdFN0VEOTgucG5n.png
Lidl,"Lanksti vonelė",4.99,https://imgproxy-retcat.assets.schwarz/jvC72m3QeKdfUZGLD7YzvyoXznO_DTeqnvFoLTbQEys/sm:1/w:427/h:320/cz/M6Ly9wcm9kLWNhd/GFsb2ctbWVkaWEvaW50L0RCQjM4MTU1MDI3RENGOTBDRjcyNkExRk/FFRDlFOTI2NEVFMEM0QzYyMTQ1Qjk4N0E3RTIwMUU5MzVBNDJGQzkucG5n.png
Lidl,"Drabužių valymo ritinėliai arba pūkų rinkiklių rinkinys",0.89,https://imgproxy-retcat.assets.schwarz/GERh7Dr6EVXPOde5IrPFnyn_TKFwpet7u0fP4og0YkQ/sm:1/w:427/h:320/cz/M6Ly9wcm9kLWNhd/GFsb2ctbWVkaWEvaW50LzlBQjIxNEEyOTJCQjFBNzlFNzI0NzdBQU/VBQzk3MUZDRDg5NDZDRTc5NERGMTFCMDI0NDRGM0UyNzM5Nzc0M0EucG5n.png
Lidl,"Pledas (GRS)",11.99,https://imgproxy-retcat.assets.schwarz/n3dGhkXwqQ8P3gN2N-_IKKg8Djo-Ii2BaeIaG_OyqM0/sm:1/w:427/h:320/cz/M6Ly9wcm9kLWNhd/GFsb2ctbWVkaWEvaW50LzI0MTZDQTM5RTZEMkY1RjE5ODg1MTRGQU/Q4MkVBQUNERjg2RTRBNUM2Q0REMUEwQTMyREM1MjFGNEU0NzA1QzYucG5n.png
Lidl,"Kvepianti žvakė",5.99,https://imgproxy-retcat.assets.schwarz/9sLuimMbotrD0GDa6NacLWV1ZSFz-OOI4Svc7Rvbzmc/sm:1/w:427/h:320/cz/M6Ly9wcm9kLWNhd/GFsb2ctbWVkaWEvaW50LzU4QjQzOTc5OTFGOENCMjM3RTJFN0FFMz/FGMjlDMDY2NzlERDU4Nzg2NEEwRTc5NkQyMUFCN0UxOEY2Mzg3NTkucG5n.png
Lidl,"Klozeto sėdynė iš duroplasto",12.99,https://imgproxy-retcat.assets.schwarz/vrLWVa_a-yRTDPOKbAaK82YPhP3Js7y-ScreaSfEw1w/sm:1/w:427/h:320/cz/M6Ly9wcm9kLWNhd/GFsb2ctbWVkaWEvaW50LzU3Mzg2NUQzRjFGQUM3N0I2MTFBNjUzND/Y4MEU1RjhBOEE3QjQ0NTZCOUUxOUY5RTExQ0U0NjU5RTk2QTQ3MDEucG5n.png
Lidl,"Serviravimo vežimėlis",27.90,https://imgproxy-retcat.assets.schwarz/dLvsaahRxO-AAmkOpk9_AtwPKaXMy7ty90--6O5uZDM/sm:1/w:427/h:320/cz/M6Ly9wcm9kLWNhd/GFsb2ctbWVkaWEvaW50L0Q1NThGMTBGNDQyNDgyQjI1MzE4RDkxQ0/Q3MkU2NDU4ODYyNTdDMzZBNDhFODRGMjk2N0VBRDEyOTAzQzYwOUMucG5n.png
Lidl,"100 LED girlianda su saulės baterija",5.99,https://imgproxy-retcat.assets.schwarz/a7xHnSexB52bM0jOnLrivWNOAy-2k888m2lRt2fA6vs/sm:1/w:427/h:320/cz/M6Ly9wcm9kLWNhd/GFsb2ctbWVkaWEvaW50L0RCMjdBN0MxOEZFQkMxNUE2MzE3REMyMT/Q1NDcyMEUyOURCMTZBNEE2QUExRjgxODlCMTBDNjEyNDQzRjgwMTEucG5n.png
Lidl,"200 LED lempučių girlianda",9.99,https://imgproxy-retcat.assets.schwarz/7fw3-4_gmEkzfKncHk1o--Wi6_pgPyTO_xy-QkcWGM8/sm:1/w:427/h:320/cz/M6Ly9wcm9kLWNhd/GFsb2ctbWVkaWEvaW50LzVFQjJBODZFMkMwQjJEQ0ZCNTU4RDQyNU/NCNEZEQTcxOEYyNUZDOUNENzI5NjM3M0NENzgzQjU2NjkwNTdFNzgucG5n.png
Lidl,"300 LED šviesų užuolaida",NAUJIENA!7.99,https://imgproxy-retcat.assets.schwarz/2BxBoH3mIojjplsY79RC9_e7UeVpNWg5dyVhBGLm7Ko/sm:1/w:427/h:320/cz/M6Ly9wcm9kLWNhd/GFsb2ctbWVkaWEvaW50LzA0NUNFMDRGNzBFMzIyNTlFQjRDNUJGNz/A0QjBDMDkxNTU4MjcxNTBBQ0VFRjVGOUQ5MDg1QkE2ODEzNjVGRTgucG5n.png
Lidl,"400 LED lempučių girlianda",13.99,https://imgproxy-retcat.assets.schwarz/_kDY6t41oTg-AqzHjWWgwNMxUA6zCuPzCChnk4pnTaM/sm:1/w:427/h:320/cz/M6Ly9wcm9kLWNhd/GFsb2ctbWVkaWEvaW50LzY0M0RERkIwRjY4RjNDREU5RTZFMzY5QT/Q5RTUwQTY5REMxMzY1MDFBQ0Q3QURGQzk5QzJBODQ3OEI4OURBMEQucG5n.png
Lidl,"LED lempučių dekoracija",NAUJIENA!14.99,https://imgproxy-retcat.assets.schwarz/uVXdCWSEWNXKUov5AZfoJXg0-oXblAamm2H5hyUxMmo/sm:1/w:427/h:320/cz/M6Ly9wcm9kLWNhd/GFsb2ctbWVkaWEvaW50LzJCNUUzM0JDNzIwNUIxRjc0NTIwMEEzMz/cyRTA1QjEzMDgyNzFBMTZFQUE3RkVCNTlFMDFDOEZGOTU3OEYzMTEucG5n.png
Lidl,"Girlianda „Varveklis“",14.99,https://imgproxy-retcat.assets.schwarz/Wgiz5OUqkHekoeAyelGN68WkAq6OvEI8T80_jYraWt4/sm:1/w:427/h:320/cz/M6Ly9wcm9kLWNhd/GFsb2ctbWVkaWEvaW50L0UwNzAwNzZCRTg0MURCQjQzOUQ4RTVBNT/dBQkNBQzFCRjA2QTE0RTQwNEI3MDJCRDlBNjQ2NkY3M0EzRkNEMUEucG5n.png
Lidl,"LED žibintas",4.99,https://imgproxy-retcat.assets.schwarz/lgOOxEHdeo1UogqK-fRgLKRo8rPjxXuClcSQA_c3oUg/sm:1/w:427/h:320/cz/M6Ly9wcm9kLWNhd/GFsb2ctbWVkaWEvaW50LzI5QTM4NUQwQTYzRThENDY3NEU4Q0QyM0/M2MTE4OEMwMjI1RTUzMTIzOUJDODlCOTEzNURENkZDODM2NUY2MUUucG5n.png
Lidl,"Ilgintuvas su 6 lizdais",13.99,https://imgproxy-retcat.assets.schwarz/8xZZFhU_j48TfZOHgNMkIwOlpmA-1jot-bUFk_2g9Js/sm:1/w:427/h:320/cz/M6Ly9wcm9kLWNhd/GFsb2ctbWVkaWEvaW50LzNBMDZENDRGNEQ2RDU5OEJBQTI1OUMzOE/I2RDlGQkMxNEI5NDQzRUJENTFCQ0M0QzNDRTVENUMwMTg5RUNBN0EucG5n.png
Lidl,"Ilgintuvas",11.99,https://imgproxy-retcat.assets.schwarz/R_21oZDfox0lR6KG9KjioQzQrlv9DzWyIeSb8KHd8PU/sm:1/w:427/h:320/cz/M6Ly9wcm9kLWNhd/GFsb2ctbWVkaWEvaW50L0Y0MTdFNjU2N0VDN0U5OTNCQUJGNEIwRU/REOEZDRkEwQkZCNzQ0RDVBRTA5QzNEQkVCQkU4RUVGNTdFMjg2RkMucG5n.png
Lidl,"Karšto oro plaukų formuotuvas",19.99,https://imgproxy-retcat.assets.schwarz/eFya9YX1tyFtoJXEOSaraRvWpjw7mgxRNnIx8QGA6Ew/sm:1/w:427/h:320/cz/M6Ly9wcm9kLWNhd/GFsb2ctbWVkaWEvaW50LzdEMEJDMjFBMDkxODUzNTM5RUZDMTFBQT/AwNDEyMTk4QjU4Qjc0QUJBNDc1QzJERDgzQjFBQTQzQjlGQTk2NkUucG5n.png
Lidl,"Plaukų šepetys",1.99,https://imgproxy-retcat.assets.schwarz/27j5Vs86D-9Wr5jg5hy0BU599byvccJKoDQLaMqDYHQ/sm:1/w:427/h:320/cz/M6Ly9wcm9kLWNhd/GFsb2ctbWVkaWEvbHQvMS8yRTZGODU3NUI0MTI4QUQxNkQyRTNGMzY/4MERGNkFENUYzOUJGRUEwRkVCRjkyMDgxRDQyMUZERUZERDdBRjY3LnBuZw.png
Lidl,"LED kosmetinis veidrodis",7.99,https://imgproxy-retcat.assets.schwarz/fJCDk4ybylja4BsBsHVl230O4n08eT_XWuMX4R-zNdM/sm:1/w:427/h:320/cz/M6Ly9wcm9kLWNhd/GFsb2ctbWVkaWEvaW50LzlGRjgyNDZBOUJGNzBCNDM0NDU2RTlEQz/BDQUM1REVCNkYzMkE1QTZCQ0Q5QzJCQzFCRDFFNURFMDI0NTc1M0EucG5n.png
Lidl,"Kilpiniai rankšluosčiai (CMIA)",6.99,https://imgproxy-retcat.assets.schwarz/Ssi3toUHIFFZQrUiKmVJUT_lxL-d8shpTGbJKeouNLA/sm:1/w:427/h:320/cz/M6Ly9wcm9kLWNhd/GFsb2ctbWVkaWEvaW50L0IyRjM2QkY5QzM3Q0MwNzlGNjk3NjcxRD/gwQTQ5Q0U1MTMwQzBDOEYyNjcxNzFCNDcwQjQ1QkRCMjcwRDJBMjcucG5n.png
Lidl,"Vonios kilimėlis (GRS)",6.99,https://imgproxy-retcat.assets.schwarz/v9kJmvGxioKAJidSN7sXYYYaSu2odljHAURLq8lVwOs/sm:1/w:427/h:320/cz/M6Ly9wcm9kLWNhd/GFsb2ctbWVkaWEvaW50LzI5RjZFNUY5NUE4M0M2RENGQzM5MTA0Qz/M5NTQ1OTJCRUREOTFGMzM3NUJFOTdFMUYzQjhBQjI5OTQwNTI3NTgucG5n.png
Lidl,"Kilpinis rankšluostis (CMIA)",5.99,https://imgproxy-retcat.assets.schwarz/EbGueJ8fb-mANWDwrr6SB0fu5AmFejGpa-BQPh2eLDo/sm:1/w:427/h:320/cz/M6Ly9wcm9kLWNhd/GFsb2ctbWVkaWEvaW50L0Y1Q0EyRTBDQTRBMTU4RkVGMDI0RDMxOD/RCODczMUYyNDRCMTE0NjhCMjVFMzBBMEJDMjMyRDcyNDY2MEM4MzcucG5n.png
Lidl,"Turbanas su saga",NAUJIENA!1.99,https://imgproxy-retcat.assets.schwarz/83ff5HA0pUQ47_zTWH68QjXRybLVAUes_hlLqNKi6Ig/sm:1/w:427/h:320/cz/M6Ly9wcm9kLWNhd/GFsb2ctbWVkaWEvaW50L0E3Mzg1NkJDNDYyMjkyNzkzNTFEQzlEMk/U4RDE3MUY3MEY5RjUzNUQ1ODVGQzg4MjI5MTA3NjdDRkY5MzMxN0UucG5n.png
Lidl,"Rankinio dušo rinkinys",5.99,https://imgproxy-retcat.assets.schwarz/Ar-rSbenK426zEhdlVxPOLJ0ejvE_xhs4cl4lfcaWpI/sm:1/w:427/h:320/cz/M6Ly9wcm9kLWNhd/GFsb2ctbWVkaWEvaW50L0QzRTBDNTI4NUM1RkJGQzgxQzc4RjlBRE/ZGOEM4MjM4Q0VGNjlFQzU0MjFDNTJBQjE5NEFBQkEzRjY2Qjc0NUUucG5n.png
Lidl,"Kosmetikos atliekų šiukšliadėžė",6.99,https://imgproxy-retcat.assets.schwarz/PJYT5xSa2TgAQOc6SlVBELvY5hmE7Uxi1LKjdPjHomw/sm:1/w:427/h:320/cz/M6Ly9wcm9kLWNhd/GFsb2ctbWVkaWEvbHQvMS9CMERBQzE5Q0Y0RDExOEVBMTUwNUVEREQ/wQ0UzOEI4RThERkFERUY3OEM2Q0UzNDUxODZEMDFGMzY5NTlENDlFLnBuZw.png
Lidl,"Chalatas",9.99,https://imgproxy-retcat.assets.schwarz/UA3667yUfem6u6xX4iMu6d6rIFsoNYs42-saVn59qMY/sm:1/w:427/h:320/cz/M6Ly9wcm9kLWNhd/GFsb2ctbWVkaWEvaW50LzY4N0Q1QkY3NUUzODU3ODMyRThGNDY3OU/Y0NThEMEZDOEVDMUI1MEIzOUUzNzQyOTE0MkNBRUU1QjQ2ODAwQzgucG5n.png
Lidl,"580 LED lempučių girlianda",14.99,https://imgproxy-retcat.assets.schwarz/f3-xtSdB-uVEI9iBVk77TkJoKUGiyvQqYNO705sY7tM/sm:1/w:427/h:320/cz/M6Ly9wcm9kLWNhd/GFsb2ctbWVkaWEvaW50LzY3M0YzRUNCMzVBQUFEMzJGM0E4RTZCOD/k1MDU5MkIxMjdDQTZBRkJGMzA2MjIyQkUwN0Q2NTRGQkQ3MzA3MzAucG5n.png
Lidl,"Akumuliatorinis manikiūro ir pedikiūro rinkinys",14.99,https://imgproxy-retcat.assets.schwarz/Vje5vnSLulCf6Tx-h27cmh3ADCGcvdW-IvS4kiXHil4/sm:1/w:427/h:320/cz/M6Ly9wcm9kLWNhd/GFsb2ctbWVkaWEvaW50LzI2MDhFMTVEOTU5NjU5M0M3MDAxRTk1NE/NDMzM2QjUwNDE4MjNGQzU1NTJENUU1RDhDNTBDQUQ3ODFEQTlEOEYucG5n.png
Lidl,"Plaukų ir barzdos kirpimo mašinėlė",16.99,https://imgproxy-retcat.assets.schwarz/IK1yt0COLrbwwQu86Gx8Iw0fCzc4YoSbxla2urqVx-U/sm:1/w:427/h:320/cz/M6Ly9wcm9kLWNhd/GFsb2ctbWVkaWEvaW50L0NEMjg5NDkzQTlFREZDNjAyM0IzRjcwQz/c2NTg0MEYxMUM2MUZDODQ2MjM1MDhCMkFCODM2QTdCQkVENUZEQ0YucG5n.png
Lidl,"LED prožektorius su saulės baterija",7.99,https://imgproxy-retcat.assets.schwarz/yxtNicNP6ApHRnPJ4yPS2Noa2ULW5AQ8SozDGh_g5ak/sm:1/w:427/h:320/cz/M6Ly9wcm9kLWNhd/GFsb2ctbWVkaWEvaW50LzIyQzA0RkYwQjcxNDlBNTY3NUUyRDlFNk/U5NjE3ODYwOUEwMTYxREEyNkI0RDNCQTY3MjZCNEREODQzRjhCMTMucG5n.png
Lidl,"Daugiafunkcis smulkintuvas",19.99,https://imgproxy-retcat.assets.schwarz/LXQejKVO3GrgUbU08uPaHuBb2-koTsouR3YqBN135pU/sm:1/w:427/h:320/cz/M6Ly9wcm9kLWNhd/GFsb2ctbWVkaWEvaW50LzlBNTcwQzZCMDAzNzYwMjMwRjYxOEU1Nj/BFOUE1OTkzMThGOTAyM0E2MDk0MjMxOEI1MEQwMDdEREE4NEUzM0MucG5n.png
Lidl,"Trintuvas",18.99,https://imgproxy-retcat.assets.schwarz/4sIPQUKxkYgpW7QtRYUOfCVwYxjxyok12R9gEM4WNDM/sm:1/w:427/h:320/cz/M6Ly9wcm9kLWNhd/GFsb2ctbWVkaWEvaW50LzE1Q0EyNEE1Q0VEOUE0NkIyNTNBNDI2Qz/c1MDk1QkFCNUFDRDg3MTVCNTMyQTNCQzBBRDkxNjdGNTlGNDBGQjMucG5n.png
Lidl,"Indas su dangčiu",5.99,https://imgproxy-retcat.assets.schwarz/rbAe90eUGRyAI4-Rw3y298FkfwUsQu2os41NnitbLlw/sm:1/w:427/h:320/cz/M6Ly9wcm9kLWNhd/GFsb2ctbWVkaWEvbHQvMS8xMjM5NzAwRERFRTcxRDdBNTk1OUY1NkF/GNDg4NjUxOEMxMTA1RUVFNEE3ODRFNUU3QTE0MUExNDgwMTgxMjE4LnBuZw.png
Lidl,"Lėkštė, dubuo arba puodelis",1.49,https://imgproxy-retcat.assets.schwarz/CvnFn18Ew1ib8anyT7wKMsNaovvMetPTP64QpOnsTXU/sm:1/w:427/h:320/cz/M6Ly9wcm9kLWNhd/GFsb2ctbWVkaWEvaW50LzNFN0NCMDZDRDhEOEMxMTY0MzhDRDYwMz/QxQUFDQjgyQUJFQkVEOTA0QTlGMDZEQUEzNTYxMjRDMTI3Q0UwQzAucG5n.png
Lidl,"Staltiesė",4.99,https://imgproxy-retcat.assets.schwarz/phFULXbeVwSAwk8kcfqyMiSvahe7VMRRSm8M_MvEoWk/sm:1/w:427/h:320/cz/M6Ly9wcm9kLWNhd/GFsb2ctbWVkaWEvaW50LzhGQjI1REJGRjM3NDk1RTBGRDBCMkE1Mz/EyODA4NzU2OEUyMkVGNjgwMzU2NEE2OUYwQzEwQTE4MUU2QUUwNzIucG5n.png
Lidl,"Bambukinių padėklų rinkinys",NAUJIENA!9.99,https://imgproxy-retcat.assets.schwarz/6KHC5ly45gYTRl3R6ngNwBbaBCmbz2cQzKmGFICuWhg/sm:1/w:427/h:320/cz/M6Ly9wcm9kLWNhd/GFsb2ctbWVkaWEvaW50LzFBMjhBNzY0QTg1N0IzRUMzQjA0NUMzMU/EwM0E1MDhFQjZGNTBBNjIwOUVCMTFFNDJFMTNEMEQ3QkRFRDcwMTcucG5n.png
Lidl,"Pliušinė dvipusė patalynė",14.99,https://imgproxy-retcat.assets.schwarz/Btvq78A3GI1uoPMaLMt8JnU-R06h9Ms4nsyxfn5EhXU/sm:1/w:427/h:320/cz/M6Ly9wcm9kLWNhd/GFsb2ctbWVkaWEvaW50LzIxRkNEQTlBNEJDQjY4RjlERkQzRDRDMT/c2QkMyQTg4NjcxMUJBOEYyRDhBRUZBOERDREQ2NDE4NjAxRDA5M0QucG5n.png
Lidl,"Pliušo paklodė su guma",7.99,https://imgproxy-retcat.assets.schwarz/bOJgCVLs505Izd_qbzNXeUTpiHg5gYEGvRtL_yPur1Y/sm:1/w:427/h:320/cz/M6Ly9wcm9kLWNhd/GFsb2ctbWVkaWEvaW50L0ZBOTUxMjA5QTlFRUNCQkUyRDdFNDczOD/E3MzYzQzgxNjUyQTMxNjlBMThFQTIxOTJFNTMwQzlBRTI5MjdDNkEucG5n.png
Lidl,"Aksominis pagalvės užvalkalas (GRS)",NAUJIENA!1.79,https://imgproxy-retcat.assets.schwarz/jA4UB346a6jn771wtZX_xmQ2fAI8K-g0PTLrnOQCE04/sm:1/w:427/h:320/cz/M6Ly9wcm9kLWNhd/GFsb2ctbWVkaWEvaW50LzRCRkU1MkJEQkFEQjZBQzY3RDE3RTg3MU/Y4ODgzOENGN0VGQUMxMjU2NDdFRkI1MDA5QUUwMzdFNDQyRUQwNDIucG5n.png
Lidl,"Antklodėlė (GRS)",9.99,https://imgproxy-retcat.assets.schwarz/PfjAvuEXEJlnn0k-YpkezRQDTo_sCJsvd3Tp-Y68JNI/sm:1/w:427/h:320/cz/M6Ly9wcm9kLWNhd/GFsb2ctbWVkaWEvaW50L0ExMDMwMUZGNEY4MUZFNjA4RDNFNDVCRD/dDRTg1QkQzRDlCN0JDNjZFOEMwQUIyN0MyNjVCN0M2RTdFNDdCMDcucG5n.png
Lidl,"Skutimosi gelis",3.69,https://imgproxy-retcat.assets.schwarz/lHp1_NYgq5LZ2RPA_bU2XuImjA9z98WUUJkZNQH21sg/sm:1/w:427/h:320/cz/M6Ly9wcm9kLWNhd/GFsb2ctbWVkaWEvaW50L0JDNTVDMTBCNUVCMUExNkUwODlEMEU3Rk/YwNjdENDFFQzdBNDQ4QTc5RDhBQjQzNDY3QTEyM0JGQjQ5NDhBMTEucG5n.png
Lidl,"Dvipusis dovanų popierius",1.19,https://imgproxy-retcat.assets.schwarz/Cfh-jATMxc2Tg0VPTKXUAF4eayuSOn0BnPLk16r40tM/sm:1/w:427/h:320/cz/M6Ly9wcm9kLWNhd/GFsb2ctbWVkaWEvaW50LzkwOTFGREJFOEFFQzlCMEFEQjkyMDE0Mj/k2MTQ5NTI0RUJDM0Q3NjYyNDlGNTdCNENDMkQ1MzYwNkNCRTEwQkYucG5n.png
Lidl,"Dovanų pakavimo popierius",0.99,https://imgproxy-retcat.assets.schwarz/2DOOT88WvUX1U0YQNT4ILiCUoydC_lMvgj3KWC3cLI8/sm:1/w:427/h:320/cz/M6Ly9wcm9kLWNhd/GFsb2ctbWVkaWEvaW50L0E3M0Q3QjgwNUYxOTk3MDFCRjlDODlDQz/NFMzQ3ODZBNjU2MzBGODBBNkQ0RTgzQkI4OEYzRTlCMDE0NTE1QTkucG5n.png
Lidl,"Advento žvakių rinkinys",3.49,https://imgproxy-retcat.assets.schwarz/zLYD2kWQyEJzUiaj59BdsUzepFZu2MZ_21mCxwKvzow/sm:1/w:427/h:320/cz/M6Ly9wcm9kLWNhd/GFsb2ctbWVkaWEvaW50LzlDNDg1QUNDRDA4NEQ1NkY5MjFDRTk5Nz/gzQTRFOEMxOUEzM0I1RkM4ODhGQTYwRkVDQ0ZENDRGRDFCRjJENUUucG5n.png
Lidl,"Didelė kvepianti žvakė stiklinėje",2.99,https://imgproxy-retcat.assets.schwarz/uVgJepUWsbO8xWuQwSsSEiZ59aSbnXefknjhGLe6IyU/sm:1/w:427/h:320/cz/M6Ly9wcm9kLWNhd/GFsb2ctbWVkaWEvaW50LzEyRjk2NjA4QTRGRjE0N0E0MTM0NjNGMj/Q4NUIxMEFEMDY4OTdDRDI1MEFBODlBOUVEM0JGNTJCMDE4RDE4NEIucG5n.png
Lidl,"Virtuviniai rankšluosčiai (CMIA)",1.99,https://imgproxy-retcat.assets.schwarz/grX_JqGOoQEq9fk9cwLpWdbMW2w50QVw44Q9iycS6X0/sm:1/w:427/h:320/cz/M6Ly9wcm9kLWNhd/GFsb2ctbWVkaWEvaW50LzJFQTQxNTkxNTRBN0Y5QjAyREZDM0I2OT/cxOEIxOEVEQkQ5NjQ4OTU1NzlCMzlDQjY2MjA5NjlEMEVFNjM2N0IucG5n.png
Lidl,"Purvą sugeriantis kilimėlis",2.99,https://imgproxy-retcat.assets.schwarz/hQcy8A-eluxzSX3YYorETdqUCDmG4NtzeYncmbbRTAA/sm:1/w:427/h:320/cz/M6Ly9wcm9kLWNhd/GFsb2ctbWVkaWEvaW50L0JCQTU3NzNERDI4MTVDREExQTBENzhCNk/UwMzJBOEUxQzM5RjFBQzFDQzc0Mzk4NkNDODA5MTg5MjFFNUIxRkQucG5n.png
Lidl,"Virtuvinis takelis",7.99,https://imgproxy-retcat.assets.schwarz/aKQhdYKjckKe6UI4XbYICpa4VR8mVOUQuktxujqd6Xg/sm:1/w:427/h:320/cz/M6Ly9wcm9kLWNhd/GFsb2ctbWVkaWEvaW50LzBBREMwRTU5QTg2QUE3MEM2NEQ5QjU4OD/JFQTVFOUVDN0MwMkRBMDU5RUM2MjlDMTQ4ODlFQ0M3RUY2MkRDNzgucG5n.png
Lidl,"20 LED lempučių girlianda",1.99,https://imgproxy-retcat.assets.schwarz/kHUb5T0SHlIX3AQlTva5q_Y5mPq0gfo1BKANIXXxT9M/sm:1/w:427/h:320/cz/M6Ly9wcm9kLWNhd/GFsb2ctbWVkaWEvaW50LzIwMEMxODc3QzExQTNFREFCOEFFQTdDN0/UxQkY1RTlDM0NCQjQ3REQ5RjcxNzRFQUFERUZDMDQyQTJGNTczMjMucG5n.png
Lidl,"Dekoratyvinis nykštukas arba elnias",8.99,https://imgproxy-retcat.assets.schwarz/EDuM6ORUQgf5wpPCKTtPRVo1NBuZ1D3FM3EV54W6d3s/sm:1/w:427/h:320/cz/M6Ly9wcm9kLWNhd/GFsb2ctbWVkaWEvaW50LzdEN0VCNDZEREI2MUYzQzA2OEEwREJFMj/c5RTIzOUIyREVERUM4ODcxMEQ0MzRGQzhEODdDRkQ0MTdDNDMzODQucG5n.png
Lidl,"3D lipdukų rinkinys",2.69,https://imgproxy-retcat.assets.schwarz/zubWiVeGfwG-EkfnB9Jg6pqj2ObMqo19NF2iAVfwPDc/sm:1/w:427/h:320/cz/M6Ly9wcm9kLWNhd/GFsb2ctbWVkaWEvaW50LzZERTA5RDZGN0E4NUY2QTkzNzBGOEY2MU/VFNjZBRjBEN0ZENTBBMENDQ0FFRTRERUFBODNGNkM0MkM3MEJCNDcucG5n.png
Lidl,"Kvepianti žvakė keraminiame indelyje",3.99,https://imgproxy-retcat.assets.schwarz/969Gbj4ChZIKnlSImNYEM0XIb3Dqs-bKv5C9j3hkcaA/sm:1/w:427/h:320/cz/M6Ly9wcm9kLWNhd/GFsb2ctbWVkaWEvaW50L0M1Rjc5RTE0NDBFNDJFQ0I3RkY3REJCMj/kxNDk1OERFNDMzOUMyMjE3MEVCNTYwNUQ3NzhFMjE1REE3NjZDNDcucG5n.png
Lidl,"Kalėdiniai pakabukai",NAUJIENA!2.49,https://imgproxy-retcat.assets.schwarz/dGER-aViijGYcyNlDaWXDOLntFCcLsmt9WHZ8-8mWFk/sm:1/w:427/h:320/cz/M6Ly9wcm9kLWNhd/GFsb2ctbWVkaWEvaW50LzM2NEU1MUZENDhDQzA3MUMwOEI4MkE0NT/A4NUI4MTdBRDlCRDgxMEU3RTY0MkZCQTVGMTEyRDYxNURFMDk4RkIucG5n.png
Lidl,"Kalėdiniai žaisliukai iš stiklo",NAUJIENA!3.99,https://imgproxy-retcat.assets.schwarz/2MPEww4wuNUs74H2816F-_Uqj9iUB8CVMYqCYrFn4O0/sm:1/w:427/h:320/cz/M6Ly9wcm9kLWNhd/GFsb2ctbWVkaWEvaW50LzcxNEE2ODFCMkRCNUU0NTM5REI0MzFGMT/YxNTA3MjBCNzc2ODZEQUI5MjIxRTBDMjdFODNENzYxRjYzQjNCOTUucG5n.png
Lidl,"Žakardo staltiesių rinkinys",8.99,https://imgproxy-retcat.assets.schwarz/Tendh7tucUozhOAZCqIPO_aWNnIjNfnLNH44MRLYpts/sm:1/w:427/h:320/cz/M6Ly9wcm9kLWNhd/GFsb2ctbWVkaWEvaW50LzNGNkNCQ0U4QThGODMxQzQ4RkExREQ1NT/UxQkUzQzJFREMxNUUyRTc3RjI4RjQxNkFFQTE4MDJENzMyNDNDMDkucG5n.png
Lidl,"50 LED lempučių girlianda",2.99,https://imgproxy-retcat.assets.schwarz/QvHFCeMKj1khzRxZUjLgHgF6cceJEvpB4pbXfmu4-HE/sm:1/w:427/h:320/cz/M6Ly9wcm9kLWNhd/GFsb2ctbWVkaWEvaW50LzJDOTk1MDI5QTcyREY5QjQzRDI4RTdFQz/lFRTQyN0UyM0IxOEIxMkJCQTYyRUJCRjNEODYyM0M2NTI4MzI3Q0MucG5n.png
Lidl,"1000 LED lempučių girlianda",24.90,https://imgproxy-retcat.assets.schwarz/Wf3QFNJleCA2DvN00uboREKMZtZxSIfBO3mLbgzWr18/sm:1/w:427/h:320/cz/M6Ly9wcm9kLWNhd/GFsb2ctbWVkaWEvaW50LzcxQURFOEUwRDJCREU0MEVFMEQ4NzgxOU/JFMUVCOEQ2M0M5Q0E5NDM5MzlCMjgzMTA3MjJEREY0RTg2QUI3MDAucG5n.png
Lidl,"170 LED girlianda kalėdinei eglutei",NAUJIENA!7.99,https://imgproxy-retcat.assets.schwarz/Bk2bgW-ieNT8ffMJsNhvwfG5vvHswTJWLfF4kHTIZ9I/sm:1/w:427/h:320/cz/M6Ly9wcm9kLWNhd/GFsb2ctbWVkaWEvaW50LzQ2Njk3N0QxRDg2Q0M4NTU3MUUxMDA2Rj/JBQ0FDMTdFQ0Y1QzQ1RjZENjY3QzREMzYyQzc5MDM2QzlBQTVGMUQucG5n.png
Lidl,"LED žvakės",NAUJIENA!14.99,https://imgproxy-retcat.assets.schwarz/WuQsgo8531TMOpQ8oLBEMP4HK-BL1BtiK19VRi9nMC4/sm:1/w:427/h:320/cz/M6Ly9wcm9kLWNhd/GFsb2ctbWVkaWEvaW50L0NDMDYwMTA4NjAxRENEOUM4NkVFNzQwNk/U2REU1RjUzQzk0NUM5RUM0QkYyODVENTgxODhCQThGMDdFMzE2QTMucG5n.png
Lidl,"200 LED juosta",9.99,https://imgproxy-retcat.assets.schwarz/fOusl7R8qvtLbkCCNoP4SBxRG7xfd9WOws86oWoJdAc/sm:1/w:427/h:320/cz/M6Ly9wcm9kLWNhd/GFsb2ctbWVkaWEvaW50LzI4ODUzQkVENEU0QjMzNkEyMzJDQ0M0RT/M0N0YwMDMyMjc4RjdFMkYyQ0ZGMDI4REUwRTQzMDE5REIzRTZEOEUucG5n.png
Lidl,"700 LED lempučių girlianda",15.99,https://imgproxy-retcat.assets.schwarz/Jg7MiSL7DtwzBmEUKgJu3amn0dmRiH9Ief3Le2uBD4A/sm:1/w:427/h:320/cz/M6Ly9wcm9kLWNhd/GFsb2ctbWVkaWEvaW50LzI2NTc5RUMzMTFGNDMxMzM0NjY3REJBNj/VEQzlFRDcxNUIwQzI1NzBGNjcyMDdBQ0Y1MDIxODFGQTdFMTBDNTYucG5n.png
Lidl,"Kalėdinė dekoracija su LED apšvietimu",NAUJIENA!7.99,https://imgproxy-retcat.assets.schwarz/MOsqyMzB3USGdzzOyGttwzhnavxXHflG8RL9S1vLllM/sm:1/w:427/h:320/cz/M6Ly9wcm9kLWNhd/GFsb2ctbWVkaWEvaW50LzY3ODEzRkJFMDk3NUU1MDE0NEE4OEU0Nk/MzRkU2RjExOTA1ODJGN0Y3RjM5MzA5NTEzRTg3RUI0RTExNEQ2REIucG5n.png
Lidl,"440 LED šviesų užuolaida",14.99,https://imgproxy-retcat.assets.schwarz/lvTP_ffj47Kw32p6WqKL21JECT2tlQWy2pDUTKSgYaE/sm:1/w:427/h:320/cz/M6Ly9wcm9kLWNhd/GFsb2ctbWVkaWEvaW50L0M3RUZBNjRDNEYwNkVBNjM1NDlBRDYyRE/RDRjgyQTBDMzMxMzZDNTRFM0JGRkFFQURERUMzNkZGRkJGQjQ4OEQucG5n.png
Lidl,"40 LED šviesų užuolaida",5.99,https://imgproxy-retcat.assets.schwarz/iAbVZGr4_lV241-LqVK_yHslThK2ZE0D4pcsr4D0_8U/sm:1/w:427/h:320/cz/M6Ly9wcm9kLWNhd/GFsb2ctbWVkaWEvaW50LzU2OEZGODA5RkQzMEY3Mjk4MTM4Q0UwQz/BFN0YzOEZCNkVCNDMwNDM0NTg1MTIzMUQ3RkEwNURGRTJCNjk3NkYucG5n.png
Lidl,"Elektros ilgintuvas",3.99,https://imgproxy-retcat.assets.schwarz/LzRnMLUIVHqE-pXph7OZUcxfAz3DL5X5yvj0Cyppp_4/sm:1/w:427/h:320/cz/M6Ly9wcm9kLWNhd/GFsb2ctbWVkaWEvaW50LzlBMUY3RTA0RTNDQjRGNDIxN0NENkMzRE/QxMTdERUI0ODgxMDBCMDZGMzFCQzBGNUZBODA2NDQ4QTg3ODZDMkQucG5n.png
Lidl,"10 LED lempučių dekoracija",2.99,https://imgproxy-retcat.assets.schwarz/C2I-BntntXsqUnqwyJyApQLxk4ABdwcQVJqCvwLpK8s/sm:1/w:427/h:320/cz/M6Ly9wcm9kLWNhd/GFsb2ctbWVkaWEvaW50L0I3MEU2ODA4OTE5MjYxNUJDQkYzRThCNE/YxMjQ0N0I4NUE4MUFCMjMzOTg4RjdDMTZDMjYxQjA5N0VBM0Q5RUEucG5n.png
Lidl,"200 LED šviesų užuolaida",14.99,https://imgproxy-retcat.assets.schwarz/gZT6JC1bgGuOfFVcMbPWQy8bfNNa819FjswaQT-PvYE/sm:1/w:427/h:320/cz/M6Ly9wcm9kLWNhd/GFsb2ctbWVkaWEvaW50L0EwODlBMTg5OTgxQzlGNTJDQ0RDQ0ZFNT/gwMkI1MkQyM0I2MUQxMjZFNEVBMzU3NDg2NEVDQUZFQjg4OTIzRDYucG5n.png
Lidl,"Kalėdinis vainikas",8.99,https://imgproxy-retcat.assets.schwarz/AwCVljBqmEiNcNB_M9B-Fb6WkbkhZhAEXgr90elot0g/sm:1/w:427/h:320/cz/M6Ly9wcm9kLWNhd/GFsb2ctbWVkaWEvaW50LzhBRjZEMDMwRTdFMDhFNkFERDAwQjc0MT/dBMTM2NjE3MzMwQTQwRTAyQkU2OUE3NjU5OTNDMjI2Q0FBNzZGREIucG5n.png
Lidl,"Įkraunamos baterija",3.99,https://imgproxy-retcat.assets.schwarz/3tzrWhkvO-C65N-qNreI1ezO2l_iYJwMhu91OFZz3kY/sm:1/w:427/h:320/cz/M6Ly9wcm9kLWNhd/GFsb2ctbWVkaWEvaW50L0JFMjgwNzQ2QjI5QUUwMDNBMUY3QTc5Nj/lDRDYyQzRENUQ0Nzg1ODlERjNDRjExQjQxMjhEOEJDMzRERUUxMkMucG5n.png
Lidl,"Dovanų maišelių rinkinys",1.69,https://imgproxy-retcat.assets.schwarz/XZExqS07Jlk1TE_vcDouFdusGThWiq-IlnQFt8Ta4Rk/sm:1/w:427/h:320/cz/M6Ly9wcm9kLWNhd/GFsb2ctbWVkaWEvaW50L0MyRjNFNzA1MDY5MTFDRkExNEI3RDc5Qj/E3MUZDREYxMUNDOTMwMzNGNjEzMzk1QjU3RTcxRTYwNTJCMkQ0Q0QucG5n.png
Lidl,"Advento kalendorius",4.99,https://imgproxy-retcat.assets.schwarz/jUwcTqu5-4YmcecYj4fZzatjhHiO8jIGbXGw4CE8dqw/sm:1/w:427/h:320/cz/M6Ly9wcm9kLWNhd/GFsb2ctbWVkaWEvaW50LzlFQjZEQ0E2OTM0OUVFODhDNDM1MkJFMU/U1MEJENDY5NDg0ODBEN0QxN0M2MTI1MzUwRjBDRDU0NkRDRjA2NUEucG5n.png
Lidl,"Dovanų maišelis arba maišelių rinkinys",NAUJIENA!2.49,https://imgproxy-retcat.assets.schwarz/APj5OZtiYKGXK6N32qvXNzWsKowejF2LFOKsF-AqDqk/sm:1/w:427/h:320/cz/M6Ly9wcm9kLWNhd/GFsb2ctbWVkaWEvaW50LzYzNDVGNjQxMUIzRDAzQ0ExREFGQjA3MD/AzQTAwNUUzQURDRDhCN0FEMDE2QzU5RjQ0MDY5OTE1RTg1RUMwRDkucG5n.png
Lidl,"Dovanų juostelių rinkinys",0.79,https://imgproxy-retcat.assets.schwarz/Cqr622iq_fQi5sUTubGtsohhehM8NXc25VUD30mj2tY/sm:1/w:427/h:320/cz/M6Ly9wcm9kLWNhd/GFsb2ctbWVkaWEvaW50LzdENjI5NjUxQ0QyRTFDNzdGODVBMENBNE/FEREEyQ0U0MEM2MDFEQ0I3NUVEMTI0NEU5MjU1RUEyMUMxMTY5MzQucG5n.png
Lidl,"LED dekoratyvinis vainikas arba žvaigždė",NAUJIENA!19.99,https://imgproxy-retcat.assets.schwarz/ldzS2yB9Q15-IkOjbkOpE94Jk0p-uj0gMn5Gweizwhc/sm:1/w:427/h:320/cz/M6Ly9wcm9kLWNhd/GFsb2ctbWVkaWEvaW50L0ZCNjRDRTAyOTM2OTY5MzIxQTQwQkFCOE/Q2Q0RFQ0UwMTA4QjlCNzI3QzkxOUM2QTZDMjQxQjI0RDI0MjY1NDkucG5n.png
Lidl,"Lenkta dekoracija su LED apšvietimu",9.99,https://imgproxy-retcat.assets.schwarz/ZHn09enkGLfGU3QAvapy8-ZH3a-cDx4Iisj60T_WpyM/sm:1/w:427/h:320/cz/M6Ly9wcm9kLWNhd/GFsb2ctbWVkaWEvaW50L0Y5MzkwQzg2MTM2NDU0Q0JEN0MzRjkyQz/YyQ0Q5RjBGMEE1REY4MzcxNEExNkQwRkQ0Qjc2MzIwQTBEOEFGMzMucG5n.png
Lidl,"LED žibintas su pūgos efektu ir muzika",9.99,https://imgproxy-retcat.assets.schwarz/hc1GUtJ3p4a8aeM3ifVlXf8fEKPn8f5QjxU6yrucSJ8/sm:1/w:427/h:320/cz/M6Ly9wcm9kLWNhd/GFsb2ctbWVkaWEvaW50LzM3NzM1OEU2MzJBNjI1NUY1NkY1QTA3OD/c1QzBDM0FDRDM4RDBBNzIyNUExQ0UyRDA0NTMzOUEwMEExMTM3NUIucG5n.png
Lidl,"Lango paveikslas su LED girlianda",3.99,https://imgproxy-retcat.assets.schwarz/y_k9GIZYxmfa6G2jSCpVY23deNvgGClAQ2ps_AHrAjQ/sm:1/w:427/h:320/cz/M6Ly9wcm9kLWNhd/GFsb2ctbWVkaWEvaW50LzRBMEE4QjE0NURDNkUwQ0JBRDU3MUQwRj/I1QzhFRUM4OTc0QThDQUM0QjY4N0ZBRkVDNTVFM0FBNDE5QzQzRUQucG5n.png
Lidl,"Kvepianti žvakė stiklinėje",NAUJIENA!3.99,https://imgproxy-retcat.assets.schwarz/s4kKRpPaz9eFkAT2x8SVIF0sA_GAyl02nhrn_Ydih7w/sm:1/w:427/h:320/cz/M6Ly9wcm9kLWNhd/GFsb2ctbWVkaWEvaW50LzJDNjlEQTE4ODFCODhCNUJFNEY1QzE4M0/NBOEVDMjY1QjY5RjY1MDUxODJGNkRCRDExMjJFNDk5MUZFQTZCRjQucG5n.png
Lidl,"Kvepianti žvakė stiklinėje su medine dagtimi",6.99,https://imgproxy-retcat.assets.schwarz/7EZM3ChLW2PIBVRxEshIhqdhTtaS10M6uuvBHrYIMAU/sm:1/w:427/h:320/cz/M6Ly9wcm9kLWNhd/GFsb2ctbWVkaWEvaW50LzY0QTZDNjI2OTIzN0YxOUI2NDc4NDgwNT/czM0EzM0UxMkE1QzJCNzM0Q0JGMzcxOEY0MDlDRjdDQTBDNjM4RDAucG5n.png
Lidl,"Kvepianti žvakė su dangteliu",3.99,https://imgproxy-retcat.assets.schwarz/RO6bJbCZKgjg_1PKMShyuzzyWe2wgWFAzVloKB2BhL0/sm:1/w:427/h:320/cz/M6Ly9wcm9kLWNhd/GFsb2ctbWVkaWEvaW50LzgyNTcyODQ0QzY2MjI0QUIwOTU3RkY5OT/ZFQkI2MzkzRDE3MTU5QTE2QTUwNjA3MEZBQTBEMzE3OTZENEIxODUucG5n.png
Lidl,"Kvepianti žvakė dekoratyvinėje stiklinėje",NAUJIENA!2.19,https://imgproxy-retcat.assets.schwarz/H6mWpAai1ZuZdb0zfRHJMMAT0mXvH2LDE8LXpnbgsAQ/sm:1/w:427/h:320/cz/M6Ly9wcm9kLWNhd/GFsb2ctbWVkaWEvaW50LzNFRkVGMkNEMjlCMjAwMkE0MTBCNjg2Nj/U4Q0ZDNjk0RTIwOUQxOTU3MkY0RTdBMjRBRTQ1QjlGQjc0NTQzMTcucG5n.png
Lidl,"Žvakės grubiais paviršiais",5.99,https://imgproxy-retcat.assets.schwarz/KryD4lS-1uokA2ELlfbef2j4tU2XcjCL7C3AdkPgjqA/sm:1/w:427/h:320/cz/M6Ly9wcm9kLWNhd/GFsb2ctbWVkaWEvaW50LzE5QkMyRjUxNjREMTQ0QjIyNjFBNUU2Mk/I1RDBGRjE1NkE0OTY1N0Y4MzQzMTE3QjExRUFGRDk3QTA4N0QwMUYucG5n.png
Lidl,"Tikro vaško LED žvakė",4.99,https://imgproxy-retcat.assets.schwarz/9dw82Hr-sJgTUeCuPgVAHLFn3Ok1KtevD8-6hv-RzA8/sm:1/w:427/h:320/cz/M6Ly9wcm9kLWNhd/GFsb2ctbWVkaWEvaW50LzU1RDRFNkZFRjY5RDk1RkIzN0I4OTNFN0/FFNjQ0QzUwOUI0NjE2REU3OUE1ODk2Mjc0QzYyRDM4MjA4REE5QTgucG5n.png
Lidl,"Žvakės",4.99,https://imgproxy-retcat.assets.schwarz/hKypJomBqxVv605eYoMmLXZ1fyYJWiH4KCG_YfBUhsk/sm:1/w:427/h:320/cz/M6Ly9wcm9kLWNhd/GFsb2ctbWVkaWEvaW50LzZDOTdBMzc3ODNGRUQ3OTkyNjJEODJGOT/IxMDFENTlCRjQ1MTEwQTFCRTE4RERGRDMyNkM3NUJGMkZGMTk4Q0QucG5n.png
Lidl,"Kalėdinė dekoracija",NAUJIENA!1.99,https://imgproxy-retcat.assets.schwarz/_hQVjZpEo6h-SWz_oH4pLFKoHVrIDGM8j1tAnf_2xqo/sm:1/w:427/h:320/cz/M6Ly9wcm9kLWNhd/GFsb2ctbWVkaWEvaW50LzNDMjkwMzFFMTFCN0NCMUM5NDlFMzVBNz/U0RTIwODY2RkMwRTUyOEJFREFGQTU4QkEwNTk2MEM0M0RFNDk0OUMucG5n.png
Lidl,"Mini stiklinis sniego rutulys",NAUJIENA!0.99,https://imgproxy-retcat.assets.schwarz/ASVzLvcrz0rWtJ2tgJjaCiM1mR7L7EXM4s2Jw13dLLQ/sm:1/w:427/h:320/cz/M6Ly9wcm9kLWNhd/GFsb2ctbWVkaWEvaW50LzJBQzhFQUVCQzFDRkY3NjQwNzNGQkYzMz/M0MDJGN0EwNjVEMThGQjAxQzI1REQ3RjhFRDFCMTQzMzQ5QTVDNUUucG5n.png
Lidl,"Dekoratyvinė lėkštė arba padėklas",1.99,https://imgproxy-retcat.assets.schwarz/yX7LK3VE9JWFIs859itgvL1DoiIz7ICyJzbo4Qcq2sc/sm:1/w:427/h:320/cz/M6Ly9wcm9kLWNhd/GFsb2ctbWVkaWEvaW50L0Q3RDAxMTU4OTNEODQxODUzQ0UzNzRFRT/gwNjVBQzQ5M0QwMTkxNTRGNzIzODc1MDc0OEZGNThDRkFGQzVGODkucG5n.png
Lidl,"Kalėdų eglutės žaisliukai",4.99,https://imgproxy-retcat.assets.schwarz/pP0KFbQ3iR8YluXXl3cX37dA0bnzUHNYL2TMUaRI77c/sm:1/w:427/h:320/cz/M6Ly9wcm9kLWNhd/GFsb2ctbWVkaWEvaW50LzRBODcxRkE2RDdDOEMxMUZERkQ5Q0UyMT/cxRkI5MjBEMDI2RjUyMkRCODJDOUI0OUFFNTlCQzVERUFBMzVGRjQucG5n.png
Lidl,"Stikliniai Kalėdų eglutės žaisliukai",1.69,https://imgproxy-retcat.assets.schwarz/POexS0BIwRTU-SjdBhn-mvh7y1t_u3BR8n_aa0Vq2Es/sm:1/w:427/h:320/cz/M6Ly9wcm9kLWNhd/GFsb2ctbWVkaWEvaW50L0M3RkQ4RDZEQkNCRkNGM0I3Qjg3QzY2RD/VDREIxREQ2MDlCNkY0Q0VDRTU1ODZDMjZGRkEzMEQ2NzE4NEI1OUQucG5n.png
Lidl,"Marškinėliai su nėriniais (CMIA)",3.99,https://imgproxy-retcat.assets.schwarz/0X0uuvhSGXWRvcOlyw_QXI3FIdzvRN16HTCLgwI43ag/sm:1/w:427/h:320/cz/M6Ly9wcm9kLWNhd/GFsb2ctbWVkaWEvaW50L0Y3RkVDMENFODEwRDJBRjNCMkVGRkE0RE/QyRTJEMjkyNDJDQjczQTA3ODc5QTU1MEFEMUEzMTgyQkJFQzA4NkMucG5n.png
Lidl,"Vyrų trumpikės (CMIA)",4.99,https://imgproxy-retcat.assets.schwarz/7D8QNZCZFJVtlZA7NRDK4QDMtT0NyC6VdgVKlosGkts/sm:1/w:427/h:320/cz/M6Ly9wcm9kLWNhd/GFsb2ctbWVkaWEvaW50LzZFRTY4QkZFQUNCQkYzOTgwOTUzMDYyQz/FBOEUzRUIxNjcyRUYwRkRGOUI5RDVFRDlCOThDNDFGRTJERDc4NUEucG5n.png
Lidl,"Vyrų trumpikės",7.99,https://imgproxy-retcat.assets.schwarz/JabFE0ZbXn8by2r4lsECWEv9i1iVXPDoCINOKzNIsd8/sm:1/w:427/h:320/cz/M6Ly9wcm9kLWNhd/GFsb2ctbWVkaWEvaW50LzlDRDdDMEI3MEVDNDBDNDNCMDU2N0U3NT/A0QUE3NzQzMzA0NEEwOTVBRTkxRjNENUJGQTcyRDk3MTVFQ0E4NTkucG5n.png
Lidl,"Kalėdinės kojinės",4.99,https://imgproxy-retcat.assets.schwarz/GOpFVO5qV8AJ86SXVYmxD99Bd-Oa6sNhJmkS2FwFPPY/sm:1/w:427/h:320/cz/M6Ly9wcm9kLWNhd/GFsb2ctbWVkaWEvaW50LzZEMUNFOUNGNDJDREM5NDVEQ0Q3NTIwME/I0MURBRkU3NDc4ODdBQ0MxNzIxNzc3MDdDQjg0NTBDMDhGNzI4QzcucG5n.png
Lidl,"Suknelė (CMIA)",4.99,https://imgproxy-retcat.assets.schwarz/ib5vjXVZTI4fKVMD7QlIycCLqbClsQSSUz1wLhuOquM/sm:1/w:427/h:320/cz/M6Ly9wcm9kLWNhd/GFsb2ctbWVkaWEvaW50Lzg0Mjc4QjQyQzA5MDA0MDZDRDU3NTVFNj/MxMzkyNzE5NjM3OTE3QTc3NzZDNkFBQzUyNTQwQTNGQ0I1MDA1MTQucG5n.png
Lidl,"Platūs marškinėliai iš flanelės (CMIA)",8.99,https://imgproxy-retcat.assets.schwarz/Zp9lG0EZHj3QIBLbODJgo4Uk3QoET1dwB6izNSJQ6rY/sm:1/w:427/h:320/cz/M6Ly9wcm9kLWNhd/GFsb2ctbWVkaWEvaW50L0Y5NTZFMTZCMUVBMjc5NjYyRTEyOTQ3RT/FFREVCOTcyNUYwMTY2RjgwRDIwOEFGRUUzRjY3ODAwRTJEQTg3MEYucG5n.png
Lidl,"Pižama (CMIA)",8.49,https://imgproxy-retcat.assets.schwarz/EgPwEUExeVCpDaRyflK4GF0ygY6r_yM6j51QiBCcb94/sm:1/w:427/h:320/cz/M6Ly9wcm9kLWNhd/GFsb2ctbWVkaWEvaW50LzlBNDE1NkQ0N0Q4REY5RTE3REI1NTIzMj/VENDA0N0ZGNjVDNjcxRDIzOTNFRDQzOEI5RDFBMEE0MDBEQUZBNzAucG5n.png
Lidl,"Termo pėdkelnės",8.99,https://imgproxy-retcat.assets.schwarz/6CWnp5-THDfKo4P6AIq-86OjfTv_Kv2y8ktQF-RebxE/sm:1/w:427/h:320/cz/M6Ly9wcm9kLWNhd/GFsb2ctbWVkaWEvaW50Lzc1OERDQzdFMUE2RUExNTQ5NTNFQzUyRT/k0MEM5NzkzMkFDQjg2MENDRjgyOEJCQzk2NTJFNDlDODdCQzM4RDUucG5n.png
Lidl,"Vyrų arba moterų laisvalaikio kostiumas iš fliso (GRS)",14.99,https://imgproxy-retcat.assets.schwarz/82RPJ08qd2pYOh2Zpo7Chu_4NwXw1tSPGRD19uWIUE4/sm:1/w:427/h:320/cz/M6Ly9wcm9kLWNhd/GFsb2ctbWVkaWEvaW50L0U0MzhCRDRCMTUxMDY1QURCRkM3OUVCQz/dDMDI0NkVERDM2MUY0NjIzMTVGREI1MkE4MTkxOTk4NzlGMkFCNEEucG5n.png
Lidl,"Kardiganas (RCS)",9.99,https://imgproxy-retcat.assets.schwarz/UBc1_8vGkSQkE0Fy-jNB3edkN3B_D0LFsI4c34i9Loc/sm:1/w:427/h:320/cz/M6Ly9wcm9kLWNhd/GFsb2ctbWVkaWEvbHQvMS9CODZBMTFDOTM3NjA1ODkwM0FDQTYwRTd/ENDQxNDQxRkUxMEUzREUwNTExMjQ1NkRENDVDNDQwNUI1OERDMTQyLnBuZw.png
Lidl,"Moterų žieminiai batai",19.99,https://imgproxy-retcat.assets.schwarz/i_5To41-zIUXlYVmXuAL56ROeyiVhf2QJB8LNKrRv3U/sm:1/w:427/h:320/cz/M6Ly9wcm9kLWNhd/GFsb2ctbWVkaWEvaW50L0VGNzIzODUwRTQxMDdDRDEwODdBOURCNz/c1MEZFOUIxQTgyQkFEQUE2Q0NDODUzN0MxRDcxQjI0RjMyRkFDREUucG5n.png
Lidl,"Kojinės virš kelių arba blauzdinės (CMIA)",2.99,https://imgproxy-retcat.assets.schwarz/TBGuwcCeDSpuHm26-1JXBHKoNgjtdgn40D9fU5GbFqw/sm:1/w:427/h:320/cz/M6Ly9wcm9kLWNhd/GFsb2ctbWVkaWEvaW50LzlEMThGODBBMEYxRjkzN0U1MzUwQ0ZEQU/IzRDNBREUwMkY5QzdFNDg4NUQ4REM4OUI0QjUyQTkwRDdERjE0QTYucG5n.png
Lidl,"Kordo audinio kelnės (CMIA)",12.99,https://imgproxy-retcat.assets.schwarz/2bX6aN39ek8T252GUqnRGWrV2p2BqiGGwvfnTK4nCUY/sm:1/w:427/h:320/cz/M6Ly9wcm9kLWNhd/GFsb2ctbWVkaWEvbHQvMS8yRUJBQ0Y0MzVBMjZCNzdBNkM1QUExNjI/wMjhFNkY1OTQwN0Y3N0NEOERDMjYxMDU5MTIxNzRGRTNGQTE2Mjk1LnBuZw.png
Lidl,"Vyrų megztinis-golfas (CMIA)",11.99,https://imgproxy-retcat.assets.schwarz/e_eC4J8pt6CwiXLrwlMyBD9ruwafD8cQp0_be3JWAWA/sm:1/w:427/h:320/cz/M6Ly9wcm9kLWNhd/GFsb2ctbWVkaWEvaW50LzFCNjFEREQzNEZFRTAzNDRDMzczQTk4Nj/I5NDJBQjhFOUVFODMxNDY1ODg2OTRDMzVGRTQ2RTRCRTkzOERCNjAucG5n.png
Lidl,"Džinsai „Slim Fit“ (CMIA)",12.99,https://imgproxy-retcat.assets.schwarz/lfPldflX-ccn8aHRKuWPUtMv4PZ4vIJiMCqPVQAzLyE/sm:1/w:427/h:320/cz/M6Ly9wcm9kLWNhd/GFsb2ctbWVkaWEvaW50LzRGQkZGQTYxMUZCQTNEMTk2NzUyMEE0Nk/ZGRTZEMTA5MkFENzg3QkFEMkIzRTVDOUU4NkRDQkIwNEY2RjI5MjcucG5n.png
Lidl,"Dygsniuota striukė (GRS)",19.99,https://imgproxy-retcat.assets.schwarz/Yn5dEGg6pObHoBPhnDSvj3kN3fYXuDh3_QDbSNt42yY/sm:1/w:427/h:320/cz/M6Ly9wcm9kLWNhd/GFsb2ctbWVkaWEvaW50LzZFQTBGMjNBRDFGQTk0NzdDODQ4RTFEOD/A0NUQxOTRDMDIzNzM5QkI3M0JCRjI0QkMxNTNERkY3QzQ3MzFFNDQucG5n.png
Lidl,"Vyrų darbinės kojinės",6.99,https://imgproxy-retcat.assets.schwarz/Zyh7vKtHPCT-93jWqDXjQ5cC5UqagaINULol1AmXNxg/sm:1/w:427/h:320/cz/M6Ly9wcm9kLWNhd/GFsb2ctbWVkaWEvbHQvMS9FN0I5RkUwNkIyRjg4OTQ3OEY0MTUyMUN/BODI1NTgzREY0MkRGMUQ1RjM1MTA4NzRBRDRBRTlEQzMyOTJBQzY2LnBuZw.png
Lidl,"Plonas megztukas",9.99,https://imgproxy-retcat.assets.schwarz/YGqaHJcroZf4Ex5I39U0aFsN4rm_zz0YzRlatnBhbA0/sm:1/w:427/h:320/cz/M6Ly9wcm9kLWNhd/GFsb2ctbWVkaWEvaW50L0VFQzkyMjY3QzMyNjI3OUIzRkYzNTUwNU/M0QzhFRUIxNzRBQTdFNjY2RjZBRTQ0QjNFMkEwNUM2QkFDMzg0NkYucG5n.png
Lidl,"Minkštos kojinės",2.99,https://imgproxy-retcat.assets.schwarz/Bh9owZ-qOdO0IKEUx1rbaJjrFRpMn10nh1LZOGIVl40/sm:1/w:427/h:320/cz/M6Ly9wcm9kLWNhd/GFsb2ctbWVkaWEvaW50LzIxNDJCRTQ5NjJFNjdCRjVCQTU0OERFNj/cyRDEzRjhDRkM0NkZFMjY4OEUyMUI4NkNEQkQ5Q0FGNjJBOEY1MTMucG5n.png
Lidl,"Plačios flanelinės kelnės",NAUJIENA!12.99,https://imgproxy-retcat.assets.schwarz/Tty81-HAOPqMCcgJPlPCKkETGC-w9Ud5fBDVUd0PSPc/sm:1/w:427/h:320/cz/M6Ly9wcm9kLWNhd/GFsb2ctbWVkaWEvaW50LzQ4OEUxNEMwRDRFODAzMzBEMDk4QzI3Nz/g5MTJGMzNCQzY3MTYyRjY2REQ1MTVDNTQ5MTYxRUY4MDc4MkI1QTIucG5n.png
Lidl,"Marškinėliai ilgomis rankovėmis (CMIA)",4.99,https://imgproxy-retcat.assets.schwarz/Xd8hwgTCRoa6qcGpr_qtiGiH1pmLfUbHE-5H6yziNs8/sm:1/w:427/h:320/cz/M6Ly9wcm9kLWNhd/GFsb2ctbWVkaWEvaW50L0IzNzEzQkM2REY3MDkzMTE4MEI3MTVERD/MxMzFGREYwMENCMTlDNUI0NTAzODBCOThGQkYwMEJEQkYzQTc4N0UucG5n.png
Lidl,"Žieminės pirštinės",7.99,https://imgproxy-retcat.assets.schwarz/RBQ2XXCYct7lrcIlMNY_tx37CHEzAOetmVEjd2DwrWs/sm:1/w:427/h:320/cz/M6Ly9wcm9kLWNhd/GFsb2ctbWVkaWEvaW50LzVBNTY0ODQ0ODU4MTVFQ0IwQjE3NTE1MT/MzMTFCOTc5MEVCMjY1M0I2MkMxNTBCM0YzNUNBMTNFM0E4MjEyNjQucG5n.png
Lidl,"Moterų kalėdinis megztinis (RCS)",11.99,https://imgproxy-retcat.assets.schwarz/xzW5YGasGHA6iQ4eUVP8C6Pb0n5TmSXGxGJlNLhvOvI/sm:1/w:427/h:320/cz/M6Ly9wcm9kLWNhd/GFsb2ctbWVkaWEvaW50LzMzQ0U3MzRGODZBOEQyOUE5NUM4OEEyNj/hBOTQxRUE2NTQyM0U1QTZCQjUwRTVGMkM4NTBDQzJFQzFCMUQ5N0EucG5n.png
Lidl,"Mašinėlė Monster Trucks",9.99,https://imgproxy-retcat.assets.schwarz/64wU1IEDyL3EnlULKlUI-bo5ieUiIKgapnDNDMs3DTc/sm:1/w:427/h:320/cz/M6Ly9wcm9kLWNhd/GFsb2ctbWVkaWEvaW50L0ZDNjgwRTc1RjIzNEUxOTBBRDdERDY5Mz/Q4N0Y5RkRGRDdEQjVDN0I1MEFERkNCQzUzRkI2MjEwMzlGN0Q2QzYucG5n.png
Lidl,"Radijo ryšio bangomis valdoma transporto priemonė",17.99,https://imgproxy-retcat.assets.schwarz/4tFhQUxhCdWIyab_TjIuPPSerGxQal5bTX54VfZXv4M/sm:1/w:427/h:320/cz/M6Ly9wcm9kLWNhd/GFsb2ctbWVkaWEvbHQvMS9GM0JFN0E5RTZCRkU5NDg5NjI4N0Y3RUI/2Qjk0NkExRUQwQUJEMzFBNUFCMDI3QjQ2NDMyRjFDMURCNzY2NTA4LnBuZw.png
Lidl,"3D dėlionė",37.90,https://imgproxy-retcat.assets.schwarz/1sjr8jBA1FUruAObdHGND5kRKK3UwJUFiSvIHJFwMEY/sm:1/w:427/h:320/cz/M6Ly9wcm9kLWNhd/GFsb2ctbWVkaWEvaW50LzUzOTA1MTE5NTg0MUZDRDIwRjAxNDZEMD/hCRDVBRTU4M0Y5Nzk1QTk1RTA5NjQ2RjJCOUQ4N0I0M0RDOThCRTIucG5n.png
Lidl,"Lėlių namelis",99.90,https://imgproxy-retcat.assets.schwarz/mOo63tR_DL_nZd_WaFpNTkWI28DF-QMpXx_vseCEO_0/sm:1/w:427/h:320/cz/M6Ly9wcm9kLWNhd/GFsb2ctbWVkaWEvaW50LzM3RTBCNzRENkQxQzAwNTAxNTJFOUJDQj/cwMTVGNjM2QkQ1QjhFNzAyQURFRkFDRDY4NDQxMjAxQjgwNjE1MDAucG5n.png
Lidl,"Žaislinės transporto priemonės rinkinys",6.99,https://imgproxy-retcat.assets.schwarz/ZWv8Fz_xmt8ruqxoylxza3s9F0yuiZ-0UrjHGh74Kc8/sm:1/w:427/h:320/cz/M6Ly9wcm9kLWNhd/GFsb2ctbWVkaWEvaW50L0I1OTRERUY1ODJGMUU1Njc5REQ1RDQyMj/UxMTY1Qzk5Mzk3ODI3QjFGMzJDNjM3NkEzQUUyNzE0NjJBMzVBN0IucG5n.png
Lidl,"Geležinkelio rinkinys M",24.29,https://imgproxy-retcat.assets.schwarz/yrZgKgS6RJK8n1x79hrZFjRXjGlBXoBN4W01oIHFCOs/sm:1/w:427/h:320/cz/M6Ly9wcm9kLWNhd/GFsb2ctbWVkaWEvaW50LzU4MjJFRkUwQkQ0NERCNUQ3RTc1OTA3QU/ZEN0ZBQTFDRDYwQUNBQ0U0RjlDMjM5NEFEQjNDMzhEOTM1QUEyMDIucG5n.png
Lidl,"Lėlių namelio baldai arba lėlės",6.99,https://imgproxy-retcat.assets.schwarz/OTfTFWSOtSOM719a7UINQMBTq0biH4AT15ZRkJ2tjI0/sm:1/w:427/h:320/cz/M6Ly9wcm9kLWNhd/GFsb2ctbWVkaWEvaW50LzBDQzE2MUIzQUExM0U1Qzg5OEQ5MzgyMT/JENUQyM0YzQ0ExNTA4QTcxQUMyODM1Q0M3NUJGQTk2RkFGNEI3MDMucG5n.png
Lidl,"Stalo molbertas su lagaminu",39.90,https://imgproxy-retcat.assets.schwarz/01efSkin83_lvviZtRTl3VjcJiagYjB6TPa6JKaqNag/sm:1/w:427/h:320/cz/M6Ly9wcm9kLWNhd/GFsb2ctbWVkaWEvaW50LzE3NjAzNjgyMzU5OUI1OUMwOUQ4MTk2N0/M4MTM3NUE1ODU2REY3MjhGQzA5NjIyNjUwQUFEQUNCQjEyOEZDNUMucG5n.png
Lidl,"Teptukų rinkinys",2.99,https://imgproxy-retcat.assets.schwarz/trjbmvrQOIo7yzUpjm9Dy4zCMDm0Fll5MyE0YAvoK7Y/sm:1/w:427/h:320/cz/M6Ly9wcm9kLWNhd/GFsb2ctbWVkaWEvaW50LzQ0MjFGNUJEMUFBNTE0NTgxNjJBNTI0OT/MxNDQxM0YxQzJDRTYwODZDMTM2NTQ2REZCN0Y0MkFDNzVFNUZDNTQucG5n.png
Lidl,"Spalvoti pieštukai",5.99,https://imgproxy-retcat.assets.schwarz/zLVfPf6huMtc0blyrrmthFfOo5375Su8O_3SNOSBfA8/sm:1/w:427/h:320/cz/M6Ly9wcm9kLWNhd/GFsb2ctbWVkaWEvaW50LzlBQzkyODYxQTA5NUQzQUQyNzg1RDhGRE/JGQzIyM0QxRDVBQUQyRkI2RTY0NUJDRkYxRjNFODExRENBQkNBMTMucG5n.png
Lidl,"Piešimo pagal skaičius rinkinys",5.99,https://imgproxy-retcat.assets.schwarz/59kuWSgE8h9kJIFJ8ik8YTD2D8WupEUhjAQa5mlXays/sm:1/w:427/h:320/cz/M6Ly9wcm9kLWNhd/GFsb2ctbWVkaWEvaW50LzREQTJDQzMxQzNFQTMwNDhDODAzNjhBND/lEREI3MzFCRDY0RDIwODY5NzJENDRENjMxNzA0NkM4QTZFQkJFMzgucG5n.png
Lidl,"Kaligrafijos rinkinys",8.99,https://imgproxy-retcat.assets.schwarz/CmEV6GtKCr6GlSNIcAF8Z3_essA_WczxY7vEsAtXLvY/sm:1/w:427/h:320/cz/M6Ly9wcm9kLWNhd/GFsb2ctbWVkaWEvaW50LzRGRUExODhDQkI1QzhDRUM0MTYzMjYxNk/Y5OEFFNUMzREIzODQ4MDU5Q0RENkNGM0U3N0VBMEUzQzJDNjU4NTEucG5n.png
Lidl,"Drobė arba porėmių su drobe rinkinys",4.99,https://imgproxy-retcat.assets.schwarz/ysVFIPlMatcILnaQPNt3Mu-Yozp96yDUYn4VI8Dm_Yo/sm:1/w:427/h:320/cz/M6Ly9wcm9kLWNhd/GFsb2ctbWVkaWEvaW50LzlEOEFGRDRDRjM4MTFBQjg4M0JCQzBFOD/g2Q0RBMTY5QTQ3NkNGRTlGRURGMUFGMUMxOEJCNzJBRjIwQTVGQkUucG5n.png
Lidl,"Klavišinis muzikos instrumentas",29.90,https://imgproxy-retcat.assets.schwarz/VTgtHO2-DeeDFdXJS7pJWw_OYdLiqPxj-ovBLaYWQWM/sm:1/w:427/h:320/cz/M6Ly9wcm9kLWNhd/GFsb2ctbWVkaWEvbHQvMS9EQTU1NjEyQjMyRDg2NzZENzlBNDE3NzF/FRjlBQTE3Rjc3ODAyRTRBOTcxQjRENzMyMTRCNjI4M0QyQTQyM0ZELnBuZw.png
Lidl,"Muzikinė knyga vaikams „Mažųjų lopšinės“",13.99,https://imgproxy-retcat.assets.schwarz/2VswMdRBtVbmiB93ZOIsXTzY6Wvqa01t3vPkGdLaJIM/sm:1/w:427/h:320/cz/M6Ly9wcm9kLWNhd/GFsb2ctbWVkaWEvbHQvMS9EQjk0NjZBNUQ1OTc2NUI1RTZBQTcwOEE/3RkVEOUFERTcwQzZBNTk2NDM3QUQ4ODQ2RkY4MTlDRUFBQTYzNTU3LnBuZw.png
Lidl,"Dovanų juostelių rinkinys",0.79,https://imgproxy-retcat.assets.schwarz/X65hhWJh9T7f7x8unDMACYW6rpNl19JJTK-d78KfW0I/sm:1/w:427/h:320/cz/M6Ly9wcm9kLWNhd/GFsb2ctbWVkaWEvaW50LzJBOTFEMDA0MEVGN0NGQzk4OTJFRTkyRk/FDREJFMjQ0NThGRDlEMEUxNEQyRDdCN0ExMjJFMDIyMzEzOUQ4RUQucG5n.png
Lidl,"Dovanų pakavimo popierius 10 m",1.69,https://imgproxy-retcat.assets.schwarz/cJVlC7tQ1agv7_k-zk89POnpO1d_XwRGi954sRWQk5Q/sm:1/w:427/h:320/cz/M6Ly9wcm9kLWNhd/GFsb2ctbWVkaWEvaW50L0NENkVCMTI3RDg1ODIxRkUxNDgyOTY1M0/E2MTZFMDMzQzk3RTM1ODhGMTJGMTcwMkU5RjUzNjAzMjZFRTVDRjMucG5n.png
Lidl,"Dovanų pakavimo popierius 5m",0.99,https://imgproxy-retcat.assets.schwarz/tHUSpKe0XMRT9C5TJxjZjAbkD1LQ1vEVi2RRSJkf3pk/sm:1/w:427/h:320/cz/M6Ly9wcm9kLWNhd/GFsb2ctbWVkaWEvaW50LzhFM0MzMzJFMTJFQUI1QzQyNDNEMDNBNU/ZDMzQ5QzA5NDA1MzQ1MzRBREJBREVGOUQxNjAwOTJGRjcyQjMzNUEucG5n.png
Lidl,"Vaikų kojinės",NAUJIENA!2.99,https://imgproxy-retcat.assets.schwarz/iblecWFRlIJ14ViveZL2EJ-SbjuVKZkAbLrCUEiUoSc/sm:1/w:427/h:320/cz/M6Ly9wcm9kLWNhd/GFsb2ctbWVkaWEvaW50L0Q0NURGNDg0NkVCQ0JFMDM1NEQ3MkRGNU/JBRTg3ODUxMUVBRUY1OEFDQzE2ODFEQzUwQzFDMUJBOTM5M0Y1RjQucG5n.png
Lidl,"Kūdikių kojinės",2.99,https://imgproxy-retcat.assets.schwarz/-1p2mcCARLGyRB3eWYj9zQOVmlxayCWZHtgDO2u4t1E/sm:1/w:427/h:320/cz/M6Ly9wcm9kLWNhd/GFsb2ctbWVkaWEvaW50LzQxREFEQjRGREE0MzhBQTBCRkVGQUExRj/NGODczOTg2MEJGNzUxMDNFNjNDMzAwQzRGODBDRUIyMUIxOEY5MDkucG5n.png
Lidl,"Geležinkelio rinkinys XL",29.90,https://imgproxy-retcat.assets.schwarz/JDJlsp08SZHpDlflOGb7LA3uSu0GxFZFlBOK7FTt1Yg/sm:1/w:427/h:320/cz/M6Ly9wcm9kLWNhd/GFsb2ctbWVkaWEvbHQvMS8wODRFNTdDNEVEREUxOUJCN0M4RDM4NDY/4RUQ4RDJFRkVGRkE2NDY3NUE0ODlGQkU4QUJFRTM3NjEwMEYxRUYyLnBuZw.png
Lidl,"Vaikų termo pėdkelnės (CMIA)",2.99,https://imgproxy-retcat.assets.schwarz/sHD3LDipkha1hXtp1mxJfgCBuzVVFMDMnHwD5uac78U/sm:1/w:427/h:320/cz/M6Ly9wcm9kLWNhd/GFsb2ctbWVkaWEvaW50LzMzNjkxMzYwRjBGRTg2NUUxNDgwQ0JBMU/JFQTFFODgwN0VDNDY1M0U0RkI3MkIxRjdGRkVDODFGNkZFMTlBMEYucG5n.png
Lidl,"Vaikų termo tamprės (CMIA)",4.99,https://imgproxy-retcat.assets.schwarz/rfXzg-szOvuw1nwsodQIkfRcPLXt2tXEHx9guqbSLB8/sm:1/w:427/h:320/cz/M6Ly9wcm9kLWNhd/GFsb2ctbWVkaWEvaW50LzgyRjhGMDkyRTJBQTI0RDM3N0IxMjc0Mz/I0ODQ5MDBBMEIyNkVCNTIwMjc5OTdEOUZENjU2MEQyMTNENjUzMjcucG5n.png
Lidl,"Vaikų sportinis megztinis su pūkeliu (CMIA)",4.49,https://imgproxy-retcat.assets.schwarz/jyQrYlSGvhrLWp_jUgyulTOrgxo98Zoq-abL9VV3ZKM/sm:1/w:427/h:320/cz/M6Ly9wcm9kLWNhd/GFsb2ctbWVkaWEvaW50LzE4M0RDRThGRTgxMzJBQzUzQkZBRTQ5Q0/JDQTBCNzNGNTRGMEREN0Y5NjhEQzM4RThCREQyOENBNDRBRTZDM0EucG5n.png
Lidl,"Vaikų sportinės kelnės su pūkeliu (CMIA)",3.99,https://imgproxy-retcat.assets.schwarz/EBhUrzsbWLYSG3moZBIY9Rhl3NagpEC6WXg81wjAr3w/sm:1/w:427/h:320/cz/M6Ly9wcm9kLWNhd/GFsb2ctbWVkaWEvaW50LzI3QkM2OTkyRjlBNTYwQTMwNTNBRjhGOT/U1MUU0OUJGOUM5NzZFNEMxODgzNDUzN0I2RDMxNzhCRTAwODg5QTEucG5n.png
Lidl,"„Deluxe“ medinė virtuvė",129.90,https://imgproxy-retcat.assets.schwarz/Eicy2Gj9aGid5Z4VX_6HRyNIA5o72q_t2togun5NPsU/sm:1/w:427/h:320/cz/M6Ly9wcm9kLWNhd/GFsb2ctbWVkaWEvaW50L0MzMzFDMzA1ODZFMzQ5NUQ2NTE1MzI4Mj/U5MTFENEQxOTc4NkI5ODdBMDcwMjdCNjc1NEZDOUMyMkNDMzg4OTQucG5n.png
Lidl,"Vaikų kojinės (CMIA)",1.79,https://imgproxy-retcat.assets.schwarz/tQH2jmD6gatoQd3q3ntU1juGIcRt5tgD78VF2yvb71E/sm:1/w:427/h:320/cz/M6Ly9wcm9kLWNhd/GFsb2ctbWVkaWEvaW50Lzg1RTM0MEVGMkVFM0JFMjg0MDUxOUU3Qj/hFQTM1MTRGREU2RkY5QzNDNEYyOTE0N0Q0ODMxRTUwMkYxQkYyQzgucG5n.png
Lidl,"Žaidimo rinkinys „Gabby's Dollhouse“",52.90,https://imgproxy-retcat.assets.schwarz/che1ql9C5estHgFQKn1GsynYKfkZQPDmOJXf-2f4Il0/sm:1/w:427/h:320/cz/M6Ly9wcm9kLWNhd/GFsb2ctbWVkaWEvaW50LzJBNzlBQ0U5MzY2MjEzN0RBMzdCMDM0Q0/JFRUE1Q0UyMkY3MkIzMDkwMzNCODQxN0Y4NzMyQ0E0M0M4NkVFOEMucG5n.png
Lidl,"Medinis veiklos žaislas",34.90,https://imgproxy-retcat.assets.schwarz/psBN_PI-375Y3sI7oa78YAaE0JyQCUTl4yusi_KHYFo/sm:1/w:427/h:320/cz/M6Ly9wcm9kLWNhd/GFsb2ctbWVkaWEvbHQvMS81M0Y2QTg1MThCN0UwREVCMUQwMDYxNTg/xQTYxMzhCM0M5RTBBNjgwN0QwQjAyOUZGOEIzMEZGOEYyQ0M1OURGLnBuZw.png
Lidl,"Montessori veiklos knyga",3.99,https://imgproxy-retcat.assets.schwarz/ecNroO4PAb0nZaapaWiTm6E-pCebN20odIvmWdXS-XM/sm:1/w:427/h:320/cz/M6Ly9wcm9kLWNhd/GFsb2ctbWVkaWEvaW50L0YyRjhEMzBFQjNBNUQ1RDgwNkQyNzk5Mj/QyNjZBQkI3MUUyMTc2NDJDODQyNkU4MEJFNTQzMzcyNzY1MDA0M0MucG5n.png
Lidl,"Medinė dėlionė",1.89,https://imgproxy-retcat.assets.schwarz/OfvREObmK3pPvNY5r0uGwP0o8kqKEZoOLR-LcgEjSH4/sm:1/w:427/h:320/cz/M6Ly9wcm9kLWNhd/GFsb2ctbWVkaWEvaW50LzZEREM3OTEwNjc0NEJDRkY3RDc0NjE4RU/Q5MUFCRjhBOUJCQTc4M0ZEMkRDOTcwN0E1QzQ2QUFERDdFMzcwN0UucG5n.png
Lidl,"Muzikos instrumentas",16.99,https://imgproxy-retcat.assets.schwarz/5P_vSsJiN1UmJ9U-LcyUNt7f4brRe2N2hpOgnsdnL9M/sm:1/w:427/h:320/cz/M6Ly9wcm9kLWNhd/GFsb2ctbWVkaWEvaW50LzVBRTc1QTg4MjRERTY1QThGQkJGNDBDQT/JCMDFGNTYwMEI5MTU0NUJDMjMzNTg2QUE3NDQ0QjI1QzBGQzQ0NDEucG5n.png
Lidl,"Mini figūrėlė",3.49,https://imgproxy-retcat.assets.schwarz/Omv9TK_b_-ithj33861aWKLaaEKcFaOXl2w5P_3JbLY/sm:1/w:427/h:320/cz/M6Ly9wcm9kLWNhd/GFsb2ctbWVkaWEvaW50L0RENzQ4RUZGRDlFQTM3OEQ2MjMxQzdCRk/EzNkNERDdGRkQ5MEM2RjkzQUUwRUI4ODRDNUMxNzhGNkE4QkNDNDUucG5n.png
Lidl,"Žaidimo rinkinys S",10.99,https://imgproxy-retcat.assets.schwarz/DuuIOOg20uECr4u3lG4Y6GhnRykpIenoJLLUQ1wfwkA/sm:1/w:427/h:320/cz/M6Ly9wcm9kLWNhd/GFsb2ctbWVkaWEvaW50L0QyQTlEQjk0REI1OTU1NUQyOUQ4M0Y4OT/NGMzUwMENGNjkyNkY2QUZFNjdGNzdGQjU1RTgwQzJFMDM0Rjk3NDMucG5n.png
Lidl,"Žaidimo rinkinys",9.99,https://imgproxy-retcat.assets.schwarz/efOHw2phtCQ7DSt4SRbGnofbIKMwHqp-ZrUoGhsl7W4/sm:1/w:427/h:320/cz/M6Ly9wcm9kLWNhd/GFsb2ctbWVkaWEvaW50LzZDMEY4RTkwMDU1ODNDMDkwMkE5Q0M2Mj/k0OEY1NDEzM0E3RDczQTlCRjM4M0Y4MUI2RUI4QTA4OTMyM0ExNDkucG5n.png
Lidl,"Medinių kaladėlių rinkinys",7.99,https://imgproxy-retcat.assets.schwarz/_5GQbRtSuxWv0N35GIR8_GfFKHouJGD3XgieqyX3_A0/sm:1/w:427/h:320/cz/M6Ly9wcm9kLWNhd/GFsb2ctbWVkaWEvbHQvMS8yRUExRkExNzg4NkYxMkVEMEE5RDlGNkM/2MkU3RkZCOEJERUQ1REEzMDJEM0ZCODlFRTE1NEEyMDg4NjhFNkYyLnBuZw.png
Lidl,"Medinė dėlionė su garsu",NAUJIENA!9.99,https://imgproxy-retcat.assets.schwarz/JBaoA0We-JF6inlopwm6Xu1crmmiKFSpc4ngKL2TNgw/sm:1/w:427/h:320/cz/M6Ly9wcm9kLWNhd/GFsb2ctbWVkaWEvbHQvMS8zQjY2Njk1OTlFMzQxOUIzQjAyOTNGN0N/ERTBFN0I4RUJBMDk3QUVCM0MyMTg3NTczREQwMzk2Q0ZCREREMUMyLnBuZw.png
Lidl,"Žaidimas „Bokštas“",NAUJIENA!8.99,https://imgproxy-retcat.assets.schwarz/K478AmxSRQRjw03EW7OQIJYYtAIEfefa1nqfZV0hU8Y/sm:1/w:427/h:320/cz/M6Ly9wcm9kLWNhd/GFsb2ctbWVkaWEvaW50LzIxMDhFRDAzRkUzOUJBOUZDRUVFRTA3Qz/IyQUIzQ0Q1RjY5Rjg3MzJGNjUyNDU0NUY2MTMwQzg4NTU5RDI0NjIucG5n.png
Lidl,"Žaidimo rinkinys M",19.99,https://imgproxy-retcat.assets.schwarz/KAamPlxCwVCVyD6cWEmRnKl1SFbqtsG5z7WT_LoqGA8/sm:1/w:427/h:320/cz/M6Ly9wcm9kLWNhd/GFsb2ctbWVkaWEvaW50LzQ2QUQ4OEU0RUJEQzYxOEJEQ0JDRTYxND/VEREU4NTZGMURBMjVBMDk1NUY3QkFCOTkzRjJFNkYyOEYyRkI2REYucG5n.png
Lidl,"Žaidimo rinkinys „Formula 1“",29.90,https://imgproxy-retcat.assets.schwarz/y4UOBkFER4ShYo34XtPlATNRaCdLJ3TWWBF_APIKYRc/sm:1/w:427/h:320/cz/M6Ly9wcm9kLWNhd/GFsb2ctbWVkaWEvaW50LzIwRUU0NDMyNTE0NUMwODRBRTg5NUY5MT/EzNTE5QUI2MDg0MjE3RDk4NzBCOTREMUQzRDA0NjM2QjMyNjMxRjcucG5n.png
Lidl,"Žaidimo rinkinys „Minecraft“",22.90,https://imgproxy-retcat.assets.schwarz/JW-j5F2n7jUCg6kXOXWt0-2IxHPVtsv9gfIELVKApu8/sm:1/w:427/h:320/cz/M6Ly9wcm9kLWNhd/GFsb2ctbWVkaWEvaW50L0Y3NDZCREY1OEZGNUM3QUE5NjdEQTBEMk/I0MkI1QTYxNkRERDU3RTMzNEZCNjE3MkQwMzhBNzBDQTAzNEQ2QzkucG5n.png
Lidl,"Mini figurėlė",3.99,https://imgproxy-retcat.assets.schwarz/neT8UDiir76togi0VqyMFc1EBGv84EAmGAm1_ZC4RWY/sm:1/w:427/h:320/cz/M6Ly9wcm9kLWNhd/GFsb2ctbWVkaWEvaW50L0RCMTI5OEFDREYyNUNFQzgzQkQwMjNBQz/YxNEE4QjAyOTIxQUNGNzE0REREOTk4NEE5RDg3RTY4MkMxN0ZDNzIucG5n.png
Lidl,"Medinis lavinamasis žaislas",8.99,https://imgproxy-retcat.assets.schwarz/CBhKMC_rrylnd0hCekOxvoj0folLxHgzfRBjkOo0SX8/sm:1/w:427/h:320/cz/M6Ly9wcm9kLWNhd/GFsb2ctbWVkaWEvbHQvMS9BMTUxRUFDMEMzRjQ5RkE3QzFBNDk0RjB/DNkJDOUVCMEQ2QkU3NkIxRjJBOURCMEI2N0IzQjUzN0NGRjE2ODg4LnBuZw.png
Lidl,"Vaikų „Oversize“ džemperis (GRS)",NAUJIENA!9.99,https://imgproxy-retcat.assets.schwarz/qgGBvoZiF3nqJSIxtz44QKSVHzJMJYZViugWw-hrIyg/sm:1/w:427/h:320/cz/M6Ly9wcm9kLWNhd/GFsb2ctbWVkaWEvaW50LzNCNEEzMTE2RDQ0MzczODQzNzNDQTUzMk/RCN0NGNDcxM0JGNEU2QUE4OTVBREU2Qjk4N0E1MzQ5NTBFMEQ0NEMucG5n.png
Lidl,"Automobilių trasos rinkinys",NAUJIENA!29.90,https://imgproxy-retcat.assets.schwarz/sopQyCM3WWtCpvs-tGAG1fxU7C8LdrOdhhpPWavP_a8/sm:1/w:427/h:320/cz/M6Ly9wcm9kLWNhd/GFsb2ctbWVkaWEvaW50LzgxMDJFQTQ1RDhCQTNERDJDOEE2RkZCRk/I0NDZDM0U3NTAwRTgxRUE1RjdGQTE3NzlFQTI1RkVEMUZCNUM4NUYucG5n.png
Lidl,"Automobilių trasa",NAUJIENA!24.90,https://imgproxy-retcat.assets.schwarz/CxhyyrzOBPRjvSPvg7v8eV-W14ntpra-8LD7FIVl_Gg/sm:1/w:427/h:320/cz/M6Ly9wcm9kLWNhd/GFsb2ctbWVkaWEvaW50L0RFMTI2QkE1RTA1QjZDMTI0N0Q0NTgzMD/IzQTFGQ0Y2QjUzNDYwNkU0M0Y5MjFEN0VFNEMyM0EyNEFBM0VBOTMucG5n.png
Lidl,"Mašinėlė",2.99,https://imgproxy-retcat.assets.schwarz/PB6HZfA2bVsc369vxWzwh0jYk0qJjeID4NCgPnGcWEg/sm:1/w:427/h:320/cz/M6Ly9wcm9kLWNhd/GFsb2ctbWVkaWEvaW50LzM0N0RBOTMzMzE1NEQ5Q0JGQUMwMUQxMj/FFNDBBMTM1MEFBREM1ODE4QzQ0QkMzQzE1QkJGQzA5RTVFRkQ3M0YucG5n.png
Lidl,"Mašinėlių rinkinys",7.99,https://imgproxy-retcat.assets.schwarz/3fOeDLNg6EzI43uKTn6sVLkMziHjwRhU2auzMfWnP0E/sm:1/w:427/h:320/cz/M6Ly9wcm9kLWNhd/GFsb2ctbWVkaWEvaW50LzM4M0EwOEE3RjU3MDYwQTVEQ0VFRjBBMU/E0RDQzN0MxNjE3MDE1QjlEMjYzRkE3MzUxMkVCMzhCQTJBQ0Y5MkYucG5n.png
Lidl,"Žaislinė transporto priemonė",1.99,https://imgproxy-retcat.assets.schwarz/GHkwlPsFihkGvPV0QIUGzDTvMNdCMTffaTPJOqDMAiA/sm:1/w:427/h:320/cz/M6Ly9wcm9kLWNhd/GFsb2ctbWVkaWEvaW50Lzk5RTZCOUY4MkJEQTA2RTg2QjVGMzNBMD/Q0RTMyNzU1QUFEM0QzQTJEMkQ3NTQ2MTk0MUJDM0Q3NDExRUExODgucG5n.png
Lidl,"Sraigtasparnis arba kvadrokopteris",19.99,https://imgproxy-retcat.assets.schwarz/lXcLtsPDJ6kBJTDy13px9cXyZKyUiOhIxLpI5W_sm0k/sm:1/w:427/h:320/cz/M6Ly9wcm9kLWNhd/GFsb2ctbWVkaWEvaW50L0JEQkQxQjExRUZFM0NCRkVCMzJFRkVGMD/k5Q0E1ODU3NzM3RTdBODI5NEM1NzQzRUYyRkJGQzAxRjAyQ0M4OUMucG5n.png
Lidl,"RC ekskavatorius arba sunkvežimis",39.90,https://imgproxy-retcat.assets.schwarz/mhRrVOqHlhYU5gg5yEYOdfJLvURSYNLaD7UBIvfFDqs/sm:1/w:427/h:320/cz/M6Ly9wcm9kLWNhd/GFsb2ctbWVkaWEvaW50LzExMDYyRjcxREM2MDMzOTBFNDQ2RTY1ME/JBMDYzRjkyRUFFNEYyMzRFRjYxOUE0REJERjIxRjYxMTY5MENCQzIucG5n.png
Lidl,"RC transporto priemonė",NAUJIENA!29.90,https://imgproxy-retcat.assets.schwarz/I4YH8wYEKusFJwRVsaS0jcQeSATAhOnELBRYKOrjtO8/sm:1/w:427/h:320/cz/M6Ly9wcm9kLWNhd/GFsb2ctbWVkaWEvaW50L0UyNEU1ODkwRTEwODlFRDc3QjFFODAxOE/NERjI4MTE2MjRFRkIxQ0JDNzM0QUZGNjk4NEEyMDBDNjgzODlDMTYucG5n.png
Lidl,"Lėlė su aksesuarais",NAUJIENA!19.99,https://imgproxy-retcat.assets.schwarz/olmMdckERUFmC94J67mZuR9ac6tA5rdGmRU9oGTNkkM/sm:1/w:427/h:320/cz/M6Ly9wcm9kLWNhd/GFsb2ctbWVkaWEvaW50L0U4REUzQkI2RUUwNEZCQjYzOTA5QkMxRD/E2NDM4MkM5QzlFRjFDRTMwQkFCNjg0M0U4QzY2NEQyODIyQURBNkIucG5n.png
Lidl,"Interaktyvus pliušinis žaislas",NAUJIENA!9.99,https://imgproxy-retcat.assets.schwarz/WF7th3HobMAOL4KjwBgsWtwTxmcV31NHXaxey0t0HK4/sm:1/w:427/h:320/cz/M6Ly9wcm9kLWNhd/GFsb2ctbWVkaWEvaW50L0Y0MUUxM0FFMkRERkI4MTNEMEQxMjZBNT/JFQTNDODRBMjJGNDhFM0MyMDkxOTg4NTI4QzI4OEZGOTJGNDQ5QkIucG5n.png
Lidl,"„Squashi“ pliušinis žaislas",NAUJIENA!6.99,https://imgproxy-retcat.assets.schwarz/1XDj1y6zIUw5TNVCBko2ipxjEPEqBt6Y_MlDUHcdhOg/sm:1/w:427/h:320/cz/M6Ly9wcm9kLWNhd/GFsb2ctbWVkaWEvaW50LzBFQTc2N0VCRUY2N0Y2MjZBQUNDRUYwMT/Y3MDg3MDZDQjVDMUY5RDRFMEQyNDIyMDNBNTg0MjJFNzRFNDYwNTMucG5n.png
Lidl,"Judantis pliušinis žaislas",9.99,https://imgproxy-retcat.assets.schwarz/wpb38XAnGN7016UqGj2--KlZar6q0s4sxVOD-nN5tvw/sm:1/w:427/h:320/cz/M6Ly9wcm9kLWNhd/GFsb2ctbWVkaWEvaW50LzNBMTBFRTZCREUzMkE5MDY5MDBCODU0MT/BDRUVBRDA3OTQyRDRCQzlDOTM2NDA0OTU1OTJFNjlDNjdBNzUyQjAucG5n.png
Lidl,"Aksesuarai lėlėms",24.90,https://imgproxy-retcat.assets.schwarz/NZf4Ng52WbhcXK97icBUceBRWxHPzvhtege7UPweiXY/sm:1/w:427/h:320/cz/M6Ly9wcm9kLWNhd/GFsb2ctbWVkaWEvaW50LzVCMTA1MEI2OTA0QzI3Nzk5QjI2MjQ3QU/UyNTJCQzgzMzJEM0VFMDNFMEJBRkRGODVENUI0MTM2NTgxQTE1MUYucG5n.png
Lidl,"Dovanų maišelių rinkinys",1.69,https://imgproxy-retcat.assets.schwarz/dHlb-gPR70cU1YK6jYr7qtr1rO70qZbVpXWLZpdP7ps/sm:1/w:427/h:320/cz/M6Ly9wcm9kLWNhd/GFsb2ctbWVkaWEvaW50L0JDQTlDMzZERTMxNTk4QzQ1NTY3MTBCNj/kwRjg3NzI0NzQ1MzA4QUQxNEY5MTREMUI4MEMxRTI0MkIzMkNDMDIucG5n.png
Lidl,"Vaikų kalėdinis megztinis (RCS)",7.99,https://imgproxy-retcat.assets.schwarz/xM_gVRIJxORwCNuBj2qmYeTa3Teid4c1PfAiHpZjMmE/sm:1/w:427/h:320/cz/M6Ly9wcm9kLWNhd/GFsb2ctbWVkaWEvbHQvMS9GNEVEQTkzNjZENzE0RUVFM0NBNTgwMTJ/GNUZGM0Q0OUJGMjU0OUY5MjkyRDAzRDE4RDE0MUQwMEUxQTI5ODlELnBuZw.png
Lidl,"Vaikų kalėdinė pižama (CMIA)",5.99,https://imgproxy-retcat.assets.schwarz/7tNmx-AbhaF8-VssqjOPeg1GFNsb5PTcT3t2Djwee3w/sm:1/w:427/h:320/cz/M6Ly9wcm9kLWNhd/GFsb2ctbWVkaWEvaW50L0REODI3REY2NTUyMEJBOEU0NTU5OTY1ME/Q0NDAzRDcxOTdCODY3MUYwMjY4RTMzMzc1RjU4RkU3MjY2MTUyMkQucG5n.png
Lidl,"Vaikų pliušinis kombinezonas (GRS)",7.99,https://imgproxy-retcat.assets.schwarz/Pk0lxi7n9tRdYsdqDL0NEchztYFkh5TEYbSvGdQmc6I/sm:1/w:427/h:320/cz/M6Ly9wcm9kLWNhd/GFsb2ctbWVkaWEvaW50L0ZFMTg2RjE4QTkyN0E1RDI2QzU4RTVBRj/QxRUFDMDMxOTQzNUNCM0VDMjM1RUUwNDJGM0UwRjY5QjdENjA3RjMucG5n.png
Lidl,"Kūdikių glaustinukė (CMIA)",1.99,https://imgproxy-retcat.assets.schwarz/ftWsD8_ewvr8-Ei2Ej1bI9FlXjLEwVvF_ejwlyBAdO8/sm:1/w:427/h:320/cz/M6Ly9wcm9kLWNhd/GFsb2ctbWVkaWEvaW50L0FBNzI5OEI0NDczQkNCQzJCRTRDMkNDRj/U5NTRGM0MxMEQ3MDNFQzZEOTEzN0Y1NTZCNTFCNTM2MUFFQTlCNzgucG5n.png
Lidl,"Vaikų terminės kojinės (OCS)",2.99,https://imgproxy-retcat.assets.schwarz/02b7kqA3ulLjU6HCFT1hb4q7naPT0EqQlJtfzODgWpw/sm:1/w:427/h:320/cz/M6Ly9wcm9kLWNhd/GFsb2ctbWVkaWEvaW50LzFGQkVCNUM0QjY5N0Y2MEI5RjQwMTNCQj/k1NEQ0QkE5NjQ5NEREOEMzN0EzOUNDNkEwMDI1Q0IyN0Q2M0QyMEQucG5n.png
Lidl,"Skaitmeninis fotoaparatas su 8 GB SD kortele",NAUJIENA!25.90,https://imgproxy-retcat.assets.schwarz/x6zkFUhsp8E5-OepxPXafuTKMlZXukLFKwy0iafD1r8/sm:1/w:427/h:320/cz/M6Ly9wcm9kLWNhd/GFsb2ctbWVkaWEvaW50LzBBMTIwNzFFQUU3M0U2NkFBQzAzNDhERj/U4OEM4NkQ0NjIwNTY5MTBGMDU3MjYzMjYzOUIyREY2RjQwRkU2MUMucG5n.png
Lidl,"Lėlė",NAUJIENA!17.99,https://imgproxy-retcat.assets.schwarz/pm5PVHkJ10dabVlt14eFVTAQ50rbgvkD7eAdhPg67Ac/sm:1/w:427/h:320/cz/M6Ly9wcm9kLWNhd/GFsb2ctbWVkaWEvaW50L0FGMjg3NzdCMDdBRDgyRURFQkQzNjlGQ0/VENTdERTE5MzkxQUNGOEUwRDgxMDAxRTEyMkQ5MjVDQkU4MkRFQjIucG5n.png
Lidl,"Žaislinis augintinis",NAUJIENA!24.90,https://imgproxy-retcat.assets.schwarz/gbZO3nbAWSLrpdtQq4rwb3vqiP_ZW66kePyjUjN-ahs/sm:1/w:427/h:320/cz/M6Ly9wcm9kLWNhd/GFsb2ctbWVkaWEvaW50LzA5RTY5QTFEMTE5Q0VDRjBBODQzN0M3Qj/UxMjJFRUJBNzhFQTgwN0U4RkI2MUZERTBFNkMyMERDRUVBOEI1NTUucG5n.png
Lidl,"„Paw Patrol” transporto priemonė",6.29,https://imgproxy-retcat.assets.schwarz/udHoeL_5_Ni8PXMOUin0aR78KGHMewkrjEOx3uW3ZKY/sm:1/w:427/h:320/cz/M6Ly9wcm9kLWNhd/GFsb2ctbWVkaWEvaW50L0M3ODRFNEZCRTU2QkMzQ0MwRUVBQUJFND/RCMTlGODk1Q0VEMjBENzAxMTc5QjAyRTU4QjA3ODlERjM1MUM0MUIucG5n.png
Lidl,"Pliušinis žaislas",9.99,https://imgproxy-retcat.assets.schwarz/F3YI79w_dM8XJvO4B7anRACABPj1sppC-B96_ug7K-A/sm:1/w:427/h:320/cz/M6Ly9wcm9kLWNhd/GFsb2ctbWVkaWEvaW50LzJENUE2RkQxOTE1Njg1NUE3NkVDMUY5RT/lGMEQ5RkM2RUVGRjgxMEZDN0MwMDA5NkM5M0JGNzZGNDI1NzYxMDcucG5n.png
Lidl,"Plastilino rinkinys",4.99,https://imgproxy-retcat.assets.schwarz/u0kac39asHZamDW0AQNz3L-dmg0r4SekM2YjaDQ4Ev0/sm:1/w:427/h:320/cz/M6Ly9wcm9kLWNhd/GFsb2ctbWVkaWEvaW50Lzk4RjIyNzdGQzZCNzQ1MzdEMjc1MkFCM0/U1MURFRUY5RjVEMjVFMUI5NjQyNzRDQThDN0I2MTRCQjczM0RGQkUucG5n.png
Lidl,"Modelino rinkinys",7.99,https://imgproxy-retcat.assets.schwarz/yWQzU5rlCmMvNmJrnvcrjKZW0ZRnTwhlrii09NdxkNE/sm:1/w:427/h:320/cz/M6Ly9wcm9kLWNhd/GFsb2ctbWVkaWEvaW50LzU3NDAxMzc4MjE1NUQ3NTE2QzRFMUM1ND/kxMjk1MjcyN0JGRDYwMzk5QkFFNzJBQ0QyODVCN0Y0RDJBN0Q1NzcucG5n.png
Lidl,"Kūrybos rinkinys",NAUJIENA!12.99,https://imgproxy-retcat.assets.schwarz/dKucSXJi-HIwfUb58AxITkvBKNDXNign281Z646WW7o/sm:1/w:427/h:320/cz/M6Ly9wcm9kLWNhd/GFsb2ctbWVkaWEvaW50L0MzMDRFREM3MjQ1REI4QkIzNjhGMzgxMj/JFQkU2RUEzMzJCQTQyQzU2MEVDNzk0Mjc2QkY3RUM3QTk3MUUyRTYucG5n.png
Lidl,"Figūrėlė",8.99,https://imgproxy-retcat.assets.schwarz/qqeo4_NzeXDUGWU-00Vg588DWTMQphUN0PHkW35XKZ4/sm:1/w:427/h:320/cz/M6Ly9wcm9kLWNhd/GFsb2ctbWVkaWEvaW50L0EzNUJDMEU4QzQ4OTZDRTA3RjM0NzY0Rj/U1MDBCQUM0Qjc2ODlGNzY5QjYzQzNBMkUyOTBCMEY1OEREMjMzRjMucG5n.png
Lidl,"Kaladėlių žaidimo rinkinys M",14.99,https://imgproxy-retcat.assets.schwarz/YY3iLbSiE4XbvdlIqGLvgk3RVBVc3-xLEZ1pFVAGqbE/sm:1/w:427/h:320/cz/M6Ly9wcm9kLWNhd/GFsb2ctbWVkaWEvaW50L0QyNEZFMUQ2QTBGQTk2NzBDQkQ5N0IyRT/M1NjJFQkNFRDAxNTY0NUMxNjYxOTM0NTBBMUM5QUZDQTkxOURCOEIucG5n.png
Lidl,"Kaladėlių žaidimo rinkinys „Gėlių puokštė“",NAUJIENA!24.90,https://imgproxy-retcat.assets.schwarz/hZCq_3N6trlp74DDMrtkUSOSyjxEneCI9fTsxPO8huE/sm:1/w:427/h:320/cz/M6Ly9wcm9kLWNhd/GFsb2ctbWVkaWEvaW50LzlBMzBCRkQ5MTk4RjJBNzY2QUExQkNCMT/E4Njk5M0EyOUU2ODlDNkIzMkVGMEQ5QkY2MkEyNzdGMkYxNkY3NUMucG5n.png
Lidl,"Kaladėlių žaidimo rinkinys XS",2.99,https://imgproxy-retcat.assets.schwarz/lRkmnOrP-UlWxoymOGG0nBFNY-mrVH_z8gXX_O-BNHA/sm:1/w:427/h:320/cz/M6Ly9wcm9kLWNhd/GFsb2ctbWVkaWEvaW50L0UwRDYxNUI5MTIwMkI0QjZBNThDNTRFMz/E5REQyN0Q3N0EyRDNBQzgyRUZGRDdDODY4RTcyMEM3QjlFRUI0NzQucG5n.png
Lidl,"Mini automobilis",NAUJIENA!4.99,https://imgproxy-retcat.assets.schwarz/1dVEYSRxYdaL54pWz-uovQRAS1pegA4GMKsKdDEBl6g/sm:1/w:427/h:320/cz/M6Ly9wcm9kLWNhd/GFsb2ctbWVkaWEvaW50LzJEQ0JFMTU1NTlBQ0QwQ0I3ODNFOEUwMD/hGQzlBRDkyRDIxNDdDQzI4NUZDMTdEMDEwNjg1RkYzNjk5NzE4RTYucG5n.png
Lidl,"Magnetinis konstruktorius",13.99,https://imgproxy-retcat.assets.schwarz/Yvdb_YuFeUHjEl7prWVhEPGGfcv0oMAzU-RjSGuHxCY/sm:1/w:427/h:320/cz/M6Ly9wcm9kLWNhd/GFsb2ctbWVkaWEvaW50Lzk0RDgwNDBGNEI4RTIxQzhDQkNCMEExNj/hDNjk4NTgzQjQ5QjUzQ0UzRDUyQUU2MkE3RDIxODM0RjY3RTM4NjQucG5n.png
Lidl,"Magnetinė rašymo lenta",9.99,https://imgproxy-retcat.assets.schwarz/P9WIO9u6NOIrLle2hNfLEodcj-n3jpf4__bGKk44SRA/sm:1/w:427/h:320/cz/M6Ly9wcm9kLWNhd/GFsb2ctbWVkaWEvaW50L0Y0MkJDMTNFNzQ5RkIzMThGRkUxNTAzMj/BEQkRDRjBEMjgxNzg1ODU5QzM0MUEzRTU1RUQxQjlBODdFRjc0MEEucG5n.png
Lidl,"Figūrėlė arba žaidimo rinkinys",NAUJIENA!11.99,https://imgproxy-retcat.assets.schwarz/510dQaU0wyg5yKBN0_VMqZQfFXDafPnRjlZHypLnE7o/sm:1/w:427/h:320/cz/M6Ly9wcm9kLWNhd/GFsb2ctbWVkaWEvaW50L0VEMUQ4Qzk5OTU1QUNDMkU4QjUwM0I0ND/MzRDhGRjRFNEI2Qjc1MTVFRTVBOTUzOTUxMjI0QkFFNUVFRDMyMjEucG5n.png
Lidl,"„Šlykštukas“",NAUJIENA!2.79,https://imgproxy-retcat.assets.schwarz/j6cDjkUI5jossD_Q_BUELURf_CUvlS6mGW6cuE21sVU/sm:1/w:427/h:320/cz/M6Ly9wcm9kLWNhd/GFsb2ctbWVkaWEvaW50L0Q0RTJFQzVCMkZEM0I1OTZBMTQzODI2RU/ZBMzZEMjQyOEVCNTFCNzg1QkY3QTQzMEUyQjFDMEM0MzVGRjgyNEYucG5n.png
Lidl,"Dovanų pakavimo popierius",NAUJIENA!0.99,https://imgproxy-retcat.assets.schwarz/wWxqsd7mXXqJCY36f0j3tUvUpJtLmmVVVLhV5eZLkAw/sm:1/w:427/h:320/cz/M6Ly9wcm9kLWNhd/GFsb2ctbWVkaWEvaW50LzU0NDNEOTVBMzQwRDUzRThCOTEyMTM1MT/c2RUZGRDBERDRBQjc4RjMyRDVGQjhFNDQwRUFFRDUyNjlDNzVCNEYucG5n.png
Lidl,"Advento kalendorius",NAUJIENA!29.90,https://imgproxy-retcat.assets.schwarz/5VLdBtlL_hCURhuiemvXppW-3kb6vkEKb7AF-5q7K-s/sm:1/w:427/h:320/cz/M6Ly9wcm9kLWNhd/GFsb2ctbWVkaWEvaW50LzQwOEUwRTg5Qjg3NjM0OTVDRTM5OUU0RD/ZCQjRCRDg2MjQ2MDM1NkNCMERBMEZCRkM2N0YxMUM1MTcxMUMwRUUucG5n.png
Lidl,"Kalėdiniai lipdukai",0.89,https://imgproxy-retcat.assets.schwarz/v2x2bA_e-iI7shcBKx9w3FkIZ5nuFNj2p0JOZo1yBKI/sm:1/w:427/h:320/cz/M6Ly9wcm9kLWNhd/GFsb2ctbWVkaWEvaW50LzFFRDMzRDc0Mzc5NzM1MUNBQ0UwNkVEME/VDMjRDRDlDNTY2RUVBNkFGMTEwODgzNkJGNzUyOUM2QUQzNjUwMTMucG5n.png
Lidl,"Medinis maisto gaminimo rinkinys",7.99,https://imgproxy-retcat.assets.schwarz/5mTgZxWwJh6SKvG05criIManeQOVZBMqCktABQqhqCk/sm:1/w:427/h:320/cz/M6Ly9wcm9kLWNhd/GFsb2ctbWVkaWEvaW50Lzg3NDI2MEUwMDA2MkY1RUZCRkRCNURCRj/E5MDgwNThENjIyMUQ5RUNBM0UzNEJDMjhFREE0MTU2M0ZENTA1NzAucG5n.png
Lidl,"Elektrinė transporto priemonė",9.99,https://imgproxy-retcat.assets.schwarz/tfFqgRsxBBuxTCEMAgzqqluBVgqp5Qfd8evuUZWgopw/sm:1/w:427/h:320/cz/M6Ly9wcm9kLWNhd/GFsb2ctbWVkaWEvaW50L0U1QzE2MTI5QTY4MEZBQTFGNDgwODhFOE/U2NzFGODMwOEIzMzgyRUNDRjM5NjU3NDQ4NjREOTVCMzZEOEMwREEucG5n.png
Lidl,"Žaislinis įrankis „Parkside“",9.99,https://imgproxy-retcat.assets.schwarz/QGT_NWOdNicdP3m14WE3F9vNB2dH5iPvCyjgfaxo4NE/sm:1/w:427/h:320/cz/M6Ly9wcm9kLWNhd/GFsb2ctbWVkaWEvaW50L0YyOTJGREU5OTA5NEI4REY2NUE1QzlCNT/EzNzBBRjFDRTEwMDU1RkI0NkQ0REUwN0I3RjIwQTdGN0FGMkFEOEQucG5n.png
Lidl,"Advento kalendorius „Kiaulytė Pepa”",NAUJIENA!12.99,https://imgproxy-retcat.assets.schwarz/VbDpxupKXAIJ2-Ebh7HcZStLmbzcHM5JPqOWmYt7wUs/sm:1/w:427/h:320/cz/M6Ly9wcm9kLWNhd/GFsb2ctbWVkaWEvaW50LzhCMUUwMjMxMjk2MjcyQ0Q1OTVGQzJGME/QzRDU5MkMyQUZEMTRBMDI1QTAwRTFGNzdGNjJENDdCMjk4NTY2MUEucG5n.png
Lidl,"Mediniai maisto produktai",5.99,https://imgproxy-retcat.assets.schwarz/i-CQOom5dtIccxaX9YGXFoK5Gv800sUCfdmMf9yDJHo/sm:1/w:427/h:320/cz/M6Ly9wcm9kLWNhd/GFsb2ctbWVkaWEvaW50L0YzMzBDMjQ5NUVFN0QyODVCQzE5NkQ1Nj/VGRjA2QjNGN0E1RTdBMjdDOThGODU3NEMyQkYyMDE1NkRFOUVEMDIucG5n.png
Lidl,"Lėlių namelis „Cabinet“",24.90,https://imgproxy-retcat.assets.schwarz/yx12OgS31F0EyvnCiOsu5hx2drQZUJsp67IMQIQAO3w/sm:1/w:427/h:320/cz/M6Ly9wcm9kLWNhd/GFsb2ctbWVkaWEvaW50LzFCQzg1N0QxQjlGQTNDMTcyRjYxREJEOE/NFMEMwNDhCMEYwRkY2M0Y4MDk5QkFDQTc4NUI3ODc3Qjc2MTVBODQucG5n.png
Lidl,"Mediniai namų apyvokos rinkiniai",16.99,https://imgproxy-retcat.assets.schwarz/uRgjltH42wSn_THlfjrdul0_uEENJhTlutUQBbH_sxU/sm:1/w:427/h:320/cz/M6Ly9wcm9kLWNhd/GFsb2ctbWVkaWEvaW50LzAzQTAwMkE4OTY1MTdBMTE2MTEwNjAxNz/dEOTZBNzdGNzZFMkI4MUZDRUEwQ0IxMkNFOEQxMUNBOEM5MjBCQUYucG5n.png
Lidl,"Geležinkelio rinkinys",NAUJIENA!29.90,https://imgproxy-retcat.assets.schwarz/j2KALsCSydS1PU6pOtTKTaxPRj2MpGx-MpPS-5Cs2Ak/sm:1/w:427/h:320/cz/M6Ly9wcm9kLWNhd/GFsb2ctbWVkaWEvaW50L0I3QTlENzI0RkY4RTlEMjg0ODAyMjU2MU/Y3MjgzQTUxQjU4MzhFQjgzNjg4QzFEOUEzNDg3NzMwM0UwOTZBNTQucG5n.png
Lidl,"Nuotoliniu būdu valdomas traukinys",12.99,https://imgproxy-retcat.assets.schwarz/cNTA-jBfWAuLvNnDH4aT8XeFyoj6pPM7HH4QoDef-Xw/sm:1/w:427/h:320/cz/M6Ly9wcm9kLWNhd/GFsb2ctbWVkaWEvaW50L0YyRTU4MTI3Nzk4MEM0OTA1MDY4QUVBRT/lDQTEzMTBEMDg4RTg5RUMwQjhGMjM2MDE3NzA2NjNFNEMwRjM5ODgucG5n.png
Lidl,"Medinis traukinukas",3.99,https://imgproxy-retcat.assets.schwarz/FGhvMll6XKVTwxFj-KG-YeoWulPOIiHFh6VxdbWKB60/sm:1/w:427/h:320/cz/M6Ly9wcm9kLWNhd/GFsb2ctbWVkaWEvaW50LzU5MkY0QUExQjNFRjkxMUM4M0YxNkQwMU/VEMjJEQ0FBQ0VBNzNEQzQ4NDMyRUVCNkVEMjBGRUEzMzczNkJFMzAucG5n.png
Lidl,"Žaislinis tualetinis staliukas",54.90,https://imgproxy-retcat.assets.schwarz/EXs_ujFs8okM9TXPL6ljz8Mo9YoEotxrcVCjeKlzUWE/sm:1/w:427/h:320/cz/M6Ly9wcm9kLWNhd/GFsb2ctbWVkaWEvaW50L0YyQzE2MjA0OTM0MDY1QTJCNThCRTc4OU/NEQjA5NTFCQzhCNTJEM0Y0Rjk1ODk4QzBDMUMzNjFCREYxRjAzMDIucG5n.png
Lidl,"Žaislinis rinkinys",9.99,https://imgproxy-retcat.assets.schwarz/3jlxgqVxfA7LBx2yqjNCDmVx5JYo1Fas-OD7xLlnKP0/sm:1/w:427/h:320/cz/M6Ly9wcm9kLWNhd/GFsb2ctbWVkaWEvaW50LzI1OEFGQjIyQjMzMzlBQ0ZEREYwQTJCRD/Q3Mzk3REZBOTgwMjBENTM3RDBCREE5Q0NENDk2MkVGMUIzNzI3QTAucG5n.png
Lidl,"Ledų vežimėlis arba picų kepimo krosnis",NAUJIENA!21.90,https://imgproxy-retcat.assets.schwarz/xt7ggTM27Q5_GVGQ0Zh9dMXjvlHV38Zo3yYCxQTLhHE/sm:1/w:427/h:320/cz/M6Ly9wcm9kLWNhd/GFsb2ctbWVkaWEvaW50L0QyMkEwRjE1OEJBNTlFRUExM0RGRUUyOD/MxQTU0NEQ5QkQ0NEIxODI1RjE3QzY3NkI5MzJGOEE3NENCQjczMTIucG5n.png
Lidl,"Mediniai parduotuvės reikmenys",11.99,https://imgproxy-retcat.assets.schwarz/a2UUgj0KGqpLREqJzR5xcwSejcqmWIUSeuIa-6fzPbQ/sm:1/w:427/h:320/cz/M6Ly9wcm9kLWNhd/GFsb2ctbWVkaWEvaW50LzhEOEJFRkNCNjQ3QzU2QzkwQ0ZCOEI4OU/UyMzFENDU2QjEzQ0ExNUI1OEYzN0RENUFBMUUyMzlGQTE5N0Q1NjkucG5n.png
Lidl,"Žaislinis lėlių lopšys arba vežimėlis",14.99,https://imgproxy-retcat.assets.schwarz/bE3c5qQDLOnRtK2RlBqYEJNF6IUm8eLdK2FDnMxiIVU/sm:1/w:427/h:320/cz/M6Ly9wcm9kLWNhd/GFsb2ctbWVkaWEvaW50LzVCOUFDMDA3NjYxQkZERTdFODhERjc3MU/I0MDBGRjk2N0U2OThDNzRBOTZBMzFFNEY5M0Q5ODZGRkU0NEI2QkYucG5n.png
Lidl,"Žymiklis arba žymiklių rinkinys",1.49,https://imgproxy-retcat.assets.schwarz/MSOaa5BuLRB7EZ_ai0mfpFNEXyiuIq3h9Quz5yRv9Y4/sm:1/w:427/h:320/cz/M6Ly9wcm9kLWNhd/GFsb2ctbWVkaWEvaW50LzQ1MzY4QkE1M0VFQTVFNjBGM0Y0MTA0QU/YzRkJCM0E1RUJCRjRFMjc2MTA1N0YwMTk0RjExQ0Y3MDNBNjZCQ0YucG5n.png
Lidl,"Medinis darbastalis",69.90,https://imgproxy-retcat.assets.schwarz/0sHz9WPdAcYSzFT34nklgfwQgv0i_5mldMew0iMWQKE/sm:1/w:427/h:320/cz/M6Ly9wcm9kLWNhd/GFsb2ctbWVkaWEvaW50LzYwMEI3MzBBQkUyQkQ3OEM1NEVGRUYwQj/RGQ0RCODM3ODU5MjBDRDExNzVEMTE1REUwMkI0QzEwRERFMTUwOUUucG5n.png
